negara,iso3,tahun,bulan,periode,suhu_c,hujan_mm
Brunei Darussalam,BRN,1950,1,1950-01,24.3,190.27
Brunei Darussalam,BRN,1950,2,1950-02,24.53,262.43
Brunei Darussalam,BRN,1950,3,1950-03,25.16,171.96
Brunei Darussalam,BRN,1950,4,1950-04,25.12,307.89
Brunei Darussalam,BRN,1950,5,1950-05,25.7,202.8
Brunei Darussalam,BRN,1950,6,1950-06,25.56,203.62
Brunei Darussalam,BRN,1950,7,1950-07,25.15,193.64
Brunei Darussalam,BRN,1950,8,1950-08,24.95,310.46
Brunei Darussalam,BRN,1950,9,1950-09,24.97,229.62
Brunei Darussalam,BRN,1950,10,1950-10,25.06,228.07
Brunei Darussalam,BRN,1950,11,1950-11,24.57,283.26
Brunei Darussalam,BRN,1950,12,1950-12,24.21,266.98
Brunei Darussalam,BRN,1951,1,1951-01,24.4,210.63
Brunei Darussalam,BRN,1951,2,1951-02,24.38,204.28
Brunei Darussalam,BRN,1951,3,1951-03,25.52,76.25
Brunei Darussalam,BRN,1951,4,1951-04,25.31,269.34
Brunei Darussalam,BRN,1951,5,1951-05,25.89,168.11
Brunei Darussalam,BRN,1951,6,1951-06,25.82,152.07
Brunei Darussalam,BRN,1951,7,1951-07,25.06,258.07
Brunei Darussalam,BRN,1951,8,1951-08,25.57,164.17
Brunei Darussalam,BRN,1951,9,1951-09,25.18,217.23
Brunei Darussalam,BRN,1951,10,1951-10,25.15,239.25
Brunei Darussalam,BRN,1951,11,1951-11,25.28,174.57
Brunei Darussalam,BRN,1951,12,1951-12,24.68,276.31
Brunei Darussalam,BRN,1952,1,1952-01,25.33,138.7
Brunei Darussalam,BRN,1952,2,1952-02,25.27,216.27
Brunei Darussalam,BRN,1952,3,1952-03,25.57,210.49
Brunei Darussalam,BRN,1952,4,1952-04,25.78,200.98
Brunei Darussalam,BRN,1952,5,1952-05,26.02,218.6
Brunei Darussalam,BRN,1952,6,1952-06,26.15,96.21
Brunei Darussalam,BRN,1952,7,1952-07,25.66,158.98
Brunei Darussalam,BRN,1952,8,1952-08,25.86,112.23
Brunei Darussalam,BRN,1952,9,1952-09,25.44,200.65
Brunei Darussalam,BRN,1952,10,1952-10,25.01,306.41
Brunei Darussalam,BRN,1952,11,1952-11,24.7,240.46
Brunei Darussalam,BRN,1952,12,1952-12,24.51,255.44
Brunei Darussalam,BRN,1953,1,1953-01,24.83,148.96
Brunei Darussalam,BRN,1953,2,1953-02,25.02,179.46
Brunei Darussalam,BRN,1953,3,1953-03,25.62,159.72
Brunei Darussalam,BRN,1953,4,1953-04,25.89,161.47
Brunei Darussalam,BRN,1953,5,1953-05,25.71,258.43
Brunei Darussalam,BRN,1953,6,1953-06,25.72,218.08
Brunei Darussalam,BRN,1953,7,1953-07,25.16,250.12
Brunei Darussalam,BRN,1953,8,1953-08,25.88,127.97
Brunei Darussalam,BRN,1953,9,1953-09,25.35,247.44
Brunei Darussalam,BRN,1953,10,1953-10,25.21,294.88
Brunei Darussalam,BRN,1953,11,1953-11,25.18,161.44
Brunei Darussalam,BRN,1953,12,1953-12,25,199.33
Brunei Darussalam,BRN,1954,1,1954-01,25.01,209.81
Brunei Darussalam,BRN,1954,2,1954-02,25,170.88
Brunei Darussalam,BRN,1954,3,1954-03,25.14,231.61
Brunei Darussalam,BRN,1954,4,1954-04,25.35,314.7
Brunei Darussalam,BRN,1954,5,1954-05,25.63,215.96
Brunei Darussalam,BRN,1954,6,1954-06,25.32,304.61
Brunei Darussalam,BRN,1954,7,1954-07,24.91,311.5
Brunei Darussalam,BRN,1954,8,1954-08,25.29,225.47
Brunei Darussalam,BRN,1954,9,1954-09,24.84,284.63
Brunei Darussalam,BRN,1954,10,1954-10,24.46,400.07
Brunei Darussalam,BRN,1954,11,1954-11,24.27,303.71
Brunei Darussalam,BRN,1954,12,1954-12,24.41,276.83
Brunei Darussalam,BRN,1955,1,1955-01,24.58,300.34
Brunei Darussalam,BRN,1955,2,1955-02,24.8,206.76
Brunei Darussalam,BRN,1955,3,1955-03,25.18,167.2
Brunei Darussalam,BRN,1955,4,1955-04,25.41,280.11
Brunei Darussalam,BRN,1955,5,1955-05,26.05,250.6
Brunei Darussalam,BRN,1955,6,1955-06,25.42,268.39
Brunei Darussalam,BRN,1955,7,1955-07,25.3,248.18
Brunei Darussalam,BRN,1955,8,1955-08,25,307.41
Brunei Darussalam,BRN,1955,9,1955-09,25.1,338.94
Brunei Darussalam,BRN,1955,10,1955-10,25.3,309.59
Brunei Darussalam,BRN,1955,11,1955-11,25.01,390.82
Brunei Darussalam,BRN,1955,12,1955-12,24.2,420.05
Brunei Darussalam,BRN,1956,1,1956-01,24.13,301.62
Brunei Darussalam,BRN,1956,2,1956-02,24.69,254.6
Brunei Darussalam,BRN,1956,3,1956-03,25.28,193.84
Brunei Darussalam,BRN,1956,4,1956-04,25.35,302.73
Brunei Darussalam,BRN,1956,5,1956-05,25.55,306.83
Brunei Darussalam,BRN,1956,6,1956-06,25.43,167.5
Brunei Darussalam,BRN,1956,7,1956-07,25.03,277.55
Brunei Darussalam,BRN,1956,8,1956-08,25.27,178.31
Brunei Darussalam,BRN,1956,9,1956-09,25.16,399.84
Brunei Darussalam,BRN,1956,10,1956-10,24.61,445.91
Brunei Darussalam,BRN,1956,11,1956-11,24.54,405.98
Brunei Darussalam,BRN,1956,12,1956-12,24.2,381.41
Brunei Darussalam,BRN,1957,1,1957-01,24.37,331.93
Brunei Darussalam,BRN,1957,2,1957-02,24.79,162.11
Brunei Darussalam,BRN,1957,3,1957-03,25.22,238.27
Brunei Darussalam,BRN,1957,4,1957-04,25.63,275.27
Brunei Darussalam,BRN,1957,5,1957-05,25.89,332.32
Brunei Darussalam,BRN,1957,6,1957-06,26.04,272.82
Brunei Darussalam,BRN,1957,7,1957-07,25.62,270.92
Brunei Darussalam,BRN,1957,8,1957-08,25.89,144.55
Brunei Darussalam,BRN,1957,9,1957-09,25.69,168.32
Brunei Darussalam,BRN,1957,10,1957-10,25.34,251.96
Brunei Darussalam,BRN,1957,11,1957-11,25.39,147.87
Brunei Darussalam,BRN,1957,12,1957-12,25.42,295.03
Brunei Darussalam,BRN,1958,1,1958-01,25.45,215.6
Brunei Darussalam,BRN,1958,2,1958-02,25.75,124.91
Brunei Darussalam,BRN,1958,3,1958-03,25.85,221.16
Brunei Darussalam,BRN,1958,4,1958-04,26.27,208.15
Brunei Darussalam,BRN,1958,5,1958-05,26.14,304.45
Brunei Darussalam,BRN,1958,6,1958-06,26.14,233.66
Brunei Darussalam,BRN,1958,7,1958-07,26.32,54.01
Brunei Darussalam,BRN,1958,8,1958-08,25.38,373.54
Brunei Darussalam,BRN,1958,9,1958-09,25.76,229.98
Brunei Darussalam,BRN,1958,10,1958-10,25.14,414.33
Brunei Darussalam,BRN,1958,11,1958-11,24.59,406.4
Brunei Darussalam,BRN,1958,12,1958-12,24.91,276.61
Brunei Darussalam,BRN,1959,1,1959-01,25.21,103.46
Brunei Darussalam,BRN,1959,2,1959-02,25.9,98.27
Brunei Darussalam,BRN,1959,3,1959-03,25.41,291.15
Brunei Darussalam,BRN,1959,4,1959-04,25.65,250.17
Brunei Darussalam,BRN,1959,5,1959-05,25.75,344.16
Brunei Darussalam,BRN,1959,6,1959-06,25.57,309.39
Brunei Darussalam,BRN,1959,7,1959-07,25.6,200.01
Brunei Darussalam,BRN,1959,8,1959-08,25.4,158
Brunei Darussalam,BRN,1959,9,1959-09,25.19,268.84
Brunei Darussalam,BRN,1959,10,1959-10,25.23,288.51
Brunei Darussalam,BRN,1959,11,1959-11,24.72,317.1
Brunei Darussalam,BRN,1959,12,1959-12,24.95,249.85
Brunei Darussalam,BRN,1960,1,1960-01,24.95,217.12
Brunei Darussalam,BRN,1960,2,1960-02,24.78,216.42
Brunei Darussalam,BRN,1960,3,1960-03,25.36,168.36
Brunei Darussalam,BRN,1960,4,1960-04,25.55,291.87
Brunei Darussalam,BRN,1960,5,1960-05,25.77,262.64
Brunei Darussalam,BRN,1960,6,1960-06,25.85,170.8
Brunei Darussalam,BRN,1960,7,1960-07,25.32,349.4
Brunei Darussalam,BRN,1960,8,1960-08,26.13,168.3
Brunei Darussalam,BRN,1960,9,1960-09,24.91,433.22
Brunei Darussalam,BRN,1960,10,1960-10,25.44,211.23
Brunei Darussalam,BRN,1960,11,1960-11,24.9,340.69
Brunei Darussalam,BRN,1960,12,1960-12,24.98,241.53
Brunei Darussalam,BRN,1961,1,1961-01,24.42,155.85
Brunei Darussalam,BRN,1961,2,1961-02,24.94,248.72
Brunei Darussalam,BRN,1961,3,1961-03,25.55,207.62
Brunei Darussalam,BRN,1961,4,1961-04,25.73,289.78
Brunei Darussalam,BRN,1961,5,1961-05,26.12,235.19
Brunei Darussalam,BRN,1961,6,1961-06,25.49,259.85
Brunei Darussalam,BRN,1961,7,1961-07,25.59,159.82
Brunei Darussalam,BRN,1961,8,1961-08,25.49,161.18
Brunei Darussalam,BRN,1961,9,1961-09,25.21,230.58
Brunei Darussalam,BRN,1961,10,1961-10,24.9,238.94
Brunei Darussalam,BRN,1961,11,1961-11,25.31,214.93
Brunei Darussalam,BRN,1961,12,1961-12,24.86,419.22
Brunei Darussalam,BRN,1962,1,1962-01,24.64,383.54
Brunei Darussalam,BRN,1962,2,1962-02,24.69,157.96
Brunei Darussalam,BRN,1962,3,1962-03,24.95,376.05
Brunei Darussalam,BRN,1962,4,1962-04,25.38,438.09
Brunei Darussalam,BRN,1962,5,1962-05,26.01,288.57
Brunei Darussalam,BRN,1962,6,1962-06,25.65,249.37
Brunei Darussalam,BRN,1962,7,1962-07,26.07,88.76
Brunei Darussalam,BRN,1962,8,1962-08,25.07,318.54
Brunei Darussalam,BRN,1962,9,1962-09,25.48,252.09
Brunei Darussalam,BRN,1962,10,1962-10,25.56,244.75
Brunei Darussalam,BRN,1962,11,1962-11,24.96,373.34
Brunei Darussalam,BRN,1962,12,1962-12,24.79,386.51
Brunei Darussalam,BRN,1963,1,1963-01,23.97,655.03
Brunei Darussalam,BRN,1963,2,1963-02,24.22,239.44
Brunei Darussalam,BRN,1963,3,1963-03,24.64,320.08
Brunei Darussalam,BRN,1963,4,1963-04,25.77,112.42
Brunei Darussalam,BRN,1963,5,1963-05,25.67,424.01
Brunei Darussalam,BRN,1963,6,1963-06,26.16,128.87
Brunei Darussalam,BRN,1963,7,1963-07,25.63,192.73
Brunei Darussalam,BRN,1963,8,1963-08,25.38,241.58
Brunei Darussalam,BRN,1963,9,1963-09,25.76,231.15
Brunei Darussalam,BRN,1963,10,1963-10,25.05,364.23
Brunei Darussalam,BRN,1963,11,1963-11,25.38,245.61
Brunei Darussalam,BRN,1963,12,1963-12,25.04,301.4
Brunei Darussalam,BRN,1964,1,1964-01,25.7,194.57
Brunei Darussalam,BRN,1964,2,1964-02,25.44,221.27
Brunei Darussalam,BRN,1964,3,1964-03,25.5,298.61
Brunei Darussalam,BRN,1964,4,1964-04,25.9,278.17
Brunei Darussalam,BRN,1964,5,1964-05,26.09,279.03
Brunei Darussalam,BRN,1964,6,1964-06,25.69,170.67
Brunei Darussalam,BRN,1964,7,1964-07,25.3,341.59
Brunei Darussalam,BRN,1964,8,1964-08,25.63,147.26
Brunei Darussalam,BRN,1964,9,1964-09,25.31,282.04
Brunei Darussalam,BRN,1964,10,1964-10,24.96,265.4
Brunei Darussalam,BRN,1964,11,1964-11,24.51,381.27
Brunei Darussalam,BRN,1964,12,1964-12,24.2,232
Brunei Darussalam,BRN,1965,1,1965-01,23.68,178.17
Brunei Darussalam,BRN,1965,2,1965-02,24.42,175.25
Brunei Darussalam,BRN,1965,3,1965-03,24.51,360.53
Brunei Darussalam,BRN,1965,4,1965-04,25.28,249.97
Brunei Darussalam,BRN,1965,5,1965-05,25.53,266.1
Brunei Darussalam,BRN,1965,6,1965-06,25.72,154.01
Brunei Darussalam,BRN,1965,7,1965-07,25.55,88.81
Brunei Darussalam,BRN,1965,8,1965-08,25.01,341.81
Brunei Darussalam,BRN,1965,9,1965-09,25.34,178.55
Brunei Darussalam,BRN,1965,10,1965-10,25.38,250
Brunei Darussalam,BRN,1965,11,1965-11,25.49,206.94
Brunei Darussalam,BRN,1965,12,1965-12,25.14,342.41
Brunei Darussalam,BRN,1966,1,1966-01,24.65,243.1
Brunei Darussalam,BRN,1966,2,1966-02,24.95,142.59
Brunei Darussalam,BRN,1966,3,1966-03,25.07,388.33
Brunei Darussalam,BRN,1966,4,1966-04,25.55,282
Brunei Darussalam,BRN,1966,5,1966-05,25.75,219.33
Brunei Darussalam,BRN,1966,6,1966-06,24.91,305.29
Brunei Darussalam,BRN,1966,7,1966-07,25.04,369.01
Brunei Darussalam,BRN,1966,8,1966-08,24.99,525.87
Brunei Darussalam,BRN,1966,9,1966-09,25.13,264.58
Brunei Darussalam,BRN,1966,10,1966-10,24.6,486.22
Brunei Darussalam,BRN,1966,11,1966-11,24.41,410.4
Brunei Darussalam,BRN,1966,12,1966-12,24.34,357.44
Brunei Darussalam,BRN,1967,1,1967-01,24.37,251.57
Brunei Darussalam,BRN,1967,2,1967-02,24.57,202.34
Brunei Darussalam,BRN,1967,3,1967-03,24.84,271.05
Brunei Darussalam,BRN,1967,4,1967-04,25.33,239.01
Brunei Darussalam,BRN,1967,5,1967-05,25.52,334.54
Brunei Darussalam,BRN,1967,6,1967-06,25.76,398.48
Brunei Darussalam,BRN,1967,7,1967-07,25.61,172.68
Brunei Darussalam,BRN,1967,8,1967-08,25.98,123.46
Brunei Darussalam,BRN,1967,9,1967-09,25.18,259.87
Brunei Darussalam,BRN,1967,10,1967-10,24.76,264.5
Brunei Darussalam,BRN,1967,11,1967-11,24.62,372.39
Brunei Darussalam,BRN,1967,12,1967-12,24.78,195.46
Brunei Darussalam,BRN,1968,1,1968-01,24.28,175.37
Brunei Darussalam,BRN,1968,2,1968-02,24.67,89.98
Brunei Darussalam,BRN,1968,3,1968-03,25.02,308.87
Brunei Darussalam,BRN,1968,4,1968-04,25.26,246.4
Brunei Darussalam,BRN,1968,5,1968-05,25.44,290.08
Brunei Darussalam,BRN,1968,6,1968-06,25.55,281.27
Brunei Darussalam,BRN,1968,7,1968-07,25.42,280.12
Brunei Darussalam,BRN,1968,8,1968-08,25.85,126.84
Brunei Darussalam,BRN,1968,9,1968-09,25.45,259.34
Brunei Darussalam,BRN,1968,10,1968-10,24.93,358.08
Brunei Darussalam,BRN,1968,11,1968-11,24.71,365.03
Brunei Darussalam,BRN,1968,12,1968-12,24.93,361.2
Brunei Darussalam,BRN,1969,1,1969-01,25.21,153.87
Brunei Darussalam,BRN,1969,2,1969-02,25.12,144.59
Brunei Darussalam,BRN,1969,3,1969-03,25.56,237.49
Brunei Darussalam,BRN,1969,4,1969-04,26.18,259.49
Brunei Darussalam,BRN,1969,5,1969-05,26.05,441.62
Brunei Darussalam,BRN,1969,6,1969-06,25.95,380.56
Brunei Darussalam,BRN,1969,7,1969-07,25.54,277.08
Brunei Darussalam,BRN,1969,8,1969-08,25.1,405.12
Brunei Darussalam,BRN,1969,9,1969-09,25.61,192.38
Brunei Darussalam,BRN,1969,10,1969-10,25.36,311.55
Brunei Darussalam,BRN,1969,11,1969-11,24.6,439.14
Brunei Darussalam,BRN,1969,12,1969-12,24.69,347.23
Brunei Darussalam,BRN,1970,1,1970-01,24.73,296.51
Brunei Darussalam,BRN,1970,2,1970-02,25.23,112.81
Brunei Darussalam,BRN,1970,3,1970-03,25.55,262.12
Brunei Darussalam,BRN,1970,4,1970-04,25.55,343.07
Brunei Darussalam,BRN,1970,5,1970-05,25.78,421.97
Brunei Darussalam,BRN,1970,6,1970-06,25.91,312.19
Brunei Darussalam,BRN,1970,7,1970-07,25.61,239.12
Brunei Darussalam,BRN,1970,8,1970-08,25.55,264.85
Brunei Darussalam,BRN,1970,9,1970-09,25.28,396.99
Brunei Darussalam,BRN,1970,10,1970-10,25.4,364.72
Brunei Darussalam,BRN,1970,11,1970-11,24.88,361.3
Brunei Darussalam,BRN,1970,12,1970-12,24.87,384.65
Brunei Darussalam,BRN,1971,1,1971-01,24.46,281.77
Brunei Darussalam,BRN,1971,2,1971-02,24.12,432.59
Brunei Darussalam,BRN,1971,3,1971-03,24.98,169.85
Brunei Darussalam,BRN,1971,4,1971-04,25.39,143.78
Brunei Darussalam,BRN,1971,5,1971-05,25.76,243.36
Brunei Darussalam,BRN,1971,6,1971-06,25.67,158.89
Brunei Darussalam,BRN,1971,7,1971-07,25.72,144.63
Brunei Darussalam,BRN,1971,8,1971-08,24.88,382.27
Brunei Darussalam,BRN,1971,9,1971-09,25.42,258.5
Brunei Darussalam,BRN,1971,10,1971-10,25.15,363.16
Brunei Darussalam,BRN,1971,11,1971-11,24.75,358.42
Brunei Darussalam,BRN,1971,12,1971-12,24.39,363.98
Brunei Darussalam,BRN,1972,1,1972-01,24.03,214.32
Brunei Darussalam,BRN,1972,2,1972-02,24.65,214.78
Brunei Darussalam,BRN,1972,3,1972-03,24.76,228.51
Brunei Darussalam,BRN,1972,4,1972-04,25.44,294.65
Brunei Darussalam,BRN,1972,5,1972-05,25.96,209.42
Brunei Darussalam,BRN,1972,6,1972-06,25.99,302.61
Brunei Darussalam,BRN,1972,7,1972-07,26.35,114.12
Brunei Darussalam,BRN,1972,8,1972-08,25.74,205.47
Brunei Darussalam,BRN,1972,9,1972-09,25.58,322.41
Brunei Darussalam,BRN,1972,10,1972-10,25.78,304.87
Brunei Darussalam,BRN,1972,11,1972-11,25.62,354.91
Brunei Darussalam,BRN,1972,12,1972-12,25.29,229.74
Brunei Darussalam,BRN,1973,1,1973-01,25.84,117.82
Brunei Darussalam,BRN,1973,2,1973-02,26.19,99.42
Brunei Darussalam,BRN,1973,3,1973-03,26.26,249.19
Brunei Darussalam,BRN,1973,4,1973-04,26.09,383.47
Brunei Darussalam,BRN,1973,5,1973-05,25.9,377.04
Brunei Darussalam,BRN,1973,6,1973-06,26.07,398.63
Brunei Darussalam,BRN,1973,7,1973-07,26.04,193.82
Brunei Darussalam,BRN,1973,8,1973-08,25.73,264.7
Brunei Darussalam,BRN,1973,9,1973-09,25.17,453.57
Brunei Darussalam,BRN,1973,10,1973-10,25.75,318.25
Brunei Darussalam,BRN,1973,11,1973-11,24.92,363.58
Brunei Darussalam,BRN,1973,12,1973-12,24.73,466.73
Brunei Darussalam,BRN,1974,1,1974-01,24.12,285.54
Brunei Darussalam,BRN,1974,2,1974-02,24.36,293.89
Brunei Darussalam,BRN,1974,3,1974-03,24.87,209.02
Brunei Darussalam,BRN,1974,4,1974-04,25.55,245.98
Brunei Darussalam,BRN,1974,5,1974-05,25.68,324.63
Brunei Darussalam,BRN,1974,6,1974-06,25.77,227.82
Brunei Darussalam,BRN,1974,7,1974-07,25.29,273.39
Brunei Darussalam,BRN,1974,8,1974-08,25.83,212.3
Brunei Darussalam,BRN,1974,9,1974-09,25.11,481.05
Brunei Darussalam,BRN,1974,10,1974-10,25.15,252.89
Brunei Darussalam,BRN,1974,11,1974-11,25.15,312.77
Brunei Darussalam,BRN,1974,12,1974-12,24.67,430.01
Brunei Darussalam,BRN,1975,1,1975-01,24.89,299.05
Brunei Darussalam,BRN,1975,2,1975-02,24.99,229.04
Brunei Darussalam,BRN,1975,3,1975-03,25.04,278.89
Brunei Darussalam,BRN,1975,4,1975-04,26.06,235.78
Brunei Darussalam,BRN,1975,5,1975-05,25.71,300.37
Brunei Darussalam,BRN,1975,6,1975-06,25.85,136.29
Brunei Darussalam,BRN,1975,7,1975-07,25.37,266.19
Brunei Darussalam,BRN,1975,8,1975-08,26.06,182.29
Brunei Darussalam,BRN,1975,9,1975-09,25.01,418.21
Brunei Darussalam,BRN,1975,10,1975-10,25.32,263.97
Brunei Darussalam,BRN,1975,11,1975-11,24.93,321.91
Brunei Darussalam,BRN,1975,12,1975-12,24.72,432.71
Brunei Darussalam,BRN,1976,1,1976-01,24.19,347.84
Brunei Darussalam,BRN,1976,2,1976-02,24.41,176.9
Brunei Darussalam,BRN,1976,3,1976-03,25.23,198.56
Brunei Darussalam,BRN,1976,4,1976-04,25.65,218.34
Brunei Darussalam,BRN,1976,5,1976-05,25.97,252.93
Brunei Darussalam,BRN,1976,6,1976-06,25.51,223.28
Brunei Darussalam,BRN,1976,7,1976-07,25.77,215.45
Brunei Darussalam,BRN,1976,8,1976-08,25.32,377.22
Brunei Darussalam,BRN,1976,9,1976-09,25.82,132.24
Brunei Darussalam,BRN,1976,10,1976-10,25.35,437.43
Brunei Darussalam,BRN,1976,11,1976-11,25.16,439.11
Brunei Darussalam,BRN,1976,12,1976-12,25.02,213.69
Brunei Darussalam,BRN,1977,1,1977-01,24.79,313.08
Brunei Darussalam,BRN,1977,2,1977-02,24.81,360.2
Brunei Darussalam,BRN,1977,3,1977-03,25.38,215.65
Brunei Darussalam,BRN,1977,4,1977-04,25.94,252.86
Brunei Darussalam,BRN,1977,5,1977-05,26.31,226.91
Brunei Darussalam,BRN,1977,6,1977-06,25.88,233.64
Brunei Darussalam,BRN,1977,7,1977-07,25.81,245.07
Brunei Darussalam,BRN,1977,8,1977-08,25.76,184.61
Brunei Darussalam,BRN,1977,9,1977-09,26.31,185.84
Brunei Darussalam,BRN,1977,10,1977-10,25.33,411.77
Brunei Darussalam,BRN,1977,11,1977-11,25.28,403.82
Brunei Darussalam,BRN,1977,12,1977-12,25.3,336.9
Brunei Darussalam,BRN,1978,1,1978-01,25.19,202.22
Brunei Darussalam,BRN,1978,2,1978-02,25.25,185.19
Brunei Darussalam,BRN,1978,3,1978-03,26.19,343.25
Brunei Darussalam,BRN,1978,4,1978-04,26.23,217.44
Brunei Darussalam,BRN,1978,5,1978-05,26.52,383.38
Brunei Darussalam,BRN,1978,6,1978-06,26.13,242.55
Brunei Darussalam,BRN,1978,7,1978-07,25.78,279.64
Brunei Darussalam,BRN,1978,8,1978-08,26.18,131.13
Brunei Darussalam,BRN,1978,9,1978-09,25.81,216.06
Brunei Darussalam,BRN,1978,10,1978-10,25.71,256.35
Brunei Darussalam,BRN,1978,11,1978-11,25.07,374.33
Brunei Darussalam,BRN,1978,12,1978-12,25.52,235.72
Brunei Darussalam,BRN,1979,1,1979-01,25.66,101.77
Brunei Darussalam,BRN,1979,2,1979-02,25.86,171.52
Brunei Darussalam,BRN,1979,3,1979-03,25.84,270.3
Brunei Darussalam,BRN,1979,4,1979-04,26.36,240
Brunei Darussalam,BRN,1979,5,1979-05,26.97,150.73
Brunei Darussalam,BRN,1979,6,1979-06,26.22,334.94
Brunei Darussalam,BRN,1979,7,1979-07,26,222.64
Brunei Darussalam,BRN,1979,8,1979-08,26.67,165.63
Brunei Darussalam,BRN,1979,9,1979-09,25.61,339.86
Brunei Darussalam,BRN,1979,10,1979-10,25.51,372.66
Brunei Darussalam,BRN,1979,11,1979-11,25.38,479.66
Brunei Darussalam,BRN,1979,12,1979-12,25.03,299.07
Brunei Darussalam,BRN,1980,1,1980-01,25.19,362.13
Brunei Darussalam,BRN,1980,2,1980-02,25.54,195.49
Brunei Darussalam,BRN,1980,3,1980-03,25.78,203.99
Brunei Darussalam,BRN,1980,4,1980-04,26.22,316.28
Brunei Darussalam,BRN,1980,5,1980-05,26.65,279.75
Brunei Darussalam,BRN,1980,6,1980-06,26.23,232.15
Brunei Darussalam,BRN,1980,7,1980-07,26.2,183.07
Brunei Darussalam,BRN,1980,8,1980-08,25.61,231.69
Brunei Darussalam,BRN,1980,9,1980-09,26.21,175.33
Brunei Darussalam,BRN,1980,10,1980-10,25.87,290.39
Brunei Darussalam,BRN,1980,11,1980-11,25.64,315.66
Brunei Darussalam,BRN,1980,12,1980-12,24.99,430.16
Brunei Darussalam,BRN,1981,1,1981-01,24.61,564.31
Brunei Darussalam,BRN,1981,2,1981-02,25.23,242.57
Brunei Darussalam,BRN,1981,3,1981-03,25.99,191.82
Brunei Darussalam,BRN,1981,4,1981-04,26.23,282.2
Brunei Darussalam,BRN,1981,5,1981-05,26.46,368.29
Brunei Darussalam,BRN,1981,6,1981-06,26.63,83.63
Brunei Darussalam,BRN,1981,7,1981-07,25.95,290.57
Brunei Darussalam,BRN,1981,8,1981-08,26.6,74.22
Brunei Darussalam,BRN,1981,9,1981-09,25.83,339.81
Brunei Darussalam,BRN,1981,10,1981-10,25.7,294.74
Brunei Darussalam,BRN,1981,11,1981-11,25.4,332.35
Brunei Darussalam,BRN,1981,12,1981-12,25.36,237.29
Brunei Darussalam,BRN,1982,1,1982-01,25.02,277.26
Brunei Darussalam,BRN,1982,2,1982-02,25.25,215.4
Brunei Darussalam,BRN,1982,3,1982-03,25.73,182.34
Brunei Darussalam,BRN,1982,4,1982-04,26.14,301.04
Brunei Darussalam,BRN,1982,5,1982-05,26.23,279.56
Brunei Darussalam,BRN,1982,6,1982-06,26.34,90.26
Brunei Darussalam,BRN,1982,7,1982-07,25.95,135.87
Brunei Darussalam,BRN,1982,8,1982-08,25.81,167.75
Brunei Darussalam,BRN,1982,9,1982-09,26.05,152.27
Brunei Darussalam,BRN,1982,10,1982-10,25.39,245.13
Brunei Darussalam,BRN,1982,11,1982-11,25.95,223.41
Brunei Darussalam,BRN,1982,12,1982-12,25.94,236
Brunei Darussalam,BRN,1983,1,1983-01,25.95,218.05
Brunei Darussalam,BRN,1983,2,1983-02,26.27,88.64
Brunei Darussalam,BRN,1983,3,1983-03,26.9,83.48
Brunei Darussalam,BRN,1983,4,1983-04,27.19,174.15
Brunei Darussalam,BRN,1983,5,1983-05,26.51,275.85
Brunei Darussalam,BRN,1983,6,1983-06,26.44,235.49
Brunei Darussalam,BRN,1983,7,1983-07,26.09,227.92
Brunei Darussalam,BRN,1983,8,1983-08,26.19,316.28
Brunei Darussalam,BRN,1983,9,1983-09,25.67,427.97
Brunei Darussalam,BRN,1983,10,1983-10,25.97,220.44
Brunei Darussalam,BRN,1983,11,1983-11,25.26,355.13
Brunei Darussalam,BRN,1983,12,1983-12,25.05,376.14
Brunei Darussalam,BRN,1984,1,1984-01,24.9,345.73
Brunei Darussalam,BRN,1984,2,1984-02,24.94,274.56
Brunei Darussalam,BRN,1984,3,1984-03,25.61,231.53
Brunei Darussalam,BRN,1984,4,1984-04,25.93,346.93
Brunei Darussalam,BRN,1984,5,1984-05,25.8,400.67
Brunei Darussalam,BRN,1984,6,1984-06,26.06,192.89
Brunei Darussalam,BRN,1984,7,1984-07,25.39,351.65
Brunei Darussalam,BRN,1984,8,1984-08,26.12,163.78
Brunei Darussalam,BRN,1984,9,1984-09,25.36,253.73
Brunei Darussalam,BRN,1984,10,1984-10,25.18,286.37
Brunei Darussalam,BRN,1984,11,1984-11,25.4,312.05
Brunei Darussalam,BRN,1984,12,1984-12,25.25,299.8
Brunei Darussalam,BRN,1985,1,1985-01,24.99,228.35
Brunei Darussalam,BRN,1985,2,1985-02,25.85,208.36
Brunei Darussalam,BRN,1985,3,1985-03,25.8,232.95
Brunei Darussalam,BRN,1985,4,1985-04,25.87,296.52
Brunei Darussalam,BRN,1985,5,1985-05,26.22,308.25
Brunei Darussalam,BRN,1985,6,1985-06,26.55,89.18
Brunei Darussalam,BRN,1985,7,1985-07,25.37,202.87
Brunei Darussalam,BRN,1985,8,1985-08,25.9,170.9
Brunei Darussalam,BRN,1985,9,1985-09,25.42,275.33
Brunei Darussalam,BRN,1985,10,1985-10,25.32,328.71
Brunei Darussalam,BRN,1985,11,1985-11,25.56,287.49
Brunei Darussalam,BRN,1985,12,1985-12,25.01,311.71
Brunei Darussalam,BRN,1986,1,1986-01,24.86,357.28
Brunei Darussalam,BRN,1986,2,1986-02,24.94,207.21
Brunei Darussalam,BRN,1986,3,1986-03,25.44,318.45
Brunei Darussalam,BRN,1986,4,1986-04,26.04,249.34
Brunei Darussalam,BRN,1986,5,1986-05,26.76,147.69
Brunei Darussalam,BRN,1986,6,1986-06,26.26,169.64
Brunei Darussalam,BRN,1986,7,1986-07,26.08,144.67
Brunei Darussalam,BRN,1986,8,1986-08,26.02,173.03
Brunei Darussalam,BRN,1986,9,1986-09,25.71,292.98
Brunei Darussalam,BRN,1986,10,1986-10,25.63,333.69
Brunei Darussalam,BRN,1986,11,1986-11,25.12,449.32
Brunei Darussalam,BRN,1986,12,1986-12,25.55,182.08
Brunei Darussalam,BRN,1987,1,1987-01,25.28,174.29
Brunei Darussalam,BRN,1987,2,1987-02,25.12,103.45
Brunei Darussalam,BRN,1987,3,1987-03,26.36,179.13
Brunei Darussalam,BRN,1987,4,1987-04,26.77,190.37
Brunei Darussalam,BRN,1987,5,1987-05,26.26,299.49
Brunei Darussalam,BRN,1987,6,1987-06,26.85,169.64
Brunei Darussalam,BRN,1987,7,1987-07,26.35,120.66
Brunei Darussalam,BRN,1987,8,1987-08,26.09,263.13
Brunei Darussalam,BRN,1987,9,1987-09,26.4,193.01
Brunei Darussalam,BRN,1987,10,1987-10,26.03,322.42
Brunei Darussalam,BRN,1987,11,1987-11,26.03,310.1
Brunei Darussalam,BRN,1987,12,1987-12,25.68,351.46
Brunei Darussalam,BRN,1988,1,1988-01,25.93,275.16
Brunei Darussalam,BRN,1988,2,1988-02,25.76,239.83
Brunei Darussalam,BRN,1988,3,1988-03,26.36,431.29
Brunei Darussalam,BRN,1988,4,1988-04,26.92,268.18
Brunei Darussalam,BRN,1988,5,1988-05,26.62,265.39
Brunei Darussalam,BRN,1988,6,1988-06,26.48,168.79
Brunei Darussalam,BRN,1988,7,1988-07,26.17,218.82
Brunei Darussalam,BRN,1988,8,1988-08,25.85,423.69
Brunei Darussalam,BRN,1988,9,1988-09,25.99,328.2
Brunei Darussalam,BRN,1988,10,1988-10,25.99,232.89
Brunei Darussalam,BRN,1988,11,1988-11,25.3,400.26
Brunei Darussalam,BRN,1988,12,1988-12,24.6,299.7
Brunei Darussalam,BRN,1989,1,1989-01,25.42,223.6
Brunei Darussalam,BRN,1989,2,1989-02,24.9,296.78
Brunei Darussalam,BRN,1989,3,1989-03,25.39,208.58
Brunei Darussalam,BRN,1989,4,1989-04,25.88,199.44
Brunei Darussalam,BRN,1989,5,1989-05,26.23,240.38
Brunei Darussalam,BRN,1989,6,1989-06,26.06,201.29
Brunei Darussalam,BRN,1989,7,1989-07,26.1,204.04
Brunei Darussalam,BRN,1989,8,1989-08,26,145.48
Brunei Darussalam,BRN,1989,9,1989-09,25.93,246.1
Brunei Darussalam,BRN,1989,10,1989-10,25.84,246.75
Brunei Darussalam,BRN,1989,11,1989-11,25.77,283.85
Brunei Darussalam,BRN,1989,12,1989-12,25.59,189.17
Brunei Darussalam,BRN,1990,1,1990-01,25.32,289.82
Brunei Darussalam,BRN,1990,2,1990-02,26.04,130.73
Brunei Darussalam,BRN,1990,3,1990-03,25.81,230.22
Brunei Darussalam,BRN,1990,4,1990-04,26.71,254.77
Brunei Darussalam,BRN,1990,5,1990-05,26.71,213.05
Brunei Darussalam,BRN,1990,6,1990-06,26.68,140.52
Brunei Darussalam,BRN,1990,7,1990-07,26.19,189.47
Brunei Darussalam,BRN,1990,8,1990-08,26.57,99.9
Brunei Darussalam,BRN,1990,9,1990-09,25.91,232.93
Brunei Darussalam,BRN,1990,10,1990-10,26.16,249.99
Brunei Darussalam,BRN,1990,11,1990-11,25.55,277.64
Brunei Darussalam,BRN,1990,12,1990-12,25.79,193.73
Brunei Darussalam,BRN,1991,1,1991-01,25.7,266.76
Brunei Darussalam,BRN,1991,2,1991-02,25.59,182.06
Brunei Darussalam,BRN,1991,3,1991-03,26.16,173.89
Brunei Darussalam,BRN,1991,4,1991-04,26.21,320.84
Brunei Darussalam,BRN,1991,5,1991-05,26.32,323.27
Brunei Darussalam,BRN,1991,6,1991-06,26.74,309.93
Brunei Darussalam,BRN,1991,7,1991-07,26.46,185.63
Brunei Darussalam,BRN,1991,8,1991-08,26.34,145.59
Brunei Darussalam,BRN,1991,9,1991-09,25.94,204.58
Brunei Darussalam,BRN,1991,10,1991-10,25.48,255.06
Brunei Darussalam,BRN,1991,11,1991-11,25.42,317.12
Brunei Darussalam,BRN,1991,12,1991-12,25.59,295.59
Brunei Darussalam,BRN,1992,1,1992-01,25.31,138.65
Brunei Darussalam,BRN,1992,2,1992-02,25.73,111.72
Brunei Darussalam,BRN,1992,3,1992-03,26.57,116.71
Brunei Darussalam,BRN,1992,4,1992-04,26.81,146.96
Brunei Darussalam,BRN,1992,5,1992-05,26.34,267.5
Brunei Darussalam,BRN,1992,6,1992-06,26.16,262.77
Brunei Darussalam,BRN,1992,7,1992-07,25.85,296.68
Brunei Darussalam,BRN,1992,8,1992-08,26.57,109.04
Brunei Darussalam,BRN,1992,9,1992-09,26.05,206.6
Brunei Darussalam,BRN,1992,10,1992-10,25.16,301.33
Brunei Darussalam,BRN,1992,11,1992-11,25.27,288.29
Brunei Darussalam,BRN,1992,12,1992-12,25.27,323.33
Brunei Darussalam,BRN,1993,1,1993-01,25.08,177.7
Brunei Darussalam,BRN,1993,2,1993-02,25.11,151.49
Brunei Darussalam,BRN,1993,3,1993-03,25.75,194.53
Brunei Darussalam,BRN,1993,4,1993-04,26.32,148.53
Brunei Darussalam,BRN,1993,5,1993-05,26.22,314.1
Brunei Darussalam,BRN,1993,6,1993-06,26.62,164.88
Brunei Darussalam,BRN,1993,7,1993-07,25.97,247.63
Brunei Darussalam,BRN,1993,8,1993-08,26.38,129.97
Brunei Darussalam,BRN,1993,9,1993-09,25.8,262.2
Brunei Darussalam,BRN,1993,10,1993-10,25.62,279.52
Brunei Darussalam,BRN,1993,11,1993-11,25.94,286.99
Brunei Darussalam,BRN,1993,12,1993-12,25.7,376.21
Brunei Darussalam,BRN,1994,1,1994-01,25.76,242.23
Brunei Darussalam,BRN,1994,2,1994-02,25.89,170.59
Brunei Darussalam,BRN,1994,3,1994-03,25.82,277.28
Brunei Darussalam,BRN,1994,4,1994-04,26.25,259.61
Brunei Darussalam,BRN,1994,5,1994-05,26.54,213.09
Brunei Darussalam,BRN,1994,6,1994-06,26.41,189.01
Brunei Darussalam,BRN,1994,7,1994-07,26.69,78.86
Brunei Darussalam,BRN,1994,8,1994-08,26,234.75
Brunei Darussalam,BRN,1994,9,1994-09,26.23,146.61
Brunei Darussalam,BRN,1994,10,1994-10,25.69,242.7
Brunei Darussalam,BRN,1994,11,1994-11,26.12,235.44
Brunei Darussalam,BRN,1994,12,1994-12,25.9,242.43
Brunei Darussalam,BRN,1995,1,1995-01,25.85,165.63
Brunei Darussalam,BRN,1995,2,1995-02,25.79,202.34
Brunei Darussalam,BRN,1995,3,1995-03,25.9,234.24
Brunei Darussalam,BRN,1995,4,1995-04,26.47,242.21
Brunei Darussalam,BRN,1995,5,1995-05,26.77,269.47
Brunei Darussalam,BRN,1995,6,1995-06,26.66,191.02
Brunei Darussalam,BRN,1995,7,1995-07,26.09,295.62
Brunei Darussalam,BRN,1995,8,1995-08,26.16,376.89
Brunei Darussalam,BRN,1995,9,1995-09,26.33,208.64
Brunei Darussalam,BRN,1995,10,1995-10,26.17,223.72
Brunei Darussalam,BRN,1995,11,1995-11,25.91,310.43
Brunei Darussalam,BRN,1995,12,1995-12,25.36,360.63
Brunei Darussalam,BRN,1996,1,1996-01,24.8,455.96
Brunei Darussalam,BRN,1996,2,1996-02,25.16,286.8
Brunei Darussalam,BRN,1996,3,1996-03,26.16,222.35
Brunei Darussalam,BRN,1996,4,1996-04,26.23,305.94
Brunei Darussalam,BRN,1996,5,1996-05,26.84,143.55
Brunei Darussalam,BRN,1996,6,1996-06,26.42,279.45
Brunei Darussalam,BRN,1996,7,1996-07,26.59,236.15
Brunei Darussalam,BRN,1996,8,1996-08,26.23,295.61
Brunei Darussalam,BRN,1996,9,1996-09,26.48,223.44
Brunei Darussalam,BRN,1996,10,1996-10,25.85,331.92
Brunei Darussalam,BRN,1996,11,1996-11,25.5,226.75
Brunei Darussalam,BRN,1996,12,1996-12,25.26,314.14
Brunei Darussalam,BRN,1997,1,1997-01,25.27,186.13
Brunei Darussalam,BRN,1997,2,1997-02,25.21,328.01
Brunei Darussalam,BRN,1997,3,1997-03,26.35,73.45
Brunei Darussalam,BRN,1997,4,1997-04,26.35,227.66
Brunei Darussalam,BRN,1997,5,1997-05,26.67,205.43
Brunei Darussalam,BRN,1997,6,1997-06,26.77,132.87
Brunei Darussalam,BRN,1997,7,1997-07,26.15,191.06
Brunei Darussalam,BRN,1997,8,1997-08,26.87,133.84
Brunei Darussalam,BRN,1997,9,1997-09,26.25,230.45
Brunei Darussalam,BRN,1997,10,1997-10,25.82,278.49
Brunei Darussalam,BRN,1997,11,1997-11,26.09,316.68
Brunei Darussalam,BRN,1997,12,1997-12,26.41,221.21
Brunei Darussalam,BRN,1998,1,1998-01,26.52,109.79
Brunei Darussalam,BRN,1998,2,1998-02,26.78,72.65
Brunei Darussalam,BRN,1998,3,1998-03,27.65,86.59
Brunei Darussalam,BRN,1998,4,1998-04,27.66,190.53
Brunei Darussalam,BRN,1998,5,1998-05,27.99,214.03
Brunei Darussalam,BRN,1998,6,1998-06,26.84,272.32
Brunei Darussalam,BRN,1998,7,1998-07,26.28,323.18
Brunei Darussalam,BRN,1998,8,1998-08,26.11,424.76
Brunei Darussalam,BRN,1998,9,1998-09,26.62,283.69
Brunei Darussalam,BRN,1998,10,1998-10,26.37,274.85
Brunei Darussalam,BRN,1998,11,1998-11,25.92,327.97
Brunei Darussalam,BRN,1998,12,1998-12,25.69,281.56
Brunei Darussalam,BRN,1999,1,1999-01,25.68,432.82
Brunei Darussalam,BRN,1999,2,1999-02,25.49,306.26
Brunei Darussalam,BRN,1999,3,1999-03,26.01,246.66
Brunei Darussalam,BRN,1999,4,1999-04,26.44,244.97
Brunei Darussalam,BRN,1999,5,1999-05,26,361.21
Brunei Darussalam,BRN,1999,6,1999-06,26.51,137.91
Brunei Darussalam,BRN,1999,7,1999-07,26.35,131.44
Brunei Darussalam,BRN,1999,8,1999-08,26.33,241.93
Brunei Darussalam,BRN,1999,9,1999-09,26.45,197.14
Brunei Darussalam,BRN,1999,10,1999-10,25.78,366.53
Brunei Darussalam,BRN,1999,11,1999-11,25.89,169.6
Brunei Darussalam,BRN,1999,12,1999-12,25.71,301.09
Brunei Darussalam,BRN,2000,1,2000-01,25.6,258.03
Brunei Darussalam,BRN,2000,2,2000-02,25.53,310.92
Brunei Darussalam,BRN,2000,3,2000-03,26.09,231.5
Brunei Darussalam,BRN,2000,4,2000-04,26.27,258.75
Brunei Darussalam,BRN,2000,5,2000-05,27.07,123.8
Brunei Darussalam,BRN,2000,6,2000-06,26.02,304.87
Brunei Darussalam,BRN,2000,7,2000-07,26.92,101.34
Brunei Darussalam,BRN,2000,8,2000-08,26.25,196.86
Brunei Darussalam,BRN,2000,9,2000-09,26.47,210.9
Brunei Darussalam,BRN,2000,10,2000-10,25.95,331.01
Brunei Darussalam,BRN,2000,11,2000-11,26.1,300.1
Brunei Darussalam,BRN,2000,12,2000-12,25.98,209.77
Brunei Darussalam,BRN,2001,1,2001-01,25.66,361.86
Brunei Darussalam,BRN,2001,2,2001-02,25.75,215.46
Brunei Darussalam,BRN,2001,3,2001-03,26.17,271.27
Brunei Darussalam,BRN,2001,4,2001-04,26.5,278.76
Brunei Darussalam,BRN,2001,5,2001-05,27.11,148.09
Brunei Darussalam,BRN,2001,6,2001-06,26.07,221.48
Brunei Darussalam,BRN,2001,7,2001-07,26.99,96.6
Brunei Darussalam,BRN,2001,8,2001-08,26.96,128.82
Brunei Darussalam,BRN,2001,9,2001-09,26.27,366.3
Brunei Darussalam,BRN,2001,10,2001-10,25.91,337.92
Brunei Darussalam,BRN,2001,11,2001-11,25.81,271.45
Brunei Darussalam,BRN,2001,12,2001-12,25.71,185.05
Brunei Darussalam,BRN,2002,1,2002-01,25.85,151.63
Brunei Darussalam,BRN,2002,2,2002-02,25.71,141
Brunei Darussalam,BRN,2002,3,2002-03,26.3,127.39
Brunei Darussalam,BRN,2002,4,2002-04,26.74,194.51
Brunei Darussalam,BRN,2002,5,2002-05,27,177.06
Brunei Darussalam,BRN,2002,6,2002-06,26.65,180
Brunei Darussalam,BRN,2002,7,2002-07,27.08,68.6
Brunei Darussalam,BRN,2002,8,2002-08,26.52,169.11
Brunei Darussalam,BRN,2002,9,2002-09,26.36,173.38
Brunei Darussalam,BRN,2002,10,2002-10,26,245.63
Brunei Darussalam,BRN,2002,11,2002-11,26.07,282.04
Brunei Darussalam,BRN,2002,12,2002-12,26.48,166.13
Brunei Darussalam,BRN,2003,1,2003-01,26.11,161.57
Brunei Darussalam,BRN,2003,2,2003-02,26.08,89.15
Brunei Darussalam,BRN,2003,3,2003-03,26.16,228.5
Brunei Darussalam,BRN,2003,4,2003-04,26.68,160.27
Brunei Darussalam,BRN,2003,5,2003-05,26.92,203.68
Brunei Darussalam,BRN,2003,6,2003-06,26.51,254.13
Brunei Darussalam,BRN,2003,7,2003-07,26.35,175.97
Brunei Darussalam,BRN,2003,8,2003-08,26.67,159.21
Brunei Darussalam,BRN,2003,9,2003-09,26.56,106.8
Brunei Darussalam,BRN,2003,10,2003-10,25.8,299.56
Brunei Darussalam,BRN,2003,11,2003-11,25.94,228.01
Brunei Darussalam,BRN,2003,12,2003-12,25.53,398.61
Brunei Darussalam,BRN,2004,1,2004-01,25.75,227.29
Brunei Darussalam,BRN,2004,2,2004-02,25.59,114.78
Brunei Darussalam,BRN,2004,3,2004-03,26.1,158.36
Brunei Darussalam,BRN,2004,4,2004-04,26.59,185.64
Brunei Darussalam,BRN,2004,5,2004-05,26.61,204.04
Brunei Darussalam,BRN,2004,6,2004-06,26.6,69.09
Brunei Darussalam,BRN,2004,7,2004-07,25.99,245.19
Brunei Darussalam,BRN,2004,8,2004-08,26.65,90.77
Brunei Darussalam,BRN,2004,9,2004-09,25.86,378.7
Brunei Darussalam,BRN,2004,10,2004-10,26.15,164.33
Brunei Darussalam,BRN,2004,11,2004-11,25.99,220.23
Brunei Darussalam,BRN,2004,12,2004-12,25.85,236.85
Brunei Darussalam,BRN,2005,1,2005-01,25.31,117.31
Brunei Darussalam,BRN,2005,2,2005-02,25.96,124.16
Brunei Darussalam,BRN,2005,3,2005-03,26.03,219.78
Brunei Darussalam,BRN,2005,4,2005-04,26.83,89.49
Brunei Darussalam,BRN,2005,5,2005-05,26.7,206.35
Brunei Darussalam,BRN,2005,6,2005-06,26.82,209.34
Brunei Darussalam,BRN,2005,7,2005-07,26.57,157.68
Brunei Darussalam,BRN,2005,8,2005-08,26.66,204.31
Brunei Darussalam,BRN,2005,9,2005-09,26.64,154.74
Brunei Darussalam,BRN,2005,10,2005-10,26.17,295.13
Brunei Darussalam,BRN,2005,11,2005-11,25.77,318.43
Brunei Darussalam,BRN,2005,12,2005-12,25.75,228.38
Brunei Darussalam,BRN,2006,1,2006-01,25.83,187.14
Brunei Darussalam,BRN,2006,2,2006-02,26.1,174.53
Brunei Darussalam,BRN,2006,3,2006-03,26.12,157
Brunei Darussalam,BRN,2006,4,2006-04,26.05,311.51
Brunei Darussalam,BRN,2006,5,2006-05,26.3,294.61
Brunei Darussalam,BRN,2006,6,2006-06,26.16,233.87
Brunei Darussalam,BRN,2006,7,2006-07,26.85,145.38
Brunei Darussalam,BRN,2006,8,2006-08,26.45,195.77
Brunei Darussalam,BRN,2006,9,2006-09,25.93,216.38
Brunei Darussalam,BRN,2006,10,2006-10,25.83,245.19
Brunei Darussalam,BRN,2006,11,2006-11,26.24,209.11
Brunei Darussalam,BRN,2006,12,2006-12,26.12,288.5
Brunei Darussalam,BRN,2007,1,2007-01,25.68,342.86
Brunei Darussalam,BRN,2007,2,2007-02,25.78,226.19
Brunei Darussalam,BRN,2007,3,2007-03,26.41,223.61
Brunei Darussalam,BRN,2007,4,2007-04,26.54,395.19
Brunei Darussalam,BRN,2007,5,2007-05,26.72,338.18
Brunei Darussalam,BRN,2007,6,2007-06,26.49,346.5
Brunei Darussalam,BRN,2007,7,2007-07,26.4,278.5
Brunei Darussalam,BRN,2007,8,2007-08,26.42,193.99
Brunei Darussalam,BRN,2007,9,2007-09,26.06,260.36
Brunei Darussalam,BRN,2007,10,2007-10,26.23,286.49
Brunei Darussalam,BRN,2007,11,2007-11,25.45,336.89
Brunei Darussalam,BRN,2007,12,2007-12,25.89,315.88
Brunei Darussalam,BRN,2008,1,2008-01,25.77,239.92
Brunei Darussalam,BRN,2008,2,2008-02,25.26,346.91
Brunei Darussalam,BRN,2008,3,2008-03,25.56,434.14
Brunei Darussalam,BRN,2008,4,2008-04,26.24,260.18
Brunei Darussalam,BRN,2008,5,2008-05,26.45,190.45
Brunei Darussalam,BRN,2008,6,2008-06,26.22,263.11
Brunei Darussalam,BRN,2008,7,2008-07,25.98,305.79
Brunei Darussalam,BRN,2008,8,2008-08,26.27,296.27
Brunei Darussalam,BRN,2008,9,2008-09,26.38,252.18
Brunei Darussalam,BRN,2008,10,2008-10,25.98,489.63
Brunei Darussalam,BRN,2008,11,2008-11,26.14,363.96
Brunei Darussalam,BRN,2008,12,2008-12,26,366.27
Brunei Darussalam,BRN,2009,1,2009-01,25.3,458.49
Brunei Darussalam,BRN,2009,2,2009-02,25.78,288.2
Brunei Darussalam,BRN,2009,3,2009-03,25.99,287.64
Brunei Darussalam,BRN,2009,4,2009-04,27.04,217.84
Brunei Darussalam,BRN,2009,5,2009-05,27.17,201.11
Brunei Darussalam,BRN,2009,6,2009-06,27.17,132.44
Brunei Darussalam,BRN,2009,7,2009-07,26.68,104.55
Brunei Darussalam,BRN,2009,8,2009-08,27.02,214.84
Brunei Darussalam,BRN,2009,9,2009-09,26.91,137.02
Brunei Darussalam,BRN,2009,10,2009-10,26.34,232.92
Brunei Darussalam,BRN,2009,11,2009-11,26.39,313.69
Brunei Darussalam,BRN,2009,12,2009-12,26.17,234.11
Brunei Darussalam,BRN,2010,1,2010-01,25.91,264.53
Brunei Darussalam,BRN,2010,2,2010-02,26.77,101.46
Brunei Darussalam,BRN,2010,3,2010-03,26.93,149.07
Brunei Darussalam,BRN,2010,4,2010-04,26.99,251.17
Brunei Darussalam,BRN,2010,5,2010-05,27.26,299.43
Brunei Darussalam,BRN,2010,6,2010-06,26.66,408.68
Brunei Darussalam,BRN,2010,7,2010-07,26.23,347.26
Brunei Darussalam,BRN,2010,8,2010-08,26.61,397.28
Brunei Darussalam,BRN,2010,9,2010-09,26.26,414.63
Brunei Darussalam,BRN,2010,10,2010-10,26.5,242.45
Brunei Darussalam,BRN,2010,11,2010-11,26.14,346.04
Brunei Darussalam,BRN,2010,12,2010-12,25.61,384.34
Brunei Darussalam,BRN,2011,1,2011-01,25.48,424.8
Brunei Darussalam,BRN,2011,2,2011-02,25.39,507.83
Brunei Darussalam,BRN,2011,3,2011-03,25.62,320.66
Brunei Darussalam,BRN,2011,4,2011-04,26.18,307.3
Brunei Darussalam,BRN,2011,5,2011-05,26.91,177.97
Brunei Darussalam,BRN,2011,6,2011-06,26.73,216.44
Brunei Darussalam,BRN,2011,7,2011-07,26.77,120.71
Brunei Darussalam,BRN,2011,8,2011-08,26.64,176.4
Brunei Darussalam,BRN,2011,9,2011-09,26.8,182.18
Brunei Darussalam,BRN,2011,10,2011-10,26.53,228.71
Brunei Darussalam,BRN,2011,11,2011-11,26.3,311.51
Brunei Darussalam,BRN,2011,12,2011-12,25.97,331.43
Brunei Darussalam,BRN,2012,1,2012-01,26.08,392.92
Brunei Darussalam,BRN,2012,2,2012-02,25.87,277.17
Brunei Darussalam,BRN,2012,3,2012-03,26.18,240.51
Brunei Darussalam,BRN,2012,4,2012-04,26.38,312.67
Brunei Darussalam,BRN,2012,5,2012-05,27.01,166.6
Brunei Darussalam,BRN,2012,6,2012-06,27.14,83.27
Brunei Darussalam,BRN,2012,7,2012-07,26.27,269.19
Brunei Darussalam,BRN,2012,8,2012-08,26.7,181.66
Brunei Darussalam,BRN,2012,9,2012-09,26.44,198.12
Brunei Darussalam,BRN,2012,10,2012-10,26.13,276.56
Brunei Darussalam,BRN,2012,11,2012-11,26.08,460.47
Brunei Darussalam,BRN,2012,12,2012-12,26.36,285.01
Brunei Darussalam,BRN,2013,1,2013-01,26.01,189.48
Brunei Darussalam,BRN,2013,2,2013-02,26.29,234.1
Brunei Darussalam,BRN,2013,3,2013-03,26.71,197.58
Brunei Darussalam,BRN,2013,4,2013-04,26.85,330.96
Brunei Darussalam,BRN,2013,5,2013-05,27,257.46
Brunei Darussalam,BRN,2013,6,2013-06,27.34,127.94
Brunei Darussalam,BRN,2013,7,2013-07,26.46,218.7
Brunei Darussalam,BRN,2013,8,2013-08,26.59,186.51
Brunei Darussalam,BRN,2013,9,2013-09,26.27,274.32
Brunei Darussalam,BRN,2013,10,2013-10,26.05,241.71
Brunei Darussalam,BRN,2013,11,2013-11,26.1,334.41
Brunei Darussalam,BRN,2013,12,2013-12,26,458.27
Brunei Darussalam,BRN,2014,1,2014-01,24.72,385.78
Brunei Darussalam,BRN,2014,2,2014-02,25.6,244.08
Brunei Darussalam,BRN,2014,3,2014-03,26.23,183.49
Brunei Darussalam,BRN,2014,4,2014-04,26.67,179.22
Brunei Darussalam,BRN,2014,5,2014-05,26.99,253.59
Brunei Darussalam,BRN,2014,6,2014-06,27.32,125.75
Brunei Darussalam,BRN,2014,7,2014-07,26.73,145.6
Brunei Darussalam,BRN,2014,8,2014-08,26.01,339.8
Brunei Darussalam,BRN,2014,9,2014-09,26.61,186.76
Brunei Darussalam,BRN,2014,10,2014-10,25.95,316.97
Brunei Darussalam,BRN,2014,11,2014-11,26.25,351.6
Brunei Darussalam,BRN,2014,12,2014-12,25.94,423.07
Brunei Darussalam,BRN,2015,1,2015-01,25.48,428.9
Brunei Darussalam,BRN,2015,2,2015-02,25.81,145.95
Brunei Darussalam,BRN,2015,3,2015-03,26.16,161.37
Brunei Darussalam,BRN,2015,4,2015-04,26.8,224.06
Brunei Darussalam,BRN,2015,5,2015-05,27.04,198.74
Brunei Darussalam,BRN,2015,6,2015-06,27.05,214.3
Brunei Darussalam,BRN,2015,7,2015-07,27.07,253.96
Brunei Darussalam,BRN,2015,8,2015-08,26.32,246.85
Brunei Darussalam,BRN,2015,9,2015-09,26.84,180.06
Brunei Darussalam,BRN,2015,10,2015-10,26.75,242.48
Brunei Darussalam,BRN,2015,11,2015-11,26.43,386.62
Brunei Darussalam,BRN,2015,12,2015-12,26.78,237.87
Brunei Darussalam,BRN,2016,1,2016-01,27.01,127.84
Brunei Darussalam,BRN,2016,2,2016-02,26.81,140.26
Brunei Darussalam,BRN,2016,3,2016-03,27.13,134.67
Brunei Darussalam,BRN,2016,4,2016-04,27.69,194.67
Brunei Darussalam,BRN,2016,5,2016-05,27.67,338.21
Brunei Darussalam,BRN,2016,6,2016-06,26.85,175.75
Brunei Darussalam,BRN,2016,7,2016-07,26.5,312.22
Brunei Darussalam,BRN,2016,8,2016-08,27.3,133.81
Brunei Darussalam,BRN,2016,9,2016-09,26.61,234.46
Brunei Darussalam,BRN,2016,10,2016-10,26.63,305.06
Brunei Darussalam,BRN,2016,11,2016-11,26.66,353.58
Brunei Darussalam,BRN,2016,12,2016-12,26.74,286.09
Brunei Darussalam,BRN,2017,1,2017-01,26.62,276.73
Brunei Darussalam,BRN,2017,2,2017-02,26.11,263.04
Brunei Darussalam,BRN,2017,3,2017-03,26.21,308.31
Brunei Darussalam,BRN,2017,4,2017-04,26.88,250.27
Brunei Darussalam,BRN,2017,5,2017-05,27.3,304.68
Brunei Darussalam,BRN,2017,6,2017-06,26.69,233.14
Brunei Darussalam,BRN,2017,7,2017-07,27.05,161.78
Brunei Darussalam,BRN,2017,8,2017-08,26.77,300.7
Brunei Darussalam,BRN,2017,9,2017-09,26.72,299.54
Brunei Darussalam,BRN,2017,10,2017-10,26.53,300.42
Brunei Darussalam,BRN,2017,11,2017-11,26.6,330.75
Brunei Darussalam,BRN,2017,12,2017-12,26.09,376.81
Brunei Darussalam,BRN,2018,1,2018-01,25.89,419.39
Brunei Darussalam,BRN,2018,2,2018-02,25.83,211.48
Brunei Darussalam,BRN,2018,3,2018-03,26.43,235.69
Brunei Darussalam,BRN,2018,4,2018-04,26.93,270.92
Brunei Darussalam,BRN,2018,5,2018-05,26.84,405.16
Brunei Darussalam,BRN,2018,6,2018-06,27.25,224.14
Brunei Darussalam,BRN,2018,7,2018-07,27.21,135.32
Brunei Darussalam,BRN,2018,8,2018-08,27.49,93.88
Brunei Darussalam,BRN,2018,9,2018-09,26.63,259.15
Brunei Darussalam,BRN,2018,10,2018-10,26.66,295.08
Brunei Darussalam,BRN,2018,11,2018-11,26.81,281.62
Brunei Darussalam,BRN,2018,12,2018-12,26.6,259.5
Brunei Darussalam,BRN,2019,1,2019-01,26.61,258.66
Brunei Darussalam,BRN,2019,2,2019-02,26.66,121.36
Brunei Darussalam,BRN,2019,3,2019-03,26.73,145.1
Brunei Darussalam,BRN,2019,4,2019-04,27.59,261.24
Brunei Darussalam,BRN,2019,5,2019-05,27.7,162.18
Brunei Darussalam,BRN,2019,6,2019-06,27.24,279.46
Brunei Darussalam,BRN,2019,7,2019-07,26.79,181.09
Brunei Darussalam,BRN,2019,8,2019-08,27.21,141.02
Brunei Darussalam,BRN,2019,9,2019-09,27.5,167.46
Brunei Darussalam,BRN,2019,10,2019-10,26.48,292.42
Brunei Darussalam,BRN,2019,11,2019-11,26.59,261.52
Brunei Darussalam,BRN,2019,12,2019-12,26.21,429.92
Brunei Darussalam,BRN,2020,1,2020-01,26.79,216.97
Brunei Darussalam,BRN,2020,2,2020-02,26.76,131.1
Brunei Darussalam,BRN,2020,3,2020-03,27,236.47
Brunei Darussalam,BRN,2020,4,2020-04,27.41,241.44
Brunei Darussalam,BRN,2020,5,2020-05,27.72,278.7
Brunei Darussalam,BRN,2020,6,2020-06,26.8,327.03
Brunei Darussalam,BRN,2020,7,2020-07,26.52,328.37
Brunei Darussalam,BRN,2020,8,2020-08,27.14,185.6
Brunei Darussalam,BRN,2020,9,2020-09,26.62,324.27
Brunei Darussalam,BRN,2020,10,2020-10,26.31,254.07
Brunei Darussalam,BRN,2020,11,2020-11,26.48,398.77
Brunei Darussalam,BRN,2020,12,2020-12,26.25,266.28
Brunei Darussalam,BRN,2021,1,2021-01,25.66,350.9
Brunei Darussalam,BRN,2021,2,2021-02,25.8,190.44
Brunei Darussalam,BRN,2021,3,2021-03,26.43,252.58
Brunei Darussalam,BRN,2021,4,2021-04,26.79,189.8
Brunei Darussalam,BRN,2021,5,2021-05,27.22,299.63
Brunei Darussalam,BRN,2021,6,2021-06,27,241.96
Brunei Darussalam,BRN,2021,7,2021-07,27.1,213.52
Brunei Darussalam,BRN,2021,8,2021-08,26.54,444.05
Brunei Darussalam,BRN,2021,9,2021-09,26.39,304.76
Brunei Darussalam,BRN,2021,10,2021-10,26.88,353.74
Brunei Darussalam,BRN,2021,11,2021-11,26.45,319.76
Brunei Darussalam,BRN,2021,12,2021-12,26.42,226.93
Brunei Darussalam,BRN,2022,1,2022-01,26.03,288.73
Brunei Darussalam,BRN,2022,2,2022-02,26.26,287.31
Brunei Darussalam,BRN,2022,3,2022-03,26.28,393.15
Brunei Darussalam,BRN,2022,4,2022-04,26.42,263.81
Brunei Darussalam,BRN,2022,5,2022-05,27.28,231.09
Brunei Darussalam,BRN,2022,6,2022-06,26.59,265.17
Brunei Darussalam,BRN,2022,7,2022-07,26.81,165.6
Brunei Darussalam,BRN,2022,8,2022-08,26.75,331.8
Brunei Darussalam,BRN,2022,9,2022-09,26.36,324.76
Brunei Darussalam,BRN,2022,10,2022-10,26.27,555.55
Brunei Darussalam,BRN,2022,11,2022-11,26.33,317.53
Brunei Darussalam,BRN,2022,12,2022-12,25.68,311.23
Brunei Darussalam,BRN,2023,1,2023-01,25.91,289
Brunei Darussalam,BRN,2023,2,2023-02,26.07,206.51
Brunei Darussalam,BRN,2023,3,2023-03,26.23,312.83
Brunei Darussalam,BRN,2023,4,2023-04,27.09,204.54
Brunei Darussalam,BRN,2023,5,2023-05,27.69,220.61
Brunei Darussalam,BRN,2023,6,2023-06,27.57,143.27
Brunei Darussalam,BRN,2023,7,2023-07,26.89,350.69
Brunei Darussalam,BRN,2023,8,2023-08,27.52,137.42
Brunei Darussalam,BRN,2023,9,2023-09,27.1,316.41
Brunei Darussalam,BRN,2023,10,2023-10,27.24,239.93
Brunei Darussalam,BRN,2023,11,2023-11,27.04,386.23
Brunei Darussalam,BRN,2023,12,2023-12,27.17,291.6
Brunei Darussalam,BRN,2024,1,2024-01,27.12,276.24
Brunei Darussalam,BRN,2024,2,2024-02,27.22,200.87
Brunei Darussalam,BRN,2024,3,2024-03,27.51,216.82
Brunei Darussalam,BRN,2024,4,2024-04,28.05,289.99
Brunei Darussalam,BRN,2024,5,2024-05,27.81,345.63
Brunei Darussalam,BRN,2024,6,2024-06,27.22,379.47
Brunei Darussalam,BRN,2024,7,2024-07,27.51,128.02
Brunei Darussalam,BRN,2024,8,2024-08,26.77,446.15
Brunei Darussalam,BRN,2024,9,2024-09,27.46,173.02
Brunei Darussalam,BRN,2024,10,2024-10,26.97,251.49
Brunei Darussalam,BRN,2024,11,2024-11,27.11,337.36
Brunei Darussalam,BRN,2024,12,2024-12,26.83,353.3
Indonesia,IDN,1950,1,1950-01,24.34,211.84
Indonesia,IDN,1950,2,1950-02,24.06,274.25
Indonesia,IDN,1950,3,1950-03,24.36,255.96
Indonesia,IDN,1950,4,1950-04,24.28,295.23
Indonesia,IDN,1950,5,1950-05,24.37,198.94
Indonesia,IDN,1950,6,1950-06,24.11,208.07
Indonesia,IDN,1950,7,1950-07,23.5,210.3
Indonesia,IDN,1950,8,1950-08,23.44,273.14
Indonesia,IDN,1950,9,1950-09,23.91,246.26
Indonesia,IDN,1950,10,1950-10,24.01,244.11
Indonesia,IDN,1950,11,1950-11,23.83,279.92
Indonesia,IDN,1950,12,1950-12,23.74,249.22
Indonesia,IDN,1951,1,1951-01,23.62,252.69
Indonesia,IDN,1951,2,1951-02,23.78,275.31
Indonesia,IDN,1951,3,1951-03,24.15,231.31
Indonesia,IDN,1951,4,1951-04,24.32,220.91
Indonesia,IDN,1951,5,1951-05,24.41,144.72
Indonesia,IDN,1951,6,1951-06,24.18,153.71
Indonesia,IDN,1951,7,1951-07,23.53,174.5
Indonesia,IDN,1951,8,1951-08,24.1,127.2
Indonesia,IDN,1951,9,1951-09,24.3,168.61
Indonesia,IDN,1951,10,1951-10,24.67,161.12
Indonesia,IDN,1951,11,1951-11,24.72,230.02
Indonesia,IDN,1951,12,1951-12,24.24,272.74
Indonesia,IDN,1952,1,1952-01,24.21,309.6
Indonesia,IDN,1952,2,1952-02,24.24,310.64
Indonesia,IDN,1952,3,1952-03,24.21,330.39
Indonesia,IDN,1952,4,1952-04,24.45,229.16
Indonesia,IDN,1952,5,1952-05,24.66,209.71
Indonesia,IDN,1952,6,1952-06,24.29,152.68
Indonesia,IDN,1952,7,1952-07,23.9,172.8
Indonesia,IDN,1952,8,1952-08,24.03,173.49
Indonesia,IDN,1952,9,1952-09,24.17,201.36
Indonesia,IDN,1952,10,1952-10,24.53,242.41
Indonesia,IDN,1952,11,1952-11,24.19,283.38
Indonesia,IDN,1952,12,1952-12,24.15,210.81
Indonesia,IDN,1953,1,1953-01,24.09,240.56
Indonesia,IDN,1953,2,1953-02,24.03,209.26
Indonesia,IDN,1953,3,1953-03,24.26,264.04
Indonesia,IDN,1953,4,1953-04,24.6,218.37
Indonesia,IDN,1953,5,1953-05,24.33,225.45
Indonesia,IDN,1953,6,1953-06,24.31,162.71
Indonesia,IDN,1953,7,1953-07,23.65,197.52
Indonesia,IDN,1953,8,1953-08,24.12,128.44
Indonesia,IDN,1953,9,1953-09,24.26,182.21
Indonesia,IDN,1953,10,1953-10,24.6,229.76
Indonesia,IDN,1953,11,1953-11,24.51,253.85
Indonesia,IDN,1953,12,1953-12,24.24,266.17
Indonesia,IDN,1954,1,1954-01,23.99,329.36
Indonesia,IDN,1954,2,1954-02,23.93,294.75
Indonesia,IDN,1954,3,1954-03,24.23,278.46
Indonesia,IDN,1954,4,1954-04,24.27,338.87
Indonesia,IDN,1954,5,1954-05,24.32,262.61
Indonesia,IDN,1954,6,1954-06,23.94,252.92
Indonesia,IDN,1954,7,1954-07,23.44,257.44
Indonesia,IDN,1954,8,1954-08,23.71,250.13
Indonesia,IDN,1954,9,1954-09,23.75,245.47
Indonesia,IDN,1954,10,1954-10,23.76,305.25
Indonesia,IDN,1954,11,1954-11,23.81,301.07
Indonesia,IDN,1954,12,1954-12,23.78,325.29
Indonesia,IDN,1955,1,1955-01,23.52,338.49
Indonesia,IDN,1955,2,1955-02,24.02,302.8
Indonesia,IDN,1955,3,1955-03,24.13,271.35
Indonesia,IDN,1955,4,1955-04,24.05,313.01
Indonesia,IDN,1955,5,1955-05,24.42,279.57
Indonesia,IDN,1955,6,1955-06,23.95,240.42
Indonesia,IDN,1955,7,1955-07,23.55,255.63
Indonesia,IDN,1955,8,1955-08,23.58,254.29
Indonesia,IDN,1955,9,1955-09,23.95,261.34
Indonesia,IDN,1955,10,1955-10,24.31,288.54
Indonesia,IDN,1955,11,1955-11,24.09,326.22
Indonesia,IDN,1955,12,1955-12,23.59,315.16
Indonesia,IDN,1956,1,1956-01,23.55,311.88
Indonesia,IDN,1956,2,1956-02,24.02,248.32
Indonesia,IDN,1956,3,1956-03,24.18,256.85
Indonesia,IDN,1956,4,1956-04,24.38,265.78
Indonesia,IDN,1956,5,1956-05,24.21,263.37
Indonesia,IDN,1956,6,1956-06,23.81,216.07
Indonesia,IDN,1956,7,1956-07,23.61,189.6
Indonesia,IDN,1956,8,1956-08,23.51,263.66
Indonesia,IDN,1956,9,1956-09,23.49,271.89
Indonesia,IDN,1956,10,1956-10,23.9,315.03
Indonesia,IDN,1956,11,1956-11,24.04,284.67
Indonesia,IDN,1956,12,1956-12,23.68,323.87
Indonesia,IDN,1957,1,1957-01,23.8,273.61
Indonesia,IDN,1957,2,1957-02,23.93,234.23
Indonesia,IDN,1957,3,1957-03,24.04,340.59
Indonesia,IDN,1957,4,1957-04,24.23,275.44
Indonesia,IDN,1957,5,1957-05,24.32,245.38
Indonesia,IDN,1957,6,1957-06,24.25,176.27
Indonesia,IDN,1957,7,1957-07,24.02,250.4
Indonesia,IDN,1957,8,1957-08,23.9,174.3
Indonesia,IDN,1957,9,1957-09,24.36,193.76
Indonesia,IDN,1957,10,1957-10,24.67,192.61
Indonesia,IDN,1957,11,1957-11,24.74,244.42
Indonesia,IDN,1957,12,1957-12,24.36,384.35
Indonesia,IDN,1958,1,1958-01,24.6,250.26
Indonesia,IDN,1958,2,1958-02,24.53,263.14
Indonesia,IDN,1958,3,1958-03,24.53,342.81
Indonesia,IDN,1958,4,1958-04,24.92,249.6
Indonesia,IDN,1958,5,1958-05,24.95,244.53
Indonesia,IDN,1958,6,1958-06,24.72,180.05
Indonesia,IDN,1958,7,1958-07,24.55,143.3
Indonesia,IDN,1958,8,1958-08,24.01,279.09
Indonesia,IDN,1958,9,1958-09,24.44,225.17
Indonesia,IDN,1958,10,1958-10,24.56,293.36
Indonesia,IDN,1958,11,1958-11,24.47,298.51
Indonesia,IDN,1958,12,1958-12,24.12,347.94
Indonesia,IDN,1959,1,1959-01,24.16,245.39
Indonesia,IDN,1959,2,1959-02,24.19,250.53
Indonesia,IDN,1959,3,1959-03,24.33,317.92
Indonesia,IDN,1959,4,1959-04,24.33,305.54
Indonesia,IDN,1959,5,1959-05,24.43,298.98
Indonesia,IDN,1959,6,1959-06,24.06,249.21
Indonesia,IDN,1959,7,1959-07,23.84,161.08
Indonesia,IDN,1959,8,1959-08,23.72,166.08
Indonesia,IDN,1959,9,1959-09,24.19,217.75
Indonesia,IDN,1959,10,1959-10,24.51,243.66
Indonesia,IDN,1959,11,1959-11,24.44,261.1
Indonesia,IDN,1959,12,1959-12,24.29,294.86
Indonesia,IDN,1960,1,1960-01,23.99,318.52
Indonesia,IDN,1960,2,1960-02,24.18,265.6
Indonesia,IDN,1960,3,1960-03,24.25,272.74
Indonesia,IDN,1960,4,1960-04,24.44,288.98
Indonesia,IDN,1960,5,1960-05,24.56,279.34
Indonesia,IDN,1960,6,1960-06,24.14,172.39
Indonesia,IDN,1960,7,1960-07,23.91,233.98
Indonesia,IDN,1960,8,1960-08,24.26,182.65
Indonesia,IDN,1960,9,1960-09,24.15,276.93
Indonesia,IDN,1960,10,1960-10,24.66,206.89
Indonesia,IDN,1960,11,1960-11,24.23,326.25
Indonesia,IDN,1960,12,1960-12,24.23,318.83
Indonesia,IDN,1961,1,1961-01,24.02,284.61
Indonesia,IDN,1961,2,1961-02,24.26,283.03
Indonesia,IDN,1961,3,1961-03,24.39,263.15
Indonesia,IDN,1961,4,1961-04,24.58,295.44
Indonesia,IDN,1961,5,1961-05,24.66,226.2
Indonesia,IDN,1961,6,1961-06,23.99,183.67
Indonesia,IDN,1961,7,1961-07,23.83,153.79
Indonesia,IDN,1961,8,1961-08,24.05,125.96
Indonesia,IDN,1961,9,1961-09,24.11,173.05
Indonesia,IDN,1961,10,1961-10,24.6,168.04
Indonesia,IDN,1961,11,1961-11,24.34,231.72
Indonesia,IDN,1961,12,1961-12,24.26,292.68
Indonesia,IDN,1962,1,1962-01,24.08,325.77
Indonesia,IDN,1962,2,1962-02,24.09,232.97
Indonesia,IDN,1962,3,1962-03,24.08,358.93
Indonesia,IDN,1962,4,1962-04,24.38,278.19
Indonesia,IDN,1962,5,1962-05,24.76,209.68
Indonesia,IDN,1962,6,1962-06,24.17,200.81
Indonesia,IDN,1962,7,1962-07,24.2,143.89
Indonesia,IDN,1962,8,1962-08,23.77,220.25
Indonesia,IDN,1962,9,1962-09,24.19,208.14
Indonesia,IDN,1962,10,1962-10,24.56,285.31
Indonesia,IDN,1962,11,1962-11,24.41,250.57
Indonesia,IDN,1962,12,1962-12,24.13,299.7
Indonesia,IDN,1963,1,1963-01,23.78,284.8
Indonesia,IDN,1963,2,1963-02,23.69,291.76
Indonesia,IDN,1963,3,1963-03,24.11,333.16
Indonesia,IDN,1963,4,1963-04,24.5,240.74
Indonesia,IDN,1963,5,1963-05,24.72,229.34
Indonesia,IDN,1963,6,1963-06,24.53,110.76
Indonesia,IDN,1963,7,1963-07,24.12,122.81
Indonesia,IDN,1963,8,1963-08,24.02,164.67
Indonesia,IDN,1963,9,1963-09,24.57,139.44
Indonesia,IDN,1963,10,1963-10,24.69,187.43
Indonesia,IDN,1963,11,1963-11,24.72,191.15
Indonesia,IDN,1963,12,1963-12,24.32,273.37
Indonesia,IDN,1964,1,1964-01,24.46,292.78
Indonesia,IDN,1964,2,1964-02,24.34,288.51
Indonesia,IDN,1964,3,1964-03,24.41,321.64
Indonesia,IDN,1964,4,1964-04,24.61,266.49
Indonesia,IDN,1964,5,1964-05,24.75,224.87
Indonesia,IDN,1964,6,1964-06,23.99,189.26
Indonesia,IDN,1964,7,1964-07,23.78,222.19
Indonesia,IDN,1964,8,1964-08,23.97,173.42
Indonesia,IDN,1964,9,1964-09,24.14,269.66
Indonesia,IDN,1964,10,1964-10,24.04,311.79
Indonesia,IDN,1964,11,1964-11,24.06,290.55
Indonesia,IDN,1964,12,1964-12,23.55,276.91
Indonesia,IDN,1965,1,1965-01,23.48,268.16
Indonesia,IDN,1965,2,1965-02,23.83,273.99
Indonesia,IDN,1965,3,1965-03,24.01,323.73
Indonesia,IDN,1965,4,1965-04,24.16,229.31
Indonesia,IDN,1965,5,1965-05,24.32,240.14
Indonesia,IDN,1965,6,1965-06,24.1,168.03
Indonesia,IDN,1965,7,1965-07,23.77,84.22
Indonesia,IDN,1965,8,1965-08,23.8,160.83
Indonesia,IDN,1965,9,1965-09,24.41,132.88
Indonesia,IDN,1965,10,1965-10,24.64,200.21
Indonesia,IDN,1965,11,1965-11,24.52,220.23
Indonesia,IDN,1965,12,1965-12,24.14,345.4
Indonesia,IDN,1966,1,1966-01,23.7,333.75
Indonesia,IDN,1966,2,1966-02,23.82,331.54
Indonesia,IDN,1966,3,1966-03,24.01,358.27
Indonesia,IDN,1966,4,1966-04,24.43,299.05
Indonesia,IDN,1966,5,1966-05,24.39,228.53
Indonesia,IDN,1966,6,1966-06,23.87,184.39
Indonesia,IDN,1966,7,1966-07,23.64,187.12
Indonesia,IDN,1966,8,1966-08,23.87,247.61
Indonesia,IDN,1966,9,1966-09,24.07,200.24
Indonesia,IDN,1966,10,1966-10,23.94,316.03
Indonesia,IDN,1966,11,1966-11,24.03,306.42
Indonesia,IDN,1966,12,1966-12,23.66,383.33
Indonesia,IDN,1967,1,1967-01,23.59,354.19
Indonesia,IDN,1967,2,1967-02,23.82,292.42
Indonesia,IDN,1967,3,1967-03,23.87,296.16
Indonesia,IDN,1967,4,1967-04,23.99,280.62
Indonesia,IDN,1967,5,1967-05,24.22,268.62
Indonesia,IDN,1967,6,1967-06,23.88,186.64
Indonesia,IDN,1967,7,1967-07,23.66,166.56
Indonesia,IDN,1967,8,1967-08,24.05,160.97
Indonesia,IDN,1967,9,1967-09,24.12,168.73
Indonesia,IDN,1967,10,1967-10,24.31,220.04
Indonesia,IDN,1967,11,1967-11,24.06,298.68
Indonesia,IDN,1967,12,1967-12,23.6,353.41
Indonesia,IDN,1968,1,1968-01,23.73,290.83
Indonesia,IDN,1968,2,1968-02,23.95,186.63
Indonesia,IDN,1968,3,1968-03,23.89,373.89
Indonesia,IDN,1968,4,1968-04,24.01,282.27
Indonesia,IDN,1968,5,1968-05,24.2,281.11
Indonesia,IDN,1968,6,1968-06,24.08,215.14
Indonesia,IDN,1968,7,1968-07,23.9,233.54
Indonesia,IDN,1968,8,1968-08,23.96,208.73
Indonesia,IDN,1968,9,1968-09,24.26,182.84
Indonesia,IDN,1968,10,1968-10,24.29,260.5
Indonesia,IDN,1968,11,1968-11,24.16,285.24
Indonesia,IDN,1968,12,1968-12,24.08,340.71
Indonesia,IDN,1969,1,1969-01,24.13,253.46
Indonesia,IDN,1969,2,1969-02,24.19,253.8
Indonesia,IDN,1969,3,1969-03,24.51,319.08
Indonesia,IDN,1969,4,1969-04,24.7,266.42
Indonesia,IDN,1969,5,1969-05,24.81,258.95
Indonesia,IDN,1969,6,1969-06,24.39,223.56
Indonesia,IDN,1969,7,1969-07,24.01,158.99
Indonesia,IDN,1969,8,1969-08,23.91,222.44
Indonesia,IDN,1969,9,1969-09,24.37,175.45
Indonesia,IDN,1969,10,1969-10,24.44,238.07
Indonesia,IDN,1969,11,1969-11,24.34,271.54
Indonesia,IDN,1969,12,1969-12,24.22,312.69
Indonesia,IDN,1970,1,1970-01,24.09,323.53
Indonesia,IDN,1970,2,1970-02,24.44,244.7
Indonesia,IDN,1970,3,1970-03,24.46,344.58
Indonesia,IDN,1970,4,1970-04,24.58,329.54
Indonesia,IDN,1970,5,1970-05,24.59,298.34
Indonesia,IDN,1970,6,1970-06,24.39,227.02
Indonesia,IDN,1970,7,1970-07,23.92,205.99
Indonesia,IDN,1970,8,1970-08,23.91,223.21
Indonesia,IDN,1970,9,1970-09,24.1,281.14
Indonesia,IDN,1970,10,1970-10,24.5,290.49
Indonesia,IDN,1970,11,1970-11,24.25,313.65
Indonesia,IDN,1970,12,1970-12,24.03,311.11
Indonesia,IDN,1971,1,1971-01,23.64,340.71
Indonesia,IDN,1971,2,1971-02,23.73,269.42
Indonesia,IDN,1971,3,1971-03,24.1,269.8
Indonesia,IDN,1971,4,1971-04,24.25,226.06
Indonesia,IDN,1971,5,1971-05,24.36,244.99
Indonesia,IDN,1971,6,1971-06,23.95,226.59
Indonesia,IDN,1971,7,1971-07,23.73,187.02
Indonesia,IDN,1971,8,1971-08,23.6,260.47
Indonesia,IDN,1971,9,1971-09,24.11,257.2
Indonesia,IDN,1971,10,1971-10,24.19,299.81
Indonesia,IDN,1971,11,1971-11,23.83,299.38
Indonesia,IDN,1971,12,1971-12,23.7,317.72
Indonesia,IDN,1972,1,1972-01,23.74,234.23
Indonesia,IDN,1972,2,1972-02,24,253.22
Indonesia,IDN,1972,3,1972-03,24.08,260.53
Indonesia,IDN,1972,4,1972-04,24.11,238.25
Indonesia,IDN,1972,5,1972-05,24.22,207.97
Indonesia,IDN,1972,6,1972-06,24.08,132.05
Indonesia,IDN,1972,7,1972-07,24.34,67.09
Indonesia,IDN,1972,8,1972-08,24.36,123.23
Indonesia,IDN,1972,9,1972-09,24.74,132.2
Indonesia,IDN,1972,10,1972-10,24.99,155.04
Indonesia,IDN,1972,11,1972-11,24.88,246.65
Indonesia,IDN,1972,12,1972-12,24.29,305.8
Indonesia,IDN,1973,1,1973-01,24.36,325.81
Indonesia,IDN,1973,2,1973-02,24.74,261.73
Indonesia,IDN,1973,3,1973-03,24.65,359.69
Indonesia,IDN,1973,4,1973-04,24.79,341.8
Indonesia,IDN,1973,5,1973-05,24.61,284.16
Indonesia,IDN,1973,6,1973-06,24.69,206.38
Indonesia,IDN,1973,7,1973-07,24.42,178.98
Indonesia,IDN,1973,8,1973-08,24.17,260.73
Indonesia,IDN,1973,9,1973-09,24.16,327.69
Indonesia,IDN,1973,10,1973-10,24.74,239.29
Indonesia,IDN,1973,11,1973-11,24.54,300.14
Indonesia,IDN,1973,12,1973-12,23.99,316.59
Indonesia,IDN,1974,1,1974-01,24,198.13
Indonesia,IDN,1974,2,1974-02,23.81,308.36
Indonesia,IDN,1974,3,1974-03,24.3,203.32
Indonesia,IDN,1974,4,1974-04,24.38,275.46
Indonesia,IDN,1974,5,1974-05,24.39,242.7
Indonesia,IDN,1974,6,1974-06,24.09,178.33
Indonesia,IDN,1974,7,1974-07,23.83,214.45
Indonesia,IDN,1974,8,1974-08,24.26,157.06
Indonesia,IDN,1974,9,1974-09,24.05,283.93
Indonesia,IDN,1974,10,1974-10,24.44,276.13
Indonesia,IDN,1974,11,1974-11,24.43,284.26
Indonesia,IDN,1974,12,1974-12,24.02,307.08
Indonesia,IDN,1975,1,1975-01,24.06,294.57
Indonesia,IDN,1975,2,1975-02,24.12,273.9
Indonesia,IDN,1975,3,1975-03,24.32,313.06
Indonesia,IDN,1975,4,1975-04,24.66,300.48
Indonesia,IDN,1975,5,1975-05,24.47,276.6
Indonesia,IDN,1975,6,1975-06,24.13,214.43
Indonesia,IDN,1975,7,1975-07,23.7,222.2
Indonesia,IDN,1975,8,1975-08,24.25,198.32
Indonesia,IDN,1975,9,1975-09,24.08,290.33
Indonesia,IDN,1975,10,1975-10,24.32,306.51
Indonesia,IDN,1975,11,1975-11,24.11,317.86
Indonesia,IDN,1975,12,1975-12,24.02,318.13
Indonesia,IDN,1976,1,1976-01,23.85,253.89
Indonesia,IDN,1976,2,1976-02,24.06,223.84
Indonesia,IDN,1976,3,1976-03,24.27,278.86
Indonesia,IDN,1976,4,1976-04,24.26,257.21
Indonesia,IDN,1976,5,1976-05,24.54,187.25
Indonesia,IDN,1976,6,1976-06,23.99,176.05
Indonesia,IDN,1976,7,1976-07,23.92,146.57
Indonesia,IDN,1976,8,1976-08,24.07,165.38
Indonesia,IDN,1976,9,1976-09,24.45,131.61
Indonesia,IDN,1976,10,1976-10,24.48,303.07
Indonesia,IDN,1976,11,1976-11,24.46,298.25
Indonesia,IDN,1976,12,1976-12,24.38,295.7
Indonesia,IDN,1977,1,1977-01,24.37,268.75
Indonesia,IDN,1977,2,1977-02,24.15,317.49
Indonesia,IDN,1977,3,1977-03,24.46,276.23
Indonesia,IDN,1977,4,1977-04,24.66,287.37
Indonesia,IDN,1977,5,1977-05,24.72,225.19
Indonesia,IDN,1977,6,1977-06,24.21,225.65
Indonesia,IDN,1977,7,1977-07,23.94,185.17
Indonesia,IDN,1977,8,1977-08,23.89,197.61
Indonesia,IDN,1977,9,1977-09,24.57,138.9
Indonesia,IDN,1977,10,1977-10,24.81,214.48
Indonesia,IDN,1977,11,1977-11,24.78,247.91
Indonesia,IDN,1977,12,1977-12,24.46,322.57
Indonesia,IDN,1978,1,1978-01,24.42,316.86
Indonesia,IDN,1978,2,1978-02,24.51,279.43
Indonesia,IDN,1978,3,1978-03,24.77,360.69
Indonesia,IDN,1978,4,1978-04,24.73,276.94
Indonesia,IDN,1978,5,1978-05,25.21,272.89
Indonesia,IDN,1978,6,1978-06,24.63,236.1
Indonesia,IDN,1978,7,1978-07,24.13,238.18
Indonesia,IDN,1978,8,1978-08,24.36,229.95
Indonesia,IDN,1978,9,1978-09,24.2,289.65
Indonesia,IDN,1978,10,1978-10,24.59,266.17
Indonesia,IDN,1978,11,1978-11,24.5,304.43
Indonesia,IDN,1978,12,1978-12,24.45,352.92
Indonesia,IDN,1979,1,1979-01,24.72,221.08
Indonesia,IDN,1979,2,1979-02,24.67,263.95
Indonesia,IDN,1979,3,1979-03,24.71,309.39
Indonesia,IDN,1979,4,1979-04,24.92,294.49
Indonesia,IDN,1979,5,1979-05,25.05,250.4
Indonesia,IDN,1979,6,1979-06,24.54,263.19
Indonesia,IDN,1979,7,1979-07,24.15,171.61
Indonesia,IDN,1979,8,1979-08,24.49,147.37
Indonesia,IDN,1979,9,1979-09,24.41,264.82
Indonesia,IDN,1979,10,1979-10,24.99,197.4
Indonesia,IDN,1979,11,1979-11,24.71,342.5
Indonesia,IDN,1979,12,1979-12,24.22,307.77
Indonesia,IDN,1980,1,1980-01,24.62,278.42
Indonesia,IDN,1980,2,1980-02,24.6,243.26
Indonesia,IDN,1980,3,1980-03,24.69,269.39
Indonesia,IDN,1980,4,1980-04,24.89,332.23
Indonesia,IDN,1980,5,1980-05,25.1,226.33
Indonesia,IDN,1980,6,1980-06,24.73,203.7
Indonesia,IDN,1980,7,1980-07,24.54,165.61
Indonesia,IDN,1980,8,1980-08,24.19,222.29
Indonesia,IDN,1980,9,1980-09,24.8,149.22
Indonesia,IDN,1980,10,1980-10,24.92,258.15
Indonesia,IDN,1980,11,1980-11,24.88,272.37
Indonesia,IDN,1980,12,1980-12,24.51,332.9
Indonesia,IDN,1981,1,1981-01,24.45,240.72
Indonesia,IDN,1981,2,1981-02,24.56,245.68
Indonesia,IDN,1981,3,1981-03,24.72,277.98
Indonesia,IDN,1981,4,1981-04,24.83,309.21
Indonesia,IDN,1981,5,1981-05,24.97,276.32
Indonesia,IDN,1981,6,1981-06,24.75,187.78
Indonesia,IDN,1981,7,1981-07,24.28,234.49
Indonesia,IDN,1981,8,1981-08,24.74,96.99
Indonesia,IDN,1981,9,1981-09,24.49,299.34
Indonesia,IDN,1981,10,1981-10,24.77,285.85
Indonesia,IDN,1981,11,1981-11,24.6,342.93
Indonesia,IDN,1981,12,1981-12,24.51,322.53
Indonesia,IDN,1982,1,1982-01,24.32,284.67
Indonesia,IDN,1982,2,1982-02,24.51,275.49
Indonesia,IDN,1982,3,1982-03,24.51,337.33
Indonesia,IDN,1982,4,1982-04,24.81,309.01
Indonesia,IDN,1982,5,1982-05,24.81,238.52
Indonesia,IDN,1982,6,1982-06,24.63,173.02
Indonesia,IDN,1982,7,1982-07,24.29,82.66
Indonesia,IDN,1982,8,1982-08,24.24,120.43
Indonesia,IDN,1982,9,1982-09,24.69,122.34
Indonesia,IDN,1982,10,1982-10,24.73,174.37
Indonesia,IDN,1982,11,1982-11,25.07,195.1
Indonesia,IDN,1982,12,1982-12,24.92,295.6
Indonesia,IDN,1983,1,1983-01,24.81,302.83
Indonesia,IDN,1983,2,1983-02,25.12,229.14
Indonesia,IDN,1983,3,1983-03,25.6,242.41
Indonesia,IDN,1983,4,1983-04,25.47,280.52
Indonesia,IDN,1983,5,1983-05,25.09,315
Indonesia,IDN,1983,6,1983-06,24.86,217.77
Indonesia,IDN,1983,7,1983-07,24.42,202.33
Indonesia,IDN,1983,8,1983-08,24.61,188.88
Indonesia,IDN,1983,9,1983-09,24.77,230.71
Indonesia,IDN,1983,10,1983-10,24.91,291.01
Indonesia,IDN,1983,11,1983-11,24.83,290.51
Indonesia,IDN,1983,12,1983-12,24.44,337.77
Indonesia,IDN,1984,1,1984-01,24.15,331.84
Indonesia,IDN,1984,2,1984-02,24.21,341.32
Indonesia,IDN,1984,3,1984-03,24.5,365.07
Indonesia,IDN,1984,4,1984-04,24.74,350.15
Indonesia,IDN,1984,5,1984-05,24.63,307.97
Indonesia,IDN,1984,6,1984-06,24.39,216.74
Indonesia,IDN,1984,7,1984-07,23.91,250.11
Indonesia,IDN,1984,8,1984-08,24.41,182.07
Indonesia,IDN,1984,9,1984-09,24.14,296.38
Indonesia,IDN,1984,10,1984-10,24.63,248.28
Indonesia,IDN,1984,11,1984-11,24.66,273.7
Indonesia,IDN,1984,12,1984-12,24.38,334.29
Indonesia,IDN,1985,1,1985-01,24.39,290.3
Indonesia,IDN,1985,2,1985-02,24.86,282.67
Indonesia,IDN,1985,3,1985-03,24.65,307.77
Indonesia,IDN,1985,4,1985-04,24.78,272.06
Indonesia,IDN,1985,5,1985-05,24.93,272.71
Indonesia,IDN,1985,6,1985-06,24.47,183.52
Indonesia,IDN,1985,7,1985-07,23.78,221.98
Indonesia,IDN,1985,8,1985-08,24.05,221.25
Indonesia,IDN,1985,9,1985-09,24.21,262.84
Indonesia,IDN,1985,10,1985-10,24.56,279.6
Indonesia,IDN,1985,11,1985-11,24.68,308.34
Indonesia,IDN,1985,12,1985-12,24.3,304.34
Indonesia,IDN,1986,1,1986-01,24.43,356.69
Indonesia,IDN,1986,2,1986-02,24.21,271.42
Indonesia,IDN,1986,3,1986-03,24.31,402.38
Indonesia,IDN,1986,4,1986-04,24.71,334.69
Indonesia,IDN,1986,5,1986-05,25.04,179.58
Indonesia,IDN,1986,6,1986-06,24.63,212.88
Indonesia,IDN,1986,7,1986-07,24.33,193.72
Indonesia,IDN,1986,8,1986-08,24.66,130.81
Indonesia,IDN,1986,9,1986-09,24.55,217.3
Indonesia,IDN,1986,10,1986-10,24.67,300.61
Indonesia,IDN,1986,11,1986-11,24.57,296.97
Indonesia,IDN,1986,12,1986-12,24.63,273.16
Indonesia,IDN,1987,1,1987-01,24.22,347.91
Indonesia,IDN,1987,2,1987-02,24.54,224.7
Indonesia,IDN,1987,3,1987-03,24.8,295.68
Indonesia,IDN,1987,4,1987-04,25.14,273.89
Indonesia,IDN,1987,5,1987-05,24.98,257.48
Indonesia,IDN,1987,6,1987-06,25.14,165.32
Indonesia,IDN,1987,7,1987-07,24.71,108.12
Indonesia,IDN,1987,8,1987-08,24.57,175.49
Indonesia,IDN,1987,9,1987-09,25.05,185.93
Indonesia,IDN,1987,10,1987-10,25.31,228.11
Indonesia,IDN,1987,11,1987-11,25.22,295.08
Indonesia,IDN,1987,12,1987-12,24.84,385.52
Indonesia,IDN,1988,1,1988-01,24.71,374.76
Indonesia,IDN,1988,2,1988-02,24.85,285.03
Indonesia,IDN,1988,3,1988-03,25.32,401.41
Indonesia,IDN,1988,4,1988-04,25.37,267.57
Indonesia,IDN,1988,5,1988-05,25.42,269.51
Indonesia,IDN,1988,6,1988-06,24.75,199.56
Indonesia,IDN,1988,7,1988-07,24.46,229.13
Indonesia,IDN,1988,8,1988-08,24.44,273.55
Indonesia,IDN,1988,9,1988-09,24.74,265.69
Indonesia,IDN,1988,10,1988-10,25,257.11
Indonesia,IDN,1988,11,1988-11,24.74,349.39
Indonesia,IDN,1988,12,1988-12,24.29,288.49
Indonesia,IDN,1989,1,1989-01,24.55,337.8
Indonesia,IDN,1989,2,1989-02,24.32,310.82
Indonesia,IDN,1989,3,1989-03,24.44,308.47
Indonesia,IDN,1989,4,1989-04,24.67,270.59
Indonesia,IDN,1989,5,1989-05,24.95,234.84
Indonesia,IDN,1989,6,1989-06,24.56,228.13
Indonesia,IDN,1989,7,1989-07,24.44,233.46
Indonesia,IDN,1989,8,1989-08,24.32,197.97
Indonesia,IDN,1989,9,1989-09,24.5,239.52
Indonesia,IDN,1989,10,1989-10,24.71,307.07
Indonesia,IDN,1989,11,1989-11,24.8,299.23
Indonesia,IDN,1989,12,1989-12,24.39,300.6
Indonesia,IDN,1990,1,1990-01,24.35,343.68
Indonesia,IDN,1990,2,1990-02,24.78,249.83
Indonesia,IDN,1990,3,1990-03,24.85,261.75
Indonesia,IDN,1990,4,1990-04,25.1,271.48
Indonesia,IDN,1990,5,1990-05,25.12,251.64
Indonesia,IDN,1990,6,1990-06,24.81,175.69
Indonesia,IDN,1990,7,1990-07,24.29,212.13
Indonesia,IDN,1990,8,1990-08,24.54,152.74
Indonesia,IDN,1990,9,1990-09,24.47,212.15
Indonesia,IDN,1990,10,1990-10,24.79,254.35
Indonesia,IDN,1990,11,1990-11,25.09,214.72
Indonesia,IDN,1990,12,1990-12,24.56,333.53
Indonesia,IDN,1991,1,1991-01,24.67,318.49
Indonesia,IDN,1991,2,1991-02,24.75,240.92
Indonesia,IDN,1991,3,1991-03,24.74,313.43
Indonesia,IDN,1991,4,1991-04,24.71,346.99
Indonesia,IDN,1991,5,1991-05,24.65,226.46
Indonesia,IDN,1991,6,1991-06,24.8,133.13
Indonesia,IDN,1991,7,1991-07,24.51,139.16
Indonesia,IDN,1991,8,1991-08,24.62,140.88
Indonesia,IDN,1991,9,1991-09,24.83,114.53
Indonesia,IDN,1991,10,1991-10,24.77,198.8
Indonesia,IDN,1991,11,1991-11,24.33,311.15
Indonesia,IDN,1991,12,1991-12,24.35,374.99
Indonesia,IDN,1992,1,1992-01,24.34,260.39
Indonesia,IDN,1992,2,1992-02,24.73,243.76
Indonesia,IDN,1992,3,1992-03,24.9,298.59
Indonesia,IDN,1992,4,1992-04,24.89,279.62
Indonesia,IDN,1992,5,1992-05,24.77,259.7
Indonesia,IDN,1992,6,1992-06,24.78,177.88
Indonesia,IDN,1992,7,1992-07,24.15,204.8
Indonesia,IDN,1992,8,1992-08,24.47,184.56
Indonesia,IDN,1992,9,1992-09,24.55,227.63
Indonesia,IDN,1992,10,1992-10,24.71,262.74
Indonesia,IDN,1992,11,1992-11,24.64,311.98
Indonesia,IDN,1992,12,1992-12,24.39,351.82
Indonesia,IDN,1993,1,1993-01,24.55,313.33
Indonesia,IDN,1993,2,1993-02,24.67,206.77
Indonesia,IDN,1993,3,1993-03,24.52,317.8
Indonesia,IDN,1993,4,1993-04,24.86,302.77
Indonesia,IDN,1993,5,1993-05,25.07,257.32
Indonesia,IDN,1993,6,1993-06,24.87,201.78
Indonesia,IDN,1993,7,1993-07,24.37,194.87
Indonesia,IDN,1993,8,1993-08,24.56,119.25
Indonesia,IDN,1993,9,1993-09,24.59,190.64
Indonesia,IDN,1993,10,1993-10,24.93,230.22
Indonesia,IDN,1993,11,1993-11,25.02,309.58
Indonesia,IDN,1993,12,1993-12,24.95,340.62
Indonesia,IDN,1994,1,1994-01,24.59,326.25
Indonesia,IDN,1994,2,1994-02,24.87,265.06
Indonesia,IDN,1994,3,1994-03,24.55,420.55
Indonesia,IDN,1994,4,1994-04,24.94,324.06
Indonesia,IDN,1994,5,1994-05,24.92,258.91
Indonesia,IDN,1994,6,1994-06,24.57,213.14
Indonesia,IDN,1994,7,1994-07,24.36,101.53
Indonesia,IDN,1994,8,1994-08,24.36,164.54
Indonesia,IDN,1994,9,1994-09,24.84,109.71
Indonesia,IDN,1994,10,1994-10,25.01,200.01
Indonesia,IDN,1994,11,1994-11,25.12,289.89
Indonesia,IDN,1994,12,1994-12,24.89,327.63
Indonesia,IDN,1995,1,1995-01,24.66,371.78
Indonesia,IDN,1995,2,1995-02,24.67,327.24
Indonesia,IDN,1995,3,1995-03,24.89,355.13
Indonesia,IDN,1995,4,1995-04,25.06,313.72
Indonesia,IDN,1995,5,1995-05,25.32,267.66
Indonesia,IDN,1995,6,1995-06,25.08,248.15
Indonesia,IDN,1995,7,1995-07,24.5,227.46
Indonesia,IDN,1995,8,1995-08,24.5,265.52
Indonesia,IDN,1995,9,1995-09,24.86,241.35
Indonesia,IDN,1995,10,1995-10,24.99,294.47
Indonesia,IDN,1995,11,1995-11,25.01,360.24
Indonesia,IDN,1995,12,1995-12,24.74,311.57
Indonesia,IDN,1996,1,1996-01,24.46,302.16
Indonesia,IDN,1996,2,1996-02,24.48,330.2
Indonesia,IDN,1996,3,1996-03,25.23,280.2
Indonesia,IDN,1996,4,1996-04,25.13,308.79
Indonesia,IDN,1996,5,1996-05,25.29,202.5
Indonesia,IDN,1996,6,1996-06,24.9,228.72
Indonesia,IDN,1996,7,1996-07,24.72,184.51
Indonesia,IDN,1996,8,1996-08,24.61,258.3
Indonesia,IDN,1996,9,1996-09,24.99,219.54
Indonesia,IDN,1996,10,1996-10,24.88,370.26
Indonesia,IDN,1996,11,1996-11,24.95,271.13
Indonesia,IDN,1996,12,1996-12,24.76,320.87
Indonesia,IDN,1997,1,1997-01,24.6,265.11
Indonesia,IDN,1997,2,1997-02,24.75,293.13
Indonesia,IDN,1997,3,1997-03,25.15,221.26
Indonesia,IDN,1997,4,1997-04,25.01,253.65
Indonesia,IDN,1997,5,1997-05,25.3,178.18
Indonesia,IDN,1997,6,1997-06,25.13,97.82
Indonesia,IDN,1997,7,1997-07,24.66,153.97
Indonesia,IDN,1997,8,1997-08,24.98,77.86
Indonesia,IDN,1997,9,1997-09,25.09,104.15
Indonesia,IDN,1997,10,1997-10,25.35,161.08
Indonesia,IDN,1997,11,1997-11,25.36,237.56
Indonesia,IDN,1997,12,1997-12,25.3,293.06
Indonesia,IDN,1998,1,1998-01,25.67,248.93
Indonesia,IDN,1998,2,1998-02,25.82,272.06
Indonesia,IDN,1998,3,1998-03,25.87,302.95
Indonesia,IDN,1998,4,1998-04,26.05,336.19
Indonesia,IDN,1998,5,1998-05,26.14,282.08
Indonesia,IDN,1998,6,1998-06,25.49,269.4
Indonesia,IDN,1998,7,1998-07,25.09,281.15
Indonesia,IDN,1998,8,1998-08,24.85,295.6
Indonesia,IDN,1998,9,1998-09,25.16,279.74
Indonesia,IDN,1998,10,1998-10,25.4,314.46
Indonesia,IDN,1998,11,1998-11,25.24,305.07
Indonesia,IDN,1998,12,1998-12,24.88,338.78
Indonesia,IDN,1999,1,1999-01,24.84,334.15
Indonesia,IDN,1999,2,1999-02,24.88,272.96
Indonesia,IDN,1999,3,1999-03,25.03,374.77
Indonesia,IDN,1999,4,1999-04,25.37,288.37
Indonesia,IDN,1999,5,1999-05,24.94,281
Indonesia,IDN,1999,6,1999-06,24.73,221.75
Indonesia,IDN,1999,7,1999-07,24.36,187.74
Indonesia,IDN,1999,8,1999-08,24.44,212.89
Indonesia,IDN,1999,9,1999-09,24.77,227.06
Indonesia,IDN,1999,10,1999-10,24.79,341.72
Indonesia,IDN,1999,11,1999-11,24.86,309.86
Indonesia,IDN,1999,12,1999-12,24.88,326.07
Indonesia,IDN,2000,1,2000-01,24.51,365.21
Indonesia,IDN,2000,2,2000-02,24.87,287.26
Indonesia,IDN,2000,3,2000-03,25.01,305.13
Indonesia,IDN,2000,4,2000-04,25.07,337.5
Indonesia,IDN,2000,5,2000-05,25.27,253.84
Indonesia,IDN,2000,6,2000-06,24.43,270.57
Indonesia,IDN,2000,7,2000-07,24.55,178.49
Indonesia,IDN,2000,8,2000-08,24.44,200.4
Indonesia,IDN,2000,9,2000-09,24.96,210.5
Indonesia,IDN,2000,10,2000-10,24.95,322.33
Indonesia,IDN,2000,11,2000-11,25.1,337.47
Indonesia,IDN,2000,12,2000-12,25.15,278.21
Indonesia,IDN,2001,1,2001-01,24.69,370.07
Indonesia,IDN,2001,2,2001-02,24.89,299.82
Indonesia,IDN,2001,3,2001-03,25.06,327.87
Indonesia,IDN,2001,4,2001-04,25.14,340.63
Indonesia,IDN,2001,5,2001-05,25.34,219.37
Indonesia,IDN,2001,6,2001-06,24.79,199.84
Indonesia,IDN,2001,7,2001-07,24.7,156.9
Indonesia,IDN,2001,8,2001-08,24.85,136.83
Indonesia,IDN,2001,9,2001-09,24.92,261.51
Indonesia,IDN,2001,10,2001-10,25.24,283.07
Indonesia,IDN,2001,11,2001-11,25.06,322.76
Indonesia,IDN,2001,12,2001-12,24.82,308.31
Indonesia,IDN,2002,1,2002-01,24.82,329.83
Indonesia,IDN,2002,2,2002-02,25.04,224.91
Indonesia,IDN,2002,3,2002-03,25.04,334.61
Indonesia,IDN,2002,4,2002-04,25.31,278.01
Indonesia,IDN,2002,5,2002-05,25.47,204.96
Indonesia,IDN,2002,6,2002-06,24.92,201.35
Indonesia,IDN,2002,7,2002-07,24.88,110.97
Indonesia,IDN,2002,8,2002-08,24.75,110.04
Indonesia,IDN,2002,9,2002-09,25.02,159.44
Indonesia,IDN,2002,10,2002-10,25.5,164.39
Indonesia,IDN,2002,11,2002-11,25.39,284.82
Indonesia,IDN,2002,12,2002-12,25.21,305.14
Indonesia,IDN,2003,1,2003-01,24.97,307.52
Indonesia,IDN,2003,2,2003-02,25.04,284.7
Indonesia,IDN,2003,3,2003-03,25.14,314.05
Indonesia,IDN,2003,4,2003-04,25.35,286.21
Indonesia,IDN,2003,5,2003-05,25.61,187.73
Indonesia,IDN,2003,6,2003-06,25.24,143.04
Indonesia,IDN,2003,7,2003-07,24.59,193.95
Indonesia,IDN,2003,8,2003-08,24.8,188.5
Indonesia,IDN,2003,9,2003-09,24.89,219.79
Indonesia,IDN,2003,10,2003-10,25.15,290.87
Indonesia,IDN,2003,11,2003-11,25.26,303.9
Indonesia,IDN,2003,12,2003-12,24.9,353.1
Indonesia,IDN,2004,1,2004-01,25.01,315.44
Indonesia,IDN,2004,2,2004-02,25.07,263.87
Indonesia,IDN,2004,3,2004-03,25.37,296.46
Indonesia,IDN,2004,4,2004-04,25.47,259.76
Indonesia,IDN,2004,5,2004-05,25.55,238.9
Indonesia,IDN,2004,6,2004-06,24.96,111.87
Indonesia,IDN,2004,7,2004-07,24.31,198.92
Indonesia,IDN,2004,8,2004-08,24.72,77.64
Indonesia,IDN,2004,9,2004-09,24.78,229.5
Indonesia,IDN,2004,10,2004-10,25.33,184.15
Indonesia,IDN,2004,11,2004-11,25.3,296.25
Indonesia,IDN,2004,12,2004-12,25.03,322.93
Indonesia,IDN,2005,1,2005-01,25.06,263.82
Indonesia,IDN,2005,2,2005-02,25.32,253.51
Indonesia,IDN,2005,3,2005-03,25.42,306.16
Indonesia,IDN,2005,4,2005-04,25.35,289.36
Indonesia,IDN,2005,5,2005-05,25.31,247.22
Indonesia,IDN,2005,6,2005-06,25.22,199.68
Indonesia,IDN,2005,7,2005-07,24.78,196.95
Indonesia,IDN,2005,8,2005-08,24.91,169.67
Indonesia,IDN,2005,9,2005-09,25.29,189.17
Indonesia,IDN,2005,10,2005-10,25.14,340.43
Indonesia,IDN,2005,11,2005-11,25.11,317.2
Indonesia,IDN,2005,12,2005-12,24.88,348.05
Indonesia,IDN,2006,1,2006-01,24.93,329.4
Indonesia,IDN,2006,2,2006-02,25.15,322.58
Indonesia,IDN,2006,3,2006-03,25.29,296.67
Indonesia,IDN,2006,4,2006-04,25.14,306.84
Indonesia,IDN,2006,5,2006-05,25.27,241.23
Indonesia,IDN,2006,6,2006-06,24.73,251.6
Indonesia,IDN,2006,7,2006-07,24.89,148.66
Indonesia,IDN,2006,8,2006-08,24.72,120.2
Indonesia,IDN,2006,9,2006-09,24.86,175.82
Indonesia,IDN,2006,10,2006-10,25.47,151.69
Indonesia,IDN,2006,11,2006-11,25.56,225.74
Indonesia,IDN,2006,12,2006-12,25.47,367.6
Indonesia,IDN,2007,1,2007-01,25.29,327.76
Indonesia,IDN,2007,2,2007-02,25.12,271.88
Indonesia,IDN,2007,3,2007-03,25.29,306.69
Indonesia,IDN,2007,4,2007-04,25.34,356.09
Indonesia,IDN,2007,5,2007-05,25.53,253.41
Indonesia,IDN,2007,6,2007-06,25.23,267.09
Indonesia,IDN,2007,7,2007-07,24.65,203.83
Indonesia,IDN,2007,8,2007-08,24.61,215.86
Indonesia,IDN,2007,9,2007-09,24.93,212.9
Indonesia,IDN,2007,10,2007-10,25.28,279.28
Indonesia,IDN,2007,11,2007-11,25.17,283.44
Indonesia,IDN,2007,12,2007-12,25.13,343.55
Indonesia,IDN,2008,1,2008-01,25.22,273.46
Indonesia,IDN,2008,2,2008-02,25.07,257.3
Indonesia,IDN,2008,3,2008-03,24.78,375.65
Indonesia,IDN,2008,4,2008-04,25.03,330.66
Indonesia,IDN,2008,5,2008-05,25.16,206.14
Indonesia,IDN,2008,6,2008-06,24.76,234.05
Indonesia,IDN,2008,7,2008-07,24.46,219.51
Indonesia,IDN,2008,8,2008-08,24.55,268.26
Indonesia,IDN,2008,9,2008-09,24.96,249.24
Indonesia,IDN,2008,10,2008-10,25.2,317.42
Indonesia,IDN,2008,11,2008-11,25.27,367.72
Indonesia,IDN,2008,12,2008-12,24.98,368.23
Indonesia,IDN,2009,1,2009-01,24.99,294.65
Indonesia,IDN,2009,2,2009-02,25.05,285.29
Indonesia,IDN,2009,3,2009-03,25.06,322.78
Indonesia,IDN,2009,4,2009-04,25.63,277.38
Indonesia,IDN,2009,5,2009-05,25.65,230.12
Indonesia,IDN,2009,6,2009-06,25.3,181.31
Indonesia,IDN,2009,7,2009-07,24.91,153.55
Indonesia,IDN,2009,8,2009-08,25.22,169.28
Indonesia,IDN,2009,9,2009-09,25.74,148.68
Indonesia,IDN,2009,10,2009-10,25.47,243.46
Indonesia,IDN,2009,11,2009-11,25.5,319.08
Indonesia,IDN,2009,12,2009-12,25.36,332.38
Indonesia,IDN,2010,1,2010-01,25.21,326.51
Indonesia,IDN,2010,2,2010-02,25.77,270.38
Indonesia,IDN,2010,3,2010-03,25.67,369.33
Indonesia,IDN,2010,4,2010-04,25.98,330.68
Indonesia,IDN,2010,5,2010-05,26.14,320.4
Indonesia,IDN,2010,6,2010-06,25.46,270.54
Indonesia,IDN,2010,7,2010-07,25.04,285.3
Indonesia,IDN,2010,8,2010-08,25.16,286.92
Indonesia,IDN,2010,9,2010-09,25.2,324.49
Indonesia,IDN,2010,10,2010-10,25.43,327.45
Indonesia,IDN,2010,11,2010-11,25.29,339.72
Indonesia,IDN,2010,12,2010-12,25.04,315.48
Indonesia,IDN,2011,1,2011-01,24.91,300.81
Indonesia,IDN,2011,2,2011-02,25.14,251.59
Indonesia,IDN,2011,3,2011-03,25.08,340.51
Indonesia,IDN,2011,4,2011-04,25.27,331.4
Indonesia,IDN,2011,5,2011-05,25.5,278.03
Indonesia,IDN,2011,6,2011-06,25.04,198.08
Indonesia,IDN,2011,7,2011-07,24.81,166.05
Indonesia,IDN,2011,8,2011-08,24.87,171.56
Indonesia,IDN,2011,9,2011-09,25.04,245.88
Indonesia,IDN,2011,10,2011-10,25.26,278.05
Indonesia,IDN,2011,11,2011-11,25.35,328.01
Indonesia,IDN,2011,12,2011-12,25.27,366.95
Indonesia,IDN,2012,1,2012-01,25.19,292.49
Indonesia,IDN,2012,2,2012-02,25.11,315.74
Indonesia,IDN,2012,3,2012-03,25.23,335.58
Indonesia,IDN,2012,4,2012-04,25.35,321.38
Indonesia,IDN,2012,5,2012-05,25.46,263.84
Indonesia,IDN,2012,6,2012-06,25.15,187.7
Indonesia,IDN,2012,7,2012-07,24.63,231.42
Indonesia,IDN,2012,8,2012-08,24.81,194.7
Indonesia,IDN,2012,9,2012-09,25.25,183.28
Indonesia,IDN,2012,10,2012-10,25.48,267.7
Indonesia,IDN,2012,11,2012-11,25.41,353.47
Indonesia,IDN,2012,12,2012-12,25.31,390.57
Indonesia,IDN,2013,1,2013-01,25.39,325.86
Indonesia,IDN,2013,2,2013-02,25.3,338.67
Indonesia,IDN,2013,3,2013-03,25.75,304
Indonesia,IDN,2013,4,2013-04,25.69,364.35
Indonesia,IDN,2013,5,2013-05,25.67,316.82
Indonesia,IDN,2013,6,2013-06,25.69,243.95
Indonesia,IDN,2013,7,2013-07,24.68,305.47
Indonesia,IDN,2013,8,2013-08,24.75,217.86
Indonesia,IDN,2013,9,2013-09,25.07,227.03
Indonesia,IDN,2013,10,2013-10,25.42,254.03
Indonesia,IDN,2013,11,2013-11,25.27,339.74
Indonesia,IDN,2013,12,2013-12,25.13,408.56
Indonesia,IDN,2014,1,2014-01,24.91,272.28
Indonesia,IDN,2014,2,2014-02,25.35,202.22
Indonesia,IDN,2014,3,2014-03,25.49,274.03
Indonesia,IDN,2014,4,2014-04,25.54,302.01
Indonesia,IDN,2014,5,2014-05,25.7,288.19
Indonesia,IDN,2014,6,2014-06,25.59,241.21
Indonesia,IDN,2014,7,2014-07,25.23,157.36
Indonesia,IDN,2014,8,2014-08,24.77,252.16
Indonesia,IDN,2014,9,2014-09,25.19,175.71
Indonesia,IDN,2014,10,2014-10,25.79,187.41
Indonesia,IDN,2014,11,2014-11,25.58,330.03
Indonesia,IDN,2014,12,2014-12,25.35,386.14
Indonesia,IDN,2015,1,2015-01,25.1,312.98
Indonesia,IDN,2015,2,2015-02,25.05,283.22
Indonesia,IDN,2015,3,2015-03,25.34,305
Indonesia,IDN,2015,4,2015-04,25.54,328.9
Indonesia,IDN,2015,5,2015-05,25.68,231.06
Indonesia,IDN,2015,6,2015-06,25.4,211.76
Indonesia,IDN,2015,7,2015-07,25.29,118.13
Indonesia,IDN,2015,8,2015-08,25.16,103.85
Indonesia,IDN,2015,9,2015-09,25.59,123.69
Indonesia,IDN,2015,10,2015-10,25.95,146.38
Indonesia,IDN,2015,11,2015-11,25.83,320.48
Indonesia,IDN,2015,12,2015-12,25.83,312.29
Indonesia,IDN,2016,1,2016-01,25.96,303.77
Indonesia,IDN,2016,2,2016-02,25.72,368.79
Indonesia,IDN,2016,3,2016-03,26.14,352.42
Indonesia,IDN,2016,4,2016-04,26.23,364.14
Indonesia,IDN,2016,5,2016-05,26.3,309.83
Indonesia,IDN,2016,6,2016-06,25.63,247.93
Indonesia,IDN,2016,7,2016-07,25.4,258.52
Indonesia,IDN,2016,8,2016-08,25.67,188.75
Indonesia,IDN,2016,9,2016-09,25.57,307.41
Indonesia,IDN,2016,10,2016-10,25.58,373.81
Indonesia,IDN,2016,11,2016-11,25.7,358.57
Indonesia,IDN,2016,12,2016-12,25.61,317.95
Indonesia,IDN,2017,1,2017-01,25.4,332.68
Indonesia,IDN,2017,2,2017-02,25.34,310.24
Indonesia,IDN,2017,3,2017-03,25.41,339.84
Indonesia,IDN,2017,4,2017-04,25.54,348
Indonesia,IDN,2017,5,2017-05,25.82,326.99
Indonesia,IDN,2017,6,2017-06,25.34,276.29
Indonesia,IDN,2017,7,2017-07,25.14,233.43
Indonesia,IDN,2017,8,2017-08,25.1,249.56
Indonesia,IDN,2017,9,2017-09,25.48,277.97
Indonesia,IDN,2017,10,2017-10,25.8,272.58
Indonesia,IDN,2017,11,2017-11,25.56,388.97
Indonesia,IDN,2017,12,2017-12,25.56,306.99
Indonesia,IDN,2018,1,2018-01,25.34,300.23
Indonesia,IDN,2018,2,2018-02,25.37,279.46
Indonesia,IDN,2018,3,2018-03,25.41,343.49
Indonesia,IDN,2018,4,2018-04,25.69,316.19
Indonesia,IDN,2018,5,2018-05,25.69,289.15
Indonesia,IDN,2018,6,2018-06,25.38,210.66
Indonesia,IDN,2018,7,2018-07,25.18,171
Indonesia,IDN,2018,8,2018-08,25.25,153.86
Indonesia,IDN,2018,9,2018-09,25.29,200.33
Indonesia,IDN,2018,10,2018-10,25.64,275.79
Indonesia,IDN,2018,11,2018-11,25.67,349.05
Indonesia,IDN,2018,12,2018-12,25.62,319.95
Indonesia,IDN,2019,1,2019-01,25.52,303.97
Indonesia,IDN,2019,2,2019-02,25.55,289.41
Indonesia,IDN,2019,3,2019-03,25.66,300.55
Indonesia,IDN,2019,4,2019-04,25.92,332.96
Indonesia,IDN,2019,5,2019-05,25.95,227.37
Indonesia,IDN,2019,6,2019-06,25.38,256.52
Indonesia,IDN,2019,7,2019-07,24.97,142.37
Indonesia,IDN,2019,8,2019-08,25.2,123.48
Indonesia,IDN,2019,9,2019-09,25.5,120.69
Indonesia,IDN,2019,10,2019-10,25.59,250.98
Indonesia,IDN,2019,11,2019-11,26.05,190.84
Indonesia,IDN,2019,12,2019-12,25.76,330.28
Indonesia,IDN,2020,1,2020-01,25.91,287.64
Indonesia,IDN,2020,2,2020-02,25.9,299.55
Indonesia,IDN,2020,3,2020-03,25.97,364.98
Indonesia,IDN,2020,4,2020-04,25.99,375.23
Indonesia,IDN,2020,5,2020-05,26.21,314.52
Indonesia,IDN,2020,6,2020-06,25.47,264.96
Indonesia,IDN,2020,7,2020-07,25.07,264.62
Indonesia,IDN,2020,8,2020-08,25.48,194.64
Indonesia,IDN,2020,9,2020-09,25.42,294.74
Indonesia,IDN,2020,10,2020-10,25.63,302.25
Indonesia,IDN,2020,11,2020-11,25.68,333.73
Indonesia,IDN,2020,12,2020-12,25.5,316.3
Indonesia,IDN,2021,1,2021-01,25.22,343.25
Indonesia,IDN,2021,2,2021-02,25.52,225.64
Indonesia,IDN,2021,3,2021-03,25.4,374.3
Indonesia,IDN,2021,4,2021-04,25.65,255.54
Indonesia,IDN,2021,5,2021-05,25.88,292.03
Indonesia,IDN,2021,6,2021-06,25.45,231.02
Indonesia,IDN,2021,7,2021-07,25.34,220.06
Indonesia,IDN,2021,8,2021-08,25.19,288.77
Indonesia,IDN,2021,9,2021-09,25.31,318.77
Indonesia,IDN,2021,10,2021-10,25.89,272.48
Indonesia,IDN,2021,11,2021-11,25.62,348.24
Indonesia,IDN,2021,12,2021-12,25.59,335.68
Indonesia,IDN,2022,1,2022-01,25.4,280.68
Indonesia,IDN,2022,2,2022-02,25.33,307.26
Indonesia,IDN,2022,3,2022-03,25.69,318.23
Indonesia,IDN,2022,4,2022-04,25.8,278.51
Indonesia,IDN,2022,5,2022-05,25.95,278.27
Indonesia,IDN,2022,6,2022-06,25.24,273.46
Indonesia,IDN,2022,7,2022-07,25.21,265.75
Indonesia,IDN,2022,8,2022-08,25.2,281.37
Indonesia,IDN,2022,9,2022-09,25.35,275.26
Indonesia,IDN,2022,10,2022-10,25.44,347.79
Indonesia,IDN,2022,11,2022-11,25.49,349.49
Indonesia,IDN,2022,12,2022-12,25.32,307.6
Indonesia,IDN,2023,1,2023-01,25.27,286.98
Indonesia,IDN,2023,2,2023-02,25.34,275.39
Indonesia,IDN,2023,3,2023-03,25.41,345.69
Indonesia,IDN,2023,4,2023-04,25.84,271.64
Indonesia,IDN,2023,5,2023-05,26.11,237.21
Indonesia,IDN,2023,6,2023-06,25.76,203.13
Indonesia,IDN,2023,7,2023-07,25.44,196.61
Indonesia,IDN,2023,8,2023-08,25.51,157.32
Indonesia,IDN,2023,9,2023-09,25.7,175.49
Indonesia,IDN,2023,10,2023-10,26.34,181.07
Indonesia,IDN,2023,11,2023-11,26.26,290
Indonesia,IDN,2023,12,2023-12,26.1,333.33
Indonesia,IDN,2024,1,2024-01,25.97,357.46
Indonesia,IDN,2024,2,2024-02,26.19,300.12
Indonesia,IDN,2024,3,2024-03,26.31,351.22
Indonesia,IDN,2024,4,2024-04,26.5,362.92
Indonesia,IDN,2024,5,2024-05,26.37,338.05
Indonesia,IDN,2024,6,2024-06,25.73,263.92
Indonesia,IDN,2024,7,2024-07,25.58,169.49
Indonesia,IDN,2024,8,2024-08,25.59,233.14
Indonesia,IDN,2024,9,2024-09,26.12,199.54
Indonesia,IDN,2024,10,2024-10,26.19,258.65
Indonesia,IDN,2024,11,2024-11,25.91,375.24
Indonesia,IDN,2024,12,2024-12,25.9,356.46
Kamboja,KHM,1950,1,1950-01,25.56,8.58
Kamboja,KHM,1950,2,1950-02,26.56,15.44
Kamboja,KHM,1950,3,1950-03,27.64,71.69
Kamboja,KHM,1950,4,1950-04,28.3,89.77
Kamboja,KHM,1950,5,1950-05,27.39,100.36
Kamboja,KHM,1950,6,1950-06,26.72,178.99
Kamboja,KHM,1950,7,1950-07,26.29,162.09
Kamboja,KHM,1950,8,1950-08,26.75,116.7
Kamboja,KHM,1950,9,1950-09,25.56,305.4
Kamboja,KHM,1950,10,1950-10,25.39,217.96
Kamboja,KHM,1950,11,1950-11,25.06,71.6
Kamboja,KHM,1950,12,1950-12,23.16,9.91
Kamboja,KHM,1951,1,1951-01,24.72,10.73
Kamboja,KHM,1951,2,1951-02,25.94,32.77
Kamboja,KHM,1951,3,1951-03,27.77,19.51
Kamboja,KHM,1951,4,1951-04,28.68,62.54
Kamboja,KHM,1951,5,1951-05,27.44,101.14
Kamboja,KHM,1951,6,1951-06,27.43,87.12
Kamboja,KHM,1951,7,1951-07,26.58,166.45
Kamboja,KHM,1951,8,1951-08,26.34,207.97
Kamboja,KHM,1951,9,1951-09,26.23,191.88
Kamboja,KHM,1951,10,1951-10,25.84,141.37
Kamboja,KHM,1951,11,1951-11,25.64,129.51
Kamboja,KHM,1951,12,1951-12,24.19,20.81
Kamboja,KHM,1952,1,1952-01,25.11,1.59
Kamboja,KHM,1952,2,1952-02,27.23,40.28
Kamboja,KHM,1952,3,1952-03,27.39,140.32
Kamboja,KHM,1952,4,1952-04,28.04,116.61
Kamboja,KHM,1952,5,1952-05,27.63,120.58
Kamboja,KHM,1952,6,1952-06,26.88,149.8
Kamboja,KHM,1952,7,1952-07,26.66,133.44
Kamboja,KHM,1952,8,1952-08,25.83,292.21
Kamboja,KHM,1952,9,1952-09,25.8,255.47
Kamboja,KHM,1952,10,1952-10,25.57,306.78
Kamboja,KHM,1952,11,1952-11,25,49.43
Kamboja,KHM,1952,12,1952-12,23.5,39.78
Kamboja,KHM,1953,1,1953-01,24.65,59.39
Kamboja,KHM,1953,2,1953-02,25.71,133.46
Kamboja,KHM,1953,3,1953-03,27.1,176.15
Kamboja,KHM,1953,4,1953-04,27.54,213.26
Kamboja,KHM,1953,5,1953-05,27.11,155.22
Kamboja,KHM,1953,6,1953-06,26.74,186.42
Kamboja,KHM,1953,7,1953-07,26.46,125.27
Kamboja,KHM,1953,8,1953-08,26.31,159.44
Kamboja,KHM,1953,9,1953-09,25.85,253.25
Kamboja,KHM,1953,10,1953-10,26.36,122.32
Kamboja,KHM,1953,11,1953-11,25.22,147.52
Kamboja,KHM,1953,12,1953-12,24.29,29.67
Kamboja,KHM,1954,1,1954-01,26.02,22.2
Kamboja,KHM,1954,2,1954-02,26.02,25.02
Kamboja,KHM,1954,3,1954-03,27.65,44.2
Kamboja,KHM,1954,4,1954-04,28.31,102.42
Kamboja,KHM,1954,5,1954-05,27.52,130.79
Kamboja,KHM,1954,6,1954-06,27.28,115.46
Kamboja,KHM,1954,7,1954-07,26.52,170.06
Kamboja,KHM,1954,8,1954-08,26.31,226.92
Kamboja,KHM,1954,9,1954-09,25.4,337.01
Kamboja,KHM,1954,10,1954-10,25.58,139.56
Kamboja,KHM,1954,11,1954-11,24.53,20.51
Kamboja,KHM,1954,12,1954-12,24.07,18.96
Kamboja,KHM,1955,1,1955-01,23.84,11.4
Kamboja,KHM,1955,2,1955-02,26.32,6.95
Kamboja,KHM,1955,3,1955-03,28.15,18.84
Kamboja,KHM,1955,4,1955-04,28.44,101.74
Kamboja,KHM,1955,5,1955-05,27.6,200.9
Kamboja,KHM,1955,6,1955-06,26.41,288.65
Kamboja,KHM,1955,7,1955-07,26.66,195.18
Kamboja,KHM,1955,8,1955-08,26.47,193.65
Kamboja,KHM,1955,9,1955-09,26.13,279.66
Kamboja,KHM,1955,10,1955-10,25.63,226.83
Kamboja,KHM,1955,11,1955-11,24.19,159
Kamboja,KHM,1955,12,1955-12,23.26,6.97
Kamboja,KHM,1956,1,1956-01,23.34,16.49
Kamboja,KHM,1956,2,1956-02,26.66,43.1
Kamboja,KHM,1956,3,1956-03,28.07,38.65
Kamboja,KHM,1956,4,1956-04,27.41,154.45
Kamboja,KHM,1956,5,1956-05,26.76,208.79
Kamboja,KHM,1956,6,1956-06,26.4,214.13
Kamboja,KHM,1956,7,1956-07,25.95,264.41
Kamboja,KHM,1956,8,1956-08,25.88,273.79
Kamboja,KHM,1956,9,1956-09,25.53,366.63
Kamboja,KHM,1956,10,1956-10,25.79,169.57
Kamboja,KHM,1956,11,1956-11,24.18,117.72
Kamboja,KHM,1956,12,1956-12,23.44,21.84
Kamboja,KHM,1957,1,1957-01,24.81,6.64
Kamboja,KHM,1957,2,1957-02,25.63,31.09
Kamboja,KHM,1957,3,1957-03,26.94,120.52
Kamboja,KHM,1957,4,1957-04,27.98,92.85
Kamboja,KHM,1957,5,1957-05,28.48,106.4
Kamboja,KHM,1957,6,1957-06,27.45,247.82
Kamboja,KHM,1957,7,1957-07,26.4,287.14
Kamboja,KHM,1957,8,1957-08,26.22,337.84
Kamboja,KHM,1957,9,1957-09,25.98,337.92
Kamboja,KHM,1957,10,1957-10,25.82,236.82
Kamboja,KHM,1957,11,1957-11,25.83,46.92
Kamboja,KHM,1957,12,1957-12,25.49,10.12
Kamboja,KHM,1958,1,1958-01,25.8,15.76
Kamboja,KHM,1958,2,1958-02,26.37,13.26
Kamboja,KHM,1958,3,1958-03,29.23,10.37
Kamboja,KHM,1958,4,1958-04,29.61,59.31
Kamboja,KHM,1958,5,1958-05,28.36,186.27
Kamboja,KHM,1958,6,1958-06,27.39,160.37
Kamboja,KHM,1958,7,1958-07,26.44,206.42
Kamboja,KHM,1958,8,1958-08,26.38,268.88
Kamboja,KHM,1958,9,1958-09,25.98,297.06
Kamboja,KHM,1958,10,1958-10,25.53,214.56
Kamboja,KHM,1958,11,1958-11,24.72,20.17
Kamboja,KHM,1958,12,1958-12,23.95,0.37
Kamboja,KHM,1959,1,1959-01,24.56,1.76
Kamboja,KHM,1959,2,1959-02,27.35,23.81
Kamboja,KHM,1959,3,1959-03,27.26,96.47
Kamboja,KHM,1959,4,1959-04,28.42,78.44
Kamboja,KHM,1959,5,1959-05,28.14,155.97
Kamboja,KHM,1959,6,1959-06,28.04,160.48
Kamboja,KHM,1959,7,1959-07,26.22,250.37
Kamboja,KHM,1959,8,1959-08,26.34,246.23
Kamboja,KHM,1959,9,1959-09,26.2,235.27
Kamboja,KHM,1959,10,1959-10,25.86,179.43
Kamboja,KHM,1959,11,1959-11,25.94,40.68
Kamboja,KHM,1959,12,1959-12,25.81,26.17
Kamboja,KHM,1960,1,1960-01,25.2,5.55
Kamboja,KHM,1960,2,1960-02,26.09,17.02
Kamboja,KHM,1960,3,1960-03,28.2,84.55
Kamboja,KHM,1960,4,1960-04,28.97,83.43
Kamboja,KHM,1960,5,1960-05,27.97,167.4
Kamboja,KHM,1960,6,1960-06,27.05,280.42
Kamboja,KHM,1960,7,1960-07,26.96,210.44
Kamboja,KHM,1960,8,1960-08,26.86,205.28
Kamboja,KHM,1960,9,1960-09,26.28,280.7
Kamboja,KHM,1960,10,1960-10,25.91,249.75
Kamboja,KHM,1960,11,1960-11,25.8,132.15
Kamboja,KHM,1960,12,1960-12,24.37,6.55
Kamboja,KHM,1961,1,1961-01,23.86,6.97
Kamboja,KHM,1961,2,1961-02,26.82,20.08
Kamboja,KHM,1961,3,1961-03,28.32,42.96
Kamboja,KHM,1961,4,1961-04,28.54,116.73
Kamboja,KHM,1961,5,1961-05,27.39,273.03
Kamboja,KHM,1961,6,1961-06,26.69,236.49
Kamboja,KHM,1961,7,1961-07,26.48,191.9
Kamboja,KHM,1961,8,1961-08,26.43,258.33
Kamboja,KHM,1961,9,1961-09,26.22,214.12
Kamboja,KHM,1961,10,1961-10,25.53,219.06
Kamboja,KHM,1961,11,1961-11,25.87,34.63
Kamboja,KHM,1961,12,1961-12,25.26,19.05
Kamboja,KHM,1962,1,1962-01,23.82,5.53
Kamboja,KHM,1962,2,1962-02,25,19.27
Kamboja,KHM,1962,3,1962-03,27.63,54.87
Kamboja,KHM,1962,4,1962-04,28.2,144.7
Kamboja,KHM,1962,5,1962-05,27.82,199.68
Kamboja,KHM,1962,6,1962-06,26.87,216.29
Kamboja,KHM,1962,7,1962-07,26.33,357.18
Kamboja,KHM,1962,8,1962-08,26.36,231.06
Kamboja,KHM,1962,9,1962-09,25.92,329.63
Kamboja,KHM,1962,10,1962-10,26.08,140.17
Kamboja,KHM,1962,11,1962-11,25.6,28.82
Kamboja,KHM,1962,12,1962-12,23.54,4.72
Kamboja,KHM,1963,1,1963-01,21.57,0.7
Kamboja,KHM,1963,2,1963-02,24.69,12.16
Kamboja,KHM,1963,3,1963-03,26.79,93.19
Kamboja,KHM,1963,4,1963-04,28.33,51.39
Kamboja,KHM,1963,5,1963-05,28.24,152.35
Kamboja,KHM,1963,6,1963-06,27.22,219.18
Kamboja,KHM,1963,7,1963-07,26.58,223.53
Kamboja,KHM,1963,8,1963-08,26.19,311.87
Kamboja,KHM,1963,9,1963-09,26.28,365.43
Kamboja,KHM,1963,10,1963-10,26.09,186.62
Kamboja,KHM,1963,11,1963-11,26.31,69.54
Kamboja,KHM,1963,12,1963-12,24.54,8.02
Kamboja,KHM,1964,1,1964-01,26.69,17.81
Kamboja,KHM,1964,2,1964-02,26.9,11.18
Kamboja,KHM,1964,3,1964-03,28.3,36.93
Kamboja,KHM,1964,4,1964-04,29.08,108.2
Kamboja,KHM,1964,5,1964-05,27.04,317.64
Kamboja,KHM,1964,6,1964-06,27.09,193.99
Kamboja,KHM,1964,7,1964-07,26.94,185.24
Kamboja,KHM,1964,8,1964-08,26.21,283.98
Kamboja,KHM,1964,9,1964-09,26.31,254.9
Kamboja,KHM,1964,10,1964-10,26.27,186.36
Kamboja,KHM,1964,11,1964-11,23.77,122.18
Kamboja,KHM,1964,12,1964-12,23.18,28.18
Kamboja,KHM,1965,1,1965-01,22.97,6.57
Kamboja,KHM,1965,2,1965-02,26.55,46.55
Kamboja,KHM,1965,3,1965-03,26.96,60.83
Kamboja,KHM,1965,4,1965-04,28.32,79.38
Kamboja,KHM,1965,5,1965-05,27.28,260.66
Kamboja,KHM,1965,6,1965-06,26.52,268.16
Kamboja,KHM,1965,7,1965-07,26.53,233.48
Kamboja,KHM,1965,8,1965-08,26.45,239.32
Kamboja,KHM,1965,9,1965-09,25.91,326.82
Kamboja,KHM,1965,10,1965-10,26.33,144.65
Kamboja,KHM,1965,11,1965-11,26.28,37.85
Kamboja,KHM,1965,12,1965-12,25.92,23.92
Kamboja,KHM,1966,1,1966-01,26.49,9.57
Kamboja,KHM,1966,2,1966-02,27.46,52.58
Kamboja,KHM,1966,3,1966-03,28.56,59.92
Kamboja,KHM,1966,4,1966-04,28.53,88.12
Kamboja,KHM,1966,5,1966-05,26.39,365.17
Kamboja,KHM,1966,6,1966-06,26.73,174.52
Kamboja,KHM,1966,7,1966-07,25.97,304.44
Kamboja,KHM,1966,8,1966-08,25.84,258.64
Kamboja,KHM,1966,9,1966-09,25.41,241.63
Kamboja,KHM,1966,10,1966-10,25.77,181.74
Kamboja,KHM,1966,11,1966-11,25.23,75.29
Kamboja,KHM,1966,12,1966-12,24.94,30.18
Kamboja,KHM,1967,1,1967-01,23.57,21.28
Kamboja,KHM,1967,2,1967-02,25.51,5.45
Kamboja,KHM,1967,3,1967-03,27.57,17.59
Kamboja,KHM,1967,4,1967-04,27.72,120.93
Kamboja,KHM,1967,5,1967-05,27.22,160.61
Kamboja,KHM,1967,6,1967-06,27.03,186.36
Kamboja,KHM,1967,7,1967-07,26.41,221.26
Kamboja,KHM,1967,8,1967-08,26.23,269.71
Kamboja,KHM,1967,9,1967-09,26.17,242.35
Kamboja,KHM,1967,10,1967-10,25.67,133.7
Kamboja,KHM,1967,11,1967-11,25.54,51.46
Kamboja,KHM,1967,12,1967-12,23.48,1.23
Kamboja,KHM,1968,1,1968-01,24.35,9.35
Kamboja,KHM,1968,2,1968-02,25.59,12.49
Kamboja,KHM,1968,3,1968-03,28.22,9.07
Kamboja,KHM,1968,4,1968-04,27.56,139.31
Kamboja,KHM,1968,5,1968-05,27.28,146.49
Kamboja,KHM,1968,6,1968-06,27.23,184.07
Kamboja,KHM,1968,7,1968-07,27.07,202.29
Kamboja,KHM,1968,8,1968-08,26.55,249.4
Kamboja,KHM,1968,9,1968-09,26.19,252.14
Kamboja,KHM,1968,10,1968-10,26.01,160.68
Kamboja,KHM,1968,11,1968-11,25.9,21.17
Kamboja,KHM,1968,12,1968-12,26.1,6.93
Kamboja,KHM,1969,1,1969-01,26.69,34.36
Kamboja,KHM,1969,2,1969-02,26.69,27.41
Kamboja,KHM,1969,3,1969-03,28.55,43.05
Kamboja,KHM,1969,4,1969-04,29.24,41.09
Kamboja,KHM,1969,5,1969-05,28.81,124.2
Kamboja,KHM,1969,6,1969-06,27.39,217.25
Kamboja,KHM,1969,7,1969-07,26.22,292.28
Kamboja,KHM,1969,8,1969-08,26.55,185.9
Kamboja,KHM,1969,9,1969-09,26,346.43
Kamboja,KHM,1969,10,1969-10,26.34,179.93
Kamboja,KHM,1969,11,1969-11,25.09,18.71
Kamboja,KHM,1969,12,1969-12,23.96,4.82
Kamboja,KHM,1970,1,1970-01,24.84,22.15
Kamboja,KHM,1970,2,1970-02,26.37,7.69
Kamboja,KHM,1970,3,1970-03,28.68,36.98
Kamboja,KHM,1970,4,1970-04,28.41,91.48
Kamboja,KHM,1970,5,1970-05,28.5,114.47
Kamboja,KHM,1970,6,1970-06,27.06,227.19
Kamboja,KHM,1970,7,1970-07,26.84,211.3
Kamboja,KHM,1970,8,1970-08,26.53,251.83
Kamboja,KHM,1970,9,1970-09,26.57,229.92
Kamboja,KHM,1970,10,1970-10,25.9,213.52
Kamboja,KHM,1970,11,1970-11,25.28,68.12
Kamboja,KHM,1970,12,1970-12,25.26,43.39
Kamboja,KHM,1971,1,1971-01,23.45,1.4
Kamboja,KHM,1971,2,1971-02,25.34,40.51
Kamboja,KHM,1971,3,1971-03,27.07,53.07
Kamboja,KHM,1971,4,1971-04,28.2,71.39
Kamboja,KHM,1971,5,1971-05,27.12,211.19
Kamboja,KHM,1971,6,1971-06,26.33,253.49
Kamboja,KHM,1971,7,1971-07,26.42,225.71
Kamboja,KHM,1971,8,1971-08,26.38,244.17
Kamboja,KHM,1971,9,1971-09,26.3,278.17
Kamboja,KHM,1971,10,1971-10,25.37,295.03
Kamboja,KHM,1971,11,1971-11,23.66,58.34
Kamboja,KHM,1971,12,1971-12,24.67,21.77
Kamboja,KHM,1972,1,1972-01,24.18,4
Kamboja,KHM,1972,2,1972-02,26.39,66.23
Kamboja,KHM,1972,3,1972-03,26.73,82.11
Kamboja,KHM,1972,4,1972-04,26.86,222.32
Kamboja,KHM,1972,5,1972-05,28.86,111.5
Kamboja,KHM,1972,6,1972-06,26.88,304.94
Kamboja,KHM,1972,7,1972-07,26.88,323.86
Kamboja,KHM,1972,8,1972-08,26.68,246.39
Kamboja,KHM,1972,9,1972-09,26.2,431.27
Kamboja,KHM,1972,10,1972-10,26.82,216.83
Kamboja,KHM,1972,11,1972-11,26.25,198.51
Kamboja,KHM,1972,12,1972-12,24.73,47.26
Kamboja,KHM,1973,1,1973-01,25.52,7.21
Kamboja,KHM,1973,2,1973-02,27.37,11.55
Kamboja,KHM,1973,3,1973-03,28.65,30.94
Kamboja,KHM,1973,4,1973-04,29.6,86.25
Kamboja,KHM,1973,5,1973-05,28.1,183.16
Kamboja,KHM,1973,6,1973-06,27.66,198.98
Kamboja,KHM,1973,7,1973-07,26.93,296.99
Kamboja,KHM,1973,8,1973-08,26.76,261.88
Kamboja,KHM,1973,9,1973-09,26.37,329.96
Kamboja,KHM,1973,10,1973-10,25.87,273.23
Kamboja,KHM,1973,11,1973-11,24.64,169.3
Kamboja,KHM,1973,12,1973-12,23.51,8.1
Kamboja,KHM,1974,1,1974-01,23.84,19.85
Kamboja,KHM,1974,2,1974-02,25.64,34.89
Kamboja,KHM,1974,3,1974-03,27.12,62.98
Kamboja,KHM,1974,4,1974-04,27.61,138.85
Kamboja,KHM,1974,5,1974-05,27.5,198.85
Kamboja,KHM,1974,6,1974-06,27.26,177.74
Kamboja,KHM,1974,7,1974-07,27.09,187.34
Kamboja,KHM,1974,8,1974-08,26.66,289.91
Kamboja,KHM,1974,9,1974-09,26.68,230.24
Kamboja,KHM,1974,10,1974-10,25.94,311.79
Kamboja,KHM,1974,11,1974-11,25.17,134.03
Kamboja,KHM,1974,12,1974-12,24.53,43.98
Kamboja,KHM,1975,1,1975-01,25.58,36.59
Kamboja,KHM,1975,2,1975-02,26.75,38.12
Kamboja,KHM,1975,3,1975-03,28.2,100.54
Kamboja,KHM,1975,4,1975-04,28.48,112.11
Kamboja,KHM,1975,5,1975-05,27.24,221.09
Kamboja,KHM,1975,6,1975-06,26.22,319.62
Kamboja,KHM,1975,7,1975-07,26.62,207.67
Kamboja,KHM,1975,8,1975-08,26.35,292.17
Kamboja,KHM,1975,9,1975-09,26.11,314.18
Kamboja,KHM,1975,10,1975-10,25.39,318.02
Kamboja,KHM,1975,11,1975-11,24.8,79.77
Kamboja,KHM,1975,12,1975-12,22.45,33.8
Kamboja,KHM,1976,1,1976-01,23.28,2.08
Kamboja,KHM,1976,2,1976-02,26.1,24.01
Kamboja,KHM,1976,3,1976-03,27.15,86.71
Kamboja,KHM,1976,4,1976-04,28.4,90.58
Kamboja,KHM,1976,5,1976-05,27.08,242.66
Kamboja,KHM,1976,6,1976-06,26.91,221.69
Kamboja,KHM,1976,7,1976-07,26.57,267.52
Kamboja,KHM,1976,8,1976-08,26.16,257.78
Kamboja,KHM,1976,9,1976-09,26.26,331.52
Kamboja,KHM,1976,10,1976-10,26.45,226.42
Kamboja,KHM,1976,11,1976-11,24.68,52.01
Kamboja,KHM,1976,12,1976-12,25.13,9.93
Kamboja,KHM,1977,1,1977-01,25.49,5.61
Kamboja,KHM,1977,2,1977-02,25.47,8.47
Kamboja,KHM,1977,3,1977-03,27.8,18.52
Kamboja,KHM,1977,4,1977-04,28.81,77.75
Kamboja,KHM,1977,5,1977-05,28.41,136.79
Kamboja,KHM,1977,6,1977-06,28.11,201.91
Kamboja,KHM,1977,7,1977-07,26.85,283.52
Kamboja,KHM,1977,8,1977-08,26.78,287.8
Kamboja,KHM,1977,9,1977-09,26.15,331.99
Kamboja,KHM,1977,10,1977-10,26.73,135.36
Kamboja,KHM,1977,11,1977-11,25.38,67.45
Kamboja,KHM,1977,12,1977-12,25.87,4.58
Kamboja,KHM,1978,1,1978-01,26.06,49.28
Kamboja,KHM,1978,2,1978-02,27.15,18.39
Kamboja,KHM,1978,3,1978-03,29.05,71.4
Kamboja,KHM,1978,4,1978-04,29.1,129.62
Kamboja,KHM,1978,5,1978-05,27.93,265.9
Kamboja,KHM,1978,6,1978-06,27.14,244.35
Kamboja,KHM,1978,7,1978-07,26.82,227.82
Kamboja,KHM,1978,8,1978-08,26.6,286.75
Kamboja,KHM,1978,9,1978-09,26.16,344.84
Kamboja,KHM,1978,10,1978-10,25.89,195.18
Kamboja,KHM,1978,11,1978-11,24.73,75.68
Kamboja,KHM,1978,12,1978-12,24.92,6.35
Kamboja,KHM,1979,1,1979-01,26.59,11.99
Kamboja,KHM,1979,2,1979-02,27.45,9.36
Kamboja,KHM,1979,3,1979-03,29.65,44.88
Kamboja,KHM,1979,4,1979-04,29.17,166.31
Kamboja,KHM,1979,5,1979-05,28.07,213.23
Kamboja,KHM,1979,6,1979-06,27.26,313.35
Kamboja,KHM,1979,7,1979-07,26.91,316.36
Kamboja,KHM,1979,8,1979-08,27.01,218.12
Kamboja,KHM,1979,9,1979-09,26.74,315.65
Kamboja,KHM,1979,10,1979-10,26.01,106.76
Kamboja,KHM,1979,11,1979-11,25.8,43.36
Kamboja,KHM,1979,12,1979-12,25.29,5.9
Kamboja,KHM,1980,1,1980-01,25.9,2.59
Kamboja,KHM,1980,2,1980-02,27.47,16.29
Kamboja,KHM,1980,3,1980-03,29.14,53.84
Kamboja,KHM,1980,4,1980-04,29.83,92.3
Kamboja,KHM,1980,5,1980-05,28.46,217.87
Kamboja,KHM,1980,6,1980-06,26.84,330.11
Kamboja,KHM,1980,7,1980-07,27.07,254.87
Kamboja,KHM,1980,8,1980-08,26.71,349.43
Kamboja,KHM,1980,9,1980-09,26.49,317.26
Kamboja,KHM,1980,10,1980-10,26.31,262.52
Kamboja,KHM,1980,11,1980-11,25.81,137.53
Kamboja,KHM,1980,12,1980-12,25.42,10.89
Kamboja,KHM,1981,1,1981-01,24.87,5.51
Kamboja,KHM,1981,2,1981-02,27.53,27.98
Kamboja,KHM,1981,3,1981-03,29.38,25.94
Kamboja,KHM,1981,4,1981-04,28.9,118.52
Kamboja,KHM,1981,5,1981-05,27.99,214.58
Kamboja,KHM,1981,6,1981-06,27.07,279.8
Kamboja,KHM,1981,7,1981-07,27.14,216.2
Kamboja,KHM,1981,8,1981-08,26.92,267.01
Kamboja,KHM,1981,9,1981-09,26.9,311.69
Kamboja,KHM,1981,10,1981-10,26.6,234.22
Kamboja,KHM,1981,11,1981-11,25.6,176.72
Kamboja,KHM,1981,12,1981-12,23.37,20.09
Kamboja,KHM,1982,1,1982-01,24.26,0.65
Kamboja,KHM,1982,2,1982-02,27.3,26.43
Kamboja,KHM,1982,3,1982-03,28.85,85.38
Kamboja,KHM,1982,4,1982-04,27.8,143.6
Kamboja,KHM,1982,5,1982-05,28.37,174.05
Kamboja,KHM,1982,6,1982-06,27.01,232.27
Kamboja,KHM,1982,7,1982-07,26.77,240.63
Kamboja,KHM,1982,8,1982-08,26.59,222.57
Kamboja,KHM,1982,9,1982-09,26.08,278.98
Kamboja,KHM,1982,10,1982-10,26.37,192.3
Kamboja,KHM,1982,11,1982-11,26.36,117.41
Kamboja,KHM,1982,12,1982-12,24.01,3.46
Kamboja,KHM,1983,1,1983-01,25.38,8.37
Kamboja,KHM,1983,2,1983-02,27.57,5.86
Kamboja,KHM,1983,3,1983-03,29.27,15.73
Kamboja,KHM,1983,4,1983-04,30.48,53.84
Kamboja,KHM,1983,5,1983-05,28.8,161.12
Kamboja,KHM,1983,6,1983-06,27.72,240.19
Kamboja,KHM,1983,7,1983-07,27.28,261.18
Kamboja,KHM,1983,8,1983-08,26.73,315.05
Kamboja,KHM,1983,9,1983-09,26.7,285.29
Kamboja,KHM,1983,10,1983-10,25.9,383.32
Kamboja,KHM,1983,11,1983-11,24.64,77.24
Kamboja,KHM,1983,12,1983-12,24.62,8.05
Kamboja,KHM,1984,1,1984-01,24.84,15.94
Kamboja,KHM,1984,2,1984-02,27.36,11.94
Kamboja,KHM,1984,3,1984-03,28.27,46.09
Kamboja,KHM,1984,4,1984-04,28.92,132.5
Kamboja,KHM,1984,5,1984-05,27.38,217.46
Kamboja,KHM,1984,6,1984-06,26.75,292.05
Kamboja,KHM,1984,7,1984-07,26.87,190.46
Kamboja,KHM,1984,8,1984-08,26.67,256.31
Kamboja,KHM,1984,9,1984-09,26.23,266.64
Kamboja,KHM,1984,10,1984-10,25.92,240.53
Kamboja,KHM,1984,11,1984-11,25.73,58.9
Kamboja,KHM,1984,12,1984-12,25.76,11.12
Kamboja,KHM,1985,1,1985-01,25.56,13.36
Kamboja,KHM,1985,2,1985-02,27.91,47.15
Kamboja,KHM,1985,3,1985-03,28.5,73.84
Kamboja,KHM,1985,4,1985-04,28.1,222.93
Kamboja,KHM,1985,5,1985-05,27.52,212.77
Kamboja,KHM,1985,6,1985-06,26.86,231.88
Kamboja,KHM,1985,7,1985-07,26.57,224.98
Kamboja,KHM,1985,8,1985-08,26.68,229.24
Kamboja,KHM,1985,9,1985-09,26.36,341.08
Kamboja,KHM,1985,10,1985-10,26.2,228.87
Kamboja,KHM,1985,11,1985-11,26.35,121.2
Kamboja,KHM,1985,12,1985-12,24.25,12.25
Kamboja,KHM,1986,1,1986-01,24.51,2.97
Kamboja,KHM,1986,2,1986-02,26.81,18.7
Kamboja,KHM,1986,3,1986-03,28.13,33.78
Kamboja,KHM,1986,4,1986-04,29.11,104.97
Kamboja,KHM,1986,5,1986-05,27.82,242.08
Kamboja,KHM,1986,6,1986-06,27.62,219.21
Kamboja,KHM,1986,7,1986-07,27.09,282.16
Kamboja,KHM,1986,8,1986-08,26.52,358.6
Kamboja,KHM,1986,9,1986-09,26.38,329.95
Kamboja,KHM,1986,10,1986-10,26.39,250.83
Kamboja,KHM,1986,11,1986-11,25.29,87.99
Kamboja,KHM,1986,12,1986-12,24.48,66.09
Kamboja,KHM,1987,1,1987-01,25.64,1.49
Kamboja,KHM,1987,2,1987-02,27.04,14.98
Kamboja,KHM,1987,3,1987-03,29.29,34.96
Kamboja,KHM,1987,4,1987-04,30.2,67.89
Kamboja,KHM,1987,5,1987-05,29.05,140.16
Kamboja,KHM,1987,6,1987-06,27.84,279.23
Kamboja,KHM,1987,7,1987-07,27.44,222.2
Kamboja,KHM,1987,8,1987-08,27.41,273.64
Kamboja,KHM,1987,9,1987-09,26.66,376.79
Kamboja,KHM,1987,10,1987-10,27.05,180.07
Kamboja,KHM,1987,11,1987-11,26.53,233.36
Kamboja,KHM,1987,12,1987-12,23.6,5.04
Kamboja,KHM,1988,1,1988-01,26.51,6.79
Kamboja,KHM,1988,2,1988-02,28.18,30.44
Kamboja,KHM,1988,3,1988-03,29.95,25.1
Kamboja,KHM,1988,4,1988-04,28.83,182.07
Kamboja,KHM,1988,5,1988-05,28.2,222.85
Kamboja,KHM,1988,6,1988-06,27.25,266.1
Kamboja,KHM,1988,7,1988-07,27.31,238.72
Kamboja,KHM,1988,8,1988-08,27.25,194.62
Kamboja,KHM,1988,9,1988-09,26.91,305.28
Kamboja,KHM,1988,10,1988-10,25.55,307.88
Kamboja,KHM,1988,11,1988-11,24.88,53.53
Kamboja,KHM,1988,12,1988-12,24.17,1.76
Kamboja,KHM,1989,1,1989-01,26.82,20.48
Kamboja,KHM,1989,2,1989-02,26.82,6.73
Kamboja,KHM,1989,3,1989-03,27.34,120.11
Kamboja,KHM,1989,4,1989-04,28.98,93.67
Kamboja,KHM,1989,5,1989-05,27.9,252.63
Kamboja,KHM,1989,6,1989-06,27.45,184.41
Kamboja,KHM,1989,7,1989-07,27.01,252.1
Kamboja,KHM,1989,8,1989-08,26.85,293.58
Kamboja,KHM,1989,9,1989-09,26.58,275.56
Kamboja,KHM,1989,10,1989-10,26.21,204.33
Kamboja,KHM,1989,11,1989-11,26.06,47.13
Kamboja,KHM,1989,12,1989-12,24.8,1.55
Kamboja,KHM,1990,1,1990-01,26.55,8.9
Kamboja,KHM,1990,2,1990-02,27.87,10.35
Kamboja,KHM,1990,3,1990-03,28.1,81.5
Kamboja,KHM,1990,4,1990-04,29.74,76.07
Kamboja,KHM,1990,5,1990-05,28.54,217.79
Kamboja,KHM,1990,6,1990-06,27.53,265.33
Kamboja,KHM,1990,7,1990-07,27.4,198.21
Kamboja,KHM,1990,8,1990-08,27.17,258.72
Kamboja,KHM,1990,9,1990-09,26.92,302.97
Kamboja,KHM,1990,10,1990-10,26.47,241.85
Kamboja,KHM,1990,11,1990-11,25.61,150.04
Kamboja,KHM,1990,12,1990-12,25.26,1.62
Kamboja,KHM,1991,1,1991-01,26.63,4.52
Kamboja,KHM,1991,2,1991-02,27.51,8.13
Kamboja,KHM,1991,3,1991-03,29.71,24.68
Kamboja,KHM,1991,4,1991-04,29.92,83.62
Kamboja,KHM,1991,5,1991-05,28.68,181.91
Kamboja,KHM,1991,6,1991-06,27.52,202.52
Kamboja,KHM,1991,7,1991-07,26.76,297.44
Kamboja,KHM,1991,8,1991-08,26.58,315.29
Kamboja,KHM,1991,9,1991-09,26.47,329.38
Kamboja,KHM,1991,10,1991-10,25.74,250.51
Kamboja,KHM,1991,11,1991-11,25.79,15.32
Kamboja,KHM,1991,12,1991-12,25.76,6.15
Kamboja,KHM,1992,1,1992-01,24.51,27.51
Kamboja,KHM,1992,2,1992-02,27.28,11.97
Kamboja,KHM,1992,3,1992-03,29.03,12.3
Kamboja,KHM,1992,4,1992-04,29.97,63.39
Kamboja,KHM,1992,5,1992-05,29.24,130.79
Kamboja,KHM,1992,6,1992-06,27.47,249.01
Kamboja,KHM,1992,7,1992-07,26.97,248.13
Kamboja,KHM,1992,8,1992-08,26.55,336.35
Kamboja,KHM,1992,9,1992-09,26.91,219.1
Kamboja,KHM,1992,10,1992-10,25.52,251.91
Kamboja,KHM,1992,11,1992-11,25.11,13.35
Kamboja,KHM,1992,12,1992-12,25.74,9.88
Kamboja,KHM,1993,1,1993-01,25.09,28.34
Kamboja,KHM,1993,2,1993-02,26.07,6.13
Kamboja,KHM,1993,3,1993-03,27.8,87.02
Kamboja,KHM,1993,4,1993-04,29.26,68.1
Kamboja,KHM,1993,5,1993-05,28.65,184.95
Kamboja,KHM,1993,6,1993-06,27.36,239.19
Kamboja,KHM,1993,7,1993-07,27.11,231.71
Kamboja,KHM,1993,8,1993-08,26.45,238.58
Kamboja,KHM,1993,9,1993-09,26.18,320.52
Kamboja,KHM,1993,10,1993-10,25.92,275
Kamboja,KHM,1993,11,1993-11,25.8,52.61
Kamboja,KHM,1993,12,1993-12,24.16,34.21
Kamboja,KHM,1994,1,1994-01,25.76,3.17
Kamboja,KHM,1994,2,1994-02,27.88,24.53
Kamboja,KHM,1994,3,1994-03,27.73,110.16
Kamboja,KHM,1994,4,1994-04,28.75,89.08
Kamboja,KHM,1994,5,1994-05,28.22,201.25
Kamboja,KHM,1994,6,1994-06,26.81,266.19
Kamboja,KHM,1994,7,1994-07,26.65,242.95
Kamboja,KHM,1994,8,1994-08,26.52,261.89
Kamboja,KHM,1994,9,1994-09,26.25,313.15
Kamboja,KHM,1994,10,1994-10,25.78,142.66
Kamboja,KHM,1994,11,1994-11,26.52,7.55
Kamboja,KHM,1994,12,1994-12,26.53,21.5
Kamboja,KHM,1995,1,1995-01,26,10.14
Kamboja,KHM,1995,2,1995-02,26.81,9.96
Kamboja,KHM,1995,3,1995-03,28.92,67.23
Kamboja,KHM,1995,4,1995-04,29.84,55.51
Kamboja,KHM,1995,5,1995-05,28.71,139.9
Kamboja,KHM,1995,6,1995-06,28.14,209.41
Kamboja,KHM,1995,7,1995-07,27,235.13
Kamboja,KHM,1995,8,1995-08,27.12,302.84
Kamboja,KHM,1995,9,1995-09,26.42,338.57
Kamboja,KHM,1995,10,1995-10,26.51,248.85
Kamboja,KHM,1995,11,1995-11,25.73,43.8
Kamboja,KHM,1995,12,1995-12,24.74,13.94
Kamboja,KHM,1996,1,1996-01,25.95,11.94
Kamboja,KHM,1996,2,1996-02,26.66,23.77
Kamboja,KHM,1996,3,1996-03,29.37,28.17
Kamboja,KHM,1996,4,1996-04,28.17,166.73
Kamboja,KHM,1996,5,1996-05,27.57,261.61
Kamboja,KHM,1996,6,1996-06,27.59,198.13
Kamboja,KHM,1996,7,1996-07,26.93,210.79
Kamboja,KHM,1996,8,1996-08,27.1,212.73
Kamboja,KHM,1996,9,1996-09,26.38,352.16
Kamboja,KHM,1996,10,1996-10,26.41,259.22
Kamboja,KHM,1996,11,1996-11,25.87,160.92
Kamboja,KHM,1996,12,1996-12,24.4,24.74
Kamboja,KHM,1997,1,1997-01,25.19,2.43
Kamboja,KHM,1997,2,1997-02,27.04,50.41
Kamboja,KHM,1997,3,1997-03,28.45,30.43
Kamboja,KHM,1997,4,1997-04,27.99,137.48
Kamboja,KHM,1997,5,1997-05,27.95,217.49
Kamboja,KHM,1997,6,1997-06,28.09,149.22
Kamboja,KHM,1997,7,1997-07,26.88,333.95
Kamboja,KHM,1997,8,1997-08,26.96,285.6
Kamboja,KHM,1997,9,1997-09,26.78,293.43
Kamboja,KHM,1997,10,1997-10,26.87,179.44
Kamboja,KHM,1997,11,1997-11,26.94,42.24
Kamboja,KHM,1997,12,1997-12,27.27,1.96
Kamboja,KHM,1998,1,1998-01,28.08,1.81
Kamboja,KHM,1998,2,1998-02,29.23,14.22
Kamboja,KHM,1998,3,1998-03,30.97,5.18
Kamboja,KHM,1998,4,1998-04,30.5,77.34
Kamboja,KHM,1998,5,1998-05,29.85,178.27
Kamboja,KHM,1998,6,1998-06,28.51,223.24
Kamboja,KHM,1998,7,1998-07,28.19,180.77
Kamboja,KHM,1998,8,1998-08,27.48,258.53
Kamboja,KHM,1998,9,1998-09,26.58,364.25
Kamboja,KHM,1998,10,1998-10,26.57,207.38
Kamboja,KHM,1998,11,1998-11,25.62,142.48
Kamboja,KHM,1998,12,1998-12,24.64,65.92
Kamboja,KHM,1999,1,1999-01,25.92,19.02
Kamboja,KHM,1999,2,1999-02,27.11,20.38
Kamboja,KHM,1999,3,1999-03,28.91,98.48
Kamboja,KHM,1999,4,1999-04,27.68,252.98
Kamboja,KHM,1999,5,1999-05,26.93,277.75
Kamboja,KHM,1999,6,1999-06,26.65,266.39
Kamboja,KHM,1999,7,1999-07,26.66,290.76
Kamboja,KHM,1999,8,1999-08,26.82,202.2
Kamboja,KHM,1999,9,1999-09,26.69,231.36
Kamboja,KHM,1999,10,1999-10,26.33,255.36
Kamboja,KHM,1999,11,1999-11,25.84,171.24
Kamboja,KHM,1999,12,1999-12,23.03,52.7
Kamboja,KHM,2000,1,2000-01,26.69,16.2
Kamboja,KHM,2000,2,2000-02,27.13,45.7
Kamboja,KHM,2000,3,2000-03,28.79,61.55
Kamboja,KHM,2000,4,2000-04,28.18,214.11
Kamboja,KHM,2000,5,2000-05,27.7,267.83
Kamboja,KHM,2000,6,2000-06,26.99,254.29
Kamboja,KHM,2000,7,2000-07,26.65,287.72
Kamboja,KHM,2000,8,2000-08,26.86,271.17
Kamboja,KHM,2000,9,2000-09,26.58,228.91
Kamboja,KHM,2000,10,2000-10,26.14,312.59
Kamboja,KHM,2000,11,2000-11,25.75,40.03
Kamboja,KHM,2000,12,2000-12,26.48,26.7
Kamboja,KHM,2001,1,2001-01,27.5,26
Kamboja,KHM,2001,2,2001-02,28.38,11.34
Kamboja,KHM,2001,3,2001-03,28.32,158.56
Kamboja,KHM,2001,4,2001-04,29.77,80.82
Kamboja,KHM,2001,5,2001-05,28.38,212.66
Kamboja,KHM,2001,6,2001-06,27.41,221.43
Kamboja,KHM,2001,7,2001-07,27.5,188.39
Kamboja,KHM,2001,8,2001-08,26.81,353.04
Kamboja,KHM,2001,9,2001-09,27.13,214.73
Kamboja,KHM,2001,10,2001-10,26.81,238.31
Kamboja,KHM,2001,11,2001-11,25.02,37.1
Kamboja,KHM,2001,12,2001-12,25.94,8.86
Kamboja,KHM,2002,1,2002-01,26.21,1.65
Kamboja,KHM,2002,2,2002-02,28,5.59
Kamboja,KHM,2002,3,2002-03,29.49,53.3
Kamboja,KHM,2002,4,2002-04,29.65,104.21
Kamboja,KHM,2002,5,2002-05,29.08,159.94
Kamboja,KHM,2002,6,2002-06,27.97,234.6
Kamboja,KHM,2002,7,2002-07,28.13,159.58
Kamboja,KHM,2002,8,2002-08,26.74,331.42
Kamboja,KHM,2002,9,2002-09,26.57,366.33
Kamboja,KHM,2002,10,2002-10,27.16,168.51
Kamboja,KHM,2002,11,2002-11,26.84,80.21
Kamboja,KHM,2002,12,2002-12,27.69,25.75
Kamboja,KHM,2003,1,2003-01,26.38,1.14
Kamboja,KHM,2003,2,2003-02,28.34,19.82
Kamboja,KHM,2003,3,2003-03,29.22,86.2
Kamboja,KHM,2003,4,2003-04,30.25,88.58
Kamboja,KHM,2003,5,2003-05,28.56,270.21
Kamboja,KHM,2003,6,2003-06,28.21,184.9
Kamboja,KHM,2003,7,2003-07,27.26,260.99
Kamboja,KHM,2003,8,2003-08,27.27,281.45
Kamboja,KHM,2003,9,2003-09,26.66,314.68
Kamboja,KHM,2003,10,2003-10,26.56,234.09
Kamboja,KHM,2003,11,2003-11,26.93,28.13
Kamboja,KHM,2003,12,2003-12,25.42,3.29
Kamboja,KHM,2004,1,2004-01,26.75,14.08
Kamboja,KHM,2004,2,2004-02,27.03,10.46
Kamboja,KHM,2004,3,2004-03,29.38,49.12
Kamboja,KHM,2004,4,2004-04,29.91,105.96
Kamboja,KHM,2004,5,2004-05,28.73,207.42
Kamboja,KHM,2004,6,2004-06,27.32,272.62
Kamboja,KHM,2004,7,2004-07,27.22,243.58
Kamboja,KHM,2004,8,2004-08,27.03,266.5
Kamboja,KHM,2004,9,2004-09,26.91,231.55
Kamboja,KHM,2004,10,2004-10,26.62,95.03
Kamboja,KHM,2004,11,2004-11,27.6,23.16
Kamboja,KHM,2004,12,2004-12,25.35,0.48
Kamboja,KHM,2005,1,2005-01,25.66,4.29
Kamboja,KHM,2005,2,2005-02,28.73,3.33
Kamboja,KHM,2005,3,2005-03,28.83,39.43
Kamboja,KHM,2005,4,2005-04,29.88,76.49
Kamboja,KHM,2005,5,2005-05,29.1,160.63
Kamboja,KHM,2005,6,2005-06,28.23,196.65
Kamboja,KHM,2005,7,2005-07,26.9,295.98
Kamboja,KHM,2005,8,2005-08,27.07,218.86
Kamboja,KHM,2005,9,2005-09,26.76,324.02
Kamboja,KHM,2005,10,2005-10,26.9,185.88
Kamboja,KHM,2005,11,2005-11,26.39,91.81
Kamboja,KHM,2005,12,2005-12,24.92,47.89
Kamboja,KHM,2006,1,2006-01,26.8,6.25
Kamboja,KHM,2006,2,2006-02,28.26,28.65
Kamboja,KHM,2006,3,2006-03,28.74,87.62
Kamboja,KHM,2006,4,2006-04,28.67,145.69
Kamboja,KHM,2006,5,2006-05,28.25,197.85
Kamboja,KHM,2006,6,2006-06,27.92,227.39
Kamboja,KHM,2006,7,2006-07,26.94,288.69
Kamboja,KHM,2006,8,2006-08,26.72,344.98
Kamboja,KHM,2006,9,2006-09,26.68,306.83
Kamboja,KHM,2006,10,2006-10,26.83,173.75
Kamboja,KHM,2006,11,2006-11,27.94,21.35
Kamboja,KHM,2006,12,2006-12,26.34,6.51
Kamboja,KHM,2007,1,2007-01,26.52,10.92
Kamboja,KHM,2007,2,2007-02,27.49,22.66
Kamboja,KHM,2007,3,2007-03,28.8,101.29
Kamboja,KHM,2007,4,2007-04,29.24,133.59
Kamboja,KHM,2007,5,2007-05,27.7,289.11
Kamboja,KHM,2007,6,2007-06,28.12,209.02
Kamboja,KHM,2007,7,2007-07,27.07,287.13
Kamboja,KHM,2007,8,2007-08,27.06,328.44
Kamboja,KHM,2007,9,2007-09,27.15,270.08
Kamboja,KHM,2007,10,2007-10,26.37,258.29
Kamboja,KHM,2007,11,2007-11,24.76,109.53
Kamboja,KHM,2007,12,2007-12,26.3,4.14
Kamboja,KHM,2008,1,2008-01,26.6,13.12
Kamboja,KHM,2008,2,2008-02,26.58,32.73
Kamboja,KHM,2008,3,2008-03,28.11,89.42
Kamboja,KHM,2008,4,2008-04,28.83,126.33
Kamboja,KHM,2008,5,2008-05,27.34,276.16
Kamboja,KHM,2008,6,2008-06,27.62,192.56
Kamboja,KHM,2008,7,2008-07,27.48,177.13
Kamboja,KHM,2008,8,2008-08,27.06,236.13
Kamboja,KHM,2008,9,2008-09,26.53,348.58
Kamboja,KHM,2008,10,2008-10,26.86,254.62
Kamboja,KHM,2008,11,2008-11,25.59,127.78
Kamboja,KHM,2008,12,2008-12,24.81,22.41
Kamboja,KHM,2009,1,2009-01,24.28,1.3
Kamboja,KHM,2009,2,2009-02,27.59,22.85
Kamboja,KHM,2009,3,2009-03,28.41,109.08
Kamboja,KHM,2009,4,2009-04,28.32,196.89
Kamboja,KHM,2009,5,2009-05,27.54,239.15
Kamboja,KHM,2009,6,2009-06,27.75,178.39
Kamboja,KHM,2009,7,2009-07,27.07,285.31
Kamboja,KHM,2009,8,2009-08,27.59,225.58
Kamboja,KHM,2009,9,2009-09,26.53,422.89
Kamboja,KHM,2009,10,2009-10,26.53,227.32
Kamboja,KHM,2009,11,2009-11,26.46,51.15
Kamboja,KHM,2009,12,2009-12,26.43,4.34
Kamboja,KHM,2010,1,2010-01,26.73,46.14
Kamboja,KHM,2010,2,2010-02,29.11,11.93
Kamboja,KHM,2010,3,2010-03,30.09,29.52
Kamboja,KHM,2010,4,2010-04,30.66,103.07
Kamboja,KHM,2010,5,2010-05,29.82,149.35
Kamboja,KHM,2010,6,2010-06,28.66,215.26
Kamboja,KHM,2010,7,2010-07,27.88,229.94
Kamboja,KHM,2010,8,2010-08,27.13,273.76
Kamboja,KHM,2010,9,2010-09,27.39,255.7
Kamboja,KHM,2010,10,2010-10,26.3,306.13
Kamboja,KHM,2010,11,2010-11,25.93,84.34
Kamboja,KHM,2010,12,2010-12,26.16,23.11
Kamboja,KHM,2011,1,2011-01,25.96,2.34
Kamboja,KHM,2011,2,2011-02,27.8,24.59
Kamboja,KHM,2011,3,2011-03,27.87,77.99
Kamboja,KHM,2011,4,2011-04,28.74,146.42
Kamboja,KHM,2011,5,2011-05,28.35,245.12
Kamboja,KHM,2011,6,2011-06,27.6,225.3
Kamboja,KHM,2011,7,2011-07,27.3,238.52
Kamboja,KHM,2011,8,2011-08,27.13,265.57
Kamboja,KHM,2011,9,2011-09,26.48,345.62
Kamboja,KHM,2011,10,2011-10,26.63,214.27
Kamboja,KHM,2011,11,2011-11,27,54.1
Kamboja,KHM,2011,12,2011-12,25.63,22.05
Kamboja,KHM,2012,1,2012-01,27.2,50.62
Kamboja,KHM,2012,2,2012-02,28.64,42.63
Kamboja,KHM,2012,3,2012-03,29.42,70.95
Kamboja,KHM,2012,4,2012-04,28.89,151.84
Kamboja,KHM,2012,5,2012-05,28.33,224.62
Kamboja,KHM,2012,6,2012-06,28.13,186.47
Kamboja,KHM,2012,7,2012-07,27.44,214.6
Kamboja,KHM,2012,8,2012-08,27.77,199.93
Kamboja,KHM,2012,9,2012-09,26.6,420.42
Kamboja,KHM,2012,10,2012-10,27.24,164.42
Kamboja,KHM,2012,11,2012-11,27.5,112.88
Kamboja,KHM,2012,12,2012-12,27.49,6.73
Kamboja,KHM,2013,1,2013-01,26.72,14.68
Kamboja,KHM,2013,2,2013-02,29.17,9.86
Kamboja,KHM,2013,3,2013-03,30.21,48.22
Kamboja,KHM,2013,4,2013-04,29.62,151.68
Kamboja,KHM,2013,5,2013-05,29,216.89
Kamboja,KHM,2013,6,2013-06,27.87,271.83
Kamboja,KHM,2013,7,2013-07,26.99,315.25
Kamboja,KHM,2013,8,2013-08,27.2,244.78
Kamboja,KHM,2013,9,2013-09,26.67,368.01
Kamboja,KHM,2013,10,2013-10,26.69,212.86
Kamboja,KHM,2013,11,2013-11,26.85,124.45
Kamboja,KHM,2013,12,2013-12,24,29.42
Kamboja,KHM,2014,1,2014-01,24.22,0.5
Kamboja,KHM,2014,2,2014-02,27.04,8.01
Kamboja,KHM,2014,3,2014-03,29.96,25.72
Kamboja,KHM,2014,4,2014-04,28.67,155.71
Kamboja,KHM,2014,5,2014-05,29.45,132.54
Kamboja,KHM,2014,6,2014-06,28.2,237.65
Kamboja,KHM,2014,7,2014-07,27.42,318.48
Kamboja,KHM,2014,8,2014-08,27.47,229.47
Kamboja,KHM,2014,9,2014-09,27.21,249.17
Kamboja,KHM,2014,10,2014-10,27.13,219.45
Kamboja,KHM,2014,11,2014-11,27.88,49.43
Kamboja,KHM,2014,12,2014-12,26.04,39.29
Kamboja,KHM,2015,1,2015-01,25.39,5.64
Kamboja,KHM,2015,2,2015-02,26.93,14.88
Kamboja,KHM,2015,3,2015-03,29.65,26.26
Kamboja,KHM,2015,4,2015-04,29.87,79.38
Kamboja,KHM,2015,5,2015-05,29.78,120.65
Kamboja,KHM,2015,6,2015-06,28.55,205.41
Kamboja,KHM,2015,7,2015-07,28.15,208.98
Kamboja,KHM,2015,8,2015-08,27.84,260.66
Kamboja,KHM,2015,9,2015-09,27.54,277.29
Kamboja,KHM,2015,10,2015-10,27.43,194.49
Kamboja,KHM,2015,11,2015-11,28.16,66.47
Kamboja,KHM,2015,12,2015-12,27.91,16.07
Kamboja,KHM,2016,1,2016-01,27.67,26.4
Kamboja,KHM,2016,2,2016-02,27.13,2.38
Kamboja,KHM,2016,3,2016-03,29.86,9.66
Kamboja,KHM,2016,4,2016-04,31.47,29.77
Kamboja,KHM,2016,5,2016-05,29.89,187.41
Kamboja,KHM,2016,6,2016-06,28.29,257.24
Kamboja,KHM,2016,7,2016-07,27.56,267.61
Kamboja,KHM,2016,8,2016-08,28.01,253.33
Kamboja,KHM,2016,9,2016-09,27.34,330.16
Kamboja,KHM,2016,10,2016-10,27.02,307.98
Kamboja,KHM,2016,11,2016-11,27.31,123.07
Kamboja,KHM,2016,12,2016-12,25.94,99.53
Kamboja,KHM,2017,1,2017-01,27.06,32.41
Kamboja,KHM,2017,2,2017-02,27.59,20.51
Kamboja,KHM,2017,3,2017-03,28.64,120.83
Kamboja,KHM,2017,4,2017-04,28.93,120.55
Kamboja,KHM,2017,5,2017-05,28.25,280.27
Kamboja,KHM,2017,6,2017-06,28.18,195.42
Kamboja,KHM,2017,7,2017-07,27.21,319.3
Kamboja,KHM,2017,8,2017-08,27.77,255.57
Kamboja,KHM,2017,9,2017-09,27.93,218.67
Kamboja,KHM,2017,10,2017-10,27.19,236.17
Kamboja,KHM,2017,11,2017-11,26.81,140.66
Kamboja,KHM,2017,12,2017-12,25.52,37.15
Kamboja,KHM,2018,1,2018-01,26.96,47.83
Kamboja,KHM,2018,2,2018-02,27.12,14.36
Kamboja,KHM,2018,3,2018-03,28.33,72.08
Kamboja,KHM,2018,4,2018-04,29.08,106.2
Kamboja,KHM,2018,5,2018-05,28.24,224.26
Kamboja,KHM,2018,6,2018-06,27.55,238.2
Kamboja,KHM,2018,7,2018-07,27.45,300.11
Kamboja,KHM,2018,8,2018-08,27.07,314.12
Kamboja,KHM,2018,9,2018-09,27.17,268.23
Kamboja,KHM,2018,10,2018-10,27.78,164.44
Kamboja,KHM,2018,11,2018-11,28.07,72.03
Kamboja,KHM,2018,12,2018-12,28.23,35.12
Kamboja,KHM,2019,1,2019-01,27.78,9.7
Kamboja,KHM,2019,2,2019-02,29.49,6.41
Kamboja,KHM,2019,3,2019-03,30.01,56.26
Kamboja,KHM,2019,4,2019-04,30.33,83.1
Kamboja,KHM,2019,5,2019-05,29.17,187.08
Kamboja,KHM,2019,6,2019-06,28.75,177.26
Kamboja,KHM,2019,7,2019-07,28.13,193.25
Kamboja,KHM,2019,8,2019-08,27.56,269.46
Kamboja,KHM,2019,9,2019-09,26.91,394.76
Kamboja,KHM,2019,10,2019-10,27.53,118.98
Kamboja,KHM,2019,11,2019-11,26.25,67.98
Kamboja,KHM,2019,12,2019-12,25.35,2.47
Kamboja,KHM,2020,1,2020-01,26.68,4.8
Kamboja,KHM,2020,2,2020-02,27.13,4.11
Kamboja,KHM,2020,3,2020-03,29.66,16.64
Kamboja,KHM,2020,4,2020-04,29.66,78.31
Kamboja,KHM,2020,5,2020-05,30.03,124.24
Kamboja,KHM,2020,6,2020-06,28.35,233.15
Kamboja,KHM,2020,7,2020-07,28.08,219.03
Kamboja,KHM,2020,8,2020-08,27.66,212.65
Kamboja,KHM,2020,9,2020-09,27.44,291.01
Kamboja,KHM,2020,10,2020-10,25.88,365.1
Kamboja,KHM,2020,11,2020-11,26.37,80.23
Kamboja,KHM,2020,12,2020-12,25.9,21.28
Kamboja,KHM,2021,1,2021-01,25.05,3.88
Kamboja,KHM,2021,2,2021-02,26.31,9.95
Kamboja,KHM,2021,3,2021-03,29.12,20.2
Kamboja,KHM,2021,4,2021-04,28.64,136.14
Kamboja,KHM,2021,5,2021-05,29.01,168.86
Kamboja,KHM,2021,6,2021-06,28.55,137.7
Kamboja,KHM,2021,7,2021-07,27.89,253.86
Kamboja,KHM,2021,8,2021-08,27.92,248.78
Kamboja,KHM,2021,9,2021-09,26.76,371.77
Kamboja,KHM,2021,10,2021-10,26.51,321.23
Kamboja,KHM,2021,11,2021-11,26.67,126.4
Kamboja,KHM,2021,12,2021-12,25.29,27.64
Kamboja,KHM,2022,1,2022-01,26.65,6.7
Kamboja,KHM,2022,2,2022-02,27.59,50.03
Kamboja,KHM,2022,3,2022-03,28.77,117.57
Kamboja,KHM,2022,4,2022-04,28.48,131.46
Kamboja,KHM,2022,5,2022-05,27.78,285.95
Kamboja,KHM,2022,6,2022-06,28.54,170.2
Kamboja,KHM,2022,7,2022-07,27.37,328.63
Kamboja,KHM,2022,8,2022-08,27.13,287.99
Kamboja,KHM,2022,9,2022-09,26.66,387.25
Kamboja,KHM,2022,10,2022-10,26.56,235.89
Kamboja,KHM,2022,11,2022-11,27.08,128.16
Kamboja,KHM,2022,12,2022-12,25.27,20.63
Kamboja,KHM,2023,1,2023-01,25,72.25
Kamboja,KHM,2023,2,2023-02,27.33,18.73
Kamboja,KHM,2023,3,2023-03,28.4,16.57
Kamboja,KHM,2023,4,2023-04,29.97,85.65
Kamboja,KHM,2023,5,2023-05,29.46,168.95
Kamboja,KHM,2023,6,2023-06,28.27,242.62
Kamboja,KHM,2023,7,2023-07,27.81,339.37
Kamboja,KHM,2023,8,2023-08,28.25,239.98
Kamboja,KHM,2023,9,2023-09,27.25,327.18
Kamboja,KHM,2023,10,2023-10,27.4,298.92
Kamboja,KHM,2023,11,2023-11,26.93,102.25
Kamboja,KHM,2023,12,2023-12,26.84,22.57
Kamboja,KHM,2024,1,2024-01,26.73,2.55
Kamboja,KHM,2024,2,2024-02,28.5,12.03
Kamboja,KHM,2024,3,2024-03,29.97,26.73
Kamboja,KHM,2024,4,2024-04,32.25,11.92
Kamboja,KHM,2024,5,2024-05,30.02,187.37
Kamboja,KHM,2024,6,2024-06,28.89,218.01
Kamboja,KHM,2024,7,2024-07,27.37,359.41
Kamboja,KHM,2024,8,2024-08,28.47,201.36
Kamboja,KHM,2024,9,2024-09,27.44,345
Kamboja,KHM,2024,10,2024-10,27.12,269.04
Kamboja,KHM,2024,11,2024-11,27.24,59.25
Kamboja,KHM,2024,12,2024-12,25.82,33.33
Laos,LAO,1950,1,1950-01,19.17,4.74
Laos,LAO,1950,2,1950-02,20.16,8.45
Laos,LAO,1950,3,1950-03,23.27,68.53
Laos,LAO,1950,4,1950-04,25.06,73.39
Laos,LAO,1950,5,1950-05,24.66,204.61
Laos,LAO,1950,6,1950-06,23.89,297.66
Laos,LAO,1950,7,1950-07,23.76,247.68
Laos,LAO,1950,8,1950-08,23.31,259.42
Laos,LAO,1950,9,1950-09,23.42,276.69
Laos,LAO,1950,10,1950-10,22.06,214.13
Laos,LAO,1950,11,1950-11,20.59,71.2
Laos,LAO,1950,12,1950-12,16.96,10.48
Laos,LAO,1951,1,1951-01,17.87,35.04
Laos,LAO,1951,2,1951-02,20.31,10.3
Laos,LAO,1951,3,1951-03,22.7,54.99
Laos,LAO,1951,4,1951-04,24.61,96.24
Laos,LAO,1951,5,1951-05,23.99,223.92
Laos,LAO,1951,6,1951-06,23.57,297.02
Laos,LAO,1951,7,1951-07,23.81,188.71
Laos,LAO,1951,8,1951-08,23.79,330.43
Laos,LAO,1951,9,1951-09,23.49,308.91
Laos,LAO,1951,10,1951-10,22.13,245.14
Laos,LAO,1951,11,1951-11,20.97,73.56
Laos,LAO,1951,12,1951-12,18.14,22.55
Laos,LAO,1952,1,1952-01,18.99,5.32
Laos,LAO,1952,2,1952-02,21.55,32.86
Laos,LAO,1952,3,1952-03,22.49,185.35
Laos,LAO,1952,4,1952-04,24.33,81.45
Laos,LAO,1952,5,1952-05,24.87,205.68
Laos,LAO,1952,6,1952-06,24.38,280.09
Laos,LAO,1952,7,1952-07,23.9,239.57
Laos,LAO,1952,8,1952-08,23.35,435.36
Laos,LAO,1952,9,1952-09,23.01,357.23
Laos,LAO,1952,10,1952-10,22.71,150.65
Laos,LAO,1952,11,1952-11,20.75,29.86
Laos,LAO,1952,12,1952-12,16.59,84.5
Laos,LAO,1953,1,1953-01,18.11,186.32
Laos,LAO,1953,2,1953-02,19.04,142.6
Laos,LAO,1953,3,1953-03,22.04,148.9
Laos,LAO,1953,4,1953-04,22.7,202.5
Laos,LAO,1953,5,1953-05,24.25,158.47
Laos,LAO,1953,6,1953-06,24.69,190.09
Laos,LAO,1953,7,1953-07,24.73,110.77
Laos,LAO,1953,8,1953-08,24.23,243.68
Laos,LAO,1953,9,1953-09,23.33,207.65
Laos,LAO,1953,10,1953-10,23.12,82.35
Laos,LAO,1953,11,1953-11,20.36,143.25
Laos,LAO,1953,12,1953-12,17.82,41.08
Laos,LAO,1954,1,1954-01,19.76,11.69
Laos,LAO,1954,2,1954-02,20.72,14.06
Laos,LAO,1954,3,1954-03,21.68,44.85
Laos,LAO,1954,4,1954-04,25.3,90.51
Laos,LAO,1954,5,1954-05,24.64,179.97
Laos,LAO,1954,6,1954-06,25.14,113.73
Laos,LAO,1954,7,1954-07,24.89,143.44
Laos,LAO,1954,8,1954-08,23.87,286.25
Laos,LAO,1954,9,1954-09,23.34,341.84
Laos,LAO,1954,10,1954-10,21.99,121.84
Laos,LAO,1954,11,1954-11,20.16,5.88
Laos,LAO,1954,12,1954-12,17.27,18.92
Laos,LAO,1955,1,1955-01,16.25,9.02
Laos,LAO,1955,2,1955-02,21.06,5.3
Laos,LAO,1955,3,1955-03,23.33,66.83
Laos,LAO,1955,4,1955-04,24.08,120.49
Laos,LAO,1955,5,1955-05,25.08,223.52
Laos,LAO,1955,6,1955-06,24.19,313.48
Laos,LAO,1955,7,1955-07,24.05,276.77
Laos,LAO,1955,8,1955-08,23.47,326.26
Laos,LAO,1955,9,1955-09,23.69,217.66
Laos,LAO,1955,10,1955-10,22.18,59.06
Laos,LAO,1955,11,1955-11,19.13,59.92
Laos,LAO,1955,12,1955-12,17.19,2.3
Laos,LAO,1956,1,1956-01,16.86,5.47
Laos,LAO,1956,2,1956-02,21.34,31.58
Laos,LAO,1956,3,1956-03,24.12,38.28
Laos,LAO,1956,4,1956-04,25.02,118.94
Laos,LAO,1956,5,1956-05,23.93,265.87
Laos,LAO,1956,6,1956-06,24.36,241.13
Laos,LAO,1956,7,1956-07,23.87,275.71
Laos,LAO,1956,8,1956-08,23.6,448.38
Laos,LAO,1956,9,1956-09,23.57,287.99
Laos,LAO,1956,10,1956-10,22.13,65.73
Laos,LAO,1956,11,1956-11,18.86,40.01
Laos,LAO,1956,12,1956-12,17.26,16.95
Laos,LAO,1957,1,1957-01,18.83,6.77
Laos,LAO,1957,2,1957-02,19.35,16.22
Laos,LAO,1957,3,1957-03,22.5,79.67
Laos,LAO,1957,4,1957-04,25.02,91.7
Laos,LAO,1957,5,1957-05,25.51,193.34
Laos,LAO,1957,6,1957-06,24.46,344.7
Laos,LAO,1957,7,1957-07,24.37,368.22
Laos,LAO,1957,8,1957-08,24.4,451.32
Laos,LAO,1957,9,1957-09,24.01,359.92
Laos,LAO,1957,10,1957-10,22.14,161.3
Laos,LAO,1957,11,1957-11,21.06,30.98
Laos,LAO,1957,12,1957-12,19.26,6.87
Laos,LAO,1958,1,1958-01,18.15,47.79
Laos,LAO,1958,2,1958-02,18.63,25.14
Laos,LAO,1958,3,1958-03,24.54,17.34
Laos,LAO,1958,4,1958-04,26.09,50.69
Laos,LAO,1958,5,1958-05,25.83,177.16
Laos,LAO,1958,6,1958-06,24.7,449.8
Laos,LAO,1958,7,1958-07,24.05,407.49
Laos,LAO,1958,8,1958-08,24.21,253.32
Laos,LAO,1958,9,1958-09,23.41,332.86
Laos,LAO,1958,10,1958-10,22.16,94.21
Laos,LAO,1958,11,1958-11,19.51,7.16
Laos,LAO,1958,12,1958-12,17.06,1.45
Laos,LAO,1959,1,1959-01,17.76,10.73
Laos,LAO,1959,2,1959-02,20.66,27.46
Laos,LAO,1959,3,1959-03,21.43,65.3
Laos,LAO,1959,4,1959-04,25,111.48
Laos,LAO,1959,5,1959-05,24.67,212.02
Laos,LAO,1959,6,1959-06,25.59,167.59
Laos,LAO,1959,7,1959-07,24.04,325.92
Laos,LAO,1959,8,1959-08,23.89,417.4
Laos,LAO,1959,9,1959-09,23.13,314.12
Laos,LAO,1959,10,1959-10,22.54,62.51
Laos,LAO,1959,11,1959-11,21.46,13.65
Laos,LAO,1959,12,1959-12,20.15,19.43
Laos,LAO,1960,1,1960-01,18.4,28.07
Laos,LAO,1960,2,1960-02,19.64,13.89
Laos,LAO,1960,3,1960-03,23.72,70.88
Laos,LAO,1960,4,1960-04,25.07,59.09
Laos,LAO,1960,5,1960-05,25.07,209.14
Laos,LAO,1960,6,1960-06,25.15,300.27
Laos,LAO,1960,7,1960-07,23.97,307.62
Laos,LAO,1960,8,1960-08,24.34,453.6
Laos,LAO,1960,9,1960-09,23.67,313.89
Laos,LAO,1960,10,1960-10,22.46,183.37
Laos,LAO,1960,11,1960-11,21.55,53.28
Laos,LAO,1960,12,1960-12,17.57,11.26
Laos,LAO,1961,1,1961-01,17.38,6.23
Laos,LAO,1961,2,1961-02,20.2,36.12
Laos,LAO,1961,3,1961-03,22.56,79
Laos,LAO,1961,4,1961-04,23.98,145.84
Laos,LAO,1961,5,1961-05,24.73,258.59
Laos,LAO,1961,6,1961-06,24.17,389.49
Laos,LAO,1961,7,1961-07,24.56,278.88
Laos,LAO,1961,8,1961-08,23.89,404.67
Laos,LAO,1961,9,1961-09,23.25,442.18
Laos,LAO,1961,10,1961-10,22.88,169.63
Laos,LAO,1961,11,1961-11,20.86,29.58
Laos,LAO,1961,12,1961-12,19.19,28.86
Laos,LAO,1962,1,1962-01,16.09,13.96
Laos,LAO,1962,2,1962-02,19.09,15.87
Laos,LAO,1962,3,1962-03,21.71,52.27
Laos,LAO,1962,4,1962-04,24.06,164.78
Laos,LAO,1962,5,1962-05,25.11,205.32
Laos,LAO,1962,6,1962-06,24.5,328.35
Laos,LAO,1962,7,1962-07,24.58,303.76
Laos,LAO,1962,8,1962-08,23.93,302.5
Laos,LAO,1962,9,1962-09,23.65,319.1
Laos,LAO,1962,10,1962-10,22.6,95.48
Laos,LAO,1962,11,1962-11,20.5,13.37
Laos,LAO,1962,12,1962-12,17.4,5.1
Laos,LAO,1963,1,1963-01,15.05,4.92
Laos,LAO,1963,2,1963-02,18.41,14.37
Laos,LAO,1963,3,1963-03,21.53,81.84
Laos,LAO,1963,4,1963-04,24.13,72.04
Laos,LAO,1963,5,1963-05,24.75,196.14
Laos,LAO,1963,6,1963-06,24.32,408.08
Laos,LAO,1963,7,1963-07,23.95,430.42
Laos,LAO,1963,8,1963-08,24.05,356.83
Laos,LAO,1963,9,1963-09,24.16,297.53
Laos,LAO,1963,10,1963-10,22.51,199.93
Laos,LAO,1963,11,1963-11,21.58,69.16
Laos,LAO,1963,12,1963-12,17.93,13.99
Laos,LAO,1964,1,1964-01,19.16,14.11
Laos,LAO,1964,2,1964-02,19.36,10.85
Laos,LAO,1964,3,1964-03,22.4,66.14
Laos,LAO,1964,4,1964-04,24.54,115.58
Laos,LAO,1964,5,1964-05,24.57,251.1
Laos,LAO,1964,6,1964-06,24.53,274.73
Laos,LAO,1964,7,1964-07,24.34,297.3
Laos,LAO,1964,8,1964-08,24.02,353.56
Laos,LAO,1964,9,1964-09,23.69,401.53
Laos,LAO,1964,10,1964-10,23.01,212.25
Laos,LAO,1964,11,1964-11,19.1,58.9
Laos,LAO,1964,12,1964-12,16.73,22.77
Laos,LAO,1965,1,1965-01,17.15,9.16
Laos,LAO,1965,2,1965-02,20.9,36.17
Laos,LAO,1965,3,1965-03,22.35,51.94
Laos,LAO,1965,4,1965-04,24.6,153.8
Laos,LAO,1965,5,1965-05,24.43,279.46
Laos,LAO,1965,6,1965-06,23.63,448.64
Laos,LAO,1965,7,1965-07,24.16,315.54
Laos,LAO,1965,8,1965-08,23.82,289.36
Laos,LAO,1965,9,1965-09,23.46,222.08
Laos,LAO,1965,10,1965-10,22.85,142.29
Laos,LAO,1965,11,1965-11,20.47,32.12
Laos,LAO,1965,12,1965-12,19.05,28.01
Laos,LAO,1966,1,1966-01,19.72,24.62
Laos,LAO,1966,2,1966-02,21.36,30.39
Laos,LAO,1966,3,1966-03,23.73,65.07
Laos,LAO,1966,4,1966-04,24.98,105.08
Laos,LAO,1966,5,1966-05,23.87,348.52
Laos,LAO,1966,6,1966-06,24.01,277.45
Laos,LAO,1966,7,1966-07,23.98,337.38
Laos,LAO,1966,8,1966-08,23.13,388.37
Laos,LAO,1966,9,1966-09,22.66,144.31
Laos,LAO,1966,10,1966-10,22.9,96.08
Laos,LAO,1966,11,1966-11,20.92,26.29
Laos,LAO,1966,12,1966-12,19.9,14.96
Laos,LAO,1967,1,1967-01,16.91,12.07
Laos,LAO,1967,2,1967-02,18.58,15.32
Laos,LAO,1967,3,1967-03,22.91,18.5
Laos,LAO,1967,4,1967-04,24.02,157.53
Laos,LAO,1967,5,1967-05,24.96,146.94
Laos,LAO,1967,6,1967-06,24.5,250.23
Laos,LAO,1967,7,1967-07,24.57,284.97
Laos,LAO,1967,8,1967-08,24.31,314.95
Laos,LAO,1967,9,1967-09,23.12,360.1
Laos,LAO,1967,10,1967-10,22.15,59.59
Laos,LAO,1967,11,1967-11,20.82,52.2
Laos,LAO,1967,12,1967-12,17.25,12.63
Laos,LAO,1968,1,1968-01,18.29,15.03
Laos,LAO,1968,2,1968-02,17.87,39.83
Laos,LAO,1968,3,1968-03,22.78,57.29
Laos,LAO,1968,4,1968-04,23,174.88
Laos,LAO,1968,5,1968-05,24.56,190.99
Laos,LAO,1968,6,1968-06,24.39,296.65
Laos,LAO,1968,7,1968-07,25.04,218.5
Laos,LAO,1968,8,1968-08,24.38,409.02
Laos,LAO,1968,9,1968-09,23.8,377.9
Laos,LAO,1968,10,1968-10,22.66,94.94
Laos,LAO,1968,11,1968-11,21.59,40.4
Laos,LAO,1968,12,1968-12,20.33,4.19
Laos,LAO,1969,1,1969-01,20.05,23.91
Laos,LAO,1969,2,1969-02,20.35,7.95
Laos,LAO,1969,3,1969-03,23.36,62.08
Laos,LAO,1969,4,1969-04,25.03,87.9
Laos,LAO,1969,5,1969-05,25.71,233.38
Laos,LAO,1969,6,1969-06,24.92,328.8
Laos,LAO,1969,7,1969-07,24.35,411.8
Laos,LAO,1969,8,1969-08,24.15,303.23
Laos,LAO,1969,9,1969-09,24.06,280.9
Laos,LAO,1969,10,1969-10,23.18,87.16
Laos,LAO,1969,11,1969-11,19.42,30.89
Laos,LAO,1969,12,1969-12,17.24,9.86
Laos,LAO,1970,1,1970-01,18.23,16.54
Laos,LAO,1970,2,1970-02,20.75,15.86
Laos,LAO,1970,3,1970-03,23.68,37.63
Laos,LAO,1970,4,1970-04,24.25,118.46
Laos,LAO,1970,5,1970-05,25.04,255.27
Laos,LAO,1970,6,1970-06,24.51,387.79
Laos,LAO,1970,7,1970-07,24.34,263.1
Laos,LAO,1970,8,1970-08,23.98,382.77
Laos,LAO,1970,9,1970-09,23.58,286.5
Laos,LAO,1970,10,1970-10,22.51,82.93
Laos,LAO,1970,11,1970-11,20.37,22.68
Laos,LAO,1970,12,1970-12,19.27,46.36
Laos,LAO,1971,1,1971-01,16.55,17.65
Laos,LAO,1971,2,1971-02,18.9,28.78
Laos,LAO,1971,3,1971-03,22.44,39.24
Laos,LAO,1971,4,1971-04,24.65,112.23
Laos,LAO,1971,5,1971-05,24.61,243.44
Laos,LAO,1971,6,1971-06,24.31,338.95
Laos,LAO,1971,7,1971-07,23.86,478.03
Laos,LAO,1971,8,1971-08,23.42,398.71
Laos,LAO,1971,9,1971-09,23.82,235.6
Laos,LAO,1971,10,1971-10,21.31,141.47
Laos,LAO,1971,11,1971-11,18.7,32.86
Laos,LAO,1971,12,1971-12,18.02,29.89
Laos,LAO,1972,1,1972-01,17.25,6.58
Laos,LAO,1972,2,1972-02,20.07,27.73
Laos,LAO,1972,3,1972-03,21.67,79.31
Laos,LAO,1972,4,1972-04,23.05,153.17
Laos,LAO,1972,5,1972-05,25.41,187.12
Laos,LAO,1972,6,1972-06,24.81,352.54
Laos,LAO,1972,7,1972-07,24.36,464.48
Laos,LAO,1972,8,1972-08,23.49,508.9
Laos,LAO,1972,9,1972-09,24.13,246.13
Laos,LAO,1972,10,1972-10,23.48,184.94
Laos,LAO,1972,11,1972-11,21.59,88.97
Laos,LAO,1972,12,1972-12,18.66,20.28
Laos,LAO,1973,1,1973-01,18.9,7.22
Laos,LAO,1973,2,1973-02,22.41,9.48
Laos,LAO,1973,3,1973-03,23.87,85.63
Laos,LAO,1973,4,1973-04,26.11,96.8
Laos,LAO,1973,5,1973-05,25.12,255.82
Laos,LAO,1973,6,1973-06,25.26,288.3
Laos,LAO,1973,7,1973-07,24.57,399.07
Laos,LAO,1973,8,1973-08,24.08,500.13
Laos,LAO,1973,9,1973-09,23.83,357.54
Laos,LAO,1973,10,1973-10,22.45,114.47
Laos,LAO,1973,11,1973-11,19.57,61.03
Laos,LAO,1973,12,1973-12,16.42,5.66
Laos,LAO,1974,1,1974-01,17.32,14.05
Laos,LAO,1974,2,1974-02,18.72,11.46
Laos,LAO,1974,3,1974-03,21.52,78.74
Laos,LAO,1974,4,1974-04,23.58,171.62
Laos,LAO,1974,5,1974-05,24.64,222.6
Laos,LAO,1974,6,1974-06,24.37,327.99
Laos,LAO,1974,7,1974-07,24.23,311.21
Laos,LAO,1974,8,1974-08,23.95,538.46
Laos,LAO,1974,9,1974-09,23.94,247
Laos,LAO,1974,10,1974-10,22.69,183.44
Laos,LAO,1974,11,1974-11,20.62,59.09
Laos,LAO,1974,12,1974-12,18.82,17.27
Laos,LAO,1975,1,1975-01,18.53,73
Laos,LAO,1975,2,1975-02,20.41,27.78
Laos,LAO,1975,3,1975-03,23.14,82.4
Laos,LAO,1975,4,1975-04,25,71.17
Laos,LAO,1975,5,1975-05,24.41,284.9
Laos,LAO,1975,6,1975-06,24.51,356.6
Laos,LAO,1975,7,1975-07,24.2,274.34
Laos,LAO,1975,8,1975-08,23.55,503.23
Laos,LAO,1975,9,1975-09,23.87,291.79
Laos,LAO,1975,10,1975-10,22.64,201.93
Laos,LAO,1975,11,1975-11,19.73,69.44
Laos,LAO,1975,12,1975-12,15.04,16.39
Laos,LAO,1976,1,1976-01,16.52,14.19
Laos,LAO,1976,2,1976-02,19.98,37.53
Laos,LAO,1976,3,1976-03,21.9,72.06
Laos,LAO,1976,4,1976-04,23.66,142.14
Laos,LAO,1976,5,1976-05,24.14,251.14
Laos,LAO,1976,6,1976-06,24.53,319.77
Laos,LAO,1976,7,1976-07,24.27,357.4
Laos,LAO,1976,8,1976-08,23.52,349.33
Laos,LAO,1976,9,1976-09,23.89,315.66
Laos,LAO,1976,10,1976-10,22.99,147.72
Laos,LAO,1976,11,1976-11,19.25,40.33
Laos,LAO,1976,12,1976-12,18.52,10.32
Laos,LAO,1977,1,1977-01,17.65,27.39
Laos,LAO,1977,2,1977-02,17.59,10.46
Laos,LAO,1977,3,1977-03,21.94,48.96
Laos,LAO,1977,4,1977-04,23.58,146.39
Laos,LAO,1977,5,1977-05,24.82,209.39
Laos,LAO,1977,6,1977-06,25.76,219
Laos,LAO,1977,7,1977-07,24.25,444.52
Laos,LAO,1977,8,1977-08,24.45,371.39
Laos,LAO,1977,9,1977-09,23.59,356.46
Laos,LAO,1977,10,1977-10,22.9,126.74
Laos,LAO,1977,11,1977-11,19.43,34.32
Laos,LAO,1977,12,1977-12,18.86,25.3
Laos,LAO,1978,1,1978-01,18.29,33.22
Laos,LAO,1978,2,1978-02,19.45,40.85
Laos,LAO,1978,3,1978-03,23.16,81.65
Laos,LAO,1978,4,1978-04,24.07,175.88
Laos,LAO,1978,5,1978-05,24.76,291.28
Laos,LAO,1978,6,1978-06,24.87,373.75
Laos,LAO,1978,7,1978-07,24.2,362.32
Laos,LAO,1978,8,1978-08,24.15,518.17
Laos,LAO,1978,9,1978-09,23.37,422.54
Laos,LAO,1978,10,1978-10,22.32,129.4
Laos,LAO,1978,11,1978-11,20.53,27.78
Laos,LAO,1978,12,1978-12,18.76,10.43
Laos,LAO,1979,1,1979-01,19.93,16.56
Laos,LAO,1979,2,1979-02,21.3,50.45
Laos,LAO,1979,3,1979-03,24.19,31.95
Laos,LAO,1979,4,1979-04,25.01,170.42
Laos,LAO,1979,5,1979-05,24.68,352.53
Laos,LAO,1979,6,1979-06,24.72,362.24
Laos,LAO,1979,7,1979-07,25.5,235.77
Laos,LAO,1979,8,1979-08,24.32,440.08
Laos,LAO,1979,9,1979-09,24.1,287.17
Laos,LAO,1979,10,1979-10,21.85,53.46
Laos,LAO,1979,11,1979-11,19.39,8.38
Laos,LAO,1979,12,1979-12,18.43,4.57
Laos,LAO,1980,1,1980-01,18.82,5.5
Laos,LAO,1980,2,1980-02,19.89,21.35
Laos,LAO,1980,3,1980-03,24.1,62.08
Laos,LAO,1980,4,1980-04,25.32,92.8
Laos,LAO,1980,5,1980-05,25.19,254.49
Laos,LAO,1980,6,1980-06,24.74,375.71
Laos,LAO,1980,7,1980-07,24.81,375.34
Laos,LAO,1980,8,1980-08,24.66,366.1
Laos,LAO,1980,9,1980-09,23.82,357.24
Laos,LAO,1980,10,1980-10,23.3,130.93
Laos,LAO,1980,11,1980-11,21.07,39.81
Laos,LAO,1980,12,1980-12,19.05,23.52
Laos,LAO,1981,1,1981-01,18.26,14.36
Laos,LAO,1981,2,1981-02,21.41,18.99
Laos,LAO,1981,3,1981-03,23.91,60.76
Laos,LAO,1981,4,1981-04,24.46,162.68
Laos,LAO,1981,5,1981-05,24.46,313.02
Laos,LAO,1981,6,1981-06,24.41,448.08
Laos,LAO,1981,7,1981-07,24.24,511.91
Laos,LAO,1981,8,1981-08,24.59,422.25
Laos,LAO,1981,9,1981-09,24.48,219.68
Laos,LAO,1981,10,1981-10,22.9,250.92
Laos,LAO,1981,11,1981-11,21.12,98.05
Laos,LAO,1981,12,1981-12,16.83,10.25
Laos,LAO,1982,1,1982-01,18.09,14.67
Laos,LAO,1982,2,1982-02,20.62,28.11
Laos,LAO,1982,3,1982-03,24.25,55.5
Laos,LAO,1982,4,1982-04,23.09,153.94
Laos,LAO,1982,5,1982-05,25.08,200.64
Laos,LAO,1982,6,1982-06,25.02,338.85
Laos,LAO,1982,7,1982-07,24.75,340.83
Laos,LAO,1982,8,1982-08,24.02,447.33
Laos,LAO,1982,9,1982-09,23.69,390.99
Laos,LAO,1982,10,1982-10,23.25,135.31
Laos,LAO,1982,11,1982-11,21.61,55.24
Laos,LAO,1982,12,1982-12,16.64,6.91
Laos,LAO,1983,1,1983-01,16.87,56.3
Laos,LAO,1983,2,1983-02,20.5,45.01
Laos,LAO,1983,3,1983-03,22.43,46.46
Laos,LAO,1983,4,1983-04,25.82,93.2
Laos,LAO,1983,5,1983-05,25.55,215.41
Laos,LAO,1983,6,1983-06,25.72,294.13
Laos,LAO,1983,7,1983-07,25.46,301.98
Laos,LAO,1983,8,1983-08,24.68,378.75
Laos,LAO,1983,9,1983-09,24.39,224.66
Laos,LAO,1983,10,1983-10,23.16,248.06
Laos,LAO,1983,11,1983-11,19.32,45.65
Laos,LAO,1983,12,1983-12,17.01,20.64
Laos,LAO,1984,1,1984-01,17.36,4.73
Laos,LAO,1984,2,1984-02,20.63,22.43
Laos,LAO,1984,3,1984-03,22.96,41.03
Laos,LAO,1984,4,1984-04,25.35,178.96
Laos,LAO,1984,5,1984-05,24.15,273.35
Laos,LAO,1984,6,1984-06,24.86,335.73
Laos,LAO,1984,7,1984-07,24.24,299.35
Laos,LAO,1984,8,1984-08,24.03,480.01
Laos,LAO,1984,9,1984-09,23.89,221.82
Laos,LAO,1984,10,1984-10,22.21,162.02
Laos,LAO,1984,11,1984-11,20.87,60.37
Laos,LAO,1984,12,1984-12,18.67,5.29
Laos,LAO,1985,1,1985-01,18.69,23.65
Laos,LAO,1985,2,1985-02,20.95,49.55
Laos,LAO,1985,3,1985-03,22.02,42.1
Laos,LAO,1985,4,1985-04,23.99,161.51
Laos,LAO,1985,5,1985-05,24.95,202.8
Laos,LAO,1985,6,1985-06,24.6,382.23
Laos,LAO,1985,7,1985-07,24.22,274.31
Laos,LAO,1985,8,1985-08,23.82,404.57
Laos,LAO,1985,9,1985-09,23.85,259.8
Laos,LAO,1985,10,1985-10,22.86,146.44
Laos,LAO,1985,11,1985-11,21.46,81.11
Laos,LAO,1985,12,1985-12,17.9,8.6
Laos,LAO,1986,1,1986-01,17.75,5.02
Laos,LAO,1986,2,1986-02,20.47,12.14
Laos,LAO,1986,3,1986-03,22.14,23.82
Laos,LAO,1986,4,1986-04,24.82,161.07
Laos,LAO,1986,5,1986-05,24.47,362.73
Laos,LAO,1986,6,1986-06,24.8,338.34
Laos,LAO,1986,7,1986-07,24.27,383.98
Laos,LAO,1986,8,1986-08,24.64,365.84
Laos,LAO,1986,9,1986-09,23.88,232.49
Laos,LAO,1986,10,1986-10,22.84,169.88
Laos,LAO,1986,11,1986-11,20.46,43.37
Laos,LAO,1986,12,1986-12,18.67,49.24
Laos,LAO,1987,1,1987-01,19,11.27
Laos,LAO,1987,2,1987-02,20.92,21.96
Laos,LAO,1987,3,1987-03,23.29,61.9
Laos,LAO,1987,4,1987-04,24.9,107.99
Laos,LAO,1987,5,1987-05,25.8,180.29
Laos,LAO,1987,6,1987-06,25.37,319.2
Laos,LAO,1987,7,1987-07,24.61,336.62
Laos,LAO,1987,8,1987-08,24.73,459.07
Laos,LAO,1987,9,1987-09,24.41,276.31
Laos,LAO,1987,10,1987-10,23.75,102.97
Laos,LAO,1987,11,1987-11,22.11,85.18
Laos,LAO,1987,12,1987-12,16.08,4.48
Laos,LAO,1988,1,1988-01,19.91,10.24
Laos,LAO,1988,2,1988-02,21.62,27.92
Laos,LAO,1988,3,1988-03,23.78,22.59
Laos,LAO,1988,4,1988-04,24.71,146.97
Laos,LAO,1988,5,1988-05,25.48,270.24
Laos,LAO,1988,6,1988-06,25.18,267.38
Laos,LAO,1988,7,1988-07,24.95,280.39
Laos,LAO,1988,8,1988-08,24.31,347.03
Laos,LAO,1988,9,1988-09,24.36,166.45
Laos,LAO,1988,10,1988-10,22.45,269.25
Laos,LAO,1988,11,1988-11,19.29,22.52
Laos,LAO,1988,12,1988-12,17.85,5.22
Laos,LAO,1989,1,1989-01,18.7,29.57
Laos,LAO,1989,2,1989-02,20.15,7
Laos,LAO,1989,3,1989-03,21.78,103.17
Laos,LAO,1989,4,1989-04,24.98,99.78
Laos,LAO,1989,5,1989-05,24.92,324.29
Laos,LAO,1989,6,1989-06,24.83,306.19
Laos,LAO,1989,7,1989-07,24.85,345.93
Laos,LAO,1989,8,1989-08,24.45,333.3
Laos,LAO,1989,9,1989-09,24.3,262.63
Laos,LAO,1989,10,1989-10,22.9,184.36
Laos,LAO,1989,11,1989-11,20.78,18.7
Laos,LAO,1989,12,1989-12,18.12,6.53
Laos,LAO,1990,1,1990-01,19.75,16.11
Laos,LAO,1990,2,1990-02,20.65,67.84
Laos,LAO,1990,3,1990-03,22.07,111.58
Laos,LAO,1990,4,1990-04,25.32,74.85
Laos,LAO,1990,5,1990-05,24.59,298.17
Laos,LAO,1990,6,1990-06,24.71,377.6
Laos,LAO,1990,7,1990-07,24.22,378.48
Laos,LAO,1990,8,1990-08,24.87,340.99
Laos,LAO,1990,9,1990-09,24.26,249.29
Laos,LAO,1990,10,1990-10,23.08,159.28
Laos,LAO,1990,11,1990-11,21.1,67.44
Laos,LAO,1990,12,1990-12,18.52,8.34
Laos,LAO,1991,1,1991-01,20.08,12.93
Laos,LAO,1991,2,1991-02,20.66,5.4
Laos,LAO,1991,3,1991-03,24.53,62.16
Laos,LAO,1991,4,1991-04,25.19,79.99
Laos,LAO,1991,5,1991-05,25.39,183.86
Laos,LAO,1991,6,1991-06,24.89,351.74
Laos,LAO,1991,7,1991-07,24.69,336.54
Laos,LAO,1991,8,1991-08,24.3,433.17
Laos,LAO,1991,9,1991-09,24.51,262.64
Laos,LAO,1991,10,1991-10,22.95,144.69
Laos,LAO,1991,11,1991-11,20.42,25.74
Laos,LAO,1991,12,1991-12,18.82,36.27
Laos,LAO,1992,1,1992-01,17.14,46.03
Laos,LAO,1992,2,1992-02,19.67,42.57
Laos,LAO,1992,3,1992-03,23.54,14.84
Laos,LAO,1992,4,1992-04,25.68,56.67
Laos,LAO,1992,5,1992-05,25.7,192.16
Laos,LAO,1992,6,1992-06,25,344.18
Laos,LAO,1992,7,1992-07,24.48,390.12
Laos,LAO,1992,8,1992-08,24.74,352.91
Laos,LAO,1992,9,1992-09,24.18,269.41
Laos,LAO,1992,10,1992-10,21.61,116.87
Laos,LAO,1992,11,1992-11,19.17,18.77
Laos,LAO,1992,12,1992-12,18.52,42.3
Laos,LAO,1993,1,1993-01,17.36,11.48
Laos,LAO,1993,2,1993-02,19.91,12.59
Laos,LAO,1993,3,1993-03,22.86,56.18
Laos,LAO,1993,4,1993-04,24.63,115.54
Laos,LAO,1993,5,1993-05,24.76,245.6
Laos,LAO,1993,6,1993-06,25.29,296.08
Laos,LAO,1993,7,1993-07,25,325.55
Laos,LAO,1993,8,1993-08,24.16,366.42
Laos,LAO,1993,9,1993-09,24.17,261.49
Laos,LAO,1993,10,1993-10,22.51,89.78
Laos,LAO,1993,11,1993-11,20.97,14.63
Laos,LAO,1993,12,1993-12,17.69,11.87
Laos,LAO,1994,1,1994-01,19.66,3.44
Laos,LAO,1994,2,1994-02,21.93,47.49
Laos,LAO,1994,3,1994-03,21.52,116.83
Laos,LAO,1994,4,1994-04,25,98.97
Laos,LAO,1994,5,1994-05,25.26,261.03
Laos,LAO,1994,6,1994-06,24.47,430.91
Laos,LAO,1994,7,1994-07,24.41,480.07
Laos,LAO,1994,8,1994-08,24.01,406.82
Laos,LAO,1994,9,1994-09,24.13,298.82
Laos,LAO,1994,10,1994-10,22.04,87.74
Laos,LAO,1994,11,1994-11,20.75,36.52
Laos,LAO,1994,12,1994-12,19.56,34.95
Laos,LAO,1995,1,1995-01,18.74,22.43
Laos,LAO,1995,2,1995-02,19.43,9.89
Laos,LAO,1995,3,1995-03,23.41,47.29
Laos,LAO,1995,4,1995-04,25.46,91.7
Laos,LAO,1995,5,1995-05,25.03,267.26
Laos,LAO,1995,6,1995-06,25.36,330.79
Laos,LAO,1995,7,1995-07,24.38,401.88
Laos,LAO,1995,8,1995-08,24.25,446.43
Laos,LAO,1995,9,1995-09,24.39,219.55
Laos,LAO,1995,10,1995-10,23.51,128.32
Laos,LAO,1995,11,1995-11,20.39,59.15
Laos,LAO,1995,12,1995-12,17.46,9.62
Laos,LAO,1996,1,1996-01,18.71,4.56
Laos,LAO,1996,2,1996-02,18.31,31.09
Laos,LAO,1996,3,1996-03,23.54,64.41
Laos,LAO,1996,4,1996-04,23.32,174.44
Laos,LAO,1996,5,1996-05,24.87,223.39
Laos,LAO,1996,6,1996-06,24.99,228.92
Laos,LAO,1996,7,1996-07,24.59,339.81
Laos,LAO,1996,8,1996-08,24.22,375.23
Laos,LAO,1996,9,1996-09,23.95,407.94
Laos,LAO,1996,10,1996-10,23.28,119.29
Laos,LAO,1996,11,1996-11,21.41,103.91
Laos,LAO,1996,12,1996-12,18.22,11.49
Laos,LAO,1997,1,1997-01,18.52,10.46
Laos,LAO,1997,2,1997-02,19.91,25.13
Laos,LAO,1997,3,1997-03,22.89,86.39
Laos,LAO,1997,4,1997-04,23.2,148.14
Laos,LAO,1997,5,1997-05,25.33,195.53
Laos,LAO,1997,6,1997-06,25.26,274.44
Laos,LAO,1997,7,1997-07,24.3,468.37
Laos,LAO,1997,8,1997-08,24.39,409.02
Laos,LAO,1997,9,1997-09,23.55,260.32
Laos,LAO,1997,10,1997-10,23.57,118.49
Laos,LAO,1997,11,1997-11,21.94,16.69
Laos,LAO,1997,12,1997-12,20.57,10.86
Laos,LAO,1998,1,1998-01,20.72,9.17
Laos,LAO,1998,2,1998-02,21.72,20.3
Laos,LAO,1998,3,1998-03,24.61,41.94
Laos,LAO,1998,4,1998-04,25.44,101.25
Laos,LAO,1998,5,1998-05,26.04,227.27
Laos,LAO,1998,6,1998-06,25.85,269.16
Laos,LAO,1998,7,1998-07,25.32,215.02
Laos,LAO,1998,8,1998-08,25.1,244.15
Laos,LAO,1998,9,1998-09,24.24,267.45
Laos,LAO,1998,10,1998-10,23.57,91.75
Laos,LAO,1998,11,1998-11,21.5,70.16
Laos,LAO,1998,12,1998-12,19.41,23.16
Laos,LAO,1999,1,1999-01,19.18,22.36
Laos,LAO,1999,2,1999-02,21.28,8.26
Laos,LAO,1999,3,1999-03,24.07,50.8
Laos,LAO,1999,4,1999-04,24.62,181.52
Laos,LAO,1999,5,1999-05,23.9,301.16
Laos,LAO,1999,6,1999-06,24.99,239.72
Laos,LAO,1999,7,1999-07,25.03,308.05
Laos,LAO,1999,8,1999-08,24.18,299.29
Laos,LAO,1999,9,1999-09,23.98,251.98
Laos,LAO,1999,10,1999-10,23.28,138.59
Laos,LAO,1999,11,1999-11,21.13,81.3
Laos,LAO,1999,12,1999-12,15.86,36.05
Laos,LAO,2000,1,2000-01,19.22,11.4
Laos,LAO,2000,2,2000-02,19.74,59.36
Laos,LAO,2000,3,2000-03,22.94,30.31
Laos,LAO,2000,4,2000-04,24.54,158.23
Laos,LAO,2000,5,2000-05,24.28,308.63
Laos,LAO,2000,6,2000-06,24.74,301.67
Laos,LAO,2000,7,2000-07,24.61,364.5
Laos,LAO,2000,8,2000-08,24.66,355.36
Laos,LAO,2000,9,2000-09,23.64,278.4
Laos,LAO,2000,10,2000-10,23.3,139.63
Laos,LAO,2000,11,2000-11,20.38,24.25
Laos,LAO,2000,12,2000-12,19.69,17.92
Laos,LAO,2001,1,2001-01,20.35,15.62
Laos,LAO,2001,2,2001-02,21.07,12.24
Laos,LAO,2001,3,2001-03,22.76,130.25
Laos,LAO,2001,4,2001-04,26.04,62.45
Laos,LAO,2001,5,2001-05,24.4,350.73
Laos,LAO,2001,6,2001-06,24.87,284.11
Laos,LAO,2001,7,2001-07,24.46,346.86
Laos,LAO,2001,8,2001-08,24.71,389.09
Laos,LAO,2001,9,2001-09,24.4,254.54
Laos,LAO,2001,10,2001-10,23.85,141.34
Laos,LAO,2001,11,2001-11,19.4,26.49
Laos,LAO,2001,12,2001-12,19.21,19.71
Laos,LAO,2002,1,2002-01,18.56,20.85
Laos,LAO,2002,2,2002-02,21.28,12.09
Laos,LAO,2002,3,2002-03,23.52,56.67
Laos,LAO,2002,4,2002-04,25.51,68.69
Laos,LAO,2002,5,2002-05,24.97,354.78
Laos,LAO,2002,6,2002-06,25.12,330.98
Laos,LAO,2002,7,2002-07,24.55,492.52
Laos,LAO,2002,8,2002-08,24.26,404
Laos,LAO,2002,9,2002-09,23.96,266.86
Laos,LAO,2002,10,2002-10,23.23,117.92
Laos,LAO,2002,11,2002-11,21.16,48.96
Laos,LAO,2002,12,2002-12,20.22,46.54
Laos,LAO,2003,1,2003-01,18.21,29.5
Laos,LAO,2003,2,2003-02,21.35,35.4
Laos,LAO,2003,3,2003-03,22.66,80.04
Laos,LAO,2003,4,2003-04,25.48,91.91
Laos,LAO,2003,5,2003-05,26.07,230.2
Laos,LAO,2003,6,2003-06,25.32,271.17
Laos,LAO,2003,7,2003-07,25.35,262.62
Laos,LAO,2003,8,2003-08,24.85,341.63
Laos,LAO,2003,9,2003-09,24.39,314.02
Laos,LAO,2003,10,2003-10,23.64,64.07
Laos,LAO,2003,11,2003-11,21.63,13.15
Laos,LAO,2003,12,2003-12,18.26,9.64
Laos,LAO,2004,1,2004-01,18.9,19.09
Laos,LAO,2004,2,2004-02,19.68,32.59
Laos,LAO,2004,3,2004-03,23.49,45.38
Laos,LAO,2004,4,2004-04,24.35,173.16
Laos,LAO,2004,5,2004-05,24.89,319.21
Laos,LAO,2004,6,2004-06,25.2,243.67
Laos,LAO,2004,7,2004-07,24.37,355.83
Laos,LAO,2004,8,2004-08,24.77,339.13
Laos,LAO,2004,9,2004-09,24.07,257.26
Laos,LAO,2004,10,2004-10,22.84,36.81
Laos,LAO,2004,11,2004-11,21.43,33.86
Laos,LAO,2004,12,2004-12,17.98,3.13
Laos,LAO,2005,1,2005-01,18.86,9.03
Laos,LAO,2005,2,2005-02,22.35,10.49
Laos,LAO,2005,3,2005-03,22.14,53.71
Laos,LAO,2005,4,2005-04,24.91,83.11
Laos,LAO,2005,5,2005-05,25.69,178.54
Laos,LAO,2005,6,2005-06,25.26,315.14
Laos,LAO,2005,7,2005-07,24.98,402.69
Laos,LAO,2005,8,2005-08,24.29,462.55
Laos,LAO,2005,9,2005-09,24.52,317.56
Laos,LAO,2005,10,2005-10,23.65,74.95
Laos,LAO,2005,11,2005-11,21.83,49.14
Laos,LAO,2005,12,2005-12,18.18,23.86
Laos,LAO,2006,1,2006-01,19.26,3.02
Laos,LAO,2006,2,2006-02,21.52,22.09
Laos,LAO,2006,3,2006-03,23.49,54.62
Laos,LAO,2006,4,2006-04,24.78,125.6
Laos,LAO,2006,5,2006-05,24.67,210.41
Laos,LAO,2006,6,2006-06,25.86,209.51
Laos,LAO,2006,7,2006-07,24.72,406.98
Laos,LAO,2006,8,2006-08,24.37,471.27
Laos,LAO,2006,9,2006-09,24.31,218.74
Laos,LAO,2006,10,2006-10,23.72,165.48
Laos,LAO,2006,11,2006-11,22.57,14.21
Laos,LAO,2006,12,2006-12,19.03,9.65
Laos,LAO,2007,1,2007-01,18.36,7.88
Laos,LAO,2007,2,2007-02,21.43,22.5
Laos,LAO,2007,3,2007-03,23.83,47.17
Laos,LAO,2007,4,2007-04,24.48,114.46
Laos,LAO,2007,5,2007-05,25.06,239.1
Laos,LAO,2007,6,2007-06,26.04,240.99
Laos,LAO,2007,7,2007-07,25.31,273.75
Laos,LAO,2007,8,2007-08,24.88,379.04
Laos,LAO,2007,9,2007-09,24.3,260.24
Laos,LAO,2007,10,2007-10,22.86,271.76
Laos,LAO,2007,11,2007-11,19.52,53.07
Laos,LAO,2007,12,2007-12,20.11,9.31
Laos,LAO,2008,1,2008-01,18.7,38.89
Laos,LAO,2008,2,2008-02,17.35,31.09
Laos,LAO,2008,3,2008-03,22.24,67.48
Laos,LAO,2008,4,2008-04,24.89,113.03
Laos,LAO,2008,5,2008-05,24.46,269.88
Laos,LAO,2008,6,2008-06,24.85,330.2
Laos,LAO,2008,7,2008-07,24.61,381.54
Laos,LAO,2008,8,2008-08,24.68,334.75
Laos,LAO,2008,9,2008-09,24.54,278.57
Laos,LAO,2008,10,2008-10,23.93,164.67
Laos,LAO,2008,11,2008-11,20.28,71.61
Laos,LAO,2008,12,2008-12,17.84,17.63
Laos,LAO,2009,1,2009-01,17.06,4.72
Laos,LAO,2009,2,2009-02,22.55,10.55
Laos,LAO,2009,3,2009-03,23.39,71.63
Laos,LAO,2009,4,2009-04,24.63,139.39
Laos,LAO,2009,5,2009-05,25.07,242.97
Laos,LAO,2009,6,2009-06,25.35,251.63
Laos,LAO,2009,7,2009-07,24.9,416.4
Laos,LAO,2009,8,2009-08,25.16,298.48
Laos,LAO,2009,9,2009-09,24.74,314.46
Laos,LAO,2009,10,2009-10,24.07,109.62
Laos,LAO,2009,11,2009-11,20.76,18.87
Laos,LAO,2009,12,2009-12,19.38,8.84
Laos,LAO,2010,1,2010-01,20.04,56.06
Laos,LAO,2010,2,2010-02,21.89,17.81
Laos,LAO,2010,3,2010-03,23.28,21.64
Laos,LAO,2010,4,2010-04,25.95,98.3
Laos,LAO,2010,5,2010-05,26.5,193.26
Laos,LAO,2010,6,2010-06,26.37,216.85
Laos,LAO,2010,7,2010-07,25.66,335.47
Laos,LAO,2010,8,2010-08,24.69,443.15
Laos,LAO,2010,9,2010-09,24.92,253.57
Laos,LAO,2010,10,2010-10,23.12,201.69
Laos,LAO,2010,11,2010-11,20.75,43.48
Laos,LAO,2010,12,2010-12,19.72,27.09
Laos,LAO,2011,1,2011-01,17.08,14.15
Laos,LAO,2011,2,2011-02,20.6,13.56
Laos,LAO,2011,3,2011-03,20.39,80.62
Laos,LAO,2011,4,2011-04,24.04,116.6
Laos,LAO,2011,5,2011-05,24.99,254.19
Laos,LAO,2011,6,2011-06,25.26,373.73
Laos,LAO,2011,7,2011-07,25.06,369.57
Laos,LAO,2011,8,2011-08,24.7,338.66
Laos,LAO,2011,9,2011-09,24.23,389.8
Laos,LAO,2011,10,2011-10,23.11,141.74
Laos,LAO,2011,11,2011-11,21.3,42.48
Laos,LAO,2011,12,2011-12,17.79,11.13
Laos,LAO,2012,1,2012-01,19.08,36.35
Laos,LAO,2012,2,2012-02,21.3,12.87
Laos,LAO,2012,3,2012-03,23.02,45.31
Laos,LAO,2012,4,2012-04,25.07,124.16
Laos,LAO,2012,5,2012-05,25.55,288.93
Laos,LAO,2012,6,2012-06,25.55,287.67
Laos,LAO,2012,7,2012-07,24.79,354.61
Laos,LAO,2012,8,2012-08,24.78,345.9
Laos,LAO,2012,9,2012-09,24.68,212.4
Laos,LAO,2012,10,2012-10,24.06,72.95
Laos,LAO,2012,11,2012-11,23.52,63.92
Laos,LAO,2012,12,2012-12,20.69,20.75
Laos,LAO,2013,1,2013-01,19.02,21.81
Laos,LAO,2013,2,2013-02,22.59,13.04
Laos,LAO,2013,3,2013-03,24.04,46.35
Laos,LAO,2013,4,2013-04,25.36,107.28
Laos,LAO,2013,5,2013-05,25.59,214.29
Laos,LAO,2013,6,2013-06,25.46,272.12
Laos,LAO,2013,7,2013-07,24.77,427.24
Laos,LAO,2013,8,2013-08,24.87,342.89
Laos,LAO,2013,9,2013-09,24.27,368.64
Laos,LAO,2013,10,2013-10,22.9,127.92
Laos,LAO,2013,11,2013-11,21.8,56.6
Laos,LAO,2013,12,2013-12,16.32,61.38
Laos,LAO,2014,1,2014-01,17.16,3.51
Laos,LAO,2014,2,2014-02,20.42,8.34
Laos,LAO,2014,3,2014-03,23.9,32.77
Laos,LAO,2014,4,2014-04,25.25,150.14
Laos,LAO,2014,5,2014-05,26.14,162.7
Laos,LAO,2014,6,2014-06,25.72,347.32
Laos,LAO,2014,7,2014-07,24.97,413.45
Laos,LAO,2014,8,2014-08,24.92,349.81
Laos,LAO,2014,9,2014-09,25,242.76
Laos,LAO,2014,10,2014-10,23.76,78.64
Laos,LAO,2014,11,2014-11,22.49,43.42
Laos,LAO,2014,12,2014-12,18.6,15.32
Laos,LAO,2015,1,2015-01,17.78,34.82
Laos,LAO,2015,2,2015-02,20.58,20.88
Laos,LAO,2015,3,2015-03,24.22,53.41
Laos,LAO,2015,4,2015-04,25.04,90.83
Laos,LAO,2015,5,2015-05,26.65,151.07
Laos,LAO,2015,6,2015-06,26.37,209.18
Laos,LAO,2015,7,2015-07,25.24,435.8
Laos,LAO,2015,8,2015-08,25.38,397.2
Laos,LAO,2015,9,2015-09,25.32,238.1
Laos,LAO,2015,10,2015-10,23.76,139.27
Laos,LAO,2015,11,2015-11,23.26,52.78
Laos,LAO,2015,12,2015-12,20.16,51.34
Laos,LAO,2016,1,2016-01,18.86,55.6
Laos,LAO,2016,2,2016-02,18.38,11.26
Laos,LAO,2016,3,2016-03,23.59,12.32
Laos,LAO,2016,4,2016-04,26.83,53.14
Laos,LAO,2016,5,2016-05,26.29,218.63
Laos,LAO,2016,6,2016-06,26.06,268.19
Laos,LAO,2016,7,2016-07,25.42,277.95
Laos,LAO,2016,8,2016-08,25.4,416.21
Laos,LAO,2016,9,2016-09,25.07,314.77
Laos,LAO,2016,10,2016-10,24.72,145.22
Laos,LAO,2016,11,2016-11,22.69,89.37
Laos,LAO,2016,12,2016-12,19.89,37.94
Laos,LAO,2017,1,2017-01,20.28,47.03
Laos,LAO,2017,2,2017-02,20.49,10.17
Laos,LAO,2017,3,2017-03,23.56,88.66
Laos,LAO,2017,4,2017-04,24.82,108.01
Laos,LAO,2017,5,2017-05,25.48,248.09
Laos,LAO,2017,6,2017-06,26.07,250.56
Laos,LAO,2017,7,2017-07,24.87,463.54
Laos,LAO,2017,8,2017-08,25.41,342.01
Laos,LAO,2017,9,2017-09,25.5,258.6
Laos,LAO,2017,10,2017-10,23.79,192.16
Laos,LAO,2017,11,2017-11,21.89,71.95
Laos,LAO,2017,12,2017-12,18.66,34.5
Laos,LAO,2018,1,2018-01,19.35,32.73
Laos,LAO,2018,2,2018-02,19.73,20.66
Laos,LAO,2018,3,2018-03,22.4,57.92
Laos,LAO,2018,4,2018-04,24.31,134.52
Laos,LAO,2018,5,2018-05,25.46,205.34
Laos,LAO,2018,6,2018-06,25.35,351.3
Laos,LAO,2018,7,2018-07,24.94,601.08
Laos,LAO,2018,8,2018-08,24.74,500.99
Laos,LAO,2018,9,2018-09,25.24,208.84
Laos,LAO,2018,10,2018-10,24.22,74.3
Laos,LAO,2018,11,2018-11,22.57,39.04
Laos,LAO,2018,12,2018-12,20.78,36.52
Laos,LAO,2019,1,2019-01,20.1,32.22
Laos,LAO,2019,2,2019-02,22.94,19.83
Laos,LAO,2019,3,2019-03,24.67,27.55
Laos,LAO,2019,4,2019-04,26.78,57.29
Laos,LAO,2019,5,2019-05,26.75,188.55
Laos,LAO,2019,6,2019-06,27.02,162.25
Laos,LAO,2019,7,2019-07,25.79,291.43
Laos,LAO,2019,8,2019-08,25.12,468.73
Laos,LAO,2019,9,2019-09,24.96,233.42
Laos,LAO,2019,10,2019-10,24.56,78.34
Laos,LAO,2019,11,2019-11,22.05,23.52
Laos,LAO,2019,12,2019-12,18.88,10.75
Laos,LAO,2020,1,2020-01,20.64,15.02
Laos,LAO,2020,2,2020-02,21.26,7.25
Laos,LAO,2020,3,2020-03,24.85,48.53
Laos,LAO,2020,4,2020-04,24.67,106.66
Laos,LAO,2020,5,2020-05,27.16,121.42
Laos,LAO,2020,6,2020-06,26.31,184.38
Laos,LAO,2020,7,2020-07,26.14,222.49
Laos,LAO,2020,8,2020-08,25.03,427.01
Laos,LAO,2020,9,2020-09,25.5,275.64
Laos,LAO,2020,10,2020-10,22.79,294.03
Laos,LAO,2020,11,2020-11,21.95,37.76
Laos,LAO,2020,12,2020-12,18.76,7.04
Laos,LAO,2021,1,2021-01,17.51,6.23
Laos,LAO,2021,2,2021-02,20.75,42.41
Laos,LAO,2021,3,2021-03,24.26,26.17
Laos,LAO,2021,4,2021-04,25.18,163.65
Laos,LAO,2021,5,2021-05,26.62,139.26
Laos,LAO,2021,6,2021-06,26.05,299.22
Laos,LAO,2021,7,2021-07,25.65,354.11
Laos,LAO,2021,8,2021-08,25.66,251.02
Laos,LAO,2021,9,2021-09,24.94,305.46
Laos,LAO,2021,10,2021-10,23.54,220.3
Laos,LAO,2021,11,2021-11,21.94,30.76
Laos,LAO,2021,12,2021-12,18.56,14.76
Laos,LAO,2022,1,2022-01,19.98,29.49
Laos,LAO,2022,2,2022-02,19.76,83.94
Laos,LAO,2022,3,2022-03,24.19,109.4
Laos,LAO,2022,4,2022-04,24,99.81
Laos,LAO,2022,5,2022-05,24.59,302.06
Laos,LAO,2022,6,2022-06,26.05,202.91
Laos,LAO,2022,7,2022-07,26.02,280.91
Laos,LAO,2022,8,2022-08,25.19,412.27
Laos,LAO,2022,9,2022-09,24.76,348.44
Laos,LAO,2022,10,2022-10,23.25,115.49
Laos,LAO,2022,11,2022-11,23.05,54.55
Laos,LAO,2022,12,2022-12,18.85,17.95
Laos,LAO,2023,1,2023-01,18.03,15.37
Laos,LAO,2023,2,2023-02,21.43,11.38
Laos,LAO,2023,3,2023-03,23.66,21.04
Laos,LAO,2023,4,2023-04,26.8,51.72
Laos,LAO,2023,5,2023-05,27.08,135.45
Laos,LAO,2023,6,2023-06,25.95,282.66
Laos,LAO,2023,7,2023-07,26.09,304.73
Laos,LAO,2023,8,2023-08,25.15,399.46
Laos,LAO,2023,9,2023-09,25.08,368.37
Laos,LAO,2023,10,2023-10,24.43,180.4
Laos,LAO,2023,11,2023-11,22.31,33.65
Laos,LAO,2023,12,2023-12,20.61,13.37
Laos,LAO,2024,1,2024-01,20.25,21.27
Laos,LAO,2024,2,2024-02,22.55,6.82
Laos,LAO,2024,3,2024-03,24.57,33.34
Laos,LAO,2024,4,2024-04,28.57,17.24
Laos,LAO,2024,5,2024-05,26.57,240.7
Laos,LAO,2024,6,2024-06,26.25,280.32
Laos,LAO,2024,7,2024-07,25.45,419.28
Laos,LAO,2024,8,2024-08,25.33,323.15
Laos,LAO,2024,9,2024-09,25.01,415.37
Laos,LAO,2024,10,2024-10,24.15,102.76
Laos,LAO,2024,11,2024-11,22.16,30.77
Laos,LAO,2024,12,2024-12,19.38,11.39
Myanmar,MMR,1950,1,1950-01,17.53,12.72
Myanmar,MMR,1950,2,1950-02,19.79,39.78
Myanmar,MMR,1950,3,1950-03,23.21,34.67
Myanmar,MMR,1950,4,1950-04,25.7,62.74
Myanmar,MMR,1950,5,1950-05,26.34,184.02
Myanmar,MMR,1950,6,1950-06,24.26,462.5
Myanmar,MMR,1950,7,1950-07,23.66,504.48
Myanmar,MMR,1950,8,1950-08,23.57,450.3
Myanmar,MMR,1950,9,1950-09,23.78,320.49
Myanmar,MMR,1950,10,1950-10,22.79,228.16
Myanmar,MMR,1950,11,1950-11,21.21,82.52
Myanmar,MMR,1950,12,1950-12,18.21,125.45
Myanmar,MMR,1951,1,1951-01,17.55,59.77
Myanmar,MMR,1951,2,1951-02,19.29,14.25
Myanmar,MMR,1951,3,1951-03,22.75,68.16
Myanmar,MMR,1951,4,1951-04,24.74,76.23
Myanmar,MMR,1951,5,1951-05,25.04,206.23
Myanmar,MMR,1951,6,1951-06,23.91,508.34
Myanmar,MMR,1951,7,1951-07,23.66,419.13
Myanmar,MMR,1951,8,1951-08,24.09,378.83
Myanmar,MMR,1951,9,1951-09,23.96,320.75
Myanmar,MMR,1951,10,1951-10,23.01,245.95
Myanmar,MMR,1951,11,1951-11,21.05,75.38
Myanmar,MMR,1951,12,1951-12,18.19,87.7
Myanmar,MMR,1952,1,1952-01,18.24,13.61
Myanmar,MMR,1952,2,1952-02,20.48,34.32
Myanmar,MMR,1952,3,1952-03,22.3,62.16
Myanmar,MMR,1952,4,1952-04,25.2,78.91
Myanmar,MMR,1952,5,1952-05,26.23,187.78
Myanmar,MMR,1952,6,1952-06,24.37,403.59
Myanmar,MMR,1952,7,1952-07,24.07,448.84
Myanmar,MMR,1952,8,1952-08,23.8,428.02
Myanmar,MMR,1952,9,1952-09,23.52,339.68
Myanmar,MMR,1952,10,1952-10,23.25,296.4
Myanmar,MMR,1952,11,1952-11,20.59,99.48
Myanmar,MMR,1952,12,1952-12,17.4,65.79
Myanmar,MMR,1953,1,1953-01,16.84,95.43
Myanmar,MMR,1953,2,1953-02,19.04,62.96
Myanmar,MMR,1953,3,1953-03,22.63,95.97
Myanmar,MMR,1953,4,1953-04,23.86,169.9
Myanmar,MMR,1953,5,1953-05,24.38,247.65
Myanmar,MMR,1953,6,1953-06,24.71,353.01
Myanmar,MMR,1953,7,1953-07,24.31,338.6
Myanmar,MMR,1953,8,1953-08,23.94,353.4
Myanmar,MMR,1953,9,1953-09,23.72,275.61
Myanmar,MMR,1953,10,1953-10,22.95,121.96
Myanmar,MMR,1953,11,1953-11,20,162.12
Myanmar,MMR,1953,12,1953-12,18.11,12.14
Myanmar,MMR,1954,1,1954-01,17.53,13.74
Myanmar,MMR,1954,2,1954-02,20.8,22.67
Myanmar,MMR,1954,3,1954-03,23.41,30.02
Myanmar,MMR,1954,4,1954-04,26.12,61.61
Myanmar,MMR,1954,5,1954-05,24.83,305.76
Myanmar,MMR,1954,6,1954-06,24.36,411.41
Myanmar,MMR,1954,7,1954-07,24.51,306.99
Myanmar,MMR,1954,8,1954-08,24.06,425.52
Myanmar,MMR,1954,9,1954-09,24.01,303.11
Myanmar,MMR,1954,10,1954-10,22.73,203.29
Myanmar,MMR,1954,11,1954-11,20.29,11.63
Myanmar,MMR,1954,12,1954-12,18.32,22.1
Myanmar,MMR,1955,1,1955-01,17.86,14.98
Myanmar,MMR,1955,2,1955-02,20.23,7.48
Myanmar,MMR,1955,3,1955-03,23.21,49.84
Myanmar,MMR,1955,4,1955-04,25.05,61.33
Myanmar,MMR,1955,5,1955-05,25.42,255.42
Myanmar,MMR,1955,6,1955-06,24.32,474.65
Myanmar,MMR,1955,7,1955-07,24.21,436.89
Myanmar,MMR,1955,8,1955-08,23.87,379.01
Myanmar,MMR,1955,9,1955-09,24.12,286.87
Myanmar,MMR,1955,10,1955-10,23.38,199.15
Myanmar,MMR,1955,11,1955-11,20.81,102.77
Myanmar,MMR,1955,12,1955-12,16.23,6.26
Myanmar,MMR,1956,1,1956-01,16.94,12.22
Myanmar,MMR,1956,2,1956-02,19.55,17.01
Myanmar,MMR,1956,3,1956-03,23.45,28.79
Myanmar,MMR,1956,4,1956-04,26.45,43.61
Myanmar,MMR,1956,5,1956-05,24.23,459.17
Myanmar,MMR,1956,6,1956-06,24.14,417.36
Myanmar,MMR,1956,7,1956-07,24.02,388.39
Myanmar,MMR,1956,8,1956-08,24.12,408.27
Myanmar,MMR,1956,9,1956-09,23.92,310.95
Myanmar,MMR,1956,10,1956-10,23.05,218.85
Myanmar,MMR,1956,11,1956-11,20.67,48.64
Myanmar,MMR,1956,12,1956-12,18.35,11.14
Myanmar,MMR,1957,1,1957-01,18.27,19.83
Myanmar,MMR,1957,2,1957-02,19.22,21.24
Myanmar,MMR,1957,3,1957-03,23.25,15.22
Myanmar,MMR,1957,4,1957-04,26.39,39.18
Myanmar,MMR,1957,5,1957-05,26.94,153.88
Myanmar,MMR,1957,6,1957-06,24.78,536.57
Myanmar,MMR,1957,7,1957-07,24.81,475.2
Myanmar,MMR,1957,8,1957-08,24.64,477.51
Myanmar,MMR,1957,9,1957-09,24.39,334.42
Myanmar,MMR,1957,10,1957-10,22.7,185.7
Myanmar,MMR,1957,11,1957-11,20.98,17.55
Myanmar,MMR,1957,12,1957-12,18.37,6.28
Myanmar,MMR,1958,1,1958-01,18.35,31.7
Myanmar,MMR,1958,2,1958-02,19.68,23.97
Myanmar,MMR,1958,3,1958-03,24.19,19.82
Myanmar,MMR,1958,4,1958-04,26.76,47.25
Myanmar,MMR,1958,5,1958-05,26.74,158.59
Myanmar,MMR,1958,6,1958-06,25.78,534.99
Myanmar,MMR,1958,7,1958-07,24.7,607.12
Myanmar,MMR,1958,8,1958-08,24.42,424.99
Myanmar,MMR,1958,9,1958-09,24.39,373.24
Myanmar,MMR,1958,10,1958-10,23.69,260.65
Myanmar,MMR,1958,11,1958-11,20.55,37.17
Myanmar,MMR,1958,12,1958-12,17.25,10.58
Myanmar,MMR,1959,1,1959-01,17.87,45.96
Myanmar,MMR,1959,2,1959-02,19.08,36.63
Myanmar,MMR,1959,3,1959-03,22.54,45.97
Myanmar,MMR,1959,4,1959-04,26.12,72.99
Myanmar,MMR,1959,5,1959-05,25.59,312.25
Myanmar,MMR,1959,6,1959-06,25.09,419.31
Myanmar,MMR,1959,7,1959-07,24.45,485.03
Myanmar,MMR,1959,8,1959-08,24.28,477.29
Myanmar,MMR,1959,9,1959-09,23.58,404.14
Myanmar,MMR,1959,10,1959-10,22.69,261.5
Myanmar,MMR,1959,11,1959-11,20.29,11.03
Myanmar,MMR,1959,12,1959-12,19.28,15.84
Myanmar,MMR,1960,1,1960-01,18.49,22.54
Myanmar,MMR,1960,2,1960-02,20.48,17.88
Myanmar,MMR,1960,3,1960-03,22.89,17.56
Myanmar,MMR,1960,4,1960-04,26.89,32.71
Myanmar,MMR,1960,5,1960-05,26.43,234.02
Myanmar,MMR,1960,6,1960-06,25.2,401.22
Myanmar,MMR,1960,7,1960-07,24.43,484.96
Myanmar,MMR,1960,8,1960-08,24.67,456.28
Myanmar,MMR,1960,9,1960-09,24.37,339.34
Myanmar,MMR,1960,10,1960-10,23.47,216.24
Myanmar,MMR,1960,11,1960-11,21.27,53.12
Myanmar,MMR,1960,12,1960-12,18.65,22.57
Myanmar,MMR,1961,1,1961-01,18.65,20.5
Myanmar,MMR,1961,2,1961-02,19.85,38.86
Myanmar,MMR,1961,3,1961-03,23.24,59.46
Myanmar,MMR,1961,4,1961-04,26.15,59.27
Myanmar,MMR,1961,5,1961-05,25.86,289.14
Myanmar,MMR,1961,6,1961-06,24.92,456.59
Myanmar,MMR,1961,7,1961-07,24.59,488.39
Myanmar,MMR,1961,8,1961-08,24.36,507.13
Myanmar,MMR,1961,9,1961-09,23.92,397.24
Myanmar,MMR,1961,10,1961-10,23.32,207.09
Myanmar,MMR,1961,11,1961-11,20.22,65.7
Myanmar,MMR,1961,12,1961-12,17.59,22.9
Myanmar,MMR,1962,1,1962-01,17.46,21.67
Myanmar,MMR,1962,2,1962-02,19.82,25.8
Myanmar,MMR,1962,3,1962-03,22.97,24.18
Myanmar,MMR,1962,4,1962-04,25.83,85.5
Myanmar,MMR,1962,5,1962-05,25.9,240.87
Myanmar,MMR,1962,6,1962-06,24.69,535.02
Myanmar,MMR,1962,7,1962-07,25.09,474.71
Myanmar,MMR,1962,8,1962-08,24.5,431.91
Myanmar,MMR,1962,9,1962-09,24.67,331.49
Myanmar,MMR,1962,10,1962-10,23.43,208.08
Myanmar,MMR,1962,11,1962-11,20.49,11.34
Myanmar,MMR,1962,12,1962-12,18.22,7.77
Myanmar,MMR,1963,1,1963-01,17.5,7.24
Myanmar,MMR,1963,2,1963-02,20.18,16.52
Myanmar,MMR,1963,3,1963-03,23.01,40.62
Myanmar,MMR,1963,4,1963-04,24.89,86.99
Myanmar,MMR,1963,5,1963-05,25.45,217.72
Myanmar,MMR,1963,6,1963-06,24.62,531.68
Myanmar,MMR,1963,7,1963-07,24.61,552.33
Myanmar,MMR,1963,8,1963-08,24.44,475.72
Myanmar,MMR,1963,9,1963-09,24.72,305.04
Myanmar,MMR,1963,10,1963-10,22.98,302.36
Myanmar,MMR,1963,11,1963-11,20.59,38.1
Myanmar,MMR,1963,12,1963-12,18.3,20.07
Myanmar,MMR,1964,1,1964-01,17.75,14.63
Myanmar,MMR,1964,2,1964-02,20.4,20.27
Myanmar,MMR,1964,3,1964-03,23.97,23.8
Myanmar,MMR,1964,4,1964-04,25.88,70.54
Myanmar,MMR,1964,5,1964-05,25.26,333.29
Myanmar,MMR,1964,6,1964-06,24.92,445.05
Myanmar,MMR,1964,7,1964-07,24.46,453.42
Myanmar,MMR,1964,8,1964-08,24.62,438.11
Myanmar,MMR,1964,9,1964-09,24.56,348.8
Myanmar,MMR,1964,10,1964-10,23.84,232.86
Myanmar,MMR,1964,11,1964-11,21.29,80.46
Myanmar,MMR,1964,12,1964-12,17.51,14.28
Myanmar,MMR,1965,1,1965-01,17.33,11
Myanmar,MMR,1965,2,1965-02,19.43,40.29
Myanmar,MMR,1965,3,1965-03,22.31,35.98
Myanmar,MMR,1965,4,1965-04,25.75,49.09
Myanmar,MMR,1965,5,1965-05,25.51,306.5
Myanmar,MMR,1965,6,1965-06,24.54,617.25
Myanmar,MMR,1965,7,1965-07,24.42,490.22
Myanmar,MMR,1965,8,1965-08,23.84,410.36
Myanmar,MMR,1965,9,1965-09,23.74,364.63
Myanmar,MMR,1965,10,1965-10,22.5,313.53
Myanmar,MMR,1965,11,1965-11,20.18,38.51
Myanmar,MMR,1965,12,1965-12,18.78,108.27
Myanmar,MMR,1966,1,1966-01,18.25,14.62
Myanmar,MMR,1966,2,1966-02,20.64,20.26
Myanmar,MMR,1966,3,1966-03,23.68,18.95
Myanmar,MMR,1966,4,1966-04,26.49,42.34
Myanmar,MMR,1966,5,1966-05,25.78,278
Myanmar,MMR,1966,6,1966-06,23.43,602.65
Myanmar,MMR,1966,7,1966-07,23.69,538.8
Myanmar,MMR,1966,8,1966-08,23.42,496.76
Myanmar,MMR,1966,9,1966-09,23,322.25
Myanmar,MMR,1966,10,1966-10,22.25,146.66
Myanmar,MMR,1966,11,1966-11,21.69,29.23
Myanmar,MMR,1966,12,1966-12,19.08,39.62
Myanmar,MMR,1967,1,1967-01,18.61,45.77
Myanmar,MMR,1967,2,1967-02,19.91,24.2
Myanmar,MMR,1967,3,1967-03,22.67,45.84
Myanmar,MMR,1967,4,1967-04,24.96,106.43
Myanmar,MMR,1967,5,1967-05,25.47,299.88
Myanmar,MMR,1967,6,1967-06,25.15,366.78
Myanmar,MMR,1967,7,1967-07,24.95,478.68
Myanmar,MMR,1967,8,1967-08,24.64,523.16
Myanmar,MMR,1967,9,1967-09,24.2,428.2
Myanmar,MMR,1967,10,1967-10,23.04,201.63
Myanmar,MMR,1967,11,1967-11,20.16,44.83
Myanmar,MMR,1967,12,1967-12,18,21.8
Myanmar,MMR,1968,1,1968-01,17.33,46.95
Myanmar,MMR,1968,2,1968-02,18.61,29.58
Myanmar,MMR,1968,3,1968-03,23.16,34.99
Myanmar,MMR,1968,4,1968-04,24.87,111.99
Myanmar,MMR,1968,5,1968-05,25.25,249.99
Myanmar,MMR,1968,6,1968-06,24.45,481.9
Myanmar,MMR,1968,7,1968-07,24.77,491.46
Myanmar,MMR,1968,8,1968-08,24.52,484.3
Myanmar,MMR,1968,9,1968-09,24.36,353.03
Myanmar,MMR,1968,10,1968-10,23.14,207.13
Myanmar,MMR,1968,11,1968-11,21.24,29.36
Myanmar,MMR,1968,12,1968-12,18.7,7.02
Myanmar,MMR,1969,1,1969-01,17.38,17.73
Myanmar,MMR,1969,2,1969-02,20.03,10.37
Myanmar,MMR,1969,3,1969-03,23.98,21.84
Myanmar,MMR,1969,4,1969-04,26.38,60.11
Myanmar,MMR,1969,5,1969-05,26.92,265.21
Myanmar,MMR,1969,6,1969-06,25.25,493.77
Myanmar,MMR,1969,7,1969-07,25,511.48
Myanmar,MMR,1969,8,1969-08,24.42,444.8
Myanmar,MMR,1969,9,1969-09,24.68,295.91
Myanmar,MMR,1969,10,1969-10,23.51,170.69
Myanmar,MMR,1969,11,1969-11,20.97,35.24
Myanmar,MMR,1969,12,1969-12,18.48,11.28
Myanmar,MMR,1970,1,1970-01,17.74,16.93
Myanmar,MMR,1970,2,1970-02,20.03,23.1
Myanmar,MMR,1970,3,1970-03,24.04,37.46
Myanmar,MMR,1970,4,1970-04,26.43,49.14
Myanmar,MMR,1970,5,1970-05,25.39,337.21
Myanmar,MMR,1970,6,1970-06,25.28,454.84
Myanmar,MMR,1970,7,1970-07,24.64,519.04
Myanmar,MMR,1970,8,1970-08,24.66,448.87
Myanmar,MMR,1970,9,1970-09,24.49,329.35
Myanmar,MMR,1970,10,1970-10,23.4,215.87
Myanmar,MMR,1970,11,1970-11,20.59,111.94
Myanmar,MMR,1970,12,1970-12,18.3,36.36
Myanmar,MMR,1971,1,1971-01,17.55,22.78
Myanmar,MMR,1971,2,1971-02,19.24,17.92
Myanmar,MMR,1971,3,1971-03,23.71,30.7
Myanmar,MMR,1971,4,1971-04,25.32,73.42
Myanmar,MMR,1971,5,1971-05,25.46,261.49
Myanmar,MMR,1971,6,1971-06,24.56,510.92
Myanmar,MMR,1971,7,1971-07,24.24,559.28
Myanmar,MMR,1971,8,1971-08,23.96,490.53
Myanmar,MMR,1971,9,1971-09,24.47,313.82
Myanmar,MMR,1971,10,1971-10,23.02,221.6
Myanmar,MMR,1971,11,1971-11,19.48,52.02
Myanmar,MMR,1971,12,1971-12,17.83,13.83
Myanmar,MMR,1972,1,1972-01,17.73,16.19
Myanmar,MMR,1972,2,1972-02,19.53,24.54
Myanmar,MMR,1972,3,1972-03,23.45,28.69
Myanmar,MMR,1972,4,1972-04,25.04,98.9
Myanmar,MMR,1972,5,1972-05,26.33,217.33
Myanmar,MMR,1972,6,1972-06,25.52,409.21
Myanmar,MMR,1972,7,1972-07,25.05,487.07
Myanmar,MMR,1972,8,1972-08,24.36,476.09
Myanmar,MMR,1972,9,1972-09,24.93,270.36
Myanmar,MMR,1972,10,1972-10,24.08,125.21
Myanmar,MMR,1972,11,1972-11,21.4,104.62
Myanmar,MMR,1972,12,1972-12,18.66,25.99
Myanmar,MMR,1973,1,1973-01,18.35,18.22
Myanmar,MMR,1973,2,1973-02,20.95,25.51
Myanmar,MMR,1973,3,1973-03,23.9,42.16
Myanmar,MMR,1973,4,1973-04,27.13,60.28
Myanmar,MMR,1973,5,1973-05,25.39,347.73
Myanmar,MMR,1973,6,1973-06,25.24,501.76
Myanmar,MMR,1973,7,1973-07,24.82,492.91
Myanmar,MMR,1973,8,1973-08,24.48,421.86
Myanmar,MMR,1973,9,1973-09,24.45,324.26
Myanmar,MMR,1973,10,1973-10,23.79,174.61
Myanmar,MMR,1973,11,1973-11,20.41,143.73
Myanmar,MMR,1973,12,1973-12,17.49,19.26
Myanmar,MMR,1974,1,1974-01,16.41,13.62
Myanmar,MMR,1974,2,1974-02,19.7,10.83
Myanmar,MMR,1974,3,1974-03,22.59,72.18
Myanmar,MMR,1974,4,1974-04,25.14,112.19
Myanmar,MMR,1974,5,1974-05,25.39,308.33
Myanmar,MMR,1974,6,1974-06,24.83,448.16
Myanmar,MMR,1974,7,1974-07,24.4,470.43
Myanmar,MMR,1974,8,1974-08,24.49,503.61
Myanmar,MMR,1974,9,1974-09,24.21,310.46
Myanmar,MMR,1974,10,1974-10,24.2,231.42
Myanmar,MMR,1974,11,1974-11,22,120.29
Myanmar,MMR,1974,12,1974-12,17.89,9.88
Myanmar,MMR,1975,1,1975-01,17.85,58.57
Myanmar,MMR,1975,2,1975-02,20.14,19.21
Myanmar,MMR,1975,3,1975-03,23.74,24.49
Myanmar,MMR,1975,4,1975-04,26.62,51.48
Myanmar,MMR,1975,5,1975-05,25.6,309.79
Myanmar,MMR,1975,6,1975-06,24.97,465.45
Myanmar,MMR,1975,7,1975-07,24.4,446.99
Myanmar,MMR,1975,8,1975-08,24.63,445.08
Myanmar,MMR,1975,9,1975-09,24.29,341.71
Myanmar,MMR,1975,10,1975-10,23.81,280.33
Myanmar,MMR,1975,11,1975-11,20.52,89.26
Myanmar,MMR,1975,12,1975-12,16.51,15.34
Myanmar,MMR,1976,1,1976-01,16.61,14.88
Myanmar,MMR,1976,2,1976-02,19.41,32.05
Myanmar,MMR,1976,3,1976-03,23.41,41.39
Myanmar,MMR,1976,4,1976-04,25.84,77.97
Myanmar,MMR,1976,5,1976-05,24.89,371.96
Myanmar,MMR,1976,6,1976-06,24.61,489.31
Myanmar,MMR,1976,7,1976-07,24.43,548.55
Myanmar,MMR,1976,8,1976-08,24.24,475.78
Myanmar,MMR,1976,9,1976-09,24.46,336.5
Myanmar,MMR,1976,10,1976-10,23.27,199.01
Myanmar,MMR,1976,11,1976-11,21.53,102.24
Myanmar,MMR,1976,12,1976-12,17.86,13.73
Myanmar,MMR,1977,1,1977-01,17.32,23.05
Myanmar,MMR,1977,2,1977-02,20.01,27.95
Myanmar,MMR,1977,3,1977-03,24.1,36.25
Myanmar,MMR,1977,4,1977-04,24.85,106.24
Myanmar,MMR,1977,5,1977-05,25.26,229.69
Myanmar,MMR,1977,6,1977-06,25.2,373.01
Myanmar,MMR,1977,7,1977-07,24.85,505.32
Myanmar,MMR,1977,8,1977-08,24.86,473.14
Myanmar,MMR,1977,9,1977-09,24.51,329.95
Myanmar,MMR,1977,10,1977-10,22.89,159.15
Myanmar,MMR,1977,11,1977-11,20.95,49.34
Myanmar,MMR,1977,12,1977-12,18.25,27.6
Myanmar,MMR,1978,1,1978-01,17.29,27.87
Myanmar,MMR,1978,2,1978-02,19.88,26.79
Myanmar,MMR,1978,3,1978-03,23.09,17.75
Myanmar,MMR,1978,4,1978-04,26.11,43.94
Myanmar,MMR,1978,5,1978-05,26.1,308.22
Myanmar,MMR,1978,6,1978-06,25.25,444.14
Myanmar,MMR,1978,7,1978-07,24.76,439.91
Myanmar,MMR,1978,8,1978-08,24.83,487.54
Myanmar,MMR,1978,9,1978-09,24.27,375.96
Myanmar,MMR,1978,10,1978-10,23.64,138.9
Myanmar,MMR,1978,11,1978-11,21.03,24.29
Myanmar,MMR,1978,12,1978-12,18.71,2
Myanmar,MMR,1979,1,1979-01,18.68,5.92
Myanmar,MMR,1979,2,1979-02,20.85,11.04
Myanmar,MMR,1979,3,1979-03,23.99,29.26
Myanmar,MMR,1979,4,1979-04,27.24,44.36
Myanmar,MMR,1979,5,1979-05,27.06,130.66
Myanmar,MMR,1979,6,1979-06,25.64,431.57
Myanmar,MMR,1979,7,1979-07,25.39,400.63
Myanmar,MMR,1979,8,1979-08,24.73,481.12
Myanmar,MMR,1979,9,1979-09,24.6,338.28
Myanmar,MMR,1979,10,1979-10,23.17,142.38
Myanmar,MMR,1979,11,1979-11,22.07,30.13
Myanmar,MMR,1979,12,1979-12,18.49,40.63
Myanmar,MMR,1980,1,1980-01,17.82,9.79
Myanmar,MMR,1980,2,1980-02,20.02,20.48
Myanmar,MMR,1980,3,1980-03,24.28,34.07
Myanmar,MMR,1980,4,1980-04,27.8,43.71
Myanmar,MMR,1980,5,1980-05,26.9,203.64
Myanmar,MMR,1980,6,1980-06,25.17,488.48
Myanmar,MMR,1980,7,1980-07,25.11,462.78
Myanmar,MMR,1980,8,1980-08,24.97,422.85
Myanmar,MMR,1980,9,1980-09,24.66,316.53
Myanmar,MMR,1980,10,1980-10,23.22,198.91
Myanmar,MMR,1980,11,1980-11,21.6,18.25
Myanmar,MMR,1980,12,1980-12,19.46,18.21
Myanmar,MMR,1981,1,1981-01,18.31,20.79
Myanmar,MMR,1981,2,1981-02,20.32,24.14
Myanmar,MMR,1981,3,1981-03,23.2,37.9
Myanmar,MMR,1981,4,1981-04,25.1,73.8
Myanmar,MMR,1981,5,1981-05,25.99,256.47
Myanmar,MMR,1981,6,1981-06,24.93,477.89
Myanmar,MMR,1981,7,1981-07,24.91,457.33
Myanmar,MMR,1981,8,1981-08,24.96,433.65
Myanmar,MMR,1981,9,1981-09,24.86,296.21
Myanmar,MMR,1981,10,1981-10,24.3,142.18
Myanmar,MMR,1981,11,1981-11,21.54,133.84
Myanmar,MMR,1981,12,1981-12,18.56,21.45
Myanmar,MMR,1982,1,1982-01,17.95,5.82
Myanmar,MMR,1982,2,1982-02,19.7,22.34
Myanmar,MMR,1982,3,1982-03,23.66,25.11
Myanmar,MMR,1982,4,1982-04,24.93,92.81
Myanmar,MMR,1982,5,1982-05,26.62,171.87
Myanmar,MMR,1982,6,1982-06,24.86,561.52
Myanmar,MMR,1982,7,1982-07,25.14,447.22
Myanmar,MMR,1982,8,1982-08,24.59,489.7
Myanmar,MMR,1982,9,1982-09,24.56,358.32
Myanmar,MMR,1982,10,1982-10,23.69,127.14
Myanmar,MMR,1982,11,1982-11,20.91,51.87
Myanmar,MMR,1982,12,1982-12,17.56,17.41
Myanmar,MMR,1983,1,1983-01,16.91,22.37
Myanmar,MMR,1983,2,1983-02,19.33,37.41
Myanmar,MMR,1983,3,1983-03,22.78,62.41
Myanmar,MMR,1983,4,1983-04,26.13,61.29
Myanmar,MMR,1983,5,1983-05,26.9,161.63
Myanmar,MMR,1983,6,1983-06,25.59,416.98
Myanmar,MMR,1983,7,1983-07,25.66,455.15
Myanmar,MMR,1983,8,1983-08,24.92,484.31
Myanmar,MMR,1983,9,1983-09,24.61,354.68
Myanmar,MMR,1983,10,1983-10,23.91,268.58
Myanmar,MMR,1983,11,1983-11,20.3,155.1
Myanmar,MMR,1983,12,1983-12,17.29,48.32
Myanmar,MMR,1984,1,1984-01,17.56,16.77
Myanmar,MMR,1984,2,1984-02,21.18,19.16
Myanmar,MMR,1984,3,1984-03,23.72,18.45
Myanmar,MMR,1984,4,1984-04,26.39,103.75
Myanmar,MMR,1984,5,1984-05,25.16,314.42
Myanmar,MMR,1984,6,1984-06,24.69,536.43
Myanmar,MMR,1984,7,1984-07,24.47,471.6
Myanmar,MMR,1984,8,1984-08,24.57,479.22
Myanmar,MMR,1984,9,1984-09,24.11,285.91
Myanmar,MMR,1984,10,1984-10,23.25,232.05
Myanmar,MMR,1984,11,1984-11,20.94,10.17
Myanmar,MMR,1984,12,1984-12,19,18.17
Myanmar,MMR,1985,1,1985-01,18.46,13.59
Myanmar,MMR,1985,2,1985-02,19.5,21.3
Myanmar,MMR,1985,3,1985-03,24.28,36.8
Myanmar,MMR,1985,4,1985-04,26.14,90.64
Myanmar,MMR,1985,5,1985-05,25.67,266.88
Myanmar,MMR,1985,6,1985-06,24.76,548.79
Myanmar,MMR,1985,7,1985-07,24.21,450.41
Myanmar,MMR,1985,8,1985-08,24.44,433.28
Myanmar,MMR,1985,9,1985-09,24.37,364.05
Myanmar,MMR,1985,10,1985-10,23.57,168.02
Myanmar,MMR,1985,11,1985-11,20.69,119.71
Myanmar,MMR,1985,12,1985-12,18.49,12.88
Myanmar,MMR,1986,1,1986-01,18.18,11.04
Myanmar,MMR,1986,2,1986-02,20.53,9.76
Myanmar,MMR,1986,3,1986-03,23.32,29.84
Myanmar,MMR,1986,4,1986-04,26.09,76.99
Myanmar,MMR,1986,5,1986-05,26.65,140.33
Myanmar,MMR,1986,6,1986-06,25.87,429.29
Myanmar,MMR,1986,7,1986-07,24.74,526.98
Myanmar,MMR,1986,8,1986-08,24.87,451.3
Myanmar,MMR,1986,9,1986-09,24.4,315.64
Myanmar,MMR,1986,10,1986-10,23.2,201.4
Myanmar,MMR,1986,11,1986-11,21,67.49
Myanmar,MMR,1986,12,1986-12,18.93,23.34
Myanmar,MMR,1987,1,1987-01,18.63,17.1
Myanmar,MMR,1987,2,1987-02,19.84,36.68
Myanmar,MMR,1987,3,1987-03,22.73,33.82
Myanmar,MMR,1987,4,1987-04,25.97,72.99
Myanmar,MMR,1987,5,1987-05,27.78,63.35
Myanmar,MMR,1987,6,1987-06,25.66,474.08
Myanmar,MMR,1987,7,1987-07,24.99,469.52
Myanmar,MMR,1987,8,1987-08,24.97,551.18
Myanmar,MMR,1987,9,1987-09,24.61,429.1
Myanmar,MMR,1987,10,1987-10,24.12,135.59
Myanmar,MMR,1987,11,1987-11,22.31,110.09
Myanmar,MMR,1987,12,1987-12,18.58,18.41
Myanmar,MMR,1988,1,1988-01,18.63,9.05
Myanmar,MMR,1988,2,1988-02,21.04,25.54
Myanmar,MMR,1988,3,1988-03,24.34,25.45
Myanmar,MMR,1988,4,1988-04,27.26,52.66
Myanmar,MMR,1988,5,1988-05,26.55,290.37
Myanmar,MMR,1988,6,1988-06,25.01,485.44
Myanmar,MMR,1988,7,1988-07,25.01,480.43
Myanmar,MMR,1988,8,1988-08,24.8,453.7
Myanmar,MMR,1988,9,1988-09,24.9,304.83
Myanmar,MMR,1988,10,1988-10,23.86,258.96
Myanmar,MMR,1988,11,1988-11,21.19,126.91
Myanmar,MMR,1988,12,1988-12,18.7,12.65
Myanmar,MMR,1989,1,1989-01,17.73,13.82
Myanmar,MMR,1989,2,1989-02,19.98,25.44
Myanmar,MMR,1989,3,1989-03,23.72,26.29
Myanmar,MMR,1989,4,1989-04,26.57,51.38
Myanmar,MMR,1989,5,1989-05,26.26,223.78
Myanmar,MMR,1989,6,1989-06,25.08,394.26
Myanmar,MMR,1989,7,1989-07,25.02,459.12
Myanmar,MMR,1989,8,1989-08,24.66,401.49
Myanmar,MMR,1989,9,1989-09,24.69,334.06
Myanmar,MMR,1989,10,1989-10,23.72,318.31
Myanmar,MMR,1989,11,1989-11,20.8,26.17
Myanmar,MMR,1989,12,1989-12,17.4,9.9
Myanmar,MMR,1990,1,1990-01,18.65,12.35
Myanmar,MMR,1990,2,1990-02,20.15,38.57
Myanmar,MMR,1990,3,1990-03,22.32,59.13
Myanmar,MMR,1990,4,1990-04,25.75,67.87
Myanmar,MMR,1990,5,1990-05,25.73,354.36
Myanmar,MMR,1990,6,1990-06,25.12,501.83
Myanmar,MMR,1990,7,1990-07,24.54,529.99
Myanmar,MMR,1990,8,1990-08,25.28,366.67
Myanmar,MMR,1990,9,1990-09,24.41,349.29
Myanmar,MMR,1990,10,1990-10,23.98,177.43
Myanmar,MMR,1990,11,1990-11,22.02,75.93
Myanmar,MMR,1990,12,1990-12,18.73,13.1
Myanmar,MMR,1991,1,1991-01,18.2,22.98
Myanmar,MMR,1991,2,1991-02,20.88,19.91
Myanmar,MMR,1991,3,1991-03,25.02,29.17
Myanmar,MMR,1991,4,1991-04,26.46,115.65
Myanmar,MMR,1991,5,1991-05,26.3,187.25
Myanmar,MMR,1991,6,1991-06,25.31,575
Myanmar,MMR,1991,7,1991-07,25.14,495.23
Myanmar,MMR,1991,8,1991-08,24.86,502.62
Myanmar,MMR,1991,9,1991-09,24.97,341.11
Myanmar,MMR,1991,10,1991-10,23.85,248.23
Myanmar,MMR,1991,11,1991-11,20.79,77.38
Myanmar,MMR,1991,12,1991-12,18.01,35.93
Myanmar,MMR,1992,1,1992-01,17,20.72
Myanmar,MMR,1992,2,1992-02,18.36,41.88
Myanmar,MMR,1992,3,1992-03,23.64,37.44
Myanmar,MMR,1992,4,1992-04,26.71,37.51
Myanmar,MMR,1992,5,1992-05,26.37,170.67
Myanmar,MMR,1992,6,1992-06,25.9,363.54
Myanmar,MMR,1992,7,1992-07,24.65,512.79
Myanmar,MMR,1992,8,1992-08,25.08,395.53
Myanmar,MMR,1992,9,1992-09,24.46,302.97
Myanmar,MMR,1992,10,1992-10,22.82,272.07
Myanmar,MMR,1992,11,1992-11,20.59,50.4
Myanmar,MMR,1992,12,1992-12,17.07,16.89
Myanmar,MMR,1993,1,1993-01,17.44,26.71
Myanmar,MMR,1993,2,1993-02,19.59,47.91
Myanmar,MMR,1993,3,1993-03,22.96,37.91
Myanmar,MMR,1993,4,1993-04,25.83,52.84
Myanmar,MMR,1993,5,1993-05,25.7,287.94
Myanmar,MMR,1993,6,1993-06,25.38,423.54
Myanmar,MMR,1993,7,1993-07,25.7,408.16
Myanmar,MMR,1993,8,1993-08,24.83,484.63
Myanmar,MMR,1993,9,1993-09,24.69,339.52
Myanmar,MMR,1993,10,1993-10,23.97,228.16
Myanmar,MMR,1993,11,1993-11,21.53,14.29
Myanmar,MMR,1993,12,1993-12,19.54,6.48
Myanmar,MMR,1994,1,1994-01,19.48,11.52
Myanmar,MMR,1994,2,1994-02,20.74,21.43
Myanmar,MMR,1994,3,1994-03,23.58,114.06
Myanmar,MMR,1994,4,1994-04,26.31,55.19
Myanmar,MMR,1994,5,1994-05,26.92,206.15
Myanmar,MMR,1994,6,1994-06,25.46,550.31
Myanmar,MMR,1994,7,1994-07,25.14,539.05
Myanmar,MMR,1994,8,1994-08,24.91,507.5
Myanmar,MMR,1994,9,1994-09,25.04,311.2
Myanmar,MMR,1994,10,1994-10,23.59,139.3
Myanmar,MMR,1994,11,1994-11,21.18,51.3
Myanmar,MMR,1994,12,1994-12,18.5,16.17
Myanmar,MMR,1995,1,1995-01,18.63,12.72
Myanmar,MMR,1995,2,1995-02,20.15,23.26
Myanmar,MMR,1995,3,1995-03,24.58,24.2
Myanmar,MMR,1995,4,1995-04,27.42,36.85
Myanmar,MMR,1995,5,1995-05,26.91,245.88
Myanmar,MMR,1995,6,1995-06,25.81,462.72
Myanmar,MMR,1995,7,1995-07,25.15,481.98
Myanmar,MMR,1995,8,1995-08,25.22,451.13
Myanmar,MMR,1995,9,1995-09,24.77,383.89
Myanmar,MMR,1995,10,1995-10,24.37,168.81
Myanmar,MMR,1995,11,1995-11,21.94,129.7
Myanmar,MMR,1995,12,1995-12,18.05,8.92
Myanmar,MMR,1996,1,1996-01,18.03,11.92
Myanmar,MMR,1996,2,1996-02,20.49,45.35
Myanmar,MMR,1996,3,1996-03,23.93,81.51
Myanmar,MMR,1996,4,1996-04,26,100.13
Myanmar,MMR,1996,5,1996-05,25.76,281.42
Myanmar,MMR,1996,6,1996-06,25.36,423.65
Myanmar,MMR,1996,7,1996-07,25.24,491.18
Myanmar,MMR,1996,8,1996-08,24.88,422.31
Myanmar,MMR,1996,9,1996-09,24.96,365.98
Myanmar,MMR,1996,10,1996-10,24.16,182.84
Myanmar,MMR,1996,11,1996-11,21.92,74.02
Myanmar,MMR,1996,12,1996-12,19.4,21.58
Myanmar,MMR,1997,1,1997-01,17.38,9.98
Myanmar,MMR,1997,2,1997-02,19.06,24.21
Myanmar,MMR,1997,3,1997-03,23.63,51.22
Myanmar,MMR,1997,4,1997-04,24.55,45.35
Myanmar,MMR,1997,5,1997-05,26.87,178.94
Myanmar,MMR,1997,6,1997-06,25.52,380.72
Myanmar,MMR,1997,7,1997-07,25.11,606
Myanmar,MMR,1997,8,1997-08,25.04,435.71
Myanmar,MMR,1997,9,1997-09,24.33,386.12
Myanmar,MMR,1997,10,1997-10,23.77,118.79
Myanmar,MMR,1997,11,1997-11,21.72,53.8
Myanmar,MMR,1997,12,1997-12,19.7,22.73
Myanmar,MMR,1998,1,1998-01,18.77,17.33
Myanmar,MMR,1998,2,1998-02,20.91,18.48
Myanmar,MMR,1998,3,1998-03,23.98,44.04
Myanmar,MMR,1998,4,1998-04,26.73,57.15
Myanmar,MMR,1998,5,1998-05,27.62,266.06
Myanmar,MMR,1998,6,1998-06,26.36,397.63
Myanmar,MMR,1998,7,1998-07,25.66,439.88
Myanmar,MMR,1998,8,1998-08,25.58,407.38
Myanmar,MMR,1998,9,1998-09,25.38,290.39
Myanmar,MMR,1998,10,1998-10,25.05,161.66
Myanmar,MMR,1998,11,1998-11,22.83,50.75
Myanmar,MMR,1998,12,1998-12,20.21,9.51
Myanmar,MMR,1999,1,1999-01,19.39,16.71
Myanmar,MMR,1999,2,1999-02,23.06,10.3
Myanmar,MMR,1999,3,1999-03,24.94,21.55
Myanmar,MMR,1999,4,1999-04,27.48,117.23
Myanmar,MMR,1999,5,1999-05,25.13,401.73
Myanmar,MMR,1999,6,1999-06,25.55,373.86
Myanmar,MMR,1999,7,1999-07,25.33,441.91
Myanmar,MMR,1999,8,1999-08,24.7,498.8
Myanmar,MMR,1999,9,1999-09,24.77,309.21
Myanmar,MMR,1999,10,1999-10,24.16,227.26
Myanmar,MMR,1999,11,1999-11,21.53,73.16
Myanmar,MMR,1999,12,1999-12,18.12,20.18
Myanmar,MMR,2000,1,2000-01,18.61,20.22
Myanmar,MMR,2000,2,2000-02,20.36,28.45
Myanmar,MMR,2000,3,2000-03,22.85,54.24
Myanmar,MMR,2000,4,2000-04,26.14,99.22
Myanmar,MMR,2000,5,2000-05,25.06,355.33
Myanmar,MMR,2000,6,2000-06,25.3,437.14
Myanmar,MMR,2000,7,2000-07,25.12,443.53
Myanmar,MMR,2000,8,2000-08,25.23,417.17
Myanmar,MMR,2000,9,2000-09,24.56,371.22
Myanmar,MMR,2000,10,2000-10,24.13,201.65
Myanmar,MMR,2000,11,2000-11,21.27,21.95
Myanmar,MMR,2000,12,2000-12,18.99,3.95
Myanmar,MMR,2001,1,2001-01,18.63,11.8
Myanmar,MMR,2001,2,2001-02,21.02,16.27
Myanmar,MMR,2001,3,2001-03,23.98,54.4
Myanmar,MMR,2001,4,2001-04,27.32,32.93
Myanmar,MMR,2001,5,2001-05,25.09,389.74
Myanmar,MMR,2001,6,2001-06,24.97,443.55
Myanmar,MMR,2001,7,2001-07,25.13,438.82
Myanmar,MMR,2001,8,2001-08,25.42,375.88
Myanmar,MMR,2001,9,2001-09,25.12,261.73
Myanmar,MMR,2001,10,2001-10,24.1,263.57
Myanmar,MMR,2001,11,2001-11,20.92,41.29
Myanmar,MMR,2001,12,2001-12,19.33,8.26
Myanmar,MMR,2002,1,2002-01,18.56,26.47
Myanmar,MMR,2002,2,2002-02,21.3,8.72
Myanmar,MMR,2002,3,2002-03,24.16,25.18
Myanmar,MMR,2002,4,2002-04,26.36,57.31
Myanmar,MMR,2002,5,2002-05,25.52,365.97
Myanmar,MMR,2002,6,2002-06,25.63,340.8
Myanmar,MMR,2002,7,2002-07,25.1,475.9
Myanmar,MMR,2002,8,2002-08,24.78,466.15
Myanmar,MMR,2002,9,2002-09,24.85,336.75
Myanmar,MMR,2002,10,2002-10,23.98,139.04
Myanmar,MMR,2002,11,2002-11,21.9,100.63
Myanmar,MMR,2002,12,2002-12,19.07,20.83
Myanmar,MMR,2003,1,2003-01,18.42,23.1
Myanmar,MMR,2003,2,2003-02,20.59,29.32
Myanmar,MMR,2003,3,2003-03,23.48,37.05
Myanmar,MMR,2003,4,2003-04,26.83,60.57
Myanmar,MMR,2003,5,2003-05,25.78,264.3
Myanmar,MMR,2003,6,2003-06,25.05,531.82
Myanmar,MMR,2003,7,2003-07,25.54,419.17
Myanmar,MMR,2003,8,2003-08,25.55,368.48
Myanmar,MMR,2003,9,2003-09,24.96,327.04
Myanmar,MMR,2003,10,2003-10,24.67,174.44
Myanmar,MMR,2003,11,2003-11,21.49,7.01
Myanmar,MMR,2003,12,2003-12,19.49,15.05
Myanmar,MMR,2004,1,2004-01,18.55,16.04
Myanmar,MMR,2004,2,2004-02,20.54,10.85
Myanmar,MMR,2004,3,2004-03,24.9,25.45
Myanmar,MMR,2004,4,2004-04,25.68,102.75
Myanmar,MMR,2004,5,2004-05,25.76,357.75
Myanmar,MMR,2004,6,2004-06,25.27,444.93
Myanmar,MMR,2004,7,2004-07,24.92,442.29
Myanmar,MMR,2004,8,2004-08,25.26,415.4
Myanmar,MMR,2004,9,2004-09,24.51,363.39
Myanmar,MMR,2004,10,2004-10,23.59,140.14
Myanmar,MMR,2004,11,2004-11,21.62,23.08
Myanmar,MMR,2004,12,2004-12,18.48,7.38
Myanmar,MMR,2005,1,2005-01,18.82,11.81
Myanmar,MMR,2005,2,2005-02,21.84,26.24
Myanmar,MMR,2005,3,2005-03,24.11,62.19
Myanmar,MMR,2005,4,2005-04,26.97,44.83
Myanmar,MMR,2005,5,2005-05,27.02,122.64
Myanmar,MMR,2005,6,2005-06,26.22,399.1
Myanmar,MMR,2005,7,2005-07,25.66,449
Myanmar,MMR,2005,8,2005-08,25.27,442.27
Myanmar,MMR,2005,9,2005-09,25.18,360.38
Myanmar,MMR,2005,10,2005-10,24.44,166.32
Myanmar,MMR,2005,11,2005-11,21.82,55.15
Myanmar,MMR,2005,12,2005-12,19.29,64.29
Myanmar,MMR,2006,1,2006-01,18.55,4.36
Myanmar,MMR,2006,2,2006-02,21.5,20.41
Myanmar,MMR,2006,3,2006-03,24.59,25.6
Myanmar,MMR,2006,4,2006-04,25.93,105.25
Myanmar,MMR,2006,5,2006-05,25.31,304.66
Myanmar,MMR,2006,6,2006-06,25.68,367.47
Myanmar,MMR,2006,7,2006-07,25.35,512.55
Myanmar,MMR,2006,8,2006-08,25.27,419.46
Myanmar,MMR,2006,9,2006-09,24.95,330.75
Myanmar,MMR,2006,10,2006-10,24.29,185.6
Myanmar,MMR,2006,11,2006-11,21.82,31.99
Myanmar,MMR,2006,12,2006-12,18.63,6.97
Myanmar,MMR,2007,1,2007-01,18.16,11.61
Myanmar,MMR,2007,2,2007-02,19.53,32.06
Myanmar,MMR,2007,3,2007-03,23.67,13.15
Myanmar,MMR,2007,4,2007-04,26.28,71.99
Myanmar,MMR,2007,5,2007-05,25.56,384.4
Myanmar,MMR,2007,6,2007-06,25.92,359.04
Myanmar,MMR,2007,7,2007-07,25.35,515.68
Myanmar,MMR,2007,8,2007-08,25.4,449.93
Myanmar,MMR,2007,9,2007-09,24.94,369.93
Myanmar,MMR,2007,10,2007-10,23.95,263.55
Myanmar,MMR,2007,11,2007-11,21.46,77.02
Myanmar,MMR,2007,12,2007-12,19.04,3.63
Myanmar,MMR,2008,1,2008-01,18.85,45.41
Myanmar,MMR,2008,2,2008-02,19.88,22.3
Myanmar,MMR,2008,3,2008-03,23.72,33.77
Myanmar,MMR,2008,4,2008-04,26.57,98.58
Myanmar,MMR,2008,5,2008-05,25.55,325.1
Myanmar,MMR,2008,6,2008-06,25.36,458.98
Myanmar,MMR,2008,7,2008-07,25.14,538
Myanmar,MMR,2008,8,2008-08,25.19,470.59
Myanmar,MMR,2008,9,2008-09,25.11,307
Myanmar,MMR,2008,10,2008-10,24.2,217.42
Myanmar,MMR,2008,11,2008-11,21.46,33.15
Myanmar,MMR,2008,12,2008-12,19.05,7.09
Myanmar,MMR,2009,1,2009-01,19.03,8.12
Myanmar,MMR,2009,2,2009-02,21.68,12.72
Myanmar,MMR,2009,3,2009-03,24.09,34.69
Myanmar,MMR,2009,4,2009-04,26.49,89.48
Myanmar,MMR,2009,5,2009-05,26.49,255.47
Myanmar,MMR,2009,6,2009-06,25.65,412.71
Myanmar,MMR,2009,7,2009-07,25.66,492.12
Myanmar,MMR,2009,8,2009-08,25.48,420.09
Myanmar,MMR,2009,9,2009-09,25.35,345.4
Myanmar,MMR,2009,10,2009-10,24.9,177.82
Myanmar,MMR,2009,11,2009-11,22.66,29.34
Myanmar,MMR,2009,12,2009-12,19.07,7.45
Myanmar,MMR,2010,1,2010-01,19.7,7.41
Myanmar,MMR,2010,2,2010-02,21.21,10.26
Myanmar,MMR,2010,3,2010-03,24.97,44.85
Myanmar,MMR,2010,4,2010-04,27.58,69
Myanmar,MMR,2010,5,2010-05,27.7,225.75
Myanmar,MMR,2010,6,2010-06,26.13,411.49
Myanmar,MMR,2010,7,2010-07,25.89,432.45
Myanmar,MMR,2010,8,2010-08,25.64,414.1
Myanmar,MMR,2010,9,2010-09,25.33,297.31
Myanmar,MMR,2010,10,2010-10,24.3,289.43
Myanmar,MMR,2010,11,2010-11,22.04,19.41
Myanmar,MMR,2010,12,2010-12,19.26,44.9
Myanmar,MMR,2011,1,2011-01,18.49,33.45
Myanmar,MMR,2011,2,2011-02,20.69,12.85
Myanmar,MMR,2011,3,2011-03,23.15,86.62
Myanmar,MMR,2011,4,2011-04,25.31,113.39
Myanmar,MMR,2011,5,2011-05,25.5,306.49
Myanmar,MMR,2011,6,2011-06,25.43,452.36
Myanmar,MMR,2011,7,2011-07,25.63,448.32
Myanmar,MMR,2011,8,2011-08,25.01,462.02
Myanmar,MMR,2011,9,2011-09,25.24,386.32
Myanmar,MMR,2011,10,2011-10,24.2,196.83
Myanmar,MMR,2011,11,2011-11,21.32,11.66
Myanmar,MMR,2011,12,2011-12,19.46,16.94
Myanmar,MMR,2012,1,2012-01,18.61,30.79
Myanmar,MMR,2012,2,2012-02,21.15,15.79
Myanmar,MMR,2012,3,2012-03,24.11,32.68
Myanmar,MMR,2012,4,2012-04,26.22,65.42
Myanmar,MMR,2012,5,2012-05,27.27,199.01
Myanmar,MMR,2012,6,2012-06,25.68,495.27
Myanmar,MMR,2012,7,2012-07,25.22,515
Myanmar,MMR,2012,8,2012-08,25.29,435.58
Myanmar,MMR,2012,9,2012-09,25.15,349.51
Myanmar,MMR,2012,10,2012-10,24.31,150.19
Myanmar,MMR,2012,11,2012-11,22.56,60.79
Myanmar,MMR,2012,12,2012-12,19.21,7.54
Myanmar,MMR,2013,1,2013-01,18.49,10.2
Myanmar,MMR,2013,2,2013-02,22.46,11.64
Myanmar,MMR,2013,3,2013-03,24.67,27.07
Myanmar,MMR,2013,4,2013-04,27.08,44.45
Myanmar,MMR,2013,5,2013-05,25.82,282.22
Myanmar,MMR,2013,6,2013-06,25.98,380.82
Myanmar,MMR,2013,7,2013-07,25.36,517.95
Myanmar,MMR,2013,8,2013-08,25.16,426.14
Myanmar,MMR,2013,9,2013-09,25.03,370.44
Myanmar,MMR,2013,10,2013-10,23.77,226.03
Myanmar,MMR,2013,11,2013-11,22.26,25.29
Myanmar,MMR,2013,12,2013-12,18.1,18.99
Myanmar,MMR,2014,1,2014-01,18.5,3.56
Myanmar,MMR,2014,2,2014-02,20.59,21.27
Myanmar,MMR,2014,3,2014-03,24.23,20.28
Myanmar,MMR,2014,4,2014-04,27.12,38.03
Myanmar,MMR,2014,5,2014-05,27.09,152.88
Myanmar,MMR,2014,6,2014-06,26.32,419.39
Myanmar,MMR,2014,7,2014-07,25.72,442.06
Myanmar,MMR,2014,8,2014-08,25.29,449.44
Myanmar,MMR,2014,9,2014-09,25.36,300.25
Myanmar,MMR,2014,10,2014-10,24.34,125.59
Myanmar,MMR,2014,11,2014-11,22.27,59.63
Myanmar,MMR,2014,12,2014-12,19.76,8.95
Myanmar,MMR,2015,1,2015-01,18.9,52.8
Myanmar,MMR,2015,2,2015-02,20.41,10.15
Myanmar,MMR,2015,3,2015-03,24.54,33.96
Myanmar,MMR,2015,4,2015-04,25.82,92.53
Myanmar,MMR,2015,5,2015-05,27.03,192.05
Myanmar,MMR,2015,6,2015-06,26.09,390.38
Myanmar,MMR,2015,7,2015-07,25.17,589.01
Myanmar,MMR,2015,8,2015-08,25.45,414.92
Myanmar,MMR,2015,9,2015-09,25.65,295.46
Myanmar,MMR,2015,10,2015-10,24.05,188.31
Myanmar,MMR,2015,11,2015-11,22.15,36.03
Myanmar,MMR,2015,12,2015-12,19.25,28.78
Myanmar,MMR,2016,1,2016-01,17.51,24.01
Myanmar,MMR,2016,2,2016-02,21.12,33.77
Myanmar,MMR,2016,3,2016-03,24.93,25.89
Myanmar,MMR,2016,4,2016-04,27.54,75.39
Myanmar,MMR,2016,5,2016-05,26.9,259.15
Myanmar,MMR,2016,6,2016-06,25.74,433.51
Myanmar,MMR,2016,7,2016-07,25.24,468.79
Myanmar,MMR,2016,8,2016-08,25.66,369.78
Myanmar,MMR,2016,9,2016-09,25.43,299.78
Myanmar,MMR,2016,10,2016-10,24.76,205.02
Myanmar,MMR,2016,11,2016-11,22.14,76.67
Myanmar,MMR,2016,12,2016-12,20.38,10.57
Myanmar,MMR,2017,1,2017-01,19.41,34.53
Myanmar,MMR,2017,2,2017-02,21.35,15.1
Myanmar,MMR,2017,3,2017-03,23.44,54.18
Myanmar,MMR,2017,4,2017-04,25.51,121.35
Myanmar,MMR,2017,5,2017-05,26.67,229.22
Myanmar,MMR,2017,6,2017-06,25.83,402.95
Myanmar,MMR,2017,7,2017-07,25.27,492.05
Myanmar,MMR,2017,8,2017-08,25.53,416.88
Myanmar,MMR,2017,9,2017-09,25.6,310.99
Myanmar,MMR,2017,10,2017-10,24.55,224.87
Myanmar,MMR,2017,11,2017-11,22.59,52.77
Myanmar,MMR,2017,12,2017-12,19.68,26.95
Myanmar,MMR,2018,1,2018-01,18.46,47.16
Myanmar,MMR,2018,2,2018-02,20.77,16.46
Myanmar,MMR,2018,3,2018-03,23.67,27.24
Myanmar,MMR,2018,4,2018-04,25.82,61.1
Myanmar,MMR,2018,5,2018-05,25.81,261.84
Myanmar,MMR,2018,6,2018-06,25.35,540.49
Myanmar,MMR,2018,7,2018-07,25.55,502.73
Myanmar,MMR,2018,8,2018-08,25.31,480.53
Myanmar,MMR,2018,9,2018-09,25.62,265.43
Myanmar,MMR,2018,10,2018-10,23.76,191.53
Myanmar,MMR,2018,11,2018-11,21.63,23.01
Myanmar,MMR,2018,12,2018-12,20.13,34.58
Myanmar,MMR,2019,1,2019-01,18.79,45.24
Myanmar,MMR,2019,2,2019-02,21.07,24.79
Myanmar,MMR,2019,3,2019-03,23.57,32.56
Myanmar,MMR,2019,4,2019-04,27.19,35.65
Myanmar,MMR,2019,5,2019-05,28.06,108.27
Myanmar,MMR,2019,6,2019-06,26.51,366.79
Myanmar,MMR,2019,7,2019-07,25.7,505.83
Myanmar,MMR,2019,8,2019-08,25.84,453.2
Myanmar,MMR,2019,9,2019-09,25.29,309.86
Myanmar,MMR,2019,10,2019-10,24.98,119.1
Myanmar,MMR,2019,11,2019-11,22.91,43.38
Myanmar,MMR,2019,12,2019-12,18.61,11.6
Myanmar,MMR,2020,1,2020-01,18.78,31.17
Myanmar,MMR,2020,2,2020-02,20.58,13.22
Myanmar,MMR,2020,3,2020-03,24.43,14.58
Myanmar,MMR,2020,4,2020-04,26.18,90.95
Myanmar,MMR,2020,5,2020-05,27.23,145.7
Myanmar,MMR,2020,6,2020-06,26.22,355.56
Myanmar,MMR,2020,7,2020-07,26.15,403.92
Myanmar,MMR,2020,8,2020-08,25.72,457.32
Myanmar,MMR,2020,9,2020-09,26.04,320.68
Myanmar,MMR,2020,10,2020-10,25.16,214.34
Myanmar,MMR,2020,11,2020-11,22.46,35.62
Myanmar,MMR,2020,12,2020-12,19.61,4.6
Myanmar,MMR,2021,1,2021-01,19.53,11.38
Myanmar,MMR,2021,2,2021-02,21.13,14.58
Myanmar,MMR,2021,3,2021-03,25,18.87
Myanmar,MMR,2021,4,2021-04,26.49,85.3
Myanmar,MMR,2021,5,2021-05,27.07,154.75
Myanmar,MMR,2021,6,2021-06,26.14,393.05
Myanmar,MMR,2021,7,2021-07,25.95,431.87
Myanmar,MMR,2021,8,2021-08,25.62,406.77
Myanmar,MMR,2021,9,2021-09,25.45,296.56
Myanmar,MMR,2021,10,2021-10,25.16,196.33
Myanmar,MMR,2021,11,2021-11,22.79,47.22
Myanmar,MMR,2021,12,2021-12,19.6,14.23
Myanmar,MMR,2022,1,2022-01,18.78,30.89
Myanmar,MMR,2022,2,2022-02,19.58,30.8
Myanmar,MMR,2022,3,2022-03,25.19,49.93
Myanmar,MMR,2022,4,2022-04,26.26,70.58
Myanmar,MMR,2022,5,2022-05,25.6,315.87
Myanmar,MMR,2022,6,2022-06,25.65,373.14
Myanmar,MMR,2022,7,2022-07,26.34,323.58
Myanmar,MMR,2022,8,2022-08,25.94,404.37
Myanmar,MMR,2022,9,2022-09,25.59,301.11
Myanmar,MMR,2022,10,2022-10,24.69,168.56
Myanmar,MMR,2022,11,2022-11,22.6,26.38
Myanmar,MMR,2022,12,2022-12,20.56,16.17
Myanmar,MMR,2023,1,2023-01,19.16,2.78
Myanmar,MMR,2023,2,2023-02,21.55,14.63
Myanmar,MMR,2023,3,2023-03,24.18,27.07
Myanmar,MMR,2023,4,2023-04,27.29,26.84
Myanmar,MMR,2023,5,2023-05,27.14,156.83
Myanmar,MMR,2023,6,2023-06,26.13,356.87
Myanmar,MMR,2023,7,2023-07,26.17,380.05
Myanmar,MMR,2023,8,2023-08,25.7,432.09
Myanmar,MMR,2023,9,2023-09,25.81,375.08
Myanmar,MMR,2023,10,2023-10,24.66,204.23
Myanmar,MMR,2023,11,2023-11,22.78,54.92
Myanmar,MMR,2023,12,2023-12,20.94,30.43
Myanmar,MMR,2024,1,2024-01,18.74,12.08
Myanmar,MMR,2024,2,2024-02,21.12,17.68
Myanmar,MMR,2024,3,2024-03,24.39,26.03
Myanmar,MMR,2024,4,2024-04,28.25,34.65
Myanmar,MMR,2024,5,2024-05,27.51,223.02
Myanmar,MMR,2024,6,2024-06,26.41,442.21
Myanmar,MMR,2024,7,2024-07,26,554.05
Myanmar,MMR,2024,8,2024-08,25.69,426.43
Myanmar,MMR,2024,9,2024-09,25.91,357.07
Myanmar,MMR,2024,10,2024-10,24.96,213.22
Myanmar,MMR,2024,11,2024-11,22.36,73.62
Myanmar,MMR,2024,12,2024-12,20.44,6.92
Malaysia,MYS,1950,1,1950-01,23.89,118.41
Malaysia,MYS,1950,2,1950-02,24.11,171.55
Malaysia,MYS,1950,3,1950-03,24.67,181.17
Malaysia,MYS,1950,4,1950-04,24.63,262.1
Malaysia,MYS,1950,5,1950-05,24.96,184.22
Malaysia,MYS,1950,6,1950-06,24.84,204.35
Malaysia,MYS,1950,7,1950-07,24.4,204.74
Malaysia,MYS,1950,8,1950-08,24.19,275.65
Malaysia,MYS,1950,9,1950-09,24.37,259.95
Malaysia,MYS,1950,10,1950-10,24.21,218.39
Malaysia,MYS,1950,11,1950-11,23.81,225.81
Malaysia,MYS,1950,12,1950-12,23.52,186.43
Malaysia,MYS,1951,1,1951-01,23.49,195.26
Malaysia,MYS,1951,2,1951-02,23.84,181.79
Malaysia,MYS,1951,3,1951-03,24.66,99.53
Malaysia,MYS,1951,4,1951-04,24.88,197.81
Malaysia,MYS,1951,5,1951-05,25.13,122.11
Malaysia,MYS,1951,6,1951-06,25.11,128.27
Malaysia,MYS,1951,7,1951-07,24.41,187.05
Malaysia,MYS,1951,8,1951-08,24.9,153.86
Malaysia,MYS,1951,9,1951-09,24.54,198.31
Malaysia,MYS,1951,10,1951-10,24.48,211.25
Malaysia,MYS,1951,11,1951-11,24.64,197.48
Malaysia,MYS,1951,12,1951-12,24.16,227.86
Malaysia,MYS,1952,1,1952-01,24.23,218.43
Malaysia,MYS,1952,2,1952-02,24.43,195.44
Malaysia,MYS,1952,3,1952-03,24.8,226.29
Malaysia,MYS,1952,4,1952-04,24.99,204.19
Malaysia,MYS,1952,5,1952-05,25.27,188.26
Malaysia,MYS,1952,6,1952-06,25.23,122.01
Malaysia,MYS,1952,7,1952-07,24.76,150.21
Malaysia,MYS,1952,8,1952-08,24.77,156.08
Malaysia,MYS,1952,9,1952-09,24.55,229.36
Malaysia,MYS,1952,10,1952-10,24.41,299.35
Malaysia,MYS,1952,11,1952-11,24.02,264.91
Malaysia,MYS,1952,12,1952-12,23.88,181.07
Malaysia,MYS,1953,1,1953-01,23.91,178.74
Malaysia,MYS,1953,2,1953-02,24.05,187.28
Malaysia,MYS,1953,3,1953-03,24.65,181.77
Malaysia,MYS,1953,4,1953-04,25.16,198.09
Malaysia,MYS,1953,5,1953-05,25.05,233.88
Malaysia,MYS,1953,6,1953-06,25.05,170.12
Malaysia,MYS,1953,7,1953-07,24.38,215.34
Malaysia,MYS,1953,8,1953-08,25,131.37
Malaysia,MYS,1953,9,1953-09,24.48,226.59
Malaysia,MYS,1953,10,1953-10,24.51,266.8
Malaysia,MYS,1953,11,1953-11,24.51,205.74
Malaysia,MYS,1953,12,1953-12,24.21,202.31
Malaysia,MYS,1954,1,1954-01,24.03,224.19
Malaysia,MYS,1954,2,1954-02,24.13,174.18
Malaysia,MYS,1954,3,1954-03,24.4,262.88
Malaysia,MYS,1954,4,1954-04,24.59,325.24
Malaysia,MYS,1954,5,1954-05,24.82,218.76
Malaysia,MYS,1954,6,1954-06,24.56,255.82
Malaysia,MYS,1954,7,1954-07,24.01,276.39
Malaysia,MYS,1954,8,1954-08,24.42,222.4
Malaysia,MYS,1954,9,1954-09,24.13,255.55
Malaysia,MYS,1954,10,1954-10,23.8,356.65
Malaysia,MYS,1954,11,1954-11,23.68,263.91
Malaysia,MYS,1954,12,1954-12,23.59,273.63
Malaysia,MYS,1955,1,1955-01,23.43,340.06
Malaysia,MYS,1955,2,1955-02,23.98,180.29
Malaysia,MYS,1955,3,1955-03,24.52,170.17
Malaysia,MYS,1955,4,1955-04,24.69,260.57
Malaysia,MYS,1955,5,1955-05,25.29,204.14
Malaysia,MYS,1955,6,1955-06,24.75,215.89
Malaysia,MYS,1955,7,1955-07,24.48,208.7
Malaysia,MYS,1955,8,1955-08,24.15,281.62
Malaysia,MYS,1955,9,1955-09,24.3,288.55
Malaysia,MYS,1955,10,1955-10,24.41,327.11
Malaysia,MYS,1955,11,1955-11,24.18,302.26
Malaysia,MYS,1955,12,1955-12,23.35,310.02
Malaysia,MYS,1956,1,1956-01,23.34,263.8
Malaysia,MYS,1956,2,1956-02,24.03,203.3
Malaysia,MYS,1956,3,1956-03,24.58,197.12
Malaysia,MYS,1956,4,1956-04,24.78,241.28
Malaysia,MYS,1956,5,1956-05,24.77,276.25
Malaysia,MYS,1956,6,1956-06,24.57,159.47
Malaysia,MYS,1956,7,1956-07,24.26,205.52
Malaysia,MYS,1956,8,1956-08,24.32,205.15
Malaysia,MYS,1956,9,1956-09,24.2,317.87
Malaysia,MYS,1956,10,1956-10,23.92,379.72
Malaysia,MYS,1956,11,1956-11,23.83,363.53
Malaysia,MYS,1956,12,1956-12,23.39,347.36
Malaysia,MYS,1957,1,1957-01,23.58,206.97
Malaysia,MYS,1957,2,1957-02,23.95,147.98
Malaysia,MYS,1957,3,1957-03,24.49,248.1
Malaysia,MYS,1957,4,1957-04,24.83,241.97
Malaysia,MYS,1957,5,1957-05,24.93,291.18
Malaysia,MYS,1957,6,1957-06,25.12,190.85
Malaysia,MYS,1957,7,1957-07,24.8,213.68
Malaysia,MYS,1957,8,1957-08,24.81,159.11
Malaysia,MYS,1957,9,1957-09,24.7,218.54
Malaysia,MYS,1957,10,1957-10,24.46,264.69
Malaysia,MYS,1957,11,1957-11,24.46,189.49
Malaysia,MYS,1957,12,1957-12,24.23,323.01
Malaysia,MYS,1958,1,1958-01,24.41,226.24
Malaysia,MYS,1958,2,1958-02,24.59,144.47
Malaysia,MYS,1958,3,1958-03,25,231.13
Malaysia,MYS,1958,4,1958-04,25.69,163.28
Malaysia,MYS,1958,5,1958-05,25.56,265.99
Malaysia,MYS,1958,6,1958-06,25.49,176.1
Malaysia,MYS,1958,7,1958-07,25.61,84.3
Malaysia,MYS,1958,8,1958-08,24.58,303.45
Malaysia,MYS,1958,9,1958-09,24.87,246.98
Malaysia,MYS,1958,10,1958-10,24.47,361.7
Malaysia,MYS,1958,11,1958-11,23.96,320.93
Malaysia,MYS,1958,12,1958-12,24.05,219.97
Malaysia,MYS,1959,1,1959-01,24.08,169.41
Malaysia,MYS,1959,2,1959-02,24.86,121.51
Malaysia,MYS,1959,3,1959-03,24.89,214.71
Malaysia,MYS,1959,4,1959-04,24.86,257.69
Malaysia,MYS,1959,5,1959-05,24.99,298.17
Malaysia,MYS,1959,6,1959-06,24.81,248.42
Malaysia,MYS,1959,7,1959-07,24.7,168.62
Malaysia,MYS,1959,8,1959-08,24.52,167.9
Malaysia,MYS,1959,9,1959-09,24.49,243.17
Malaysia,MYS,1959,10,1959-10,24.42,277.03
Malaysia,MYS,1959,11,1959-11,24.11,289.98
Malaysia,MYS,1959,12,1959-12,24.14,194.58
Malaysia,MYS,1960,1,1960-01,23.96,208.49
Malaysia,MYS,1960,2,1960-02,24.17,187.97
Malaysia,MYS,1960,3,1960-03,24.86,159.89
Malaysia,MYS,1960,4,1960-04,24.94,251.85
Malaysia,MYS,1960,5,1960-05,25.23,212.89
Malaysia,MYS,1960,6,1960-06,25.17,140.63
Malaysia,MYS,1960,7,1960-07,24.7,240.77
Malaysia,MYS,1960,8,1960-08,25.25,170.21
Malaysia,MYS,1960,9,1960-09,24.45,312.43
Malaysia,MYS,1960,10,1960-10,24.71,217.34
Malaysia,MYS,1960,11,1960-11,24.14,294.98
Malaysia,MYS,1960,12,1960-12,24.09,245.13
Malaysia,MYS,1961,1,1961-01,23.66,163.69
Malaysia,MYS,1961,2,1961-02,24.35,192.46
Malaysia,MYS,1961,3,1961-03,24.97,183.62
Malaysia,MYS,1961,4,1961-04,25.1,253.89
Malaysia,MYS,1961,5,1961-05,25.51,194.02
Malaysia,MYS,1961,6,1961-06,24.92,167.11
Malaysia,MYS,1961,7,1961-07,24.93,130.45
Malaysia,MYS,1961,8,1961-08,24.93,131.8
Malaysia,MYS,1961,9,1961-09,24.51,208.88
Malaysia,MYS,1961,10,1961-10,24.34,220.39
Malaysia,MYS,1961,11,1961-11,24.36,208.98
Malaysia,MYS,1961,12,1961-12,24.02,316.96
Malaysia,MYS,1962,1,1962-01,23.72,332.64
Malaysia,MYS,1962,2,1962-02,23.92,178.79
Malaysia,MYS,1962,3,1962-03,24.34,348.31
Malaysia,MYS,1962,4,1962-04,24.88,256.39
Malaysia,MYS,1962,5,1962-05,25.45,212.03
Malaysia,MYS,1962,6,1962-06,24.92,200.89
Malaysia,MYS,1962,7,1962-07,25.21,90.2
Malaysia,MYS,1962,8,1962-08,24.4,258.38
Malaysia,MYS,1962,9,1962-09,24.66,217.54
Malaysia,MYS,1962,10,1962-10,24.71,263.5
Malaysia,MYS,1962,11,1962-11,24.31,248.21
Malaysia,MYS,1962,12,1962-12,24,262.94
Malaysia,MYS,1963,1,1963-01,23.13,356.45
Malaysia,MYS,1963,2,1963-02,23.53,256.4
Malaysia,MYS,1963,3,1963-03,24.42,242.33
Malaysia,MYS,1963,4,1963-04,25.45,115.57
Malaysia,MYS,1963,5,1963-05,25.44,267.17
Malaysia,MYS,1963,6,1963-06,25.44,111.12
Malaysia,MYS,1963,7,1963-07,25.04,169.4
Malaysia,MYS,1963,8,1963-08,24.77,207.8
Malaysia,MYS,1963,9,1963-09,25.02,200.67
Malaysia,MYS,1963,10,1963-10,24.45,290.39
Malaysia,MYS,1963,11,1963-11,24.57,223.33
Malaysia,MYS,1963,12,1963-12,24.3,211.12
Malaysia,MYS,1964,1,1964-01,24.81,184.32
Malaysia,MYS,1964,2,1964-02,24.62,236.04
Malaysia,MYS,1964,3,1964-03,24.86,244.12
Malaysia,MYS,1964,4,1964-04,25.44,230.03
Malaysia,MYS,1964,5,1964-05,25.53,218.57
Malaysia,MYS,1964,6,1964-06,24.95,153.28
Malaysia,MYS,1964,7,1964-07,24.51,275.85
Malaysia,MYS,1964,8,1964-08,24.87,131.23
Malaysia,MYS,1964,9,1964-09,24.59,270.66
Malaysia,MYS,1964,10,1964-10,24.34,264.9
Malaysia,MYS,1964,11,1964-11,24.07,266.12
Malaysia,MYS,1964,12,1964-12,23.48,250.02
Malaysia,MYS,1965,1,1965-01,23.16,138.59
Malaysia,MYS,1965,2,1965-02,23.99,182.66
Malaysia,MYS,1965,3,1965-03,24.22,278.21
Malaysia,MYS,1965,4,1965-04,24.59,239.86
Malaysia,MYS,1965,5,1965-05,24.94,235.33
Malaysia,MYS,1965,6,1965-06,24.93,156.4
Malaysia,MYS,1965,7,1965-07,24.78,103.89
Malaysia,MYS,1965,8,1965-08,24.32,258.06
Malaysia,MYS,1965,9,1965-09,24.61,203.02
Malaysia,MYS,1965,10,1965-10,24.5,275
Malaysia,MYS,1965,11,1965-11,24.53,233.06
Malaysia,MYS,1965,12,1965-12,24.14,297.94
Malaysia,MYS,1966,1,1966-01,23.63,296.98
Malaysia,MYS,1966,2,1966-02,24.06,201.58
Malaysia,MYS,1966,3,1966-03,24.48,245.6
Malaysia,MYS,1966,4,1966-04,25.03,238.2
Malaysia,MYS,1966,5,1966-05,25.06,235.37
Malaysia,MYS,1966,6,1966-06,24.35,248.84
Malaysia,MYS,1966,7,1966-07,24.34,241.46
Malaysia,MYS,1966,8,1966-08,24.36,327.48
Malaysia,MYS,1966,9,1966-09,24.41,258.57
Malaysia,MYS,1966,10,1966-10,23.9,369.64
Malaysia,MYS,1966,11,1966-11,23.84,321.23
Malaysia,MYS,1966,12,1966-12,23.61,325.92
Malaysia,MYS,1967,1,1967-01,23.51,268.98
Malaysia,MYS,1967,2,1967-02,23.73,230.54
Malaysia,MYS,1967,3,1967-03,24.22,182.59
Malaysia,MYS,1967,4,1967-04,24.67,229.85
Malaysia,MYS,1967,5,1967-05,24.89,279.28
Malaysia,MYS,1967,6,1967-06,24.91,199.21
Malaysia,MYS,1967,7,1967-07,24.72,160.08
Malaysia,MYS,1967,8,1967-08,24.89,148.92
Malaysia,MYS,1967,9,1967-09,24.51,240.68
Malaysia,MYS,1967,10,1967-10,24.21,255.99
Malaysia,MYS,1967,11,1967-11,23.84,352.07
Malaysia,MYS,1967,12,1967-12,23.67,220.76
Malaysia,MYS,1968,1,1968-01,23.6,171.07
Malaysia,MYS,1968,2,1968-02,24.16,80.35
Malaysia,MYS,1968,3,1968-03,24.49,294.32
Malaysia,MYS,1968,4,1968-04,24.83,213.51
Malaysia,MYS,1968,5,1968-05,24.94,229.77
Malaysia,MYS,1968,6,1968-06,24.91,227.34
Malaysia,MYS,1968,7,1968-07,24.74,198.93
Malaysia,MYS,1968,8,1968-08,25.01,150.49
Malaysia,MYS,1968,9,1968-09,24.71,228.61
Malaysia,MYS,1968,10,1968-10,24.27,325.46
Malaysia,MYS,1968,11,1968-11,24.14,250.65
Malaysia,MYS,1968,12,1968-12,23.96,320.72
Malaysia,MYS,1969,1,1969-01,24.31,155.58
Malaysia,MYS,1969,2,1969-02,24.6,133.58
Malaysia,MYS,1969,3,1969-03,25.07,220.33
Malaysia,MYS,1969,4,1969-04,25.45,220.74
Malaysia,MYS,1969,5,1969-05,25.45,322.09
Malaysia,MYS,1969,6,1969-06,25.16,232.07
Malaysia,MYS,1969,7,1969-07,24.84,183.48
Malaysia,MYS,1969,8,1969-08,24.43,291.89
Malaysia,MYS,1969,9,1969-09,24.9,181.49
Malaysia,MYS,1969,10,1969-10,24.56,297.42
Malaysia,MYS,1969,11,1969-11,23.9,374.89
Malaysia,MYS,1969,12,1969-12,23.95,303.84
Malaysia,MYS,1970,1,1970-01,24,254.86
Malaysia,MYS,1970,2,1970-02,24.57,126.38
Malaysia,MYS,1970,3,1970-03,25.18,188.29
Malaysia,MYS,1970,4,1970-04,25.14,271.76
Malaysia,MYS,1970,5,1970-05,25.17,306.71
Malaysia,MYS,1970,6,1970-06,25.14,233.84
Malaysia,MYS,1970,7,1970-07,24.71,190.32
Malaysia,MYS,1970,8,1970-08,24.73,218.9
Malaysia,MYS,1970,9,1970-09,24.54,308.41
Malaysia,MYS,1970,10,1970-10,24.58,300.84
Malaysia,MYS,1970,11,1970-11,24.22,278.96
Malaysia,MYS,1970,12,1970-12,24.03,310.37
Malaysia,MYS,1971,1,1971-01,23.46,304.23
Malaysia,MYS,1971,2,1971-02,23.58,272.59
Malaysia,MYS,1971,3,1971-03,24.31,161.85
Malaysia,MYS,1971,4,1971-04,25.12,122.77
Malaysia,MYS,1971,5,1971-05,25.06,230.7
Malaysia,MYS,1971,6,1971-06,24.86,159.85
Malaysia,MYS,1971,7,1971-07,24.84,140.74
Malaysia,MYS,1971,8,1971-08,24.12,316.48
Malaysia,MYS,1971,9,1971-09,24.7,256.96
Malaysia,MYS,1971,10,1971-10,24.53,252.71
Malaysia,MYS,1971,11,1971-11,23.92,256.66
Malaysia,MYS,1971,12,1971-12,23.62,320.97
Malaysia,MYS,1972,1,1972-01,23.48,133.89
Malaysia,MYS,1972,2,1972-02,24.2,181.34
Malaysia,MYS,1972,3,1972-03,24.38,160.09
Malaysia,MYS,1972,4,1972-04,24.82,231.43
Malaysia,MYS,1972,5,1972-05,25.27,198.72
Malaysia,MYS,1972,6,1972-06,25.15,190.83
Malaysia,MYS,1972,7,1972-07,25.66,86.9
Malaysia,MYS,1972,8,1972-08,24.95,220.21
Malaysia,MYS,1972,9,1972-09,24.83,296.64
Malaysia,MYS,1972,10,1972-10,24.87,266.1
Malaysia,MYS,1972,11,1972-11,24.8,278.21
Malaysia,MYS,1972,12,1972-12,24.3,257.31
Malaysia,MYS,1973,1,1973-01,24.6,164.05
Malaysia,MYS,1973,2,1973-02,25.3,121.3
Malaysia,MYS,1973,3,1973-03,25.41,220.03
Malaysia,MYS,1973,4,1973-04,25.51,283.44
Malaysia,MYS,1973,5,1973-05,25.26,276.95
Malaysia,MYS,1973,6,1973-06,25.42,244.39
Malaysia,MYS,1973,7,1973-07,25.34,164.48
Malaysia,MYS,1973,8,1973-08,24.94,223.51
Malaysia,MYS,1973,9,1973-09,24.56,327.77
Malaysia,MYS,1973,10,1973-10,24.85,279.51
Malaysia,MYS,1973,11,1973-11,24.34,257.5
Malaysia,MYS,1973,12,1973-12,23.64,317.57
Malaysia,MYS,1974,1,1974-01,23.42,170.57
Malaysia,MYS,1974,2,1974-02,23.73,245.27
Malaysia,MYS,1974,3,1974-03,24.36,138.84
Malaysia,MYS,1974,4,1974-04,24.89,232.07
Malaysia,MYS,1974,5,1974-05,24.99,250.59
Malaysia,MYS,1974,6,1974-06,24.94,186.26
Malaysia,MYS,1974,7,1974-07,24.59,207.95
Malaysia,MYS,1974,8,1974-08,25.17,157.13
Malaysia,MYS,1974,9,1974-09,24.46,341.02
Malaysia,MYS,1974,10,1974-10,24.66,220.41
Malaysia,MYS,1974,11,1974-11,24.47,242.49
Malaysia,MYS,1974,12,1974-12,24.16,236.17
Malaysia,MYS,1975,1,1975-01,24.08,218.23
Malaysia,MYS,1975,2,1975-02,24.31,193.97
Malaysia,MYS,1975,3,1975-03,24.6,209.34
Malaysia,MYS,1975,4,1975-04,25.36,200.36
Malaysia,MYS,1975,5,1975-05,25.04,252.18
Malaysia,MYS,1975,6,1975-06,24.97,143.03
Malaysia,MYS,1975,7,1975-07,24.43,208.4
Malaysia,MYS,1975,8,1975-08,25.11,171.44
Malaysia,MYS,1975,9,1975-09,24.39,313.23
Malaysia,MYS,1975,10,1975-10,24.64,229.69
Malaysia,MYS,1975,11,1975-11,23.99,303.51
Malaysia,MYS,1975,12,1975-12,23.77,287.53
Malaysia,MYS,1976,1,1976-01,23.35,237.98
Malaysia,MYS,1976,2,1976-02,24.15,134.53
Malaysia,MYS,1976,3,1976-03,24.78,156.68
Malaysia,MYS,1976,4,1976-04,24.98,226.67
Malaysia,MYS,1976,5,1976-05,25.31,178.39
Malaysia,MYS,1976,6,1976-06,24.76,184.71
Malaysia,MYS,1976,7,1976-07,24.92,163.48
Malaysia,MYS,1976,8,1976-08,24.69,243.8
Malaysia,MYS,1976,9,1976-09,24.98,175.03
Malaysia,MYS,1976,10,1976-10,24.59,323.15
Malaysia,MYS,1976,11,1976-11,24.29,324.27
Malaysia,MYS,1976,12,1976-12,24.22,214.73
Malaysia,MYS,1977,1,1977-01,24.21,180.07
Malaysia,MYS,1977,2,1977-02,23.95,311.71
Malaysia,MYS,1977,3,1977-03,24.75,179.76
Malaysia,MYS,1977,4,1977-04,25.5,173.41
Malaysia,MYS,1977,5,1977-05,25.57,197.46
Malaysia,MYS,1977,6,1977-06,25.13,184.98
Malaysia,MYS,1977,7,1977-07,25.03,202.87
Malaysia,MYS,1977,8,1977-08,24.84,201.18
Malaysia,MYS,1977,9,1977-09,25.38,171.08
Malaysia,MYS,1977,10,1977-10,24.69,349.96
Malaysia,MYS,1977,11,1977-11,24.49,298.71
Malaysia,MYS,1977,12,1977-12,24.59,237.39
Malaysia,MYS,1978,1,1978-01,24.46,210.71
Malaysia,MYS,1978,2,1978-02,24.87,144.29
Malaysia,MYS,1978,3,1978-03,25.49,228.27
Malaysia,MYS,1978,4,1978-04,25.44,191.67
Malaysia,MYS,1978,5,1978-05,25.74,249.66
Malaysia,MYS,1978,6,1978-06,25.45,175.98
Malaysia,MYS,1978,7,1978-07,24.97,195.69
Malaysia,MYS,1978,8,1978-08,25.37,139
Malaysia,MYS,1978,9,1978-09,24.97,223.34
Malaysia,MYS,1978,10,1978-10,24.96,262.28
Malaysia,MYS,1978,11,1978-11,24.42,275.99
Malaysia,MYS,1978,12,1978-12,24.5,264.44
Malaysia,MYS,1979,1,1979-01,24.57,122.62
Malaysia,MYS,1979,2,1979-02,25.09,175.45
Malaysia,MYS,1979,3,1979-03,25.33,194.94
Malaysia,MYS,1979,4,1979-04,25.6,235.06
Malaysia,MYS,1979,5,1979-05,25.97,158.44
Malaysia,MYS,1979,6,1979-06,25.52,238.26
Malaysia,MYS,1979,7,1979-07,25.22,186.2
Malaysia,MYS,1979,8,1979-08,25.69,157.78
Malaysia,MYS,1979,9,1979-09,24.86,304.76
Malaysia,MYS,1979,10,1979-10,24.99,293.32
Malaysia,MYS,1979,11,1979-11,24.5,409.89
Malaysia,MYS,1979,12,1979-12,24.3,213.64
Malaysia,MYS,1980,1,1980-01,24.5,211.65
Malaysia,MYS,1980,2,1980-02,24.85,157.02
Malaysia,MYS,1980,3,1980-03,25.15,187.09
Malaysia,MYS,1980,4,1980-04,25.51,259.62
Malaysia,MYS,1980,5,1980-05,25.88,218.43
Malaysia,MYS,1980,6,1980-06,25.54,193.93
Malaysia,MYS,1980,7,1980-07,25.44,174.36
Malaysia,MYS,1980,8,1980-08,24.82,222.8
Malaysia,MYS,1980,9,1980-09,25.36,194.65
Malaysia,MYS,1980,10,1980-10,25.04,291.96
Malaysia,MYS,1980,11,1980-11,24.73,286.5
Malaysia,MYS,1980,12,1980-12,24.24,304.73
Malaysia,MYS,1981,1,1981-01,23.95,223.72
Malaysia,MYS,1981,2,1981-02,24.63,185.71
Malaysia,MYS,1981,3,1981-03,25.26,173.78
Malaysia,MYS,1981,4,1981-04,25.49,240.24
Malaysia,MYS,1981,5,1981-05,25.68,267.63
Malaysia,MYS,1981,6,1981-06,25.78,109.36
Malaysia,MYS,1981,7,1981-07,25.27,201.08
Malaysia,MYS,1981,8,1981-08,25.93,88.17
Malaysia,MYS,1981,9,1981-09,24.97,283.68
Malaysia,MYS,1981,10,1981-10,25.05,269.53
Malaysia,MYS,1981,11,1981-11,24.64,292.88
Malaysia,MYS,1981,12,1981-12,24.26,222.54
Malaysia,MYS,1982,1,1982-01,24.27,210
Malaysia,MYS,1982,2,1982-02,24.8,161.84
Malaysia,MYS,1982,3,1982-03,25.2,190.04
Malaysia,MYS,1982,4,1982-04,25.33,265.27
Malaysia,MYS,1982,5,1982-05,25.5,238.68
Malaysia,MYS,1982,6,1982-06,25.5,129.42
Malaysia,MYS,1982,7,1982-07,25.16,131.25
Malaysia,MYS,1982,8,1982-08,25.01,168.28
Malaysia,MYS,1982,9,1982-09,25.18,182.31
Malaysia,MYS,1982,10,1982-10,24.65,249.29
Malaysia,MYS,1982,11,1982-11,24.96,231.91
Malaysia,MYS,1982,12,1982-12,24.79,239.75
Malaysia,MYS,1983,1,1983-01,24.98,170.68
Malaysia,MYS,1983,2,1983-02,25.7,93.73
Malaysia,MYS,1983,3,1983-03,26.37,87.06
Malaysia,MYS,1983,4,1983-04,26.81,142.86
Malaysia,MYS,1983,5,1983-05,25.97,238.94
Malaysia,MYS,1983,6,1983-06,25.74,190.57
Malaysia,MYS,1983,7,1983-07,25.24,237.9
Malaysia,MYS,1983,8,1983-08,25.39,232.17
Malaysia,MYS,1983,9,1983-09,24.98,307.53
Malaysia,MYS,1983,10,1983-10,25.15,228.23
Malaysia,MYS,1983,11,1983-11,24.61,241.43
Malaysia,MYS,1983,12,1983-12,24.02,408.44
Malaysia,MYS,1984,1,1984-01,23.88,310.17
Malaysia,MYS,1984,2,1984-02,23.94,343.65
Malaysia,MYS,1984,3,1984-03,24.71,278.15
Malaysia,MYS,1984,4,1984-04,25.12,303.91
Malaysia,MYS,1984,5,1984-05,25.08,314.67
Malaysia,MYS,1984,6,1984-06,25.19,182.27
Malaysia,MYS,1984,7,1984-07,24.57,266.3
Malaysia,MYS,1984,8,1984-08,25.28,151.71
Malaysia,MYS,1984,9,1984-09,24.56,263.19
Malaysia,MYS,1984,10,1984-10,24.61,265.26
Malaysia,MYS,1984,11,1984-11,24.57,270.79
Malaysia,MYS,1984,12,1984-12,24.18,299.78
Malaysia,MYS,1985,1,1985-01,24.3,160.95
Malaysia,MYS,1985,2,1985-02,25,221.41
Malaysia,MYS,1985,3,1985-03,24.81,273.47
Malaysia,MYS,1985,4,1985-04,25.3,219.78
Malaysia,MYS,1985,5,1985-05,25.38,280.17
Malaysia,MYS,1985,6,1985-06,25.64,91.56
Malaysia,MYS,1985,7,1985-07,24.59,195.33
Malaysia,MYS,1985,8,1985-08,24.97,208.91
Malaysia,MYS,1985,9,1985-09,24.66,267.18
Malaysia,MYS,1985,10,1985-10,24.62,313.61
Malaysia,MYS,1985,11,1985-11,24.59,299.48
Malaysia,MYS,1985,12,1985-12,24.24,253.34
Malaysia,MYS,1986,1,1986-01,23.95,330.59
Malaysia,MYS,1986,2,1986-02,24.46,153.1
Malaysia,MYS,1986,3,1986-03,24.65,310.32
Malaysia,MYS,1986,4,1986-04,25.35,247.15
Malaysia,MYS,1986,5,1986-05,25.86,157.36
Malaysia,MYS,1986,6,1986-06,25.41,174.97
Malaysia,MYS,1986,7,1986-07,25.28,141.36
Malaysia,MYS,1986,8,1986-08,25.57,131.97
Malaysia,MYS,1986,9,1986-09,24.91,289.49
Malaysia,MYS,1986,10,1986-10,24.79,347.13
Malaysia,MYS,1986,11,1986-11,24.41,322.91
Malaysia,MYS,1986,12,1986-12,24.53,202.07
Malaysia,MYS,1987,1,1987-01,24.18,231.63
Malaysia,MYS,1987,2,1987-02,24.76,94.17
Malaysia,MYS,1987,3,1987-03,25.53,208.37
Malaysia,MYS,1987,4,1987-04,25.95,192.02
Malaysia,MYS,1987,5,1987-05,25.65,255.66
Malaysia,MYS,1987,6,1987-06,26.01,173.49
Malaysia,MYS,1987,7,1987-07,25.57,132.34
Malaysia,MYS,1987,8,1987-08,25.2,269.33
Malaysia,MYS,1987,9,1987-09,25.42,232.67
Malaysia,MYS,1987,10,1987-10,25.25,330.4
Malaysia,MYS,1987,11,1987-11,25.24,310.88
Malaysia,MYS,1987,12,1987-12,24.67,390.71
Malaysia,MYS,1988,1,1988-01,25.02,259.24
Malaysia,MYS,1988,2,1988-02,25.06,216.4
Malaysia,MYS,1988,3,1988-03,25.68,297.05
Malaysia,MYS,1988,4,1988-04,25.99,238.66
Malaysia,MYS,1988,5,1988-05,25.94,260.57
Malaysia,MYS,1988,6,1988-06,25.55,177.74
Malaysia,MYS,1988,7,1988-07,25.18,219.96
Malaysia,MYS,1988,8,1988-08,24.95,357.19
Malaysia,MYS,1988,9,1988-09,25.06,307.81
Malaysia,MYS,1988,10,1988-10,25.22,201.1
Malaysia,MYS,1988,11,1988-11,24.48,431.85
Malaysia,MYS,1988,12,1988-12,23.92,220.25
Malaysia,MYS,1989,1,1989-01,24.54,238.57
Malaysia,MYS,1989,2,1989-02,24.47,189.4
Malaysia,MYS,1989,3,1989-03,24.61,252.96
Malaysia,MYS,1989,4,1989-04,25.14,231.64
Malaysia,MYS,1989,5,1989-05,25.48,246.91
Malaysia,MYS,1989,6,1989-06,25.26,187.67
Malaysia,MYS,1989,7,1989-07,25.28,187.91
Malaysia,MYS,1989,8,1989-08,25.14,192.8
Malaysia,MYS,1989,9,1989-09,24.9,268.99
Malaysia,MYS,1989,10,1989-10,24.89,303.48
Malaysia,MYS,1989,11,1989-11,24.79,283.04
Malaysia,MYS,1989,12,1989-12,24.54,198.68
Malaysia,MYS,1990,1,1990-01,24.38,226.76
Malaysia,MYS,1990,2,1990-02,25.27,138.13
Malaysia,MYS,1990,3,1990-03,25.44,175.38
Malaysia,MYS,1990,4,1990-04,25.94,220.65
Malaysia,MYS,1990,5,1990-05,25.9,222.94
Malaysia,MYS,1990,6,1990-06,25.95,135.62
Malaysia,MYS,1990,7,1990-07,25.19,185.73
Malaysia,MYS,1990,8,1990-08,25.71,123.55
Malaysia,MYS,1990,9,1990-09,24.99,276.18
Malaysia,MYS,1990,10,1990-10,25.11,304.15
Malaysia,MYS,1990,11,1990-11,24.92,249.41
Malaysia,MYS,1990,12,1990-12,24.58,266.74
Malaysia,MYS,1991,1,1991-01,24.62,270.48
Malaysia,MYS,1991,2,1991-02,24.91,163.72
Malaysia,MYS,1991,3,1991-03,25.44,190.98
Malaysia,MYS,1991,4,1991-04,25.58,275.82
Malaysia,MYS,1991,5,1991-05,25.41,311.42
Malaysia,MYS,1991,6,1991-06,25.95,189.06
Malaysia,MYS,1991,7,1991-07,25.57,143.5
Malaysia,MYS,1991,8,1991-08,25.46,172.36
Malaysia,MYS,1991,9,1991-09,25.2,215.63
Malaysia,MYS,1991,10,1991-10,24.74,269.82
Malaysia,MYS,1991,11,1991-11,24.39,319.75
Malaysia,MYS,1991,12,1991-12,24.3,381.82
Malaysia,MYS,1992,1,1992-01,24.36,128.74
Malaysia,MYS,1992,2,1992-02,24.94,161.36
Malaysia,MYS,1992,3,1992-03,25.65,136.96
Malaysia,MYS,1992,4,1992-04,26.04,173.98
Malaysia,MYS,1992,5,1992-05,25.66,251.49
Malaysia,MYS,1992,6,1992-06,25.61,197.65
Malaysia,MYS,1992,7,1992-07,25.03,231.56
Malaysia,MYS,1992,8,1992-08,25.55,145.84
Malaysia,MYS,1992,9,1992-09,25.19,219.98
Malaysia,MYS,1992,10,1992-10,24.72,277.5
Malaysia,MYS,1992,11,1992-11,24.28,305.91
Malaysia,MYS,1992,12,1992-12,24.16,284.21
Malaysia,MYS,1993,1,1993-01,24.26,197
Malaysia,MYS,1993,2,1993-02,24.55,126.86
Malaysia,MYS,1993,3,1993-03,24.91,224.65
Malaysia,MYS,1993,4,1993-04,25.55,202.15
Malaysia,MYS,1993,5,1993-05,25.71,258.44
Malaysia,MYS,1993,6,1993-06,25.8,191.71
Malaysia,MYS,1993,7,1993-07,25.25,216.49
Malaysia,MYS,1993,8,1993-08,25.29,169.61
Malaysia,MYS,1993,9,1993-09,24.93,260.88
Malaysia,MYS,1993,10,1993-10,24.79,320.04
Malaysia,MYS,1993,11,1993-11,24.92,325.11
Malaysia,MYS,1993,12,1993-12,24.71,388.13
Malaysia,MYS,1994,1,1994-01,24.75,234.44
Malaysia,MYS,1994,2,1994-02,25.09,197.16
Malaysia,MYS,1994,3,1994-03,24.88,330.46
Malaysia,MYS,1994,4,1994-04,25.53,242.85
Malaysia,MYS,1994,5,1994-05,25.69,237.2
Malaysia,MYS,1994,6,1994-06,25.44,216.96
Malaysia,MYS,1994,7,1994-07,25.72,89.51
Malaysia,MYS,1994,8,1994-08,25.12,232.11
Malaysia,MYS,1994,9,1994-09,25.31,190.27
Malaysia,MYS,1994,10,1994-10,24.92,274.5
Malaysia,MYS,1994,11,1994-11,24.81,342.77
Malaysia,MYS,1994,12,1994-12,24.87,230.91
Malaysia,MYS,1995,1,1995-01,24.8,211.44
Malaysia,MYS,1995,2,1995-02,24.83,245.11
Malaysia,MYS,1995,3,1995-03,25.34,231.65
Malaysia,MYS,1995,4,1995-04,25.71,238.8
Malaysia,MYS,1995,5,1995-05,25.98,227.91
Malaysia,MYS,1995,6,1995-06,25.79,219
Malaysia,MYS,1995,7,1995-07,25.28,256.19
Malaysia,MYS,1995,8,1995-08,25.11,383.12
Malaysia,MYS,1995,9,1995-09,25.35,233.71
Malaysia,MYS,1995,10,1995-10,25.24,299.64
Malaysia,MYS,1995,11,1995-11,24.88,353.77
Malaysia,MYS,1995,12,1995-12,24.44,291.6
Malaysia,MYS,1996,1,1996-01,24.03,307.52
Malaysia,MYS,1996,2,1996-02,24.33,272.29
Malaysia,MYS,1996,3,1996-03,25.46,203.73
Malaysia,MYS,1996,4,1996-04,25.67,276.38
Malaysia,MYS,1996,5,1996-05,25.94,188.43
Malaysia,MYS,1996,6,1996-06,25.54,253.57
Malaysia,MYS,1996,7,1996-07,25.71,179.02
Malaysia,MYS,1996,8,1996-08,25.21,280.22
Malaysia,MYS,1996,9,1996-09,25.55,208.73
Malaysia,MYS,1996,10,1996-10,25,345.86
Malaysia,MYS,1996,11,1996-11,24.89,243.48
Malaysia,MYS,1996,12,1996-12,24.24,335.44
Malaysia,MYS,1997,1,1997-01,24.49,143.89
Malaysia,MYS,1997,2,1997-02,24.62,260.54
Malaysia,MYS,1997,3,1997-03,25.39,151.49
Malaysia,MYS,1997,4,1997-04,25.45,231.4
Malaysia,MYS,1997,5,1997-05,26,170.21
Malaysia,MYS,1997,6,1997-06,25.8,152.81
Malaysia,MYS,1997,7,1997-07,25.49,189.36
Malaysia,MYS,1997,8,1997-08,25.85,161.72
Malaysia,MYS,1997,9,1997-09,25.33,235.16
Malaysia,MYS,1997,10,1997-10,25.14,300.96
Malaysia,MYS,1997,11,1997-11,25.13,286.69
Malaysia,MYS,1997,12,1997-12,25.18,244
Malaysia,MYS,1998,1,1998-01,25.72,140.84
Malaysia,MYS,1998,2,1998-02,26.47,89.91
Malaysia,MYS,1998,3,1998-03,26.93,141.59
Malaysia,MYS,1998,4,1998-04,27.39,165.43
Malaysia,MYS,1998,5,1998-05,27.26,206.69
Malaysia,MYS,1998,6,1998-06,26.15,249.02
Malaysia,MYS,1998,7,1998-07,25.66,279.05
Malaysia,MYS,1998,8,1998-08,25.36,337.94
Malaysia,MYS,1998,9,1998-09,25.66,282.85
Malaysia,MYS,1998,10,1998-10,25.65,297.69
Malaysia,MYS,1998,11,1998-11,25.18,300.54
Malaysia,MYS,1998,12,1998-12,24.71,302.61
Malaysia,MYS,1999,1,1999-01,24.79,312.87
Malaysia,MYS,1999,2,1999-02,24.87,215.66
Malaysia,MYS,1999,3,1999-03,25.23,308.06
Malaysia,MYS,1999,4,1999-04,25.75,229.05
Malaysia,MYS,1999,5,1999-05,25.37,302.72
Malaysia,MYS,1999,6,1999-06,25.54,176.98
Malaysia,MYS,1999,7,1999-07,25.39,149.71
Malaysia,MYS,1999,8,1999-08,25.18,253.91
Malaysia,MYS,1999,9,1999-09,25.26,245.39
Malaysia,MYS,1999,10,1999-10,24.91,366.84
Malaysia,MYS,1999,11,1999-11,24.98,230.88
Malaysia,MYS,1999,12,1999-12,24.58,332.41
Malaysia,MYS,2000,1,2000-01,24.44,300.77
Malaysia,MYS,2000,2,2000-02,24.82,271.01
Malaysia,MYS,2000,3,2000-03,25.22,254.65
Malaysia,MYS,2000,4,2000-04,25.45,284.55
Malaysia,MYS,2000,5,2000-05,26.12,156.05
Malaysia,MYS,2000,6,2000-06,25.26,223.49
Malaysia,MYS,2000,7,2000-07,25.81,134.57
Malaysia,MYS,2000,8,2000-08,25.35,196.34
Malaysia,MYS,2000,9,2000-09,25.39,288.28
Malaysia,MYS,2000,10,2000-10,25.33,264.33
Malaysia,MYS,2000,11,2000-11,25.15,335.15
Malaysia,MYS,2000,12,2000-12,25.09,257.16
Malaysia,MYS,2001,1,2001-01,24.65,342.91
Malaysia,MYS,2001,2,2001-02,24.86,222.88
Malaysia,MYS,2001,3,2001-03,25.33,287.16
Malaysia,MYS,2001,4,2001-04,25.71,287.02
Malaysia,MYS,2001,5,2001-05,26.1,197.62
Malaysia,MYS,2001,6,2001-06,25.55,175.81
Malaysia,MYS,2001,7,2001-07,25.82,174.83
Malaysia,MYS,2001,8,2001-08,25.88,150.87
Malaysia,MYS,2001,9,2001-09,25.41,303.45
Malaysia,MYS,2001,10,2001-10,25.3,304.65
Malaysia,MYS,2001,11,2001-11,24.96,273.27
Malaysia,MYS,2001,12,2001-12,24.76,274.8
Malaysia,MYS,2002,1,2002-01,24.76,202.35
Malaysia,MYS,2002,2,2002-02,25.11,140.82
Malaysia,MYS,2002,3,2002-03,25.78,181.56
Malaysia,MYS,2002,4,2002-04,26.05,209.84
Malaysia,MYS,2002,5,2002-05,26.32,190.36
Malaysia,MYS,2002,6,2002-06,25.91,179.93
Malaysia,MYS,2002,7,2002-07,26.18,112.56
Malaysia,MYS,2002,8,2002-08,25.64,163.87
Malaysia,MYS,2002,9,2002-09,25.44,210.26
Malaysia,MYS,2002,10,2002-10,25.42,255.17
Malaysia,MYS,2002,11,2002-11,25.32,286.54
Malaysia,MYS,2002,12,2002-12,25.57,200.48
Malaysia,MYS,2003,1,2003-01,25.01,263.08
Malaysia,MYS,2003,2,2003-02,25.19,126.74
Malaysia,MYS,2003,3,2003-03,25.65,232.53
Malaysia,MYS,2003,4,2003-04,25.99,183.55
Malaysia,MYS,2003,5,2003-05,26.53,151.98
Malaysia,MYS,2003,6,2003-06,25.97,198.94
Malaysia,MYS,2003,7,2003-07,25.47,186.04
Malaysia,MYS,2003,8,2003-08,25.74,204.99
Malaysia,MYS,2003,9,2003-09,25.56,194.31
Malaysia,MYS,2003,10,2003-10,25.17,290.87
Malaysia,MYS,2003,11,2003-11,25.22,264.64
Malaysia,MYS,2003,12,2003-12,24.62,305.37
Malaysia,MYS,2004,1,2004-01,25.09,231.12
Malaysia,MYS,2004,2,2004-02,25.21,110.03
Malaysia,MYS,2004,3,2004-03,25.66,205.73
Malaysia,MYS,2004,4,2004-04,26.27,174.44
Malaysia,MYS,2004,5,2004-05,26.26,190.34
Malaysia,MYS,2004,6,2004-06,26.18,87.29
Malaysia,MYS,2004,7,2004-07,25.19,234.5
Malaysia,MYS,2004,8,2004-08,25.97,93.94
Malaysia,MYS,2004,9,2004-09,25.18,304.37
Malaysia,MYS,2004,10,2004-10,25.29,215.32
Malaysia,MYS,2004,11,2004-11,25.29,240.79
Malaysia,MYS,2004,12,2004-12,24.83,285.03
Malaysia,MYS,2005,1,2005-01,24.78,130.91
Malaysia,MYS,2005,2,2005-02,25.81,113.75
Malaysia,MYS,2005,3,2005-03,25.89,190.6
Malaysia,MYS,2005,4,2005-04,26.16,171.27
Malaysia,MYS,2005,5,2005-05,26.07,239.9
Malaysia,MYS,2005,6,2005-06,26.14,182.53
Malaysia,MYS,2005,7,2005-07,25.92,158.07
Malaysia,MYS,2005,8,2005-08,26.19,174.25
Malaysia,MYS,2005,9,2005-09,26.09,185.28
Malaysia,MYS,2005,10,2005-10,25.4,320.4
Malaysia,MYS,2005,11,2005-11,25.04,295.6
Malaysia,MYS,2005,12,2005-12,24.76,324.35
Malaysia,MYS,2006,1,2006-01,24.91,241.11
Malaysia,MYS,2006,2,2006-02,25.2,267.74
Malaysia,MYS,2006,3,2006-03,25.58,192.63
Malaysia,MYS,2006,4,2006-04,25.59,275.54
Malaysia,MYS,2006,5,2006-05,25.61,297.21
Malaysia,MYS,2006,6,2006-06,25.53,226.4
Malaysia,MYS,2006,7,2006-07,25.95,174.7
Malaysia,MYS,2006,8,2006-08,25.68,182.32
Malaysia,MYS,2006,9,2006-09,25.23,250.66
Malaysia,MYS,2006,10,2006-10,25.28,262.92
Malaysia,MYS,2006,11,2006-11,25.28,278.5
Malaysia,MYS,2006,12,2006-12,25.3,307.27
Malaysia,MYS,2007,1,2007-01,24.78,373.97
Malaysia,MYS,2007,2,2007-02,25.15,196.74
Malaysia,MYS,2007,3,2007-03,25.66,217.45
Malaysia,MYS,2007,4,2007-04,25.9,272.89
Malaysia,MYS,2007,5,2007-05,26.05,283.61
Malaysia,MYS,2007,6,2007-06,25.81,279.55
Malaysia,MYS,2007,7,2007-07,25.58,239.39
Malaysia,MYS,2007,8,2007-08,25.53,214.54
Malaysia,MYS,2007,9,2007-09,25.44,256.2
Malaysia,MYS,2007,10,2007-10,25.33,324.34
Malaysia,MYS,2007,11,2007-11,24.86,283.95
Malaysia,MYS,2007,12,2007-12,24.83,343.2
Malaysia,MYS,2008,1,2008-01,24.97,253.62
Malaysia,MYS,2008,2,2008-02,24.72,263.07
Malaysia,MYS,2008,3,2008-03,24.89,372.51
Malaysia,MYS,2008,4,2008-04,25.55,282.2
Malaysia,MYS,2008,5,2008-05,25.78,194.04
Malaysia,MYS,2008,6,2008-06,25.41,245.02
Malaysia,MYS,2008,7,2008-07,25.18,279.68
Malaysia,MYS,2008,8,2008-08,25.29,288.67
Malaysia,MYS,2008,9,2008-09,25.42,250.07
Malaysia,MYS,2008,10,2008-10,25.34,355.69
Malaysia,MYS,2008,11,2008-11,25.19,374.35
Malaysia,MYS,2008,12,2008-12,24.86,360.24
Malaysia,MYS,2009,1,2009-01,24.45,356.26
Malaysia,MYS,2009,2,2009-02,25.12,212.62
Malaysia,MYS,2009,3,2009-03,25.21,311.27
Malaysia,MYS,2009,4,2009-04,26.08,229.43
Malaysia,MYS,2009,5,2009-05,26.22,205.18
Malaysia,MYS,2009,6,2009-06,26.2,159.66
Malaysia,MYS,2009,7,2009-07,25.81,145.19
Malaysia,MYS,2009,8,2009-08,25.98,227.63
Malaysia,MYS,2009,9,2009-09,26.03,172.61
Malaysia,MYS,2009,10,2009-10,25.58,269.41
Malaysia,MYS,2009,11,2009-11,25.23,357.84
Malaysia,MYS,2009,12,2009-12,25.14,286.7
Malaysia,MYS,2010,1,2010-01,25.08,266.59
Malaysia,MYS,2010,2,2010-02,26.11,128.31
Malaysia,MYS,2010,3,2010-03,26.38,199.44
Malaysia,MYS,2010,4,2010-04,26.49,228.66
Malaysia,MYS,2010,5,2010-05,26.78,250.38
Malaysia,MYS,2010,6,2010-06,26.11,260.52
Malaysia,MYS,2010,7,2010-07,25.47,304.38
Malaysia,MYS,2010,8,2010-08,25.73,248.72
Malaysia,MYS,2010,9,2010-09,25.52,306.97
Malaysia,MYS,2010,10,2010-10,25.81,251.79
Malaysia,MYS,2010,11,2010-11,25.29,336.38
Malaysia,MYS,2010,12,2010-12,24.72,339.9
Malaysia,MYS,2011,1,2011-01,24.54,365.44
Malaysia,MYS,2011,2,2011-02,24.99,208.43
Malaysia,MYS,2011,3,2011-03,24.99,372.63
Malaysia,MYS,2011,4,2011-04,25.61,249.83
Malaysia,MYS,2011,5,2011-05,26.05,230.19
Malaysia,MYS,2011,6,2011-06,25.96,204.18
Malaysia,MYS,2011,7,2011-07,25.87,136.03
Malaysia,MYS,2011,8,2011-08,25.62,236.34
Malaysia,MYS,2011,9,2011-09,25.7,216.95
Malaysia,MYS,2011,10,2011-10,25.38,282.94
Malaysia,MYS,2011,11,2011-11,25.3,303.86
Malaysia,MYS,2011,12,2011-12,25.04,331.48
Malaysia,MYS,2012,1,2012-01,25,269.78
Malaysia,MYS,2012,2,2012-02,25.19,255.45
Malaysia,MYS,2012,3,2012-03,25.32,312.92
Malaysia,MYS,2012,4,2012-04,25.65,288.2
Malaysia,MYS,2012,5,2012-05,26.08,203.89
Malaysia,MYS,2012,6,2012-06,26.14,107.98
Malaysia,MYS,2012,7,2012-07,25.42,244.14
Malaysia,MYS,2012,8,2012-08,25.63,220.18
Malaysia,MYS,2012,9,2012-09,25.6,212.29
Malaysia,MYS,2012,10,2012-10,25.35,328.57
Malaysia,MYS,2012,11,2012-11,25.36,361.86
Malaysia,MYS,2012,12,2012-12,25.2,378.21
Malaysia,MYS,2013,1,2013-01,25.16,229.92
Malaysia,MYS,2013,2,2013-02,25.18,332.29
Malaysia,MYS,2013,3,2013-03,26.08,187.46
Malaysia,MYS,2013,4,2013-04,26.18,305.12
Malaysia,MYS,2013,5,2013-05,26.19,263.37
Malaysia,MYS,2013,6,2013-06,26.48,152.53
Malaysia,MYS,2013,7,2013-07,25.67,177.92
Malaysia,MYS,2013,8,2013-08,25.64,199.69
Malaysia,MYS,2013,9,2013-09,25.56,250.55
Malaysia,MYS,2013,10,2013-10,25.37,275.64
Malaysia,MYS,2013,11,2013-11,25.25,335.84
Malaysia,MYS,2013,12,2013-12,25.05,395.24
Malaysia,MYS,2014,1,2014-01,24.18,236.29
Malaysia,MYS,2014,2,2014-02,25.16,102.62
Malaysia,MYS,2014,3,2014-03,25.84,167.69
Malaysia,MYS,2014,4,2014-04,26.08,227.63
Malaysia,MYS,2014,5,2014-05,26.21,265.23
Malaysia,MYS,2014,6,2014-06,26.59,161.42
Malaysia,MYS,2014,7,2014-07,26.29,139.59
Malaysia,MYS,2014,8,2014-08,25.39,303.84
Malaysia,MYS,2014,9,2014-09,25.7,212.5
Malaysia,MYS,2014,10,2014-10,25.5,288.41
Malaysia,MYS,2014,11,2014-11,25.33,364.71
Malaysia,MYS,2014,12,2014-12,25.06,386.32
Malaysia,MYS,2015,1,2015-01,24.67,288.87
Malaysia,MYS,2015,2,2015-02,25.08,134.72
Malaysia,MYS,2015,3,2015-03,25.87,165.72
Malaysia,MYS,2015,4,2015-04,26.28,243.5
Malaysia,MYS,2015,5,2015-05,26.37,229.82
Malaysia,MYS,2015,6,2015-06,26.4,183.83
Malaysia,MYS,2015,7,2015-07,26.37,171.87
Malaysia,MYS,2015,8,2015-08,25.84,209.99
Malaysia,MYS,2015,9,2015-09,25.98,203.71
Malaysia,MYS,2015,10,2015-10,25.89,241.19
Malaysia,MYS,2015,11,2015-11,25.51,395.13
Malaysia,MYS,2015,12,2015-12,25.8,225.58
Malaysia,MYS,2016,1,2016-01,26.25,166.49
Malaysia,MYS,2016,2,2016-02,26.03,197.28
Malaysia,MYS,2016,3,2016-03,26.9,153.25
Malaysia,MYS,2016,4,2016-04,27.38,193.63
Malaysia,MYS,2016,5,2016-05,26.97,279.41
Malaysia,MYS,2016,6,2016-06,26.18,204.87
Malaysia,MYS,2016,7,2016-07,26.01,250.32
Malaysia,MYS,2016,8,2016-08,26.55,162.14
Malaysia,MYS,2016,9,2016-09,25.94,254.68
Malaysia,MYS,2016,10,2016-10,25.97,280.83
Malaysia,MYS,2016,11,2016-11,25.66,337.36
Malaysia,MYS,2016,12,2016-12,25.57,264.43
Malaysia,MYS,2017,1,2017-01,25.44,288.03
Malaysia,MYS,2017,2,2017-02,25.29,240.65
Malaysia,MYS,2017,3,2017-03,25.65,273.32
Malaysia,MYS,2017,4,2017-04,26.04,267.88
Malaysia,MYS,2017,5,2017-05,26.45,305.61
Malaysia,MYS,2017,6,2017-06,26.07,198.4
Malaysia,MYS,2017,7,2017-07,26.16,161.9
Malaysia,MYS,2017,8,2017-08,25.78,298.4
Malaysia,MYS,2017,9,2017-09,25.84,297.34
Malaysia,MYS,2017,10,2017-10,25.93,247.48
Malaysia,MYS,2017,11,2017-11,25.58,376.29
Malaysia,MYS,2017,12,2017-12,25.39,306.19
Malaysia,MYS,2018,1,2018-01,24.84,381.21
Malaysia,MYS,2018,2,2018-02,25.28,171.16
Malaysia,MYS,2018,3,2018-03,25.87,212.52
Malaysia,MYS,2018,4,2018-04,26.25,243.06
Malaysia,MYS,2018,5,2018-05,26.27,295.73
Malaysia,MYS,2018,6,2018-06,26.33,174.31
Malaysia,MYS,2018,7,2018-07,26.32,148.72
Malaysia,MYS,2018,8,2018-08,26.47,121.88
Malaysia,MYS,2018,9,2018-09,25.58,254.16
Malaysia,MYS,2018,10,2018-10,25.68,331.37
Malaysia,MYS,2018,11,2018-11,25.77,295.54
Malaysia,MYS,2018,12,2018-12,25.57,284.59
Malaysia,MYS,2019,1,2019-01,25.67,204.4
Malaysia,MYS,2019,2,2019-02,26.01,135.51
Malaysia,MYS,2019,3,2019-03,26.42,147.8
Malaysia,MYS,2019,4,2019-04,26.88,193.73
Malaysia,MYS,2019,5,2019-05,26.88,206.6
Malaysia,MYS,2019,6,2019-06,26.4,270.22
Malaysia,MYS,2019,7,2019-07,26.09,151.1
Malaysia,MYS,2019,8,2019-08,26.34,137.96
Malaysia,MYS,2019,9,2019-09,26.42,151.05
Malaysia,MYS,2019,10,2019-10,25.6,344.74
Malaysia,MYS,2019,11,2019-11,25.75,273.59
Malaysia,MYS,2019,12,2019-12,25.33,309.62
Malaysia,MYS,2020,1,2020-01,25.98,184.44
Malaysia,MYS,2020,2,2020-02,25.91,172.06
Malaysia,MYS,2020,3,2020-03,26.51,211.32
Malaysia,MYS,2020,4,2020-04,26.68,251.92
Malaysia,MYS,2020,5,2020-05,26.91,282.41
Malaysia,MYS,2020,6,2020-06,26.01,274.03
Malaysia,MYS,2020,7,2020-07,25.7,308.66
Malaysia,MYS,2020,8,2020-08,26.27,205.23
Malaysia,MYS,2020,9,2020-09,25.7,337.83
Malaysia,MYS,2020,10,2020-10,25.79,260.21
Malaysia,MYS,2020,11,2020-11,25.47,380.02
Malaysia,MYS,2020,12,2020-12,25.31,282.95
Malaysia,MYS,2021,1,2021-01,24.74,325.57
Malaysia,MYS,2021,2,2021-02,25.38,131.14
Malaysia,MYS,2021,3,2021-03,25.8,268.22
Malaysia,MYS,2021,4,2021-04,25.99,217
Malaysia,MYS,2021,5,2021-05,26.3,290.19
Malaysia,MYS,2021,6,2021-06,26,218.21
Malaysia,MYS,2021,7,2021-07,26.2,181.47
Malaysia,MYS,2021,8,2021-08,25.62,334.33
Malaysia,MYS,2021,9,2021-09,25.62,297.2
Malaysia,MYS,2021,10,2021-10,26.15,258.17
Malaysia,MYS,2021,11,2021-11,25.52,350.71
Malaysia,MYS,2021,12,2021-12,25.42,290.82
Malaysia,MYS,2022,1,2022-01,25.25,250.38
Malaysia,MYS,2022,2,2022-02,25.33,290.71
Malaysia,MYS,2022,3,2022-03,25.82,289.96
Malaysia,MYS,2022,4,2022-04,25.92,255.06
Malaysia,MYS,2022,5,2022-05,26.48,247.16
Malaysia,MYS,2022,6,2022-06,25.77,280.9
Malaysia,MYS,2022,7,2022-07,26.09,186.97
Malaysia,MYS,2022,8,2022-08,25.83,299.9
Malaysia,MYS,2022,9,2022-09,25.55,270.02
Malaysia,MYS,2022,10,2022-10,25.48,376.88
Malaysia,MYS,2022,11,2022-11,25.37,333.48
Malaysia,MYS,2022,12,2022-12,24.82,362.27
Malaysia,MYS,2023,1,2023-01,24.94,286.25
Malaysia,MYS,2023,2,2023-02,25.18,234.54
Malaysia,MYS,2023,3,2023-03,25.55,242.24
Malaysia,MYS,2023,4,2023-04,26.53,176.23
Malaysia,MYS,2023,5,2023-05,27.11,188.68
Malaysia,MYS,2023,6,2023-06,26.64,194
Malaysia,MYS,2023,7,2023-07,26.43,206.46
Malaysia,MYS,2023,8,2023-08,26.29,280.89
Malaysia,MYS,2023,9,2023-09,26.14,312.89
Malaysia,MYS,2023,10,2023-10,26.31,330.32
Malaysia,MYS,2023,11,2023-11,25.95,347.05
Malaysia,MYS,2023,12,2023-12,25.97,367.98
Malaysia,MYS,2024,1,2024-01,25.89,311.47
Malaysia,MYS,2024,2,2024-02,26.44,187.38
Malaysia,MYS,2024,3,2024-03,26.88,237.77
Malaysia,MYS,2024,4,2024-04,27.33,291.94
Malaysia,MYS,2024,5,2024-05,27.25,339.65
Malaysia,MYS,2024,6,2024-06,26.38,281.05
Malaysia,MYS,2024,7,2024-07,26.64,144.87
Malaysia,MYS,2024,8,2024-08,26.07,339.05
Malaysia,MYS,2024,9,2024-09,26.46,205.83
Malaysia,MYS,2024,10,2024-10,26.26,263.6
Malaysia,MYS,2024,11,2024-11,25.81,426.7
Malaysia,MYS,2024,12,2024-12,25.76,324.6
Filipina,PHL,1950,1,1950-01,24,191.3
Filipina,PHL,1950,2,1950-02,24.21,139.97
Filipina,PHL,1950,3,1950-03,24.79,225.16
Filipina,PHL,1950,4,1950-04,25.73,143.27
Filipina,PHL,1950,5,1950-05,26.22,151.65
Filipina,PHL,1950,6,1950-06,25.85,215.6
Filipina,PHL,1950,7,1950-07,25.58,148.6
Filipina,PHL,1950,8,1950-08,25.63,164.35
Filipina,PHL,1950,9,1950-09,25.18,282.08
Filipina,PHL,1950,10,1950-10,24.99,221.35
Filipina,PHL,1950,11,1950-11,24.55,167.26
Filipina,PHL,1950,12,1950-12,23.5,153.98
Filipina,PHL,1951,1,1951-01,23.78,145.77
Filipina,PHL,1951,2,1951-02,23.97,112.81
Filipina,PHL,1951,3,1951-03,24.6,61.75
Filipina,PHL,1951,4,1951-04,25.82,111.59
Filipina,PHL,1951,5,1951-05,25.95,186.49
Filipina,PHL,1951,6,1951-06,25.91,194.92
Filipina,PHL,1951,7,1951-07,25.55,242.53
Filipina,PHL,1951,8,1951-08,25.66,219.93
Filipina,PHL,1951,9,1951-09,25.51,290.42
Filipina,PHL,1951,10,1951-10,25.49,181.96
Filipina,PHL,1951,11,1951-11,25.15,217.05
Filipina,PHL,1951,12,1951-12,24.31,235.61
Filipina,PHL,1952,1,1952-01,24.02,116.97
Filipina,PHL,1952,2,1952-02,24.25,146.32
Filipina,PHL,1952,3,1952-03,25.11,105.4
Filipina,PHL,1952,4,1952-04,26.09,98.38
Filipina,PHL,1952,5,1952-05,26.54,150.13
Filipina,PHL,1952,6,1952-06,26.1,225.55
Filipina,PHL,1952,7,1952-07,25.92,269.21
Filipina,PHL,1952,8,1952-08,25.29,292.98
Filipina,PHL,1952,9,1952-09,25.28,225.61
Filipina,PHL,1952,10,1952-10,25.27,332.2
Filipina,PHL,1952,11,1952-11,25.04,175.41
Filipina,PHL,1952,12,1952-12,24.33,308.98
Filipina,PHL,1953,1,1953-01,23.73,126.68
Filipina,PHL,1953,2,1953-02,24.18,128.83
Filipina,PHL,1953,3,1953-03,25.26,76.34
Filipina,PHL,1953,4,1953-04,26.21,88.81
Filipina,PHL,1953,5,1953-05,26.44,153.25
Filipina,PHL,1953,6,1953-06,25.98,212.5
Filipina,PHL,1953,7,1953-07,25.61,204.76
Filipina,PHL,1953,8,1953-08,25.57,245.33
Filipina,PHL,1953,9,1953-09,25.38,261.23
Filipina,PHL,1953,10,1953-10,25.58,163.42
Filipina,PHL,1953,11,1953-11,25.3,193.8
Filipina,PHL,1953,12,1953-12,24.35,230.78
Filipina,PHL,1954,1,1954-01,24.44,98.04
Filipina,PHL,1954,2,1954-02,24.49,124.34
Filipina,PHL,1954,3,1954-03,24.86,211.35
Filipina,PHL,1954,4,1954-04,26.12,103.77
Filipina,PHL,1954,5,1954-05,26.52,160.91
Filipina,PHL,1954,6,1954-06,26.17,219.23
Filipina,PHL,1954,7,1954-07,25.57,276.36
Filipina,PHL,1954,8,1954-08,25.56,344.21
Filipina,PHL,1954,9,1954-09,25.3,320.55
Filipina,PHL,1954,10,1954-10,25.05,250.43
Filipina,PHL,1954,11,1954-11,24.63,244.19
Filipina,PHL,1954,12,1954-12,24.01,272.32
Filipina,PHL,1955,1,1955-01,23.63,295.81
Filipina,PHL,1955,2,1955-02,24.04,82.75
Filipina,PHL,1955,3,1955-03,24.82,100.69
Filipina,PHL,1955,4,1955-04,25.86,114.9
Filipina,PHL,1955,5,1955-05,26.44,211.99
Filipina,PHL,1955,6,1955-06,25.62,245.2
Filipina,PHL,1955,7,1955-07,25.44,247.61
Filipina,PHL,1955,8,1955-08,25.45,281.91
Filipina,PHL,1955,9,1955-09,25.5,253.73
Filipina,PHL,1955,10,1955-10,25.13,297.76
Filipina,PHL,1955,11,1955-11,24.79,364.16
Filipina,PHL,1955,12,1955-12,23.35,152.75
Filipina,PHL,1956,1,1956-01,23.39,223.03
Filipina,PHL,1956,2,1956-02,23.95,146.47
Filipina,PHL,1956,3,1956-03,24.57,114.55
Filipina,PHL,1956,4,1956-04,25.36,255.99
Filipina,PHL,1956,5,1956-05,25.6,219.77
Filipina,PHL,1956,6,1956-06,25.62,229.94
Filipina,PHL,1956,7,1956-07,25.27,313.44
Filipina,PHL,1956,8,1956-08,25,411.15
Filipina,PHL,1956,9,1956-09,24.96,360.9
Filipina,PHL,1956,10,1956-10,24.97,256.28
Filipina,PHL,1956,11,1956-11,24.71,283.9
Filipina,PHL,1956,12,1956-12,23.89,410.62
Filipina,PHL,1957,1,1957-01,23.83,202.93
Filipina,PHL,1957,2,1957-02,23.72,85.74
Filipina,PHL,1957,3,1957-03,24.97,132.41
Filipina,PHL,1957,4,1957-04,25.59,166.72
Filipina,PHL,1957,5,1957-05,26.6,88.15
Filipina,PHL,1957,6,1957-06,25.97,290.44
Filipina,PHL,1957,7,1957-07,25.47,292.45
Filipina,PHL,1957,8,1957-08,25.57,293.27
Filipina,PHL,1957,9,1957-09,25.35,307.65
Filipina,PHL,1957,10,1957-10,25.26,192.68
Filipina,PHL,1957,11,1957-11,24.65,151.95
Filipina,PHL,1957,12,1957-12,24.71,77.87
Filipina,PHL,1958,1,1958-01,24.09,115.27
Filipina,PHL,1958,2,1958-02,24.18,87.78
Filipina,PHL,1958,3,1958-03,25,53.79
Filipina,PHL,1958,4,1958-04,26.22,76.47
Filipina,PHL,1958,5,1958-05,26.75,179.79
Filipina,PHL,1958,6,1958-06,26.21,268.93
Filipina,PHL,1958,7,1958-07,25.82,243.53
Filipina,PHL,1958,8,1958-08,25.59,277.54
Filipina,PHL,1958,9,1958-09,25.51,288.75
Filipina,PHL,1958,10,1958-10,25.35,264.63
Filipina,PHL,1958,11,1958-11,24.5,241.78
Filipina,PHL,1958,12,1958-12,24.01,96.4
Filipina,PHL,1959,1,1959-01,23.59,87.34
Filipina,PHL,1959,2,1959-02,24.57,49.06
Filipina,PHL,1959,3,1959-03,24.97,129.25
Filipina,PHL,1959,4,1959-04,25.99,60.72
Filipina,PHL,1959,5,1959-05,26.27,184.29
Filipina,PHL,1959,6,1959-06,26.63,161.69
Filipina,PHL,1959,7,1959-07,25.71,261.82
Filipina,PHL,1959,8,1959-08,25.43,276.17
Filipina,PHL,1959,9,1959-09,25.64,194.71
Filipina,PHL,1959,10,1959-10,25.36,158.84
Filipina,PHL,1959,11,1959-11,25.01,232.5
Filipina,PHL,1959,12,1959-12,24.63,152.78
Filipina,PHL,1960,1,1960-01,24.33,115.25
Filipina,PHL,1960,2,1960-02,24.39,155.14
Filipina,PHL,1960,3,1960-03,25.22,77
Filipina,PHL,1960,4,1960-04,26.11,169.16
Filipina,PHL,1960,5,1960-05,26.45,183.46
Filipina,PHL,1960,6,1960-06,26.01,270.88
Filipina,PHL,1960,7,1960-07,26.14,211.84
Filipina,PHL,1960,8,1960-08,26.16,252.38
Filipina,PHL,1960,9,1960-09,25.51,259.19
Filipina,PHL,1960,10,1960-10,25.39,275.73
Filipina,PHL,1960,11,1960-11,25.11,134.58
Filipina,PHL,1960,12,1960-12,24.23,102.01
Filipina,PHL,1961,1,1961-01,23.1,122.2
Filipina,PHL,1961,2,1961-02,24.26,98.06
Filipina,PHL,1961,3,1961-03,25.22,73.71
Filipina,PHL,1961,4,1961-04,26.28,90.64
Filipina,PHL,1961,5,1961-05,26.47,218.86
Filipina,PHL,1961,6,1961-06,26.06,253.66
Filipina,PHL,1961,7,1961-07,25.51,212.56
Filipina,PHL,1961,8,1961-08,25.52,297.88
Filipina,PHL,1961,9,1961-09,25.52,193.5
Filipina,PHL,1961,10,1961-10,25.01,212.17
Filipina,PHL,1961,11,1961-11,24.96,133.79
Filipina,PHL,1961,12,1961-12,24.6,139.4
Filipina,PHL,1962,1,1962-01,23.43,165.18
Filipina,PHL,1962,2,1962-02,23.3,128.7
Filipina,PHL,1962,3,1962-03,24.93,129.47
Filipina,PHL,1962,4,1962-04,25.9,91.82
Filipina,PHL,1962,5,1962-05,26.48,175.69
Filipina,PHL,1962,6,1962-06,25.98,182.53
Filipina,PHL,1962,7,1962-07,25.63,309.8
Filipina,PHL,1962,8,1962-08,25.52,266.33
Filipina,PHL,1962,9,1962-09,25.42,287.55
Filipina,PHL,1962,10,1962-10,25.87,131.08
Filipina,PHL,1962,11,1962-11,24.97,160.58
Filipina,PHL,1962,12,1962-12,24.09,117.36
Filipina,PHL,1963,1,1963-01,22.75,195.01
Filipina,PHL,1963,2,1963-02,22.86,130.14
Filipina,PHL,1963,3,1963-03,24,74.24
Filipina,PHL,1963,4,1963-04,25.36,37.67
Filipina,PHL,1963,5,1963-05,26.7,106.03
Filipina,PHL,1963,6,1963-06,25.89,281.65
Filipina,PHL,1963,7,1963-07,25.72,194.19
Filipina,PHL,1963,8,1963-08,25.58,315.42
Filipina,PHL,1963,9,1963-09,25.72,249.4
Filipina,PHL,1963,10,1963-10,25.29,142.34
Filipina,PHL,1963,11,1963-11,25.28,94.27
Filipina,PHL,1963,12,1963-12,24.7,111.82
Filipina,PHL,1964,1,1964-01,24.11,70.6
Filipina,PHL,1964,2,1964-02,23.66,191.95
Filipina,PHL,1964,3,1964-03,24.41,79.04
Filipina,PHL,1964,4,1964-04,25.51,115.36
Filipina,PHL,1964,5,1964-05,25.77,234.58
Filipina,PHL,1964,6,1964-06,25.37,253.41
Filipina,PHL,1964,7,1964-07,25.12,200.9
Filipina,PHL,1964,8,1964-08,25.09,267.21
Filipina,PHL,1964,9,1964-09,24.98,304.02
Filipina,PHL,1964,10,1964-10,24.69,210.87
Filipina,PHL,1964,11,1964-11,24.04,403.55
Filipina,PHL,1964,12,1964-12,23.26,195.36
Filipina,PHL,1965,1,1965-01,22.56,211.64
Filipina,PHL,1965,2,1965-02,23.3,98.49
Filipina,PHL,1965,3,1965-03,23.8,149.45
Filipina,PHL,1965,4,1965-04,25.1,98.16
Filipina,PHL,1965,5,1965-05,25.52,167.95
Filipina,PHL,1965,6,1965-06,25.12,256.62
Filipina,PHL,1965,7,1965-07,24.48,288.13
Filipina,PHL,1965,8,1965-08,24.9,194.42
Filipina,PHL,1965,9,1965-09,24.81,219.68
Filipina,PHL,1965,10,1965-10,24.65,119.73
Filipina,PHL,1965,11,1965-11,24.6,122.26
Filipina,PHL,1965,12,1965-12,24.02,109.45
Filipina,PHL,1966,1,1966-01,23.67,80.78
Filipina,PHL,1966,2,1966-02,24.08,58.57
Filipina,PHL,1966,3,1966-03,24.83,60.65
Filipina,PHL,1966,4,1966-04,26.05,66.34
Filipina,PHL,1966,5,1966-05,25.61,300.44
Filipina,PHL,1966,6,1966-06,25.62,151.41
Filipina,PHL,1966,7,1966-07,25.24,287.5
Filipina,PHL,1966,8,1966-08,25.45,177.39
Filipina,PHL,1966,9,1966-09,25.15,163.42
Filipina,PHL,1966,10,1966-10,24.88,163.06
Filipina,PHL,1966,11,1966-11,24.56,236.77
Filipina,PHL,1966,12,1966-12,24.12,195.59
Filipina,PHL,1967,1,1967-01,23.51,165.58
Filipina,PHL,1967,2,1967-02,23.49,94.18
Filipina,PHL,1967,3,1967-03,24.19,97.28
Filipina,PHL,1967,4,1967-04,25.72,86.34
Filipina,PHL,1967,5,1967-05,26.43,120.49
Filipina,PHL,1967,6,1967-06,26.04,191.36
Filipina,PHL,1967,7,1967-07,25.71,182.05
Filipina,PHL,1967,8,1967-08,25.71,231.18
Filipina,PHL,1967,9,1967-09,25.54,154.54
Filipina,PHL,1967,10,1967-10,25.06,219.3
Filipina,PHL,1967,11,1967-11,24.63,172.55
Filipina,PHL,1967,12,1967-12,23.7,91.14
Filipina,PHL,1968,1,1968-01,23.56,138.02
Filipina,PHL,1968,2,1968-02,23.46,75.42
Filipina,PHL,1968,3,1968-03,24.99,56.31
Filipina,PHL,1968,4,1968-04,25.78,57.16
Filipina,PHL,1968,5,1968-05,26.68,94.8
Filipina,PHL,1968,6,1968-06,26.53,137.58
Filipina,PHL,1968,7,1968-07,26.28,214.46
Filipina,PHL,1968,8,1968-08,25.83,278.2
Filipina,PHL,1968,9,1968-09,25.78,240
Filipina,PHL,1968,10,1968-10,25.08,127.37
Filipina,PHL,1968,11,1968-11,24.34,118.89
Filipina,PHL,1968,12,1968-12,23.93,127.57
Filipina,PHL,1969,1,1969-01,24.18,55.89
Filipina,PHL,1969,2,1969-02,24.34,31.92
Filipina,PHL,1969,3,1969-03,25.58,61.85
Filipina,PHL,1969,4,1969-04,26.39,106.66
Filipina,PHL,1969,5,1969-05,27.03,135.32
Filipina,PHL,1969,6,1969-06,26.4,254.93
Filipina,PHL,1969,7,1969-07,25.66,354.19
Filipina,PHL,1969,8,1969-08,25.77,194.81
Filipina,PHL,1969,9,1969-09,25.61,279.12
Filipina,PHL,1969,10,1969-10,25.59,148.08
Filipina,PHL,1969,11,1969-11,24.79,159.81
Filipina,PHL,1969,12,1969-12,24.53,177.89
Filipina,PHL,1970,1,1970-01,24.19,103.32
Filipina,PHL,1970,2,1970-02,24.4,103.65
Filipina,PHL,1970,3,1970-03,25.45,109.13
Filipina,PHL,1970,4,1970-04,26.42,70.88
Filipina,PHL,1970,5,1970-05,26.87,136.95
Filipina,PHL,1970,6,1970-06,26.16,322.91
Filipina,PHL,1970,7,1970-07,25.91,281
Filipina,PHL,1970,8,1970-08,25.69,268.86
Filipina,PHL,1970,9,1970-09,25.71,232.83
Filipina,PHL,1970,10,1970-10,25.47,352.22
Filipina,PHL,1970,11,1970-11,25.01,253.33
Filipina,PHL,1970,12,1970-12,24.75,171.8
Filipina,PHL,1971,1,1971-01,23.33,149.3
Filipina,PHL,1971,2,1971-02,23.92,166.75
Filipina,PHL,1971,3,1971-03,24.3,159.99
Filipina,PHL,1971,4,1971-04,25.53,100.38
Filipina,PHL,1971,5,1971-05,25.83,242.52
Filipina,PHL,1971,6,1971-06,25.58,308.81
Filipina,PHL,1971,7,1971-07,25.46,295.73
Filipina,PHL,1971,8,1971-08,25.69,176.12
Filipina,PHL,1971,9,1971-09,25.85,206.9
Filipina,PHL,1971,10,1971-10,25.14,353.77
Filipina,PHL,1971,11,1971-11,24.73,220.04
Filipina,PHL,1971,12,1971-12,24.55,178.44
Filipina,PHL,1972,1,1972-01,23.56,183.14
Filipina,PHL,1972,2,1972-02,23.94,84.77
Filipina,PHL,1972,3,1972-03,23.97,157.96
Filipina,PHL,1972,4,1972-04,25.61,91.13
Filipina,PHL,1972,5,1972-05,26.07,218.69
Filipina,PHL,1972,6,1972-06,26.11,235.81
Filipina,PHL,1972,7,1972-07,26.04,351.38
Filipina,PHL,1972,8,1972-08,25.42,310.01
Filipina,PHL,1972,9,1972-09,25.45,280.07
Filipina,PHL,1972,10,1972-10,25.66,120.01
Filipina,PHL,1972,11,1972-11,25.55,137.72
Filipina,PHL,1972,12,1972-12,24.6,132.29
Filipina,PHL,1973,1,1973-01,24.41,43.53
Filipina,PHL,1973,2,1973-02,24.83,46.9
Filipina,PHL,1973,3,1973-03,25.51,51.2
Filipina,PHL,1973,4,1973-04,26.72,79.74
Filipina,PHL,1973,5,1973-05,27.09,119.74
Filipina,PHL,1973,6,1973-06,26.76,241.44
Filipina,PHL,1973,7,1973-07,26.11,264.52
Filipina,PHL,1973,8,1973-08,25.89,300.29
Filipina,PHL,1973,9,1973-09,25.65,297.44
Filipina,PHL,1973,10,1973-10,25.63,297.09
Filipina,PHL,1973,11,1973-11,25.07,307.82
Filipina,PHL,1973,12,1973-12,24.09,239.16
Filipina,PHL,1974,1,1974-01,23.19,130.61
Filipina,PHL,1974,2,1974-02,23.91,203.13
Filipina,PHL,1974,3,1974-03,24.54,74.42
Filipina,PHL,1974,4,1974-04,26,133.11
Filipina,PHL,1974,5,1974-05,26.16,189.58
Filipina,PHL,1974,6,1974-06,25.89,268.48
Filipina,PHL,1974,7,1974-07,25.68,224.32
Filipina,PHL,1974,8,1974-08,25.81,322.59
Filipina,PHL,1974,9,1974-09,25.94,177.21
Filipina,PHL,1974,10,1974-10,25.35,405.05
Filipina,PHL,1974,11,1974-11,24.94,271.49
Filipina,PHL,1974,12,1974-12,24.5,255.7
Filipina,PHL,1975,1,1975-01,23.99,149.9
Filipina,PHL,1975,2,1975-02,24.23,98.52
Filipina,PHL,1975,3,1975-03,25.19,107.97
Filipina,PHL,1975,4,1975-04,25.94,173.82
Filipina,PHL,1975,5,1975-05,26.36,219.59
Filipina,PHL,1975,6,1975-06,25.78,324.6
Filipina,PHL,1975,7,1975-07,25.49,274.41
Filipina,PHL,1975,8,1975-08,25.84,250.91
Filipina,PHL,1975,9,1975-09,25.46,269.55
Filipina,PHL,1975,10,1975-10,25.54,298.47
Filipina,PHL,1975,11,1975-11,24.99,127.14
Filipina,PHL,1975,12,1975-12,24.12,308.6
Filipina,PHL,1976,1,1976-01,23.48,228.14
Filipina,PHL,1976,2,1976-02,23.8,89.39
Filipina,PHL,1976,3,1976-03,24.88,103.65
Filipina,PHL,1976,4,1976-04,25.92,69.42
Filipina,PHL,1976,5,1976-05,25.77,424.1
Filipina,PHL,1976,6,1976-06,25.44,335.54
Filipina,PHL,1976,7,1976-07,25.61,264.1
Filipina,PHL,1976,8,1976-08,25.3,296.37
Filipina,PHL,1976,9,1976-09,25.49,246.06
Filipina,PHL,1976,10,1976-10,25.7,189.73
Filipina,PHL,1976,11,1976-11,24.92,209.77
Filipina,PHL,1976,12,1976-12,24.37,235.57
Filipina,PHL,1977,1,1977-01,24.44,180.57
Filipina,PHL,1977,2,1977-02,23.9,171.96
Filipina,PHL,1977,3,1977-03,24.61,93.6
Filipina,PHL,1977,4,1977-04,26.26,57.24
Filipina,PHL,1977,5,1977-05,26.77,187.02
Filipina,PHL,1977,6,1977-06,26.27,282.24
Filipina,PHL,1977,7,1977-07,25.64,433.29
Filipina,PHL,1977,8,1977-08,25.88,316.27
Filipina,PHL,1977,9,1977-09,25.68,341.66
Filipina,PHL,1977,10,1977-10,25.66,162.53
Filipina,PHL,1977,11,1977-11,25.15,228.2
Filipina,PHL,1977,12,1977-12,24.53,83.23
Filipina,PHL,1978,1,1978-01,24.06,99.88
Filipina,PHL,1978,2,1978-02,24.12,93.77
Filipina,PHL,1978,3,1978-03,25.77,62.29
Filipina,PHL,1978,4,1978-04,26.5,125.71
Filipina,PHL,1978,5,1978-05,26.87,227.32
Filipina,PHL,1978,6,1978-06,26.12,289.56
Filipina,PHL,1978,7,1978-07,26.07,262.01
Filipina,PHL,1978,8,1978-08,25.8,446.8
Filipina,PHL,1978,9,1978-09,25.66,380.23
Filipina,PHL,1978,10,1978-10,25.41,400.64
Filipina,PHL,1978,11,1978-11,24.9,199.7
Filipina,PHL,1978,12,1978-12,24.85,177.25
Filipina,PHL,1979,1,1979-01,24.2,66.51
Filipina,PHL,1979,2,1979-02,25.03,63.18
Filipina,PHL,1979,3,1979-03,25.44,84.19
Filipina,PHL,1979,4,1979-04,26.71,132.89
Filipina,PHL,1979,5,1979-05,26.58,265.37
Filipina,PHL,1979,6,1979-06,26.19,338.01
Filipina,PHL,1979,7,1979-07,26.01,341.31
Filipina,PHL,1979,8,1979-08,26.08,261.92
Filipina,PHL,1979,9,1979-09,25.93,269.18
Filipina,PHL,1979,10,1979-10,25.18,286.34
Filipina,PHL,1979,11,1979-11,25.15,204.96
Filipina,PHL,1979,12,1979-12,23.83,129.81
Filipina,PHL,1980,1,1980-01,24.24,168.86
Filipina,PHL,1980,2,1980-02,24.18,124.09
Filipina,PHL,1980,3,1980-03,25.19,92.46
Filipina,PHL,1980,4,1980-04,26.27,100.74
Filipina,PHL,1980,5,1980-05,26.81,174.71
Filipina,PHL,1980,6,1980-06,26.11,336.34
Filipina,PHL,1980,7,1980-07,25.9,315.76
Filipina,PHL,1980,8,1980-08,25.8,308.3
Filipina,PHL,1980,9,1980-09,25.76,267.59
Filipina,PHL,1980,10,1980-10,25.62,263.61
Filipina,PHL,1980,11,1980-11,25.41,268.2
Filipina,PHL,1980,12,1980-12,24.48,246.88
Filipina,PHL,1981,1,1981-01,23.25,251.61
Filipina,PHL,1981,2,1981-02,24.19,96.84
Filipina,PHL,1981,3,1981-03,25.24,58
Filipina,PHL,1981,4,1981-04,26.65,82.02
Filipina,PHL,1981,5,1981-05,26.7,199.09
Filipina,PHL,1981,6,1981-06,26.14,344.22
Filipina,PHL,1981,7,1981-07,25.81,333.24
Filipina,PHL,1981,8,1981-08,26.24,226.35
Filipina,PHL,1981,9,1981-09,25.91,277.67
Filipina,PHL,1981,10,1981-10,25.45,271.53
Filipina,PHL,1981,11,1981-11,25.15,250.89
Filipina,PHL,1981,12,1981-12,23.96,152.1
Filipina,PHL,1982,1,1982-01,23.23,169.32
Filipina,PHL,1982,2,1982-02,23.86,148.2
Filipina,PHL,1982,3,1982-03,25.04,130.03
Filipina,PHL,1982,4,1982-04,26,121.14
Filipina,PHL,1982,5,1982-05,26.43,174.95
Filipina,PHL,1982,6,1982-06,26.33,279.04
Filipina,PHL,1982,7,1982-07,25.68,321.51
Filipina,PHL,1982,8,1982-08,25.54,339.13
Filipina,PHL,1982,9,1982-09,25.67,260.53
Filipina,PHL,1982,10,1982-10,25.3,188.78
Filipina,PHL,1982,11,1982-11,25.3,131.21
Filipina,PHL,1982,12,1982-12,24.91,145.52
Filipina,PHL,1983,1,1983-01,24.39,82.76
Filipina,PHL,1983,2,1983-02,24.52,26.98
Filipina,PHL,1983,3,1983-03,25.59,40.05
Filipina,PHL,1983,4,1983-04,26.73,31.48
Filipina,PHL,1983,5,1983-05,27.33,99.91
Filipina,PHL,1983,6,1983-06,26.82,211.94
Filipina,PHL,1983,7,1983-07,26.05,371.08
Filipina,PHL,1983,8,1983-08,26.11,307.71
Filipina,PHL,1983,9,1983-09,26.08,273.82
Filipina,PHL,1983,10,1983-10,25.73,252.06
Filipina,PHL,1983,11,1983-11,24.96,237.66
Filipina,PHL,1983,12,1983-12,23.86,190.35
Filipina,PHL,1984,1,1984-01,23.91,185.14
Filipina,PHL,1984,2,1984-02,24.22,132.68
Filipina,PHL,1984,3,1984-03,25.3,139.05
Filipina,PHL,1984,4,1984-04,26.17,169.37
Filipina,PHL,1984,5,1984-05,26.21,262.22
Filipina,PHL,1984,6,1984-06,25.88,349.77
Filipina,PHL,1984,7,1984-07,25.9,259.36
Filipina,PHL,1984,8,1984-08,25.74,370.43
Filipina,PHL,1984,9,1984-09,25.5,250.64
Filipina,PHL,1984,10,1984-10,25.21,376.08
Filipina,PHL,1984,11,1984-11,25.09,149.21
Filipina,PHL,1984,12,1984-12,24.43,155.5
Filipina,PHL,1985,1,1985-01,23.71,120.11
Filipina,PHL,1985,2,1985-02,25.03,93.47
Filipina,PHL,1985,3,1985-03,25.59,84.77
Filipina,PHL,1985,4,1985-04,26.05,224.17
Filipina,PHL,1985,5,1985-05,26.46,170.9
Filipina,PHL,1985,6,1985-06,26.22,327.28
Filipina,PHL,1985,7,1985-07,25.45,290.3
Filipina,PHL,1985,8,1985-08,25.68,259.56
Filipina,PHL,1985,9,1985-09,25.4,353.99
Filipina,PHL,1985,10,1985-10,25.43,324.96
Filipina,PHL,1985,11,1985-11,25.35,198.11
Filipina,PHL,1985,12,1985-12,24.15,200.81
Filipina,PHL,1986,1,1986-01,23.66,223.73
Filipina,PHL,1986,2,1986-02,23.87,93.97
Filipina,PHL,1986,3,1986-03,24.89,129.23
Filipina,PHL,1986,4,1986-04,26.29,90.87
Filipina,PHL,1986,5,1986-05,26.86,203.27
Filipina,PHL,1986,6,1986-06,26.4,239.01
Filipina,PHL,1986,7,1986-07,25.98,340.38
Filipina,PHL,1986,8,1986-08,26.04,334.36
Filipina,PHL,1986,9,1986-09,25.69,302.8
Filipina,PHL,1986,10,1986-10,25.61,300.82
Filipina,PHL,1986,11,1986-11,25.36,274.7
Filipina,PHL,1986,12,1986-12,24.43,82.37
Filipina,PHL,1987,1,1987-01,23.86,97.06
Filipina,PHL,1987,2,1987-02,23.84,84.52
Filipina,PHL,1987,3,1987-03,25.43,46.33
Filipina,PHL,1987,4,1987-04,26.88,52.74
Filipina,PHL,1987,5,1987-05,27.43,133.72
Filipina,PHL,1987,6,1987-06,26.86,253.47
Filipina,PHL,1987,7,1987-07,26.15,274.4
Filipina,PHL,1987,8,1987-08,26.22,309.4
Filipina,PHL,1987,9,1987-09,26.18,237.02
Filipina,PHL,1987,10,1987-10,26.19,212.68
Filipina,PHL,1987,11,1987-11,25.78,247.56
Filipina,PHL,1987,12,1987-12,25.13,177.22
Filipina,PHL,1988,1,1988-01,25.38,103.78
Filipina,PHL,1988,2,1988-02,25.34,135.8
Filipina,PHL,1988,3,1988-03,26.25,79
Filipina,PHL,1988,4,1988-04,26.68,126.16
Filipina,PHL,1988,5,1988-05,27.21,193.12
Filipina,PHL,1988,6,1988-06,26.33,290.69
Filipina,PHL,1988,7,1988-07,26.25,315.2
Filipina,PHL,1988,8,1988-08,26.47,231.68
Filipina,PHL,1988,9,1988-09,26.17,264.71
Filipina,PHL,1988,10,1988-10,25.7,453.59
Filipina,PHL,1988,11,1988-11,25.1,312.01
Filipina,PHL,1988,12,1988-12,23.93,205.66
Filipina,PHL,1989,1,1989-01,24.63,178.35
Filipina,PHL,1989,2,1989-02,24.25,150.86
Filipina,PHL,1989,3,1989-03,24.78,193.7
Filipina,PHL,1989,4,1989-04,26.19,112.57
Filipina,PHL,1989,5,1989-05,26.55,275.03
Filipina,PHL,1989,6,1989-06,26.15,292.08
Filipina,PHL,1989,7,1989-07,26.11,308.2
Filipina,PHL,1989,8,1989-08,25.96,295.2
Filipina,PHL,1989,9,1989-09,26.05,280.75
Filipina,PHL,1989,10,1989-10,25.82,246.66
Filipina,PHL,1989,11,1989-11,25.17,149.48
Filipina,PHL,1989,12,1989-12,24.2,76.74
Filipina,PHL,1990,1,1990-01,24.34,115.45
Filipina,PHL,1990,2,1990-02,25.06,35.52
Filipina,PHL,1990,3,1990-03,25.48,70.42
Filipina,PHL,1990,4,1990-04,27.02,66.29
Filipina,PHL,1990,5,1990-05,26.88,278.19
Filipina,PHL,1990,6,1990-06,26.31,385.62
Filipina,PHL,1990,7,1990-07,26.07,264.21
Filipina,PHL,1990,8,1990-08,26.27,304.81
Filipina,PHL,1990,9,1990-09,25.97,282.14
Filipina,PHL,1990,10,1990-10,25.56,227.05
Filipina,PHL,1990,11,1990-11,25.23,246.05
Filipina,PHL,1990,12,1990-12,24.69,95.58
Filipina,PHL,1991,1,1991-01,24.39,91.64
Filipina,PHL,1991,2,1991-02,24.62,97.69
Filipina,PHL,1991,3,1991-03,25.27,85.95
Filipina,PHL,1991,4,1991-04,26.42,111.66
Filipina,PHL,1991,5,1991-05,26.99,127.69
Filipina,PHL,1991,6,1991-06,26.82,217.48
Filipina,PHL,1991,7,1991-07,26.25,334.49
Filipina,PHL,1991,8,1991-08,26.06,295.28
Filipina,PHL,1991,9,1991-09,26.04,229.58
Filipina,PHL,1991,10,1991-10,25.64,225.95
Filipina,PHL,1991,11,1991-11,24.95,153.82
Filipina,PHL,1991,12,1991-12,24.36,87.74
Filipina,PHL,1992,1,1992-01,23.95,77.07
Filipina,PHL,1992,2,1992-02,24.49,38.98
Filipina,PHL,1992,3,1992-03,25.65,42.8
Filipina,PHL,1992,4,1992-04,26.76,56.55
Filipina,PHL,1992,5,1992-05,26.98,143.17
Filipina,PHL,1992,6,1992-06,26.62,258.74
Filipina,PHL,1992,7,1992-07,25.76,307.75
Filipina,PHL,1992,8,1992-08,26.07,302.61
Filipina,PHL,1992,9,1992-09,26.02,242.83
Filipina,PHL,1992,10,1992-10,25.57,284.25
Filipina,PHL,1992,11,1992-11,24.74,135.47
Filipina,PHL,1992,12,1992-12,24.58,117.77
Filipina,PHL,1993,1,1993-01,24.1,81.06
Filipina,PHL,1993,2,1993-02,24.23,138.54
Filipina,PHL,1993,3,1993-03,24.9,98.23
Filipina,PHL,1993,4,1993-04,26.19,88.31
Filipina,PHL,1993,5,1993-05,27.19,83.42
Filipina,PHL,1993,6,1993-06,26.83,246.47
Filipina,PHL,1993,7,1993-07,26.24,321.32
Filipina,PHL,1993,8,1993-08,25.85,287.84
Filipina,PHL,1993,9,1993-09,25.74,282.59
Filipina,PHL,1993,10,1993-10,25.56,264.6
Filipina,PHL,1993,11,1993-11,25.62,205.96
Filipina,PHL,1993,12,1993-12,24.96,335.95
Filipina,PHL,1994,1,1994-01,24.54,119.51
Filipina,PHL,1994,2,1994-02,24.85,77.92
Filipina,PHL,1994,3,1994-03,25.5,102.91
Filipina,PHL,1994,4,1994-04,26.44,135.18
Filipina,PHL,1994,5,1994-05,26.78,255.06
Filipina,PHL,1994,6,1994-06,26.22,325.99
Filipina,PHL,1994,7,1994-07,25.84,364.47
Filipina,PHL,1994,8,1994-08,26.09,242.4
Filipina,PHL,1994,9,1994-09,25.66,278.52
Filipina,PHL,1994,10,1994-10,25.68,153.22
Filipina,PHL,1994,11,1994-11,25.23,86.02
Filipina,PHL,1994,12,1994-12,24.75,146.38
Filipina,PHL,1995,1,1995-01,24.2,106.97
Filipina,PHL,1995,2,1995-02,24.38,86.56
Filipina,PHL,1995,3,1995-03,25.14,82.41
Filipina,PHL,1995,4,1995-04,26.38,59.53
Filipina,PHL,1995,5,1995-05,26.64,211.83
Filipina,PHL,1995,6,1995-06,26.68,240.74
Filipina,PHL,1995,7,1995-07,25.88,339.05
Filipina,PHL,1995,8,1995-08,25.98,361.52
Filipina,PHL,1995,9,1995-09,25.74,410.82
Filipina,PHL,1995,10,1995-10,25.61,284.37
Filipina,PHL,1995,11,1995-11,25.41,281.88
Filipina,PHL,1995,12,1995-12,24.19,351.01
Filipina,PHL,1996,1,1996-01,23.77,237.83
Filipina,PHL,1996,2,1996-02,23.7,184.83
Filipina,PHL,1996,3,1996-03,25.2,101.87
Filipina,PHL,1996,4,1996-04,25.84,206.92
Filipina,PHL,1996,5,1996-05,26.36,224.89
Filipina,PHL,1996,6,1996-06,26.24,246.88
Filipina,PHL,1996,7,1996-07,26.15,330.82
Filipina,PHL,1996,8,1996-08,26.11,239.61
Filipina,PHL,1996,9,1996-09,26.04,279.7
Filipina,PHL,1996,10,1996-10,25.91,278.37
Filipina,PHL,1996,11,1996-11,25.23,277.09
Filipina,PHL,1996,12,1996-12,24.07,134.99
Filipina,PHL,1997,1,1997-01,23.61,121.28
Filipina,PHL,1997,2,1997-02,24.1,170.67
Filipina,PHL,1997,3,1997-03,24.57,96.86
Filipina,PHL,1997,4,1997-04,26.18,80.59
Filipina,PHL,1997,5,1997-05,26.55,198.95
Filipina,PHL,1997,6,1997-06,26.27,212.8
Filipina,PHL,1997,7,1997-07,25.77,362.47
Filipina,PHL,1997,8,1997-08,26.24,193.62
Filipina,PHL,1997,9,1997-09,25.76,267.75
Filipina,PHL,1997,10,1997-10,25.74,189.74
Filipina,PHL,1997,11,1997-11,25.48,104.54
Filipina,PHL,1997,12,1997-12,24.7,81.53
Filipina,PHL,1998,1,1998-01,24.85,58.7
Filipina,PHL,1998,2,1998-02,25.44,39.89
Filipina,PHL,1998,3,1998-03,26.11,32.42
Filipina,PHL,1998,4,1998-04,27.16,38.84
Filipina,PHL,1998,5,1998-05,27.54,189.53
Filipina,PHL,1998,6,1998-06,26.99,237.9
Filipina,PHL,1998,7,1998-07,26.78,243.13
Filipina,PHL,1998,8,1998-08,26.58,247.4
Filipina,PHL,1998,9,1998-09,26.34,312.01
Filipina,PHL,1998,10,1998-10,26.17,389.76
Filipina,PHL,1998,11,1998-11,25.75,260.4
Filipina,PHL,1998,12,1998-12,25.28,258.16
Filipina,PHL,1999,1,1999-01,24.72,253.7
Filipina,PHL,1999,2,1999-02,24.33,146.51
Filipina,PHL,1999,3,1999-03,25.42,253.22
Filipina,PHL,1999,4,1999-04,25.99,268.48
Filipina,PHL,1999,5,1999-05,26.24,263
Filipina,PHL,1999,6,1999-06,25.84,317.47
Filipina,PHL,1999,7,1999-07,25.82,318.54
Filipina,PHL,1999,8,1999-08,25.57,309.28
Filipina,PHL,1999,9,1999-09,25.62,245.46
Filipina,PHL,1999,10,1999-10,25.69,268.49
Filipina,PHL,1999,11,1999-11,25.18,249.95
Filipina,PHL,1999,12,1999-12,24.82,298.84
Filipina,PHL,2000,1,2000-01,24.45,155.18
Filipina,PHL,2000,2,2000-02,24.63,263.92
Filipina,PHL,2000,3,2000-03,25.3,236.81
Filipina,PHL,2000,4,2000-04,26.31,172.69
Filipina,PHL,2000,5,2000-05,26.4,270.46
Filipina,PHL,2000,6,2000-06,26.14,288.38
Filipina,PHL,2000,7,2000-07,25.67,341.85
Filipina,PHL,2000,8,2000-08,25.84,280.76
Filipina,PHL,2000,9,2000-09,25.9,218.88
Filipina,PHL,2000,10,2000-10,25.58,377.51
Filipina,PHL,2000,11,2000-11,25.4,254.53
Filipina,PHL,2000,12,2000-12,25.05,275.76
Filipina,PHL,2001,1,2001-01,24.75,137.87
Filipina,PHL,2001,2,2001-02,24.98,194.48
Filipina,PHL,2001,3,2001-03,25.47,185.8
Filipina,PHL,2001,4,2001-04,26.69,106.86
Filipina,PHL,2001,5,2001-05,26.69,242.86
Filipina,PHL,2001,6,2001-06,26.33,276.6
Filipina,PHL,2001,7,2001-07,25.91,321.66
Filipina,PHL,2001,8,2001-08,25.97,353.79
Filipina,PHL,2001,9,2001-09,26.29,227.73
Filipina,PHL,2001,10,2001-10,26.04,218.75
Filipina,PHL,2001,11,2001-11,25.31,260.96
Filipina,PHL,2001,12,2001-12,24.53,195.86
Filipina,PHL,2002,1,2002-01,24.34,100.61
Filipina,PHL,2002,2,2002-02,24.43,105.7
Filipina,PHL,2002,3,2002-03,25.46,93.7
Filipina,PHL,2002,4,2002-04,26.58,74.61
Filipina,PHL,2002,5,2002-05,26.99,200.53
Filipina,PHL,2002,6,2002-06,26.7,246.83
Filipina,PHL,2002,7,2002-07,26.34,321.23
Filipina,PHL,2002,8,2002-08,26.05,318.33
Filipina,PHL,2002,9,2002-09,25.89,285.64
Filipina,PHL,2002,10,2002-10,26.25,194.27
Filipina,PHL,2002,11,2002-11,25.79,179.99
Filipina,PHL,2002,12,2002-12,25.49,100.13
Filipina,PHL,2003,1,2003-01,24.39,121.24
Filipina,PHL,2003,2,2003-02,24.6,72.51
Filipina,PHL,2003,3,2003-03,25.5,104.33
Filipina,PHL,2003,4,2003-04,27.1,70.4
Filipina,PHL,2003,5,2003-05,26.88,287.73
Filipina,PHL,2003,6,2003-06,26.34,230.78
Filipina,PHL,2003,7,2003-07,26.25,320.81
Filipina,PHL,2003,8,2003-08,26.22,321.47
Filipina,PHL,2003,9,2003-09,25.94,274.67
Filipina,PHL,2003,10,2003-10,25.83,214.81
Filipina,PHL,2003,11,2003-11,25.95,147.96
Filipina,PHL,2003,12,2003-12,24.23,235.09
Filipina,PHL,2004,1,2004-01,24.66,85.34
Filipina,PHL,2004,2,2004-02,24.82,130.21
Filipina,PHL,2004,3,2004-03,25.87,110.92
Filipina,PHL,2004,4,2004-04,26.96,72.49
Filipina,PHL,2004,5,2004-05,26.8,257.27
Filipina,PHL,2004,6,2004-06,26.18,314.93
Filipina,PHL,2004,7,2004-07,26.04,305.52
Filipina,PHL,2004,8,2004-08,26.17,277.76
Filipina,PHL,2004,9,2004-09,26.18,201.12
Filipina,PHL,2004,10,2004-10,25.52,175.95
Filipina,PHL,2004,11,2004-11,25.69,189.6
Filipina,PHL,2004,12,2004-12,25.06,159.88
Filipina,PHL,2005,1,2005-01,24.23,89.4
Filipina,PHL,2005,2,2005-02,25.1,38.87
Filipina,PHL,2005,3,2005-03,25.55,105.88
Filipina,PHL,2005,4,2005-04,26.61,55.58
Filipina,PHL,2005,5,2005-05,27.21,216.33
Filipina,PHL,2005,6,2005-06,26.77,286.35
Filipina,PHL,2005,7,2005-07,26.48,288.36
Filipina,PHL,2005,8,2005-08,26.26,286.01
Filipina,PHL,2005,9,2005-09,26.13,303.52
Filipina,PHL,2005,10,2005-10,26.13,255.12
Filipina,PHL,2005,11,2005-11,25.92,201.42
Filipina,PHL,2005,12,2005-12,24.82,420.4
Filipina,PHL,2006,1,2006-01,24.99,165.04
Filipina,PHL,2006,2,2006-02,25.17,150.14
Filipina,PHL,2006,3,2006-03,25.81,171.1
Filipina,PHL,2006,4,2006-04,26.91,78.11
Filipina,PHL,2006,5,2006-05,26.93,239.64
Filipina,PHL,2006,6,2006-06,26.71,277.9
Filipina,PHL,2006,7,2006-07,26.34,300.34
Filipina,PHL,2006,8,2006-08,26.14,309.78
Filipina,PHL,2006,9,2006-09,26.14,322.66
Filipina,PHL,2006,10,2006-10,25.87,235.08
Filipina,PHL,2006,11,2006-11,26.16,159.82
Filipina,PHL,2006,12,2006-12,25.5,237.88
Filipina,PHL,2007,1,2007-01,24.87,182.6
Filipina,PHL,2007,2,2007-02,25.08,87.97
Filipina,PHL,2007,3,2007-03,25.87,90.76
Filipina,PHL,2007,4,2007-04,26.99,93.29
Filipina,PHL,2007,5,2007-05,27.08,218.32
Filipina,PHL,2007,6,2007-06,26.99,271.99
Filipina,PHL,2007,7,2007-07,26.63,265.69
Filipina,PHL,2007,8,2007-08,26.21,311.43
Filipina,PHL,2007,9,2007-09,26.27,327.42
Filipina,PHL,2007,10,2007-10,25.99,252.46
Filipina,PHL,2007,11,2007-11,25.31,335.26
Filipina,PHL,2007,12,2007-12,25.24,199.64
Filipina,PHL,2008,1,2008-01,24.9,207.95
Filipina,PHL,2008,2,2008-02,24.57,296.72
Filipina,PHL,2008,3,2008-03,25.46,171.16
Filipina,PHL,2008,4,2008-04,26.48,178.76
Filipina,PHL,2008,5,2008-05,26.23,333.81
Filipina,PHL,2008,6,2008-06,26.42,272.36
Filipina,PHL,2008,7,2008-07,26.18,305.88
Filipina,PHL,2008,8,2008-08,26.06,295.38
Filipina,PHL,2008,9,2008-09,26.17,295.18
Filipina,PHL,2008,10,2008-10,26.22,247.69
Filipina,PHL,2008,11,2008-11,25.79,264.99
Filipina,PHL,2008,12,2008-12,25.02,231.7
Filipina,PHL,2009,1,2009-01,24.32,281.09
Filipina,PHL,2009,2,2009-02,25.24,188.4
Filipina,PHL,2009,3,2009-03,26.09,123.83
Filipina,PHL,2009,4,2009-04,26.41,300.72
Filipina,PHL,2009,5,2009-05,26.43,283
Filipina,PHL,2009,6,2009-06,26.45,273.08
Filipina,PHL,2009,7,2009-07,26.22,383.55
Filipina,PHL,2009,8,2009-08,26.8,223.01
Filipina,PHL,2009,9,2009-09,26.33,348.2
Filipina,PHL,2009,10,2009-10,26.05,289.36
Filipina,PHL,2009,11,2009-11,25.77,201.98
Filipina,PHL,2009,12,2009-12,24.84,84.94
Filipina,PHL,2010,1,2010-01,24.62,162.29
Filipina,PHL,2010,2,2010-02,25.47,41.59
Filipina,PHL,2010,3,2010-03,26.22,78.43
Filipina,PHL,2010,4,2010-04,27.14,97.07
Filipina,PHL,2010,5,2010-05,27.85,129.06
Filipina,PHL,2010,6,2010-06,27.25,291.85
Filipina,PHL,2010,7,2010-07,26.54,359.45
Filipina,PHL,2010,8,2010-08,26.42,316.76
Filipina,PHL,2010,9,2010-09,26.51,267.17
Filipina,PHL,2010,10,2010-10,26.1,319.79
Filipina,PHL,2010,11,2010-11,25.8,257.31
Filipina,PHL,2010,12,2010-12,25.27,230.1
Filipina,PHL,2011,1,2011-01,24.4,305.76
Filipina,PHL,2011,2,2011-02,24.67,206.99
Filipina,PHL,2011,3,2011-03,25.14,259.68
Filipina,PHL,2011,4,2011-04,25.86,146.63
Filipina,PHL,2011,5,2011-05,26.61,324.7
Filipina,PHL,2011,6,2011-06,26.46,360.5
Filipina,PHL,2011,7,2011-07,26.21,325.29
Filipina,PHL,2011,8,2011-08,26.19,305.96
Filipina,PHL,2011,9,2011-09,26.27,340.57
Filipina,PHL,2011,10,2011-10,26.12,283.12
Filipina,PHL,2011,11,2011-11,25.93,246.11
Filipina,PHL,2011,12,2011-12,25.37,307.9
Filipina,PHL,2012,1,2012-01,25.09,164.47
Filipina,PHL,2012,2,2012-02,25.16,249.69
Filipina,PHL,2012,3,2012-03,25.68,221
Filipina,PHL,2012,4,2012-04,26.66,132.75
Filipina,PHL,2012,5,2012-05,26.89,283.09
Filipina,PHL,2012,6,2012-06,26.61,262.2
Filipina,PHL,2012,7,2012-07,26.05,413.27
Filipina,PHL,2012,8,2012-08,26.33,287.7
Filipina,PHL,2012,9,2012-09,26.04,328.78
Filipina,PHL,2012,10,2012-10,25.79,239.75
Filipina,PHL,2012,11,2012-11,26.04,143.8
Filipina,PHL,2012,12,2012-12,25.63,189.36
Filipina,PHL,2013,1,2013-01,24.65,292.47
Filipina,PHL,2013,2,2013-02,25.4,152.07
Filipina,PHL,2013,3,2013-03,26.14,116.85
Filipina,PHL,2013,4,2013-04,27.16,138.33
Filipina,PHL,2013,5,2013-05,27.22,238.31
Filipina,PHL,2013,6,2013-06,26.79,338.45
Filipina,PHL,2013,7,2013-07,26.19,390.22
Filipina,PHL,2013,8,2013-08,26.16,331.31
Filipina,PHL,2013,9,2013-09,26.32,334.31
Filipina,PHL,2013,10,2013-10,25.81,240.14
Filipina,PHL,2013,11,2013-11,25.67,264.35
Filipina,PHL,2013,12,2013-12,25.49,208.26
Filipina,PHL,2014,1,2014-01,23.6,294.2
Filipina,PHL,2014,2,2014-02,24.52,93.37
Filipina,PHL,2014,3,2014-03,25.49,157.24
Filipina,PHL,2014,4,2014-04,26.62,151.11
Filipina,PHL,2014,5,2014-05,27.51,177.68
Filipina,PHL,2014,6,2014-06,27.12,323.03
Filipina,PHL,2014,7,2014-07,26.4,358.63
Filipina,PHL,2014,8,2014-08,26.45,299.49
Filipina,PHL,2014,9,2014-09,26.17,351.99
Filipina,PHL,2014,10,2014-10,25.99,280.93
Filipina,PHL,2014,11,2014-11,25.89,189.42
Filipina,PHL,2014,12,2014-12,25.26,282.31
Filipina,PHL,2015,1,2015-01,24.33,171.11
Filipina,PHL,2015,2,2015-02,24.55,74.26
Filipina,PHL,2015,3,2015-03,25.54,61.76
Filipina,PHL,2015,4,2015-04,26.81,94.84
Filipina,PHL,2015,5,2015-05,27.45,145.83
Filipina,PHL,2015,6,2015-06,27.08,272.12
Filipina,PHL,2015,7,2015-07,26.51,314.63
Filipina,PHL,2015,8,2015-08,26.62,312.02
Filipina,PHL,2015,9,2015-09,26.46,289.51
Filipina,PHL,2015,10,2015-10,26.4,239.47
Filipina,PHL,2015,11,2015-11,26.14,130.59
Filipina,PHL,2015,12,2015-12,25.68,230.76
Filipina,PHL,2016,1,2016-01,25.54,72.63
Filipina,PHL,2016,2,2016-02,25.27,112.35
Filipina,PHL,2016,3,2016-03,26.48,58.6
Filipina,PHL,2016,4,2016-04,27.74,80.21
Filipina,PHL,2016,5,2016-05,27.79,224.06
Filipina,PHL,2016,6,2016-06,27.1,342.48
Filipina,PHL,2016,7,2016-07,26.81,320.2
Filipina,PHL,2016,8,2016-08,26.84,293.81
Filipina,PHL,2016,9,2016-09,26.54,306.35
Filipina,PHL,2016,10,2016-10,26.29,406.5
Filipina,PHL,2016,11,2016-11,25.86,247.18
Filipina,PHL,2016,12,2016-12,25.68,293.85
Filipina,PHL,2017,1,2017-01,24.85,308.06
Filipina,PHL,2017,2,2017-02,24.69,166.2
Filipina,PHL,2017,3,2017-03,25.49,183.36
Filipina,PHL,2017,4,2017-04,26.58,127.83
Filipina,PHL,2017,5,2017-05,27.18,304.39
Filipina,PHL,2017,6,2017-06,27.04,276
Filipina,PHL,2017,7,2017-07,26.43,367.66
Filipina,PHL,2017,8,2017-08,26.64,348.82
Filipina,PHL,2017,9,2017-09,26.61,342.51
Filipina,PHL,2017,10,2017-10,26.16,344.78
Filipina,PHL,2017,11,2017-11,26.21,216.96
Filipina,PHL,2017,12,2017-12,25.48,340.75
Filipina,PHL,2018,1,2018-01,25.1,251.38
Filipina,PHL,2018,2,2018-02,25.34,172.44
Filipina,PHL,2018,3,2018-03,25.74,88.84
Filipina,PHL,2018,4,2018-04,26.82,116.37
Filipina,PHL,2018,5,2018-05,27.5,169.22
Filipina,PHL,2018,6,2018-06,26.89,279.64
Filipina,PHL,2018,7,2018-07,26.45,388.79
Filipina,PHL,2018,8,2018-08,26.54,296.11
Filipina,PHL,2018,9,2018-09,26.29,304.03
Filipina,PHL,2018,10,2018-10,26.47,182.32
Filipina,PHL,2018,11,2018-11,26.04,151.31
Filipina,PHL,2018,12,2018-12,25.63,231.94
Filipina,PHL,2019,1,2019-01,24.8,136.59
Filipina,PHL,2019,2,2019-02,24.87,31.31
Filipina,PHL,2019,3,2019-03,26,67.63
Filipina,PHL,2019,4,2019-04,27.3,87.12
Filipina,PHL,2019,5,2019-05,27.54,222.34
Filipina,PHL,2019,6,2019-06,27.43,272.19
Filipina,PHL,2019,7,2019-07,26.56,344.06
Filipina,PHL,2019,8,2019-08,26.74,304.22
Filipina,PHL,2019,9,2019-09,26.68,225.62
Filipina,PHL,2019,10,2019-10,26.4,191.66
Filipina,PHL,2019,11,2019-11,26.12,231.9
Filipina,PHL,2019,12,2019-12,25.69,195.58
Filipina,PHL,2020,1,2020-01,25.36,93.12
Filipina,PHL,2020,2,2020-02,25.03,77.36
Filipina,PHL,2020,3,2020-03,26.35,75.16
Filipina,PHL,2020,4,2020-04,27.32,68.84
Filipina,PHL,2020,5,2020-05,27.83,228.71
Filipina,PHL,2020,6,2020-06,27.12,297.21
Filipina,PHL,2020,7,2020-07,26.8,343.7
Filipina,PHL,2020,8,2020-08,26.64,304.44
Filipina,PHL,2020,9,2020-09,26.84,290.04
Filipina,PHL,2020,10,2020-10,26.16,500.64
Filipina,PHL,2020,11,2020-11,26.02,269.97
Filipina,PHL,2020,12,2020-12,25.71,335.13
Filipina,PHL,2021,1,2021-01,24.82,318.06
Filipina,PHL,2021,2,2021-02,25.04,215.43
Filipina,PHL,2021,3,2021-03,26.05,174.12
Filipina,PHL,2021,4,2021-04,26.4,142.56
Filipina,PHL,2021,5,2021-05,27.46,225.22
Filipina,PHL,2021,6,2021-06,27.03,280.85
Filipina,PHL,2021,7,2021-07,26.89,309.13
Filipina,PHL,2021,8,2021-08,26.74,292.88
Filipina,PHL,2021,9,2021-09,26.48,333.29
Filipina,PHL,2021,10,2021-10,26.37,336.05
Filipina,PHL,2021,11,2021-11,26.35,223.55
Filipina,PHL,2021,12,2021-12,25.17,258.03
Filipina,PHL,2022,1,2022-01,24.95,148.48
Filipina,PHL,2022,2,2022-02,25.22,132.73
Filipina,PHL,2022,3,2022-03,26.19,217.54
Filipina,PHL,2022,4,2022-04,26.25,312.4
Filipina,PHL,2022,5,2022-05,26.94,298.91
Filipina,PHL,2022,6,2022-06,26.97,259.97
Filipina,PHL,2022,7,2022-07,26.75,364.24
Filipina,PHL,2022,8,2022-08,26.41,384.23
Filipina,PHL,2022,9,2022-09,26.66,268.38
Filipina,PHL,2022,10,2022-10,26.39,408.16
Filipina,PHL,2022,11,2022-11,26.32,204.17
Filipina,PHL,2022,12,2022-12,25.36,267.12
Filipina,PHL,2023,1,2023-01,24.7,393.12
Filipina,PHL,2023,2,2023-02,25.12,184.1
Filipina,PHL,2023,3,2023-03,25.64,114.78
Filipina,PHL,2023,4,2023-04,26.88,136.14
Filipina,PHL,2023,5,2023-05,27.43,250.15
Filipina,PHL,2023,6,2023-06,27.03,336.18
Filipina,PHL,2023,7,2023-07,26.86,412
Filipina,PHL,2023,8,2023-08,27.13,263.68
Filipina,PHL,2023,9,2023-09,26.81,312.55
Filipina,PHL,2023,10,2023-10,26.77,221.94
Filipina,PHL,2023,11,2023-11,26.49,205.74
Filipina,PHL,2023,12,2023-12,26.19,173.04
Filipina,PHL,2024,1,2024-01,25.24,138
Filipina,PHL,2024,2,2024-02,25.58,77.64
Filipina,PHL,2024,3,2024-03,26.32,52.81
Filipina,PHL,2024,4,2024-04,27.92,51.59
Filipina,PHL,2024,5,2024-05,28.25,176.88
Filipina,PHL,2024,6,2024-06,27.37,353.96
Filipina,PHL,2024,7,2024-07,26.76,459.1
Filipina,PHL,2024,8,2024-08,27.19,305.63
Filipina,PHL,2024,9,2024-09,26.8,437.49
Filipina,PHL,2024,10,2024-10,26.75,359.2
Filipina,PHL,2024,11,2024-11,26.64,240.76
Filipina,PHL,2024,12,2024-12,25.81,368.43
Singapura,SGP,1950,1,1950-01,26.37,17.29
Singapura,SGP,1950,2,1950-02,26.34,110.83
Singapura,SGP,1950,3,1950-03,26.58,118.79
Singapura,SGP,1950,4,1950-04,26.86,191.93
Singapura,SGP,1950,5,1950-05,27,201.55
Singapura,SGP,1950,6,1950-06,26.92,241.68
Singapura,SGP,1950,7,1950-07,26.4,263.72
Singapura,SGP,1950,8,1950-08,25.99,282.11
Singapura,SGP,1950,9,1950-09,26.48,165.38
Singapura,SGP,1950,10,1950-10,26.38,159.19
Singapura,SGP,1950,11,1950-11,26.01,196
Singapura,SGP,1950,12,1950-12,25.68,119.1
Singapura,SGP,1951,1,1951-01,25.24,148.62
Singapura,SGP,1951,2,1951-02,25.74,87.2
Singapura,SGP,1951,3,1951-03,26.14,86.92
Singapura,SGP,1951,4,1951-04,27.06,89.42
Singapura,SGP,1951,5,1951-05,27.11,92.19
Singapura,SGP,1951,6,1951-06,27.08,72.08
Singapura,SGP,1951,7,1951-07,26.41,140.42
Singapura,SGP,1951,8,1951-08,26.87,96.07
Singapura,SGP,1951,9,1951-09,26.62,42.55
Singapura,SGP,1951,10,1951-10,26.78,95.97
Singapura,SGP,1951,11,1951-11,26.62,153.95
Singapura,SGP,1951,12,1951-12,26.11,201.27
Singapura,SGP,1952,1,1952-01,25.9,287.26
Singapura,SGP,1952,2,1952-02,26.18,78.62
Singapura,SGP,1952,3,1952-03,26.58,183.85
Singapura,SGP,1952,4,1952-04,26.73,195.98
Singapura,SGP,1952,5,1952-05,27.25,153.58
Singapura,SGP,1952,6,1952-06,27.03,131.72
Singapura,SGP,1952,7,1952-07,26.77,114.84
Singapura,SGP,1952,8,1952-08,26.74,78.56
Singapura,SGP,1952,9,1952-09,26.52,143.93
Singapura,SGP,1952,10,1952-10,26.64,202.91
Singapura,SGP,1952,11,1952-11,26,226.36
Singapura,SGP,1952,12,1952-12,25.72,144.89
Singapura,SGP,1953,1,1953-01,25.49,156.7
Singapura,SGP,1953,2,1953-02,25.78,146.1
Singapura,SGP,1953,3,1953-03,26.31,202.67
Singapura,SGP,1953,4,1953-04,26.93,213.7
Singapura,SGP,1953,5,1953-05,26.92,232.4
Singapura,SGP,1953,6,1953-06,26.86,178.53
Singapura,SGP,1953,7,1953-07,26.27,252.48
Singapura,SGP,1953,8,1953-08,26.73,180.94
Singapura,SGP,1953,9,1953-09,26.52,113.17
Singapura,SGP,1953,10,1953-10,26.49,154.8
Singapura,SGP,1953,11,1953-11,26.6,189.5
Singapura,SGP,1953,12,1953-12,25.92,194.52
Singapura,SGP,1954,1,1954-01,25.75,223.16
Singapura,SGP,1954,2,1954-02,25.8,182.53
Singapura,SGP,1954,3,1954-03,26.28,185.1
Singapura,SGP,1954,4,1954-04,26.65,292.83
Singapura,SGP,1954,5,1954-05,26.86,191.86
Singapura,SGP,1954,6,1954-06,26.89,268.9
Singapura,SGP,1954,7,1954-07,26.35,236.22
Singapura,SGP,1954,8,1954-08,26.44,233.98
Singapura,SGP,1954,9,1954-09,26.53,148.52
Singapura,SGP,1954,10,1954-10,26,281.62
Singapura,SGP,1954,11,1954-11,25.78,306.99
Singapura,SGP,1954,12,1954-12,25.35,328.95
Singapura,SGP,1955,1,1955-01,24.86,297.32
Singapura,SGP,1955,2,1955-02,25.93,44.22
Singapura,SGP,1955,3,1955-03,26.19,116.74
Singapura,SGP,1955,4,1955-04,26.54,228.73
Singapura,SGP,1955,5,1955-05,27.53,168.73
Singapura,SGP,1955,6,1955-06,27.3,149.91
Singapura,SGP,1955,7,1955-07,26.7,189.59
Singapura,SGP,1955,8,1955-08,26.23,272.41
Singapura,SGP,1955,9,1955-09,26.13,268.43
Singapura,SGP,1955,10,1955-10,26.41,301.46
Singapura,SGP,1955,11,1955-11,26.52,131.87
Singapura,SGP,1955,12,1955-12,25.25,244.25
Singapura,SGP,1956,1,1956-01,24.97,190.66
Singapura,SGP,1956,2,1956-02,25.72,106.23
Singapura,SGP,1956,3,1956-03,26.3,122.72
Singapura,SGP,1956,4,1956-04,26.84,220.49
Singapura,SGP,1956,5,1956-05,27.04,202.1
Singapura,SGP,1956,6,1956-06,27.06,119.84
Singapura,SGP,1956,7,1956-07,26.7,146.89
Singapura,SGP,1956,8,1956-08,26.41,176.79
Singapura,SGP,1956,9,1956-09,26.14,192.91
Singapura,SGP,1956,10,1956-10,25.85,316.44
Singapura,SGP,1956,11,1956-11,25.81,396.09
Singapura,SGP,1956,12,1956-12,25.42,195.34
Singapura,SGP,1957,1,1957-01,25.3,128.02
Singapura,SGP,1957,2,1957-02,25.85,76.66
Singapura,SGP,1957,3,1957-03,26.17,214.92
Singapura,SGP,1957,4,1957-04,26.58,237.59
Singapura,SGP,1957,5,1957-05,26.74,315.13
Singapura,SGP,1957,6,1957-06,27.4,155.72
Singapura,SGP,1957,7,1957-07,26.91,193.05
Singapura,SGP,1957,8,1957-08,26.78,138.52
Singapura,SGP,1957,9,1957-09,26.81,169.53
Singapura,SGP,1957,10,1957-10,26.49,187.81
Singapura,SGP,1957,11,1957-11,26.22,193.39
Singapura,SGP,1957,12,1957-12,25.55,351.23
Singapura,SGP,1958,1,1958-01,26.02,112.48
Singapura,SGP,1958,2,1958-02,26,120.82
Singapura,SGP,1958,3,1958-03,26.73,162.16
Singapura,SGP,1958,4,1958-04,27.31,135.32
Singapura,SGP,1958,5,1958-05,27.51,249.59
Singapura,SGP,1958,6,1958-06,27.5,120.33
Singapura,SGP,1958,7,1958-07,27.65,90.64
Singapura,SGP,1958,8,1958-08,26.58,275.23
Singapura,SGP,1958,9,1958-09,26.92,229.62
Singapura,SGP,1958,10,1958-10,26.53,324.63
Singapura,SGP,1958,11,1958-11,26.01,314.73
Singapura,SGP,1958,12,1958-12,25.88,171.04
Singapura,SGP,1959,1,1959-01,25.55,185.92
Singapura,SGP,1959,2,1959-02,26.11,97.64
Singapura,SGP,1959,3,1959-03,26.4,143.92
Singapura,SGP,1959,4,1959-04,26.73,185.59
Singapura,SGP,1959,5,1959-05,27.19,195.87
Singapura,SGP,1959,6,1959-06,27.09,285.62
Singapura,SGP,1959,7,1959-07,27.1,118.72
Singapura,SGP,1959,8,1959-08,26.78,113.55
Singapura,SGP,1959,9,1959-09,26.96,102.41
Singapura,SGP,1959,10,1959-10,26.59,177.63
Singapura,SGP,1959,11,1959-11,26.02,272.28
Singapura,SGP,1959,12,1959-12,26.06,174.38
Singapura,SGP,1960,1,1960-01,25.68,146.14
Singapura,SGP,1960,2,1960-02,25.75,110.29
Singapura,SGP,1960,3,1960-03,26.52,111.89
Singapura,SGP,1960,4,1960-04,26.97,228.61
Singapura,SGP,1960,5,1960-05,27.56,134.23
Singapura,SGP,1960,6,1960-06,27.3,133.98
Singapura,SGP,1960,7,1960-07,26.76,150.12
Singapura,SGP,1960,8,1960-08,27.02,174.51
Singapura,SGP,1960,9,1960-09,26.5,232.8
Singapura,SGP,1960,10,1960-10,26.66,176.84
Singapura,SGP,1960,11,1960-11,26.36,215.59
Singapura,SGP,1960,12,1960-12,25.82,170.73
Singapura,SGP,1961,1,1961-01,25.51,106.72
Singapura,SGP,1961,2,1961-02,26,79.71
Singapura,SGP,1961,3,1961-03,26.7,82.53
Singapura,SGP,1961,4,1961-04,27.05,187.84
Singapura,SGP,1961,5,1961-05,27.49,164.31
Singapura,SGP,1961,6,1961-06,27.23,135.02
Singapura,SGP,1961,7,1961-07,26.84,88.98
Singapura,SGP,1961,8,1961-08,26.94,70.51
Singapura,SGP,1961,9,1961-09,26.64,43.31
Singapura,SGP,1961,10,1961-10,26.77,68.56
Singapura,SGP,1961,11,1961-11,26.06,188.76
Singapura,SGP,1961,12,1961-12,25.66,240.55
Singapura,SGP,1962,1,1962-01,25.42,161.82
Singapura,SGP,1962,2,1962-02,25.55,73.73
Singapura,SGP,1962,3,1962-03,26.07,240.92
Singapura,SGP,1962,4,1962-04,26.95,121.41
Singapura,SGP,1962,5,1962-05,27.55,179.82
Singapura,SGP,1962,6,1962-06,27.09,130.39
Singapura,SGP,1962,7,1962-07,27.26,68.18
Singapura,SGP,1962,8,1962-08,26.21,233.56
Singapura,SGP,1962,9,1962-09,26.7,139.36
Singapura,SGP,1962,10,1962-10,26.64,206.44
Singapura,SGP,1962,11,1962-11,26.16,230.72
Singapura,SGP,1962,12,1962-12,25.87,100.61
Singapura,SGP,1963,1,1963-01,25.16,86.46
Singapura,SGP,1963,2,1963-02,24.9,144.49
Singapura,SGP,1963,3,1963-03,26.15,46.97
Singapura,SGP,1963,4,1963-04,27.04,57.62
Singapura,SGP,1963,5,1963-05,27.3,158.23
Singapura,SGP,1963,6,1963-06,27.44,92.46
Singapura,SGP,1963,7,1963-07,26.93,118.16
Singapura,SGP,1963,8,1963-08,26.82,104.01
Singapura,SGP,1963,9,1963-09,26.83,100.29
Singapura,SGP,1963,10,1963-10,26.52,174.88
Singapura,SGP,1963,11,1963-11,26.27,150.14
Singapura,SGP,1963,12,1963-12,25.73,197.87
Singapura,SGP,1964,1,1964-01,25.97,165.58
Singapura,SGP,1964,2,1964-02,25.8,242.06
Singapura,SGP,1964,3,1964-03,26.37,152.89
Singapura,SGP,1964,4,1964-04,27.12,146.32
Singapura,SGP,1964,5,1964-05,27.59,189.18
Singapura,SGP,1964,6,1964-06,27.23,128.58
Singapura,SGP,1964,7,1964-07,26.15,350.22
Singapura,SGP,1964,8,1964-08,26.93,105.61
Singapura,SGP,1964,9,1964-09,26.58,242.28
Singapura,SGP,1964,10,1964-10,26.33,339.33
Singapura,SGP,1964,11,1964-11,26.14,177.9
Singapura,SGP,1964,12,1964-12,24.81,342.16
Singapura,SGP,1965,1,1965-01,25,75.14
Singapura,SGP,1965,2,1965-02,25.5,134.72
Singapura,SGP,1965,3,1965-03,25.94,109.84
Singapura,SGP,1965,4,1965-04,26.35,226.04
Singapura,SGP,1965,5,1965-05,26.97,210.42
Singapura,SGP,1965,6,1965-06,27.02,160.93
Singapura,SGP,1965,7,1965-07,26.81,102.09
Singapura,SGP,1965,8,1965-08,26.42,163.49
Singapura,SGP,1965,9,1965-09,26.9,96.68
Singapura,SGP,1965,10,1965-10,26.44,205.66
Singapura,SGP,1965,11,1965-11,26.11,252.32
Singapura,SGP,1965,12,1965-12,25.88,308.53
Singapura,SGP,1966,1,1966-01,25.46,263.66
Singapura,SGP,1966,2,1966-02,25.96,209.44
Singapura,SGP,1966,3,1966-03,26.63,164.13
Singapura,SGP,1966,4,1966-04,27.07,208.87
Singapura,SGP,1966,5,1966-05,27.16,270.21
Singapura,SGP,1966,6,1966-06,26.87,210.48
Singapura,SGP,1966,7,1966-07,26.66,216.88
Singapura,SGP,1966,8,1966-08,26.62,212.97
Singapura,SGP,1966,9,1966-09,26.61,140.17
Singapura,SGP,1966,10,1966-10,26.25,293.79
Singapura,SGP,1966,11,1966-11,26.16,301.8
Singapura,SGP,1966,12,1966-12,25.83,266.03
Singapura,SGP,1967,1,1967-01,25.48,143.59
Singapura,SGP,1967,2,1967-02,25.38,152.97
Singapura,SGP,1967,3,1967-03,26,56.92
Singapura,SGP,1967,4,1967-04,26.45,216.58
Singapura,SGP,1967,5,1967-05,26.99,284.64
Singapura,SGP,1967,6,1967-06,26.78,175.92
Singapura,SGP,1967,7,1967-07,26.73,146.27
Singapura,SGP,1967,8,1967-08,26.95,80.64
Singapura,SGP,1967,9,1967-09,26.69,96.28
Singapura,SGP,1967,10,1967-10,26.35,158.79
Singapura,SGP,1967,11,1967-11,25.64,314.42
Singapura,SGP,1967,12,1967-12,25.18,262.19
Singapura,SGP,1968,1,1968-01,25.31,83.83
Singapura,SGP,1968,2,1968-02,25.91,21.17
Singapura,SGP,1968,3,1968-03,26.03,207.55
Singapura,SGP,1968,4,1968-04,26.61,133.62
Singapura,SGP,1968,5,1968-05,27.06,169.18
Singapura,SGP,1968,6,1968-06,27.06,215.14
Singapura,SGP,1968,7,1968-07,27.03,136.67
Singapura,SGP,1968,8,1968-08,26.94,158.32
Singapura,SGP,1968,9,1968-09,26.9,166.58
Singapura,SGP,1968,10,1968-10,26.29,271.57
Singapura,SGP,1968,11,1968-11,25.93,201.42
Singapura,SGP,1968,12,1968-12,25.77,238.31
Singapura,SGP,1969,1,1969-01,26.15,101.13
Singapura,SGP,1969,2,1969-02,26.26,78.99
Singapura,SGP,1969,3,1969-03,26.84,168.62
Singapura,SGP,1969,4,1969-04,27.07,199.22
Singapura,SGP,1969,5,1969-05,27.47,256.08
Singapura,SGP,1969,6,1969-06,27.25,219.98
Singapura,SGP,1969,7,1969-07,27.06,183.74
Singapura,SGP,1969,8,1969-08,26.29,257.45
Singapura,SGP,1969,9,1969-09,26.69,214.8
Singapura,SGP,1969,10,1969-10,26.41,236.88
Singapura,SGP,1969,11,1969-11,26.07,309.48
Singapura,SGP,1969,12,1969-12,25.5,219.02
Singapura,SGP,1970,1,1970-01,25.63,155.14
Singapura,SGP,1970,2,1970-02,25.92,135.74
Singapura,SGP,1970,3,1970-03,26.93,91.82
Singapura,SGP,1970,4,1970-04,27.06,170.46
Singapura,SGP,1970,5,1970-05,27.25,231.2
Singapura,SGP,1970,6,1970-06,27.51,172.15
Singapura,SGP,1970,7,1970-07,26.84,182.03
Singapura,SGP,1970,8,1970-08,26.72,148.49
Singapura,SGP,1970,9,1970-09,26.53,227.61
Singapura,SGP,1970,10,1970-10,26.75,216.65
Singapura,SGP,1970,11,1970-11,26.23,188.98
Singapura,SGP,1970,12,1970-12,25.86,164.22
Singapura,SGP,1971,1,1971-01,25.27,144.75
Singapura,SGP,1971,2,1971-02,25.43,89.16
Singapura,SGP,1971,3,1971-03,26.07,84.92
Singapura,SGP,1971,4,1971-04,27.11,55.46
Singapura,SGP,1971,5,1971-05,27.11,174.42
Singapura,SGP,1971,6,1971-06,27.05,143.31
Singapura,SGP,1971,7,1971-07,26.86,120.4
Singapura,SGP,1971,8,1971-08,26.03,282.89
Singapura,SGP,1971,9,1971-09,26.65,156.8
Singapura,SGP,1971,10,1971-10,26.63,205.75
Singapura,SGP,1971,11,1971-11,25.85,182.46
Singapura,SGP,1971,12,1971-12,25.29,208.74
Singapura,SGP,1972,1,1972-01,25.33,57.22
Singapura,SGP,1972,2,1972-02,26.01,69.21
Singapura,SGP,1972,3,1972-03,26.3,65.79
Singapura,SGP,1972,4,1972-04,26.65,168.92
Singapura,SGP,1972,5,1972-05,27.1,152.93
Singapura,SGP,1972,6,1972-06,27.03,167.08
Singapura,SGP,1972,7,1972-07,27.61,53.44
Singapura,SGP,1972,8,1972-08,26.96,97.36
Singapura,SGP,1972,9,1972-09,26.8,163.68
Singapura,SGP,1972,10,1972-10,26.7,157.89
Singapura,SGP,1972,11,1972-11,26.64,212.83
Singapura,SGP,1972,12,1972-12,26.04,249.33
Singapura,SGP,1973,1,1973-01,26.06,167.55
Singapura,SGP,1973,2,1973-02,26.55,76.31
Singapura,SGP,1973,3,1973-03,26.8,120.68
Singapura,SGP,1973,4,1973-04,27.5,156.12
Singapura,SGP,1973,5,1973-05,27.43,144.96
Singapura,SGP,1973,6,1973-06,27.49,157
Singapura,SGP,1973,7,1973-07,27.41,130.27
Singapura,SGP,1973,8,1973-08,26.78,163.04
Singapura,SGP,1973,9,1973-09,26.73,196.3
Singapura,SGP,1973,10,1973-10,26.64,220.54
Singapura,SGP,1973,11,1973-11,26.42,245.13
Singapura,SGP,1973,12,1973-12,25.38,161.83
Singapura,SGP,1974,1,1974-01,25.24,16.72
Singapura,SGP,1974,2,1974-02,25.37,129.44
Singapura,SGP,1974,3,1974-03,25.93,56.96
Singapura,SGP,1974,4,1974-04,26.95,117.05
Singapura,SGP,1974,5,1974-05,27.09,167.9
Singapura,SGP,1974,6,1974-06,27.03,168.68
Singapura,SGP,1974,7,1974-07,26.59,214.56
Singapura,SGP,1974,8,1974-08,26.93,138.68
Singapura,SGP,1974,9,1974-09,26.3,217.7
Singapura,SGP,1974,10,1974-10,26.81,173.71
Singapura,SGP,1974,11,1974-11,26.25,173.88
Singapura,SGP,1974,12,1974-12,25.9,110.74
Singapura,SGP,1975,1,1975-01,25.74,78.7
Singapura,SGP,1975,2,1975-02,25.84,154.75
Singapura,SGP,1975,3,1975-03,26.54,65.51
Singapura,SGP,1975,4,1975-04,27.02,184.26
Singapura,SGP,1975,5,1975-05,27.19,179.23
Singapura,SGP,1975,6,1975-06,27.27,118.15
Singapura,SGP,1975,7,1975-07,26.44,192.25
Singapura,SGP,1975,8,1975-08,26.93,173.1
Singapura,SGP,1975,9,1975-09,26.5,194.37
Singapura,SGP,1975,10,1975-10,26.76,147.93
Singapura,SGP,1975,11,1975-11,25.87,290.86
Singapura,SGP,1975,12,1975-12,25.69,92.68
Singapura,SGP,1976,1,1976-01,25.19,19.09
Singapura,SGP,1976,2,1976-02,26.08,21.6
Singapura,SGP,1976,3,1976-03,26.73,60.4
Singapura,SGP,1976,4,1976-04,26.75,197.37
Singapura,SGP,1976,5,1976-05,27.09,163.31
Singapura,SGP,1976,6,1976-06,26.78,172.93
Singapura,SGP,1976,7,1976-07,26.71,173
Singapura,SGP,1976,8,1976-08,26.7,137.44
Singapura,SGP,1976,9,1976-09,26.65,148.34
Singapura,SGP,1976,10,1976-10,26.54,261.13
Singapura,SGP,1976,11,1976-11,26.26,187.22
Singapura,SGP,1976,12,1976-12,25.72,173.16
Singapura,SGP,1977,1,1977-01,25.91,65.23
Singapura,SGP,1977,2,1977-02,25.4,132.96
Singapura,SGP,1977,3,1977-03,26.09,71.32
Singapura,SGP,1977,4,1977-04,27.07,90.52
Singapura,SGP,1977,5,1977-05,27.3,159.58
Singapura,SGP,1977,6,1977-06,27.31,136.47
Singapura,SGP,1977,7,1977-07,26.88,196.43
Singapura,SGP,1977,8,1977-08,26.58,150.99
Singapura,SGP,1977,9,1977-09,26.64,140.14
Singapura,SGP,1977,10,1977-10,26.82,138.66
Singapura,SGP,1977,11,1977-11,26.23,218.76
Singapura,SGP,1977,12,1977-12,26.08,125.05
Singapura,SGP,1978,1,1978-01,25.91,106.01
Singapura,SGP,1978,2,1978-02,26.23,65.05
Singapura,SGP,1978,3,1978-03,27.03,125.47
Singapura,SGP,1978,4,1978-04,27.24,146.47
Singapura,SGP,1978,5,1978-05,27.69,135.27
Singapura,SGP,1978,6,1978-06,27.59,124.81
Singapura,SGP,1978,7,1978-07,26.87,150.73
Singapura,SGP,1978,8,1978-08,26.82,175.44
Singapura,SGP,1978,9,1978-09,26.72,158.6
Singapura,SGP,1978,10,1978-10,26.52,226.82
Singapura,SGP,1978,11,1978-11,26.25,216.49
Singapura,SGP,1978,12,1978-12,25.72,141.01
Singapura,SGP,1979,1,1979-01,25.75,91.29
Singapura,SGP,1979,2,1979-02,26.31,124.8
Singapura,SGP,1979,3,1979-03,27.04,80.91
Singapura,SGP,1979,4,1979-04,27.18,236.33
Singapura,SGP,1979,5,1979-05,27.84,115.31
Singapura,SGP,1979,6,1979-06,27.32,235.54
Singapura,SGP,1979,7,1979-07,26.95,195.33
Singapura,SGP,1979,8,1979-08,27.11,134.94
Singapura,SGP,1979,9,1979-09,26.75,230.32
Singapura,SGP,1979,10,1979-10,26.68,240.96
Singapura,SGP,1979,11,1979-11,26.15,294.1
Singapura,SGP,1979,12,1979-12,25.98,94.34
Singapura,SGP,1980,1,1980-01,25.86,91.52
Singapura,SGP,1980,2,1980-02,26.11,72.25
Singapura,SGP,1980,3,1980-03,26.8,123.5
Singapura,SGP,1980,4,1980-04,27.1,197.01
Singapura,SGP,1980,5,1980-05,27.68,171.17
Singapura,SGP,1980,6,1980-06,27.55,171.91
Singapura,SGP,1980,7,1980-07,27.29,120.42
Singapura,SGP,1980,8,1980-08,26.7,196.24
Singapura,SGP,1980,9,1980-09,26.87,174.34
Singapura,SGP,1980,10,1980-10,26.89,233.94
Singapura,SGP,1980,11,1980-11,26.32,262.39
Singapura,SGP,1980,12,1980-12,26.03,232.74
Singapura,SGP,1981,1,1981-01,25.79,41.58
Singapura,SGP,1981,2,1981-02,26.02,86.71
Singapura,SGP,1981,3,1981-03,26.66,136.85
Singapura,SGP,1981,4,1981-04,27.01,211.55
Singapura,SGP,1981,5,1981-05,27.21,213.1
Singapura,SGP,1981,6,1981-06,27.65,84.69
Singapura,SGP,1981,7,1981-07,27.05,171.87
Singapura,SGP,1981,8,1981-08,27.49,67.71
Singapura,SGP,1981,9,1981-09,26.56,246.61
Singapura,SGP,1981,10,1981-10,26.8,238.59
Singapura,SGP,1981,11,1981-11,26.77,208.01
Singapura,SGP,1981,12,1981-12,25.68,184.63
Singapura,SGP,1982,1,1982-01,25.55,111.86
Singapura,SGP,1982,2,1982-02,26.14,60.53
Singapura,SGP,1982,3,1982-03,26.58,155.19
Singapura,SGP,1982,4,1982-04,26.87,208.89
Singapura,SGP,1982,5,1982-05,27.21,207.95
Singapura,SGP,1982,6,1982-06,27.63,97.36
Singapura,SGP,1982,7,1982-07,27.39,69.24
Singapura,SGP,1982,8,1982-08,26.99,97.07
Singapura,SGP,1982,9,1982-09,26.71,93.52
Singapura,SGP,1982,10,1982-10,26.36,200.11
Singapura,SGP,1982,11,1982-11,26.41,201.98
Singapura,SGP,1982,12,1982-12,25.93,333.58
Singapura,SGP,1983,1,1983-01,26.03,175.1
Singapura,SGP,1983,2,1983-02,26.79,58.03
Singapura,SGP,1983,3,1983-03,27.8,36.6
Singapura,SGP,1983,4,1983-04,28.2,88.66
Singapura,SGP,1983,5,1983-05,27.58,244.39
Singapura,SGP,1983,6,1983-06,27.67,164.51
Singapura,SGP,1983,7,1983-07,27.17,247.18
Singapura,SGP,1983,8,1983-08,27.25,147.8
Singapura,SGP,1983,9,1983-09,27.05,166.59
Singapura,SGP,1983,10,1983-10,27.09,162.69
Singapura,SGP,1983,11,1983-11,26.58,189.18
Singapura,SGP,1983,12,1983-12,25.33,309.19
Singapura,SGP,1984,1,1984-01,25.07,269.62
Singapura,SGP,1984,2,1984-02,25.28,360.42
Singapura,SGP,1984,3,1984-03,26.02,263.34
Singapura,SGP,1984,4,1984-04,26.79,270.39
Singapura,SGP,1984,5,1984-05,26.99,291.12
Singapura,SGP,1984,6,1984-06,27.12,206.13
Singapura,SGP,1984,7,1984-07,26.4,268.77
Singapura,SGP,1984,8,1984-08,26.88,170.48
Singapura,SGP,1984,9,1984-09,26.32,248.22
Singapura,SGP,1984,10,1984-10,26.61,251.17
Singapura,SGP,1984,11,1984-11,25.95,311.26
Singapura,SGP,1984,12,1984-12,25.59,246.62
Singapura,SGP,1985,1,1985-01,25.8,137.64
Singapura,SGP,1985,2,1985-02,26.41,180.88
Singapura,SGP,1985,3,1985-03,26.17,233.67
Singapura,SGP,1985,4,1985-04,27.21,166.05
Singapura,SGP,1985,5,1985-05,27.31,220.31
Singapura,SGP,1985,6,1985-06,27.74,66.41
Singapura,SGP,1985,7,1985-07,26.54,210.79
Singapura,SGP,1985,8,1985-08,26.9,181.87
Singapura,SGP,1985,9,1985-09,26.45,202.14
Singapura,SGP,1985,10,1985-10,26.38,260.44
Singapura,SGP,1985,11,1985-11,26.22,297.18
Singapura,SGP,1985,12,1985-12,25.85,270.42
Singapura,SGP,1986,1,1986-01,25.31,327.73
Singapura,SGP,1986,2,1986-02,25.95,90.93
Singapura,SGP,1986,3,1986-03,26.02,317.6
Singapura,SGP,1986,4,1986-04,26.8,246.82
Singapura,SGP,1986,5,1986-05,27.58,216.81
Singapura,SGP,1986,6,1986-06,27.37,156.28
Singapura,SGP,1986,7,1986-07,27.08,185.44
Singapura,SGP,1986,8,1986-08,27.08,120.83
Singapura,SGP,1986,9,1986-09,26.49,288.48
Singapura,SGP,1986,10,1986-10,26.42,326.53
Singapura,SGP,1986,11,1986-11,26.35,285.59
Singapura,SGP,1986,12,1986-12,25.93,251.98
Singapura,SGP,1987,1,1987-01,25.43,347.31
Singapura,SGP,1987,2,1987-02,26.07,68.41
Singapura,SGP,1987,3,1987-03,26.66,194.48
Singapura,SGP,1987,4,1987-04,27.13,217.8
Singapura,SGP,1987,5,1987-05,27.24,239.02
Singapura,SGP,1987,6,1987-06,27.93,182.9
Singapura,SGP,1987,7,1987-07,27.3,156.33
Singapura,SGP,1987,8,1987-08,27.05,226.97
Singapura,SGP,1987,9,1987-09,27.16,196.78
Singapura,SGP,1987,10,1987-10,26.98,255.27
Singapura,SGP,1987,11,1987-11,27.15,325.56
Singapura,SGP,1987,12,1987-12,26.15,403.47
Singapura,SGP,1988,1,1988-01,26.1,197.35
Singapura,SGP,1988,2,1988-02,26.62,161.83
Singapura,SGP,1988,3,1988-03,26.9,288.13
Singapura,SGP,1988,4,1988-04,27.26,254.04
Singapura,SGP,1988,5,1988-05,27.89,240.11
Singapura,SGP,1988,6,1988-06,27.47,220.62
Singapura,SGP,1988,7,1988-07,27.16,217.01
Singapura,SGP,1988,8,1988-08,26.62,357.7
Singapura,SGP,1988,9,1988-09,26.85,287.76
Singapura,SGP,1988,10,1988-10,27.11,206.45
Singapura,SGP,1988,11,1988-11,26.43,313.69
Singapura,SGP,1988,12,1988-12,25.75,79.34
Singapura,SGP,1989,1,1989-01,25.76,228.29
Singapura,SGP,1989,2,1989-02,25.95,62
Singapura,SGP,1989,3,1989-03,26.14,242.97
Singapura,SGP,1989,4,1989-04,26.93,213.25
Singapura,SGP,1989,5,1989-05,27.42,221.6
Singapura,SGP,1989,6,1989-06,27.4,154.56
Singapura,SGP,1989,7,1989-07,27.39,198.88
Singapura,SGP,1989,8,1989-08,27.03,175.16
Singapura,SGP,1989,9,1989-09,26.68,211.55
Singapura,SGP,1989,10,1989-10,26.63,295.38
Singapura,SGP,1989,11,1989-11,26.37,248.01
Singapura,SGP,1989,12,1989-12,25.78,274.96
Singapura,SGP,1990,1,1990-01,25.78,128.69
Singapura,SGP,1990,2,1990-02,26.39,123.55
Singapura,SGP,1990,3,1990-03,27.12,58.99
Singapura,SGP,1990,4,1990-04,27.58,200.79
Singapura,SGP,1990,5,1990-05,27.83,235.7
Singapura,SGP,1990,6,1990-06,27.75,162.92
Singapura,SGP,1990,7,1990-07,26.89,178.97
Singapura,SGP,1990,8,1990-08,27.4,149.56
Singapura,SGP,1990,9,1990-09,26.94,225.74
Singapura,SGP,1990,10,1990-10,26.64,267.21
Singapura,SGP,1990,11,1990-11,26.85,236.95
Singapura,SGP,1990,12,1990-12,25.83,227.23
Singapura,SGP,1991,1,1991-01,25.81,171.8
Singapura,SGP,1991,2,1991-02,26.42,76.51
Singapura,SGP,1991,3,1991-03,26.93,139.81
Singapura,SGP,1991,4,1991-04,27.13,210.74
Singapura,SGP,1991,5,1991-05,26.94,358.26
Singapura,SGP,1991,6,1991-06,27.93,172.98
Singapura,SGP,1991,7,1991-07,27.54,125.34
Singapura,SGP,1991,8,1991-08,27.48,147.79
Singapura,SGP,1991,9,1991-09,27.2,120.68
Singapura,SGP,1991,10,1991-10,26.72,158.03
Singapura,SGP,1991,11,1991-11,25.66,434.34
Singapura,SGP,1991,12,1991-12,25.3,809.78
Singapura,SGP,1992,1,1992-01,25.74,133.77
Singapura,SGP,1992,2,1992-02,26.38,130.87
Singapura,SGP,1992,3,1992-03,26.94,169.93
Singapura,SGP,1992,4,1992-04,27.54,199.83
Singapura,SGP,1992,5,1992-05,27.44,268.2
Singapura,SGP,1992,6,1992-06,27.71,183.57
Singapura,SGP,1992,7,1992-07,26.69,294.61
Singapura,SGP,1992,8,1992-08,27.08,171.87
Singapura,SGP,1992,9,1992-09,26.89,197.58
Singapura,SGP,1992,10,1992-10,26.8,265.17
Singapura,SGP,1992,11,1992-11,25.87,319.64
Singapura,SGP,1992,12,1992-12,25.49,304.17
Singapura,SGP,1993,1,1993-01,25.75,415.41
Singapura,SGP,1993,2,1993-02,26.02,49.52
Singapura,SGP,1993,3,1993-03,26.28,242.48
Singapura,SGP,1993,4,1993-04,27.09,197.88
Singapura,SGP,1993,5,1993-05,27.34,285.07
Singapura,SGP,1993,6,1993-06,27.75,184.15
Singapura,SGP,1993,7,1993-07,26.83,281.41
Singapura,SGP,1993,8,1993-08,27.26,109.12
Singapura,SGP,1993,9,1993-09,26.96,149.28
Singapura,SGP,1993,10,1993-10,26.6,219.76
Singapura,SGP,1993,11,1993-11,26.34,339.66
Singapura,SGP,1993,12,1993-12,26.16,253.29
Singapura,SGP,1994,1,1994-01,26.07,149.18
Singapura,SGP,1994,2,1994-02,26.27,133.12
Singapura,SGP,1994,3,1994-03,26.19,337.06
Singapura,SGP,1994,4,1994-04,27.04,212.75
Singapura,SGP,1994,5,1994-05,27.23,257.49
Singapura,SGP,1994,6,1994-06,27.34,236.43
Singapura,SGP,1994,7,1994-07,27.59,46.21
Singapura,SGP,1994,8,1994-08,27.01,103.26
Singapura,SGP,1994,9,1994-09,27.22,56.97
Singapura,SGP,1994,10,1994-10,26.77,131.62
Singapura,SGP,1994,11,1994-11,25.75,362.09
Singapura,SGP,1994,12,1994-12,26.29,205.46
Singapura,SGP,1995,1,1995-01,25.84,282.39
Singapura,SGP,1995,2,1995-02,25.72,298.25
Singapura,SGP,1995,3,1995-03,26.74,160.97
Singapura,SGP,1995,4,1995-04,27.05,225.17
Singapura,SGP,1995,5,1995-05,27.61,219.14
Singapura,SGP,1995,6,1995-06,27.72,250.48
Singapura,SGP,1995,7,1995-07,27.28,256.7
Singapura,SGP,1995,8,1995-08,26.81,329.46
Singapura,SGP,1995,9,1995-09,27.3,181.35
Singapura,SGP,1995,10,1995-10,27,286.76
Singapura,SGP,1995,11,1995-11,26.59,251.9
Singapura,SGP,1995,12,1995-12,25.89,306.71
Singapura,SGP,1996,1,1996-01,25.41,138.82
Singapura,SGP,1996,2,1996-02,25.6,150.16
Singapura,SGP,1996,3,1996-03,26.36,153.26
Singapura,SGP,1996,4,1996-04,27.11,231.84
Singapura,SGP,1996,5,1996-05,27.44,185.01
Singapura,SGP,1996,6,1996-06,27.31,237.19
Singapura,SGP,1996,7,1996-07,27.53,183.89
Singapura,SGP,1996,8,1996-08,27,253.53
Singapura,SGP,1996,9,1996-09,27.1,213.1
Singapura,SGP,1996,10,1996-10,26.88,298.96
Singapura,SGP,1996,11,1996-11,26.8,248.54
Singapura,SGP,1996,12,1996-12,26.03,248.77
Singapura,SGP,1997,1,1997-01,26.11,18.09
Singapura,SGP,1997,2,1997-02,26.31,120.68
Singapura,SGP,1997,3,1997-03,26.66,141.15
Singapura,SGP,1997,4,1997-04,26.84,260.21
Singapura,SGP,1997,5,1997-05,27.77,138.44
Singapura,SGP,1997,6,1997-06,27.53,140.96
Singapura,SGP,1997,7,1997-07,27.43,102.92
Singapura,SGP,1997,8,1997-08,27.43,154.14
Singapura,SGP,1997,9,1997-09,27.07,74.69
Singapura,SGP,1997,10,1997-10,26.77,164.41
Singapura,SGP,1997,11,1997-11,26.54,261.8
Singapura,SGP,1997,12,1997-12,26.22,362.69
Singapura,SGP,1998,1,1998-01,26.8,216.87
Singapura,SGP,1998,2,1998-02,27.51,100.38
Singapura,SGP,1998,3,1998-03,27.76,181.64
Singapura,SGP,1998,4,1998-04,28.07,171.24
Singapura,SGP,1998,5,1998-05,28.33,261.91
Singapura,SGP,1998,6,1998-06,28.14,208.71
Singapura,SGP,1998,7,1998-07,27.55,226.83
Singapura,SGP,1998,8,1998-08,26.89,375.48
Singapura,SGP,1998,9,1998-09,27.43,194.89
Singapura,SGP,1998,10,1998-10,27.54,223.72
Singapura,SGP,1998,11,1998-11,27.34,170.56
Singapura,SGP,1998,12,1998-12,26.32,319.22
Singapura,SGP,1999,1,1999-01,25.98,195.74
Singapura,SGP,1999,2,1999-02,26.35,81.47
Singapura,SGP,1999,3,1999-03,26.76,227.99
Singapura,SGP,1999,4,1999-04,27.63,171.87
Singapura,SGP,1999,5,1999-05,27.19,239.64
Singapura,SGP,1999,6,1999-06,27.15,205.71
Singapura,SGP,1999,7,1999-07,27.05,200.48
Singapura,SGP,1999,8,1999-08,26.79,187.95
Singapura,SGP,1999,9,1999-09,26.91,181.29
Singapura,SGP,1999,10,1999-10,26.59,310.59
Singapura,SGP,1999,11,1999-11,26.52,271.44
Singapura,SGP,1999,12,1999-12,26.18,188.13
Singapura,SGP,2000,1,2000-01,25.6,259.22
Singapura,SGP,2000,2,2000-02,26.11,139.06
Singapura,SGP,2000,3,2000-03,26.75,184.74
Singapura,SGP,2000,4,2000-04,27.15,212.43
Singapura,SGP,2000,5,2000-05,27.84,136.37
Singapura,SGP,2000,6,2000-06,27.14,224.07
Singapura,SGP,2000,7,2000-07,27.13,201.66
Singapura,SGP,2000,8,2000-08,26.74,180.57
Singapura,SGP,2000,9,2000-09,26.86,280.03
Singapura,SGP,2000,10,2000-10,27.18,201.68
Singapura,SGP,2000,11,2000-11,26.6,250.97
Singapura,SGP,2000,12,2000-12,26.41,207.32
Singapura,SGP,2001,1,2001-01,25.98,244.08
Singapura,SGP,2001,2,2001-02,26.13,114.94
Singapura,SGP,2001,3,2001-03,26.84,197.84
Singapura,SGP,2001,4,2001-04,27.06,298.06
Singapura,SGP,2001,5,2001-05,27.78,201.73
Singapura,SGP,2001,6,2001-06,27.56,162.89
Singapura,SGP,2001,7,2001-07,27.35,184.12
Singapura,SGP,2001,8,2001-08,27.24,201.02
Singapura,SGP,2001,9,2001-09,26.93,230.49
Singapura,SGP,2001,10,2001-10,27.16,242.19
Singapura,SGP,2001,11,2001-11,26.58,227.19
Singapura,SGP,2001,12,2001-12,26.17,411.25
Singapura,SGP,2002,1,2002-01,25.86,174.4
Singapura,SGP,2002,2,2002-02,26.27,62.77
Singapura,SGP,2002,3,2002-03,26.94,97.15
Singapura,SGP,2002,4,2002-04,27.4,179.93
Singapura,SGP,2002,5,2002-05,27.86,186.56
Singapura,SGP,2002,6,2002-06,27.58,190.89
Singapura,SGP,2002,7,2002-07,27.4,211.04
Singapura,SGP,2002,8,2002-08,27.29,128.86
Singapura,SGP,2002,9,2002-09,27.05,151.09
Singapura,SGP,2002,10,2002-10,27.35,153.23
Singapura,SGP,2002,11,2002-11,26.85,326.07
Singapura,SGP,2002,12,2002-12,26.59,272.35
Singapura,SGP,2003,1,2003-01,26.17,283.52
Singapura,SGP,2003,2,2003-02,26.46,112.93
Singapura,SGP,2003,3,2003-03,27.27,149.5
Singapura,SGP,2003,4,2003-04,27.25,245.2
Singapura,SGP,2003,5,2003-05,28.19,144.75
Singapura,SGP,2003,6,2003-06,27.87,124.28
Singapura,SGP,2003,7,2003-07,27.27,188.45
Singapura,SGP,2003,8,2003-08,27.26,176.41
Singapura,SGP,2003,9,2003-09,27.17,164.12
Singapura,SGP,2003,10,2003-10,27.06,266.57
Singapura,SGP,2003,11,2003-11,26.47,268.59
Singapura,SGP,2003,12,2003-12,26.07,257.33
Singapura,SGP,2004,1,2004-01,26.26,167.71
Singapura,SGP,2004,2,2004-02,26.53,51.85
Singapura,SGP,2004,3,2004-03,26.98,246
Singapura,SGP,2004,4,2004-04,27.72,160.01
Singapura,SGP,2004,5,2004-05,28.15,151.7
Singapura,SGP,2004,6,2004-06,27.93,118.42
Singapura,SGP,2004,7,2004-07,26.86,240.15
Singapura,SGP,2004,8,2004-08,27.46,80.75
Singapura,SGP,2004,9,2004-09,26.82,167.85
Singapura,SGP,2004,10,2004-10,26.73,276.29
Singapura,SGP,2004,11,2004-11,26.55,253.09
Singapura,SGP,2004,12,2004-12,26.15,290.33
Singapura,SGP,2005,1,2005-01,25.91,189.77
Singapura,SGP,2005,2,2005-02,27.45,44.92
Singapura,SGP,2005,3,2005-03,27.41,114.94
Singapura,SGP,2005,4,2005-04,27.6,171.83
Singapura,SGP,2005,5,2005-05,27.73,213.16
Singapura,SGP,2005,6,2005-06,28.03,123.92
Singapura,SGP,2005,7,2005-07,27.35,171.9
Singapura,SGP,2005,8,2005-08,27.45,164.96
Singapura,SGP,2005,9,2005-09,27.47,160.18
Singapura,SGP,2005,10,2005-10,26.96,258.15
Singapura,SGP,2005,11,2005-11,26.71,301.49
Singapura,SGP,2005,12,2005-12,26.54,187.86
Singapura,SGP,2006,1,2006-01,26.04,223.4
Singapura,SGP,2006,2,2006-02,26.47,122.11
Singapura,SGP,2006,3,2006-03,27.38,95.31
Singapura,SGP,2006,4,2006-04,27.38,211.26
Singapura,SGP,2006,5,2006-05,27.45,224.65
Singapura,SGP,2006,6,2006-06,27.34,293.36
Singapura,SGP,2006,7,2006-07,27.41,227.44
Singapura,SGP,2006,8,2006-08,27.21,128.57
Singapura,SGP,2006,9,2006-09,27.03,155.55
Singapura,SGP,2006,10,2006-10,27.31,115.56
Singapura,SGP,2006,11,2006-11,26.45,287.97
Singapura,SGP,2006,12,2006-12,26.19,433.11
Singapura,SGP,2007,1,2007-01,25.96,277.56
Singapura,SGP,2007,2,2007-02,26.31,110.14
Singapura,SGP,2007,3,2007-03,26.78,212.12
Singapura,SGP,2007,4,2007-04,27.19,298.23
Singapura,SGP,2007,5,2007-05,27.54,256.95
Singapura,SGP,2007,6,2007-06,27.51,268.37
Singapura,SGP,2007,7,2007-07,27.23,283.49
Singapura,SGP,2007,8,2007-08,27.03,202.28
Singapura,SGP,2007,9,2007-09,27.15,214.17
Singapura,SGP,2007,10,2007-10,26.82,274.06
Singapura,SGP,2007,11,2007-11,26.62,276.44
Singapura,SGP,2007,12,2007-12,26.01,337.42
Singapura,SGP,2008,1,2008-01,26.01,194.78
Singapura,SGP,2008,2,2008-02,26.24,65.64
Singapura,SGP,2008,3,2008-03,26.04,337.79
Singapura,SGP,2008,4,2008-04,26.92,267.63
Singapura,SGP,2008,5,2008-05,27.44,193.36
Singapura,SGP,2008,6,2008-06,27.23,226.63
Singapura,SGP,2008,7,2008-07,26.84,225.98
Singapura,SGP,2008,8,2008-08,26.88,240.56
Singapura,SGP,2008,9,2008-09,27.12,159.13
Singapura,SGP,2008,10,2008-10,26.94,207.5
Singapura,SGP,2008,11,2008-11,26.87,289.07
Singapura,SGP,2008,12,2008-12,26.25,253.56
Singapura,SGP,2009,1,2009-01,25.82,66.62
Singapura,SGP,2009,2,2009-02,26.56,82.72
Singapura,SGP,2009,3,2009-03,26.59,252.68
Singapura,SGP,2009,4,2009-04,27.58,153.05
Singapura,SGP,2009,5,2009-05,27.98,163.87
Singapura,SGP,2009,6,2009-06,27.81,164.11
Singapura,SGP,2009,7,2009-07,27.63,125.11
Singapura,SGP,2009,8,2009-08,27.28,191.49
Singapura,SGP,2009,9,2009-09,27.59,129.77
Singapura,SGP,2009,10,2009-10,27.33,175.48
Singapura,SGP,2009,11,2009-11,26.69,296.44
Singapura,SGP,2009,12,2009-12,26.19,325.95
Singapura,SGP,2010,1,2010-01,26.58,123.4
Singapura,SGP,2010,2,2010-02,27.44,63.01
Singapura,SGP,2010,3,2010-03,27.46,214.65
Singapura,SGP,2010,4,2010-04,27.84,212.38
Singapura,SGP,2010,5,2010-05,28.35,225.22
Singapura,SGP,2010,6,2010-06,27.9,226.33
Singapura,SGP,2010,7,2010-07,27.4,237.11
Singapura,SGP,2010,8,2010-08,27.38,193.13
Singapura,SGP,2010,9,2010-09,27.15,232.82
Singapura,SGP,2010,10,2010-10,27.42,232.28
Singapura,SGP,2010,11,2010-11,26.81,363.74
Singapura,SGP,2010,12,2010-12,26.32,215.14
Singapura,SGP,2011,1,2011-01,25.62,324.55
Singapura,SGP,2011,2,2011-02,26.4,39.71
Singapura,SGP,2011,3,2011-03,26.61,213.84
Singapura,SGP,2011,4,2011-04,27.07,192.29
Singapura,SGP,2011,5,2011-05,27.63,236.18
Singapura,SGP,2011,6,2011-06,27.59,220.34
Singapura,SGP,2011,7,2011-07,27.54,120.74
Singapura,SGP,2011,8,2011-08,27.26,137.79
Singapura,SGP,2011,9,2011-09,27.39,168.73
Singapura,SGP,2011,10,2011-10,26.74,309.45
Singapura,SGP,2011,11,2011-11,26.57,349.77
Singapura,SGP,2011,12,2011-12,26.18,291.47
Singapura,SGP,2012,1,2012-01,26.25,102.91
Singapura,SGP,2012,2,2012-02,26.44,189.78
Singapura,SGP,2012,3,2012-03,26.82,240.6
Singapura,SGP,2012,4,2012-04,27.21,244.27
Singapura,SGP,2012,5,2012-05,27.56,220.72
Singapura,SGP,2012,6,2012-06,28.01,123.46
Singapura,SGP,2012,7,2012-07,27.19,211.26
Singapura,SGP,2012,8,2012-08,27.2,160.94
Singapura,SGP,2012,9,2012-09,27.23,127.81
Singapura,SGP,2012,10,2012-10,27.01,257.53
Singapura,SGP,2012,11,2012-11,26.75,369.17
Singapura,SGP,2012,12,2012-12,26.28,339.5
Singapura,SGP,2013,1,2013-01,26.56,136.47
Singapura,SGP,2013,2,2013-02,26.1,374.19
Singapura,SGP,2013,3,2013-03,27.35,117.43
Singapura,SGP,2013,4,2013-04,27.79,247.1
Singapura,SGP,2013,5,2013-05,27.92,241.68
Singapura,SGP,2013,6,2013-06,28.39,99.39
Singapura,SGP,2013,7,2013-07,27.4,172.42
Singapura,SGP,2013,8,2013-08,27.24,201.81
Singapura,SGP,2013,9,2013-09,27.07,230.31
Singapura,SGP,2013,10,2013-10,26.96,241.58
Singapura,SGP,2013,11,2013-11,26.82,287.17
Singapura,SGP,2013,12,2013-12,26.32,243.87
Singapura,SGP,2014,1,2014-01,25.69,70.7
Singapura,SGP,2014,2,2014-02,26.41,7.86
Singapura,SGP,2014,3,2014-03,27.11,87.55
Singapura,SGP,2014,4,2014-04,27.46,197.22
Singapura,SGP,2014,5,2014-05,27.84,278.2
Singapura,SGP,2014,6,2014-06,28.38,199.82
Singapura,SGP,2014,7,2014-07,27.77,221.87
Singapura,SGP,2014,8,2014-08,27,262.97
Singapura,SGP,2014,9,2014-09,27.55,98.5
Singapura,SGP,2014,10,2014-10,27.42,140.42
Singapura,SGP,2014,11,2014-11,26.79,335.22
Singapura,SGP,2014,12,2014-12,26.49,458.08
Singapura,SGP,2015,1,2015-01,26.15,141.36
Singapura,SGP,2015,2,2015-02,26.12,120.65
Singapura,SGP,2015,3,2015-03,26.96,125.07
Singapura,SGP,2015,4,2015-04,27.39,211.13
Singapura,SGP,2015,5,2015-05,27.69,254.09
Singapura,SGP,2015,6,2015-06,27.94,179.23
Singapura,SGP,2015,7,2015-07,27.77,138.48
Singapura,SGP,2015,8,2015-08,27.38,130.23
Singapura,SGP,2015,9,2015-09,27.42,84.28
Singapura,SGP,2015,10,2015-10,27.38,110.15
Singapura,SGP,2015,11,2015-11,26.94,312.37
Singapura,SGP,2015,12,2015-12,27.01,244.71
Singapura,SGP,2016,1,2016-01,27.2,191.15
Singapura,SGP,2016,2,2016-02,26.93,171.65
Singapura,SGP,2016,3,2016-03,27.75,110.85
Singapura,SGP,2016,4,2016-04,28.25,205.89
Singapura,SGP,2016,5,2016-05,28.36,309.16
Singapura,SGP,2016,6,2016-06,28.13,155.64
Singapura,SGP,2016,7,2016-07,27.91,180.74
Singapura,SGP,2016,8,2016-08,27.99,217.78
Singapura,SGP,2016,9,2016-09,27.8,170.43
Singapura,SGP,2016,10,2016-10,27.61,250.2
Singapura,SGP,2016,11,2016-11,26.96,380.24
Singapura,SGP,2016,12,2016-12,27.11,212.9
Singapura,SGP,2017,1,2017-01,26.76,275.98
Singapura,SGP,2017,2,2017-02,26.54,202.76
Singapura,SGP,2017,3,2017-03,26.96,197.09
Singapura,SGP,2017,4,2017-04,27.45,329.06
Singapura,SGP,2017,5,2017-05,27.9,303.4
Singapura,SGP,2017,6,2017-06,27.97,132.19
Singapura,SGP,2017,7,2017-07,27.8,155.82
Singapura,SGP,2017,8,2017-08,27.36,260.69
Singapura,SGP,2017,9,2017-09,27.46,194.86
Singapura,SGP,2017,10,2017-10,27.55,209.13
Singapura,SGP,2017,11,2017-11,27.04,329.57
Singapura,SGP,2017,12,2017-12,26.88,195.07
Singapura,SGP,2018,1,2018-01,26.11,321.37
Singapura,SGP,2018,2,2018-02,26.48,54.95
Singapura,SGP,2018,3,2018-03,27.13,147.63
Singapura,SGP,2018,4,2018-04,27.41,201.1
Singapura,SGP,2018,5,2018-05,27.61,224.58
Singapura,SGP,2018,6,2018-06,27.81,225.95
Singapura,SGP,2018,7,2018-07,27.75,131.5
Singapura,SGP,2018,8,2018-08,27.73,101.92
Singapura,SGP,2018,9,2018-09,27.37,129.81
Singapura,SGP,2018,10,2018-10,27,371.11
Singapura,SGP,2018,11,2018-11,26.94,461.2
Singapura,SGP,2018,12,2018-12,26.89,286.12
Singapura,SGP,2019,1,2019-01,27.13,124.02
Singapura,SGP,2019,2,2019-02,27.32,49.49
Singapura,SGP,2019,3,2019-03,27.72,115.68
Singapura,SGP,2019,4,2019-04,27.93,188.08
Singapura,SGP,2019,5,2019-05,28.01,238.3
Singapura,SGP,2019,6,2019-06,27.75,305.29
Singapura,SGP,2019,7,2019-07,27.88,120.7
Singapura,SGP,2019,8,2019-08,27.96,76.98
Singapura,SGP,2019,9,2019-09,27.7,137.33
Singapura,SGP,2019,10,2019-10,27.04,287.69
Singapura,SGP,2019,11,2019-11,27.15,237.49
Singapura,SGP,2019,12,2019-12,26.46,320.67
Singapura,SGP,2020,1,2020-01,26.92,108.88
Singapura,SGP,2020,2,2020-02,27.11,76.82
Singapura,SGP,2020,3,2020-03,27.75,116.73
Singapura,SGP,2020,4,2020-04,27.88,261.57
Singapura,SGP,2020,5,2020-05,28.24,271.42
Singapura,SGP,2020,6,2020-06,27.7,354.28
Singapura,SGP,2020,7,2020-07,27.17,304.57
Singapura,SGP,2020,8,2020-08,27.73,163.25
Singapura,SGP,2020,9,2020-09,27.01,326.31
Singapura,SGP,2020,10,2020-10,27.67,162.41
Singapura,SGP,2020,11,2020-11,26.75,441.94
Singapura,SGP,2020,12,2020-12,26.73,196.28
Singapura,SGP,2021,1,2021-01,25.95,249.96
Singapura,SGP,2021,2,2021-02,26.66,11.8
Singapura,SGP,2021,3,2021-03,26.98,263.33
Singapura,SGP,2021,4,2021-04,27.38,266.41
Singapura,SGP,2021,5,2021-05,27.74,279.29
Singapura,SGP,2021,6,2021-06,27.7,227.02
Singapura,SGP,2021,7,2021-07,27.88,226.93
Singapura,SGP,2021,8,2021-08,27.08,294.87
Singapura,SGP,2021,9,2021-09,27.38,216.79
Singapura,SGP,2021,10,2021-10,27.73,233.53
Singapura,SGP,2021,11,2021-11,27.25,258.27
Singapura,SGP,2021,12,2021-12,26.84,234.12
Singapura,SGP,2022,1,2022-01,26.75,129.78
Singapura,SGP,2022,2,2022-02,26.69,159.81
Singapura,SGP,2022,3,2022-03,27.4,159.39
Singapura,SGP,2022,4,2022-04,27.52,190.81
Singapura,SGP,2022,5,2022-05,28.29,191.22
Singapura,SGP,2022,6,2022-06,27.33,290.04
Singapura,SGP,2022,7,2022-07,27.93,165.75
Singapura,SGP,2022,8,2022-08,27.35,354.38
Singapura,SGP,2022,9,2022-09,27.36,166.96
Singapura,SGP,2022,10,2022-10,27.03,371.59
Singapura,SGP,2022,11,2022-11,26.94,285.21
Singapura,SGP,2022,12,2022-12,26.43,254.85
Singapura,SGP,2023,1,2023-01,26.1,288.47
Singapura,SGP,2023,2,2023-02,26.39,165.69
Singapura,SGP,2023,3,2023-03,26.41,224.54
Singapura,SGP,2023,4,2023-04,27.65,194.19
Singapura,SGP,2023,5,2023-05,28.48,195.29
Singapura,SGP,2023,6,2023-06,28.12,228.7
Singapura,SGP,2023,7,2023-07,27.89,243.85
Singapura,SGP,2023,8,2023-08,27.74,259.47
Singapura,SGP,2023,9,2023-09,27.95,162.95
Singapura,SGP,2023,10,2023-10,28.03,222.07
Singapura,SGP,2023,11,2023-11,27.42,360.41
Singapura,SGP,2023,12,2023-12,26.88,375.93
Singapura,SGP,2024,1,2024-01,26.59,358.27
Singapura,SGP,2024,2,2024-02,27.51,86.5
Singapura,SGP,2024,3,2024-03,27.98,140.39
Singapura,SGP,2024,4,2024-04,28.33,308.28
Singapura,SGP,2024,5,2024-05,28.39,366.48
Singapura,SGP,2024,6,2024-06,28.02,282.95
Singapura,SGP,2024,7,2024-07,28.45,85.28
Singapura,SGP,2024,8,2024-08,27.66,229.48
Singapura,SGP,2024,9,2024-09,27.94,203.16
Singapura,SGP,2024,10,2024-10,27.87,181.42
Singapura,SGP,2024,11,2024-11,27.03,557.73
Singapura,SGP,2024,12,2024-12,27.17,219.86
Thailand,THA,1950,1,1950-01,22.97,8.51
Thailand,THA,1950,2,1950-02,24.58,11.45
Thailand,THA,1950,3,1950-03,27.1,57.15
Thailand,THA,1950,4,1950-04,28.06,74.35
Thailand,THA,1950,5,1950-05,27.18,130.61
Thailand,THA,1950,6,1950-06,26.25,224.57
Thailand,THA,1950,7,1950-07,26,156.76
Thailand,THA,1950,8,1950-08,26,154.26
Thailand,THA,1950,9,1950-09,25.53,305.56
Thailand,THA,1950,10,1950-10,24.73,214.65
Thailand,THA,1950,11,1950-11,23.91,107.05
Thailand,THA,1950,12,1950-12,20.89,28.79
Thailand,THA,1951,1,1951-01,22.34,25.07
Thailand,THA,1951,2,1951-02,24.22,19.83
Thailand,THA,1951,3,1951-03,26.74,25.14
Thailand,THA,1951,4,1951-04,28.28,54.31
Thailand,THA,1951,5,1951-05,27.32,114.38
Thailand,THA,1951,6,1951-06,26.2,189.14
Thailand,THA,1951,7,1951-07,26.09,166.15
Thailand,THA,1951,8,1951-08,26.03,208.97
Thailand,THA,1951,9,1951-09,25.88,215.64
Thailand,THA,1951,10,1951-10,25.05,199.38
Thailand,THA,1951,11,1951-11,24.44,95.06
Thailand,THA,1951,12,1951-12,22.33,41.37
Thailand,THA,1952,1,1952-01,23.15,13.98
Thailand,THA,1952,2,1952-02,25.55,47.96
Thailand,THA,1952,3,1952-03,25.77,215.03
Thailand,THA,1952,4,1952-04,27.39,78.6
Thailand,THA,1952,5,1952-05,27.57,157.89
Thailand,THA,1952,6,1952-06,26.63,190.52
Thailand,THA,1952,7,1952-07,26.26,161.45
Thailand,THA,1952,8,1952-08,25.54,298.22
Thailand,THA,1952,9,1952-09,25.47,263.81
Thailand,THA,1952,10,1952-10,25.13,269.72
Thailand,THA,1952,11,1952-11,23.98,76.94
Thailand,THA,1952,12,1952-12,20.92,68.05
Thailand,THA,1953,1,1953-01,22.2,210
Thailand,THA,1953,2,1953-02,22.89,227.16
Thailand,THA,1953,3,1953-03,25.14,160.6
Thailand,THA,1953,4,1953-04,25.83,242.36
Thailand,THA,1953,5,1953-05,26.21,191.39
Thailand,THA,1953,6,1953-06,26.2,199.56
Thailand,THA,1953,7,1953-07,26.01,143.38
Thailand,THA,1953,8,1953-08,25.67,176.28
Thailand,THA,1953,9,1953-09,25.36,238.93
Thailand,THA,1953,10,1953-10,25.32,124.22
Thailand,THA,1953,11,1953-11,23.21,241.92
Thailand,THA,1953,12,1953-12,21.86,42.1
Thailand,THA,1954,1,1954-01,23.94,23.81
Thailand,THA,1954,2,1954-02,24.61,22.18
Thailand,THA,1954,3,1954-03,26.05,41.52
Thailand,THA,1954,4,1954-04,28.25,82.15
Thailand,THA,1954,5,1954-05,26.77,175.82
Thailand,THA,1954,6,1954-06,27.09,108.86
Thailand,THA,1954,7,1954-07,26.58,147.4
Thailand,THA,1954,8,1954-08,25.98,235.12
Thailand,THA,1954,9,1954-09,25.39,326.02
Thailand,THA,1954,10,1954-10,24.86,119.72
Thailand,THA,1954,11,1954-11,23.61,18.7
Thailand,THA,1954,12,1954-12,21.81,27.88
Thailand,THA,1955,1,1955-01,21.09,19.53
Thailand,THA,1955,2,1955-02,24.74,10.88
Thailand,THA,1955,3,1955-03,26.83,36.05
Thailand,THA,1955,4,1955-04,27.34,116.29
Thailand,THA,1955,5,1955-05,27.32,194.22
Thailand,THA,1955,6,1955-06,26.2,338.78
Thailand,THA,1955,7,1955-07,26.34,184.04
Thailand,THA,1955,8,1955-08,25.92,227.43
Thailand,THA,1955,9,1955-09,25.84,261.81
Thailand,THA,1955,10,1955-10,25.12,129.5
Thailand,THA,1955,11,1955-11,23.06,86.1
Thailand,THA,1955,12,1955-12,21.24,11.16
Thailand,THA,1956,1,1956-01,21.64,11.55
Thailand,THA,1956,2,1956-02,25.17,32.34
Thailand,THA,1956,3,1956-03,27.53,31.21
Thailand,THA,1956,4,1956-04,27.52,97.09
Thailand,THA,1956,5,1956-05,26.42,244.22
Thailand,THA,1956,6,1956-06,26.4,177.1
Thailand,THA,1956,7,1956-07,25.89,235.58
Thailand,THA,1956,8,1956-08,25.67,299.06
Thailand,THA,1956,9,1956-09,25.53,305.16
Thailand,THA,1956,10,1956-10,24.91,140.71
Thailand,THA,1956,11,1956-11,22.73,78.34
Thailand,THA,1956,12,1956-12,21.7,36.81
Thailand,THA,1957,1,1957-01,22.93,10.25
Thailand,THA,1957,2,1957-02,23.85,16.12
Thailand,THA,1957,3,1957-03,26.35,79.91
Thailand,THA,1957,4,1957-04,28.02,85.26
Thailand,THA,1957,5,1957-05,28.59,121.14
Thailand,THA,1957,6,1957-06,26.88,262.35
Thailand,THA,1957,7,1957-07,26.26,255.43
Thailand,THA,1957,8,1957-08,26.15,312.23
Thailand,THA,1957,9,1957-09,25.73,364.84
Thailand,THA,1957,10,1957-10,25,205.59
Thailand,THA,1957,11,1957-11,24.47,40.21
Thailand,THA,1957,12,1957-12,23.22,20.47
Thailand,THA,1958,1,1958-01,23.13,36.02
Thailand,THA,1958,2,1958-02,24.14,13.57
Thailand,THA,1958,3,1958-03,28.12,13.45
Thailand,THA,1958,4,1958-04,29.14,34.83
Thailand,THA,1958,5,1958-05,28.67,115.53
Thailand,THA,1958,6,1958-06,27.09,239.17
Thailand,THA,1958,7,1958-07,26.3,251.78
Thailand,THA,1958,8,1958-08,26.11,211.57
Thailand,THA,1958,9,1958-09,25.6,309.26
Thailand,THA,1958,10,1958-10,24.92,151
Thailand,THA,1958,11,1958-11,23.17,35.59
Thailand,THA,1958,12,1958-12,21.35,4.67
Thailand,THA,1959,1,1959-01,22.6,14.96
Thailand,THA,1959,2,1959-02,25.21,18.31
Thailand,THA,1959,3,1959-03,25.91,63.39
Thailand,THA,1959,4,1959-04,28.44,68.12
Thailand,THA,1959,5,1959-05,27.49,194.37
Thailand,THA,1959,6,1959-06,27.68,153.32
Thailand,THA,1959,7,1959-07,26.03,261.04
Thailand,THA,1959,8,1959-08,25.91,238.05
Thailand,THA,1959,9,1959-09,25.43,339.89
Thailand,THA,1959,10,1959-10,25.14,137.08
Thailand,THA,1959,11,1959-11,24.63,48.28
Thailand,THA,1959,12,1959-12,24.27,30.57
Thailand,THA,1960,1,1960-01,23.09,22.36
Thailand,THA,1960,2,1960-02,24.37,12.68
Thailand,THA,1960,3,1960-03,27.14,42.7
Thailand,THA,1960,4,1960-04,28.96,57.71
Thailand,THA,1960,5,1960-05,27.85,189.08
Thailand,THA,1960,6,1960-06,27.14,189.98
Thailand,THA,1960,7,1960-07,26.44,216.85
Thailand,THA,1960,8,1960-08,26.39,260.62
Thailand,THA,1960,9,1960-09,25.88,262.34
Thailand,THA,1960,10,1960-10,25.39,208.48
Thailand,THA,1960,11,1960-11,24.8,88.56
Thailand,THA,1960,12,1960-12,22.09,20.78
Thailand,THA,1961,1,1961-01,21.96,12.99
Thailand,THA,1961,2,1961-02,25.15,34.07
Thailand,THA,1961,3,1961-03,26.94,46.64
Thailand,THA,1961,4,1961-04,27.97,98.68
Thailand,THA,1961,5,1961-05,27.01,234.77
Thailand,THA,1961,6,1961-06,26.43,222.41
Thailand,THA,1961,7,1961-07,26.17,195.47
Thailand,THA,1961,8,1961-08,26.01,262.09
Thailand,THA,1961,9,1961-09,25.59,277.95
Thailand,THA,1961,10,1961-10,25.25,188.59
Thailand,THA,1961,11,1961-11,24.48,45.69
Thailand,THA,1961,12,1961-12,23.13,33.53
Thailand,THA,1962,1,1962-01,21.53,21.86
Thailand,THA,1962,2,1962-02,23.38,12.46
Thailand,THA,1962,3,1962-03,26.4,59.99
Thailand,THA,1962,4,1962-04,28.11,110.63
Thailand,THA,1962,5,1962-05,27.72,180.15
Thailand,THA,1962,6,1962-06,26.79,189.41
Thailand,THA,1962,7,1962-07,26.47,287.35
Thailand,THA,1962,8,1962-08,26.02,249.3
Thailand,THA,1962,9,1962-09,25.74,336.18
Thailand,THA,1962,10,1962-10,25.39,146.3
Thailand,THA,1962,11,1962-11,24.16,28.77
Thailand,THA,1962,12,1962-12,21.56,14.48
Thailand,THA,1963,1,1963-01,19.93,13.14
Thailand,THA,1963,2,1963-02,23.55,11.06
Thailand,THA,1963,3,1963-03,25.97,78.91
Thailand,THA,1963,4,1963-04,27.9,59.54
Thailand,THA,1963,5,1963-05,28.58,111.79
Thailand,THA,1963,6,1963-06,26.82,209.89
Thailand,THA,1963,7,1963-07,26,263.69
Thailand,THA,1963,8,1963-08,26.11,252.15
Thailand,THA,1963,9,1963-09,26.01,304.71
Thailand,THA,1963,10,1963-10,25.36,244.49
Thailand,THA,1963,11,1963-11,24.78,98.21
Thailand,THA,1963,12,1963-12,22.28,24.94
Thailand,THA,1964,1,1964-01,23.64,19.67
Thailand,THA,1964,2,1964-02,24.42,24.04
Thailand,THA,1964,3,1964-03,26.67,43.15
Thailand,THA,1964,4,1964-04,28.25,77.71
Thailand,THA,1964,5,1964-05,26.71,289.27
Thailand,THA,1964,6,1964-06,26.82,175.53
Thailand,THA,1964,7,1964-07,26.53,202.41
Thailand,THA,1964,8,1964-08,26.2,229.53
Thailand,THA,1964,9,1964-09,25.85,333.64
Thailand,THA,1964,10,1964-10,25.54,192.89
Thailand,THA,1964,11,1964-11,22.91,74.66
Thailand,THA,1964,12,1964-12,21.21,30.11
Thailand,THA,1965,1,1965-01,21.31,6.34
Thailand,THA,1965,2,1965-02,24.94,45.09
Thailand,THA,1965,3,1965-03,26.11,59.58
Thailand,THA,1965,4,1965-04,27.92,103.56
Thailand,THA,1965,5,1965-05,27.22,248.41
Thailand,THA,1965,6,1965-06,26.2,278.93
Thailand,THA,1965,7,1965-07,26.43,208.88
Thailand,THA,1965,8,1965-08,26.14,278.62
Thailand,THA,1965,9,1965-09,25.88,267.77
Thailand,THA,1965,10,1965-10,25.62,172.04
Thailand,THA,1965,11,1965-11,24.45,63.29
Thailand,THA,1965,12,1965-12,23.74,54.8
Thailand,THA,1966,1,1966-01,24,32.82
Thailand,THA,1966,2,1966-02,25.03,65.16
Thailand,THA,1966,3,1966-03,26.96,58.32
Thailand,THA,1966,4,1966-04,28.44,63.04
Thailand,THA,1966,5,1966-05,26.11,352.44
Thailand,THA,1966,6,1966-06,26.04,177.09
Thailand,THA,1966,7,1966-07,25.58,270.91
Thailand,THA,1966,8,1966-08,25.24,284.39
Thailand,THA,1966,9,1966-09,24.73,220.01
Thailand,THA,1966,10,1966-10,25.13,154.26
Thailand,THA,1966,11,1966-11,23.99,64.86
Thailand,THA,1966,12,1966-12,23.8,51.44
Thailand,THA,1967,1,1967-01,22,37.68
Thailand,THA,1967,2,1967-02,23.72,16.21
Thailand,THA,1967,3,1967-03,26.48,13.29
Thailand,THA,1967,4,1967-04,27.58,117.03
Thailand,THA,1967,5,1967-05,27.21,172.22
Thailand,THA,1967,6,1967-06,27.1,160.54
Thailand,THA,1967,7,1967-07,26.65,184.16
Thailand,THA,1967,8,1967-08,26.26,249.97
Thailand,THA,1967,9,1967-09,25.73,293.33
Thailand,THA,1967,10,1967-10,25.01,123.04
Thailand,THA,1967,11,1967-11,24.3,64.57
Thailand,THA,1967,12,1967-12,21.62,11.23
Thailand,THA,1968,1,1968-01,22.48,10.78
Thailand,THA,1968,2,1968-02,23.73,26.06
Thailand,THA,1968,3,1968-03,26.96,28.25
Thailand,THA,1968,4,1968-04,27.11,125.29
Thailand,THA,1968,5,1968-05,27.11,167.17
Thailand,THA,1968,6,1968-06,26.79,224.82
Thailand,THA,1968,7,1968-07,26.8,177.41
Thailand,THA,1968,8,1968-08,26.48,233.21
Thailand,THA,1968,9,1968-09,26.11,239.8
Thailand,THA,1968,10,1968-10,25.36,109.88
Thailand,THA,1968,11,1968-11,25.07,24.75
Thailand,THA,1968,12,1968-12,24.1,20.76
Thailand,THA,1969,1,1969-01,24.28,43.07
Thailand,THA,1969,2,1969-02,25.17,12.03
Thailand,THA,1969,3,1969-03,27.69,36.59
Thailand,THA,1969,4,1969-04,28.67,64.34
Thailand,THA,1969,5,1969-05,28.36,202.27
Thailand,THA,1969,6,1969-06,27.15,209
Thailand,THA,1969,7,1969-07,26.33,251.1
Thailand,THA,1969,8,1969-08,26.17,213.13
Thailand,THA,1969,9,1969-09,26.04,319.69
Thailand,THA,1969,10,1969-10,25.89,123.52
Thailand,THA,1969,11,1969-11,23.4,74.55
Thailand,THA,1969,12,1969-12,21.63,15.15
Thailand,THA,1970,1,1970-01,23.1,21.78
Thailand,THA,1970,2,1970-02,24.78,14.29
Thailand,THA,1970,3,1970-03,27.61,47.64
Thailand,THA,1970,4,1970-04,27.75,87.59
Thailand,THA,1970,5,1970-05,27.69,208.63
Thailand,THA,1970,6,1970-06,26.74,263.9
Thailand,THA,1970,7,1970-07,26.39,195
Thailand,THA,1970,8,1970-08,26.02,296.79
Thailand,THA,1970,9,1970-09,26.03,241.25
Thailand,THA,1970,10,1970-10,25.37,143.47
Thailand,THA,1970,11,1970-11,24.04,64.66
Thailand,THA,1970,12,1970-12,23.34,63.43
Thailand,THA,1971,1,1971-01,21.46,12.48
Thailand,THA,1971,2,1971-02,23.74,29.73
Thailand,THA,1971,3,1971-03,26.22,41.73
Thailand,THA,1971,4,1971-04,27.99,67.05
Thailand,THA,1971,5,1971-05,27.13,228.58
Thailand,THA,1971,6,1971-06,26.3,242.56
Thailand,THA,1971,7,1971-07,26.05,248.23
Thailand,THA,1971,8,1971-08,25.76,258.2
Thailand,THA,1971,9,1971-09,26.14,221.34
Thailand,THA,1971,10,1971-10,24.57,173.15
Thailand,THA,1971,11,1971-11,22.42,37.17
Thailand,THA,1971,12,1971-12,22.44,40.48
Thailand,THA,1972,1,1972-01,21.47,5.8
Thailand,THA,1972,2,1972-02,24.73,20.97
Thailand,THA,1972,3,1972-03,25.8,43.86
Thailand,THA,1972,4,1972-04,26.94,123.51
Thailand,THA,1972,5,1972-05,28.74,105.63
Thailand,THA,1972,6,1972-06,26.97,263.75
Thailand,THA,1972,7,1972-07,26.8,238.98
Thailand,THA,1972,8,1972-08,26.19,278.51
Thailand,THA,1972,9,1972-09,26.25,339.99
Thailand,THA,1972,10,1972-10,26.17,212.44
Thailand,THA,1972,11,1972-11,25.1,126.81
Thailand,THA,1972,12,1972-12,23.14,44.73
Thailand,THA,1973,1,1973-01,23.1,7.85
Thailand,THA,1973,2,1973-02,26.03,6.68
Thailand,THA,1973,3,1973-03,27.5,67.98
Thailand,THA,1973,4,1973-04,29.51,44.98
Thailand,THA,1973,5,1973-05,27.58,196.37
Thailand,THA,1973,6,1973-06,27.28,245.64
Thailand,THA,1973,7,1973-07,26.68,269.36
Thailand,THA,1973,8,1973-08,26.31,277.99
Thailand,THA,1973,9,1973-09,25.99,309.27
Thailand,THA,1973,10,1973-10,25.41,144.52
Thailand,THA,1973,11,1973-11,23.33,90.59
Thailand,THA,1973,12,1973-12,20.9,34.25
Thailand,THA,1974,1,1974-01,21.8,14.39
Thailand,THA,1974,2,1974-02,23.48,23.47
Thailand,THA,1974,3,1974-03,25.9,65.31
Thailand,THA,1974,4,1974-04,27.14,135.2
Thailand,THA,1974,5,1974-05,26.88,221.77
Thailand,THA,1974,6,1974-06,26.76,192.06
Thailand,THA,1974,7,1974-07,26.53,208.76
Thailand,THA,1974,8,1974-08,26.25,311.94
Thailand,THA,1974,9,1974-09,26.05,264.83
Thailand,THA,1974,10,1974-10,25.59,223.74
Thailand,THA,1974,11,1974-11,24.07,100
Thailand,THA,1974,12,1974-12,23.17,29.15
Thailand,THA,1975,1,1975-01,22.96,102.28
Thailand,THA,1975,2,1975-02,24.77,29.65
Thailand,THA,1975,3,1975-03,27.15,60.4
Thailand,THA,1975,4,1975-04,28.88,64.2
Thailand,THA,1975,5,1975-05,27,253.98
Thailand,THA,1975,6,1975-06,26.56,268.09
Thailand,THA,1975,7,1975-07,26.34,206.48
Thailand,THA,1975,8,1975-08,26.16,333.38
Thailand,THA,1975,9,1975-09,25.88,271.62
Thailand,THA,1975,10,1975-10,25.43,230.63
Thailand,THA,1975,11,1975-11,23.52,73.72
Thailand,THA,1975,12,1975-12,20.16,34.73
Thailand,THA,1976,1,1976-01,20.73,4.06
Thailand,THA,1976,2,1976-02,24.31,27.01
Thailand,THA,1976,3,1976-03,26.44,59.94
Thailand,THA,1976,4,1976-04,28.03,114.84
Thailand,THA,1976,5,1976-05,26.64,257.78
Thailand,THA,1976,6,1976-06,27.01,211.93
Thailand,THA,1976,7,1976-07,26.44,264.17
Thailand,THA,1976,8,1976-08,25.74,279.52
Thailand,THA,1976,9,1976-09,26.1,323.17
Thailand,THA,1976,10,1976-10,25.84,202.5
Thailand,THA,1976,11,1976-11,23.29,78.79
Thailand,THA,1976,12,1976-12,22.82,15.24
Thailand,THA,1977,1,1977-01,22.93,24.15
Thailand,THA,1977,2,1977-02,23.47,12.07
Thailand,THA,1977,3,1977-03,26.31,45.94
Thailand,THA,1977,4,1977-04,27.79,80.66
Thailand,THA,1977,5,1977-05,27.52,159.95
Thailand,THA,1977,6,1977-06,28.23,133.69
Thailand,THA,1977,7,1977-07,26.85,230.09
Thailand,THA,1977,8,1977-08,26.71,268.61
Thailand,THA,1977,9,1977-09,26.05,322.11
Thailand,THA,1977,10,1977-10,25.98,140.76
Thailand,THA,1977,11,1977-11,23.68,48.58
Thailand,THA,1977,12,1977-12,23.22,23.77
Thailand,THA,1978,1,1978-01,23.56,37.75
Thailand,THA,1978,2,1978-02,24.7,47.42
Thailand,THA,1978,3,1978-03,27.67,54.32
Thailand,THA,1978,4,1978-04,28.47,105.57
Thailand,THA,1978,5,1978-05,27.67,243.12
Thailand,THA,1978,6,1978-06,27.34,212.96
Thailand,THA,1978,7,1978-07,26.42,283.82
Thailand,THA,1978,8,1978-08,26.47,311.06
Thailand,THA,1978,9,1978-09,25.93,371.1
Thailand,THA,1978,10,1978-10,25.53,131.18
Thailand,THA,1978,11,1978-11,24.28,34.8
Thailand,THA,1978,12,1978-12,22.89,13.02
Thailand,THA,1979,1,1979-01,24.53,9.58
Thailand,THA,1979,2,1979-02,26,25.35
Thailand,THA,1979,3,1979-03,28.35,16.06
Thailand,THA,1979,4,1979-04,28.77,138.63
Thailand,THA,1979,5,1979-05,27.91,260.75
Thailand,THA,1979,6,1979-06,27.11,245.56
Thailand,THA,1979,7,1979-07,27.38,186.8
Thailand,THA,1979,8,1979-08,26.75,238.43
Thailand,THA,1979,9,1979-09,26.32,319.79
Thailand,THA,1979,10,1979-10,25.29,65.16
Thailand,THA,1979,11,1979-11,23.63,43.87
Thailand,THA,1979,12,1979-12,22.63,9.37
Thailand,THA,1980,1,1980-01,23.19,4.22
Thailand,THA,1980,2,1980-02,25.19,13.9
Thailand,THA,1980,3,1980-03,27.96,50.33
Thailand,THA,1980,4,1980-04,29.3,69.25
Thailand,THA,1980,5,1980-05,28.58,227.78
Thailand,THA,1980,6,1980-06,26.85,294.2
Thailand,THA,1980,7,1980-07,26.98,220.72
Thailand,THA,1980,8,1980-08,26.67,264.4
Thailand,THA,1980,9,1980-09,26.1,321.38
Thailand,THA,1980,10,1980-10,25.93,175.13
Thailand,THA,1980,11,1980-11,24.67,67.57
Thailand,THA,1980,12,1980-12,23.3,32.13
Thailand,THA,1981,1,1981-01,22.36,6.35
Thailand,THA,1981,2,1981-02,25.34,27.79
Thailand,THA,1981,3,1981-03,27.57,32.67
Thailand,THA,1981,4,1981-04,28.13,94.64
Thailand,THA,1981,5,1981-05,27.52,213.96
Thailand,THA,1981,6,1981-06,26.86,253.62
Thailand,THA,1981,7,1981-07,26.56,260.93
Thailand,THA,1981,8,1981-08,26.7,229.8
Thailand,THA,1981,9,1981-09,26.62,208.67
Thailand,THA,1981,10,1981-10,26,180.33
Thailand,THA,1981,11,1981-11,24.53,147
Thailand,THA,1981,12,1981-12,21.41,23.48
Thailand,THA,1982,1,1982-01,22.31,3.66
Thailand,THA,1982,2,1982-02,25.22,13.56
Thailand,THA,1982,3,1982-03,27.82,56.42
Thailand,THA,1982,4,1982-04,27.37,113.76
Thailand,THA,1982,5,1982-05,28.16,176.42
Thailand,THA,1982,6,1982-06,27.17,200.85
Thailand,THA,1982,7,1982-07,26.74,222.89
Thailand,THA,1982,8,1982-08,26.15,268.67
Thailand,THA,1982,9,1982-09,25.87,327.14
Thailand,THA,1982,10,1982-10,25.92,143.98
Thailand,THA,1982,11,1982-11,25.36,63.89
Thailand,THA,1982,12,1982-12,21.18,20.94
Thailand,THA,1983,1,1983-01,22.13,24.31
Thailand,THA,1983,2,1983-02,25.72,7.14
Thailand,THA,1983,3,1983-03,27.72,15.81
Thailand,THA,1983,4,1983-04,30.27,35.74
Thailand,THA,1983,5,1983-05,28.82,155.64
Thailand,THA,1983,6,1983-06,27.76,201.29
Thailand,THA,1983,7,1983-07,27.45,216.5
Thailand,THA,1983,8,1983-08,26.66,291.7
Thailand,THA,1983,9,1983-09,26.41,259.99
Thailand,THA,1983,10,1983-10,25.72,262.06
Thailand,THA,1983,11,1983-11,23.04,76.25
Thailand,THA,1983,12,1983-12,21.69,37.09
Thailand,THA,1984,1,1984-01,22.09,17.2
Thailand,THA,1984,2,1984-02,25.42,36.07
Thailand,THA,1984,3,1984-03,27.01,43.98
Thailand,THA,1984,4,1984-04,28.66,105.38
Thailand,THA,1984,5,1984-05,27.43,173.2
Thailand,THA,1984,6,1984-06,26.85,244.9
Thailand,THA,1984,7,1984-07,26.48,200.62
Thailand,THA,1984,8,1984-08,26.44,258.56
Thailand,THA,1984,9,1984-09,26,237.26
Thailand,THA,1984,10,1984-10,25.11,182.21
Thailand,THA,1984,11,1984-11,24.34,53.34
Thailand,THA,1984,12,1984-12,22.85,33.93
Thailand,THA,1985,1,1985-01,23.48,16.28
Thailand,THA,1985,2,1985-02,25.73,35.92
Thailand,THA,1985,3,1985-03,27.14,37.64
Thailand,THA,1985,4,1985-04,28.25,121.97
Thailand,THA,1985,5,1985-05,27.35,215.27
Thailand,THA,1985,6,1985-06,26.7,217.02
Thailand,THA,1985,7,1985-07,26.22,200.59
Thailand,THA,1985,8,1985-08,26.12,232.02
Thailand,THA,1985,9,1985-09,26.05,284.38
Thailand,THA,1985,10,1985-10,25.52,185.24
Thailand,THA,1985,11,1985-11,24.88,80.71
Thailand,THA,1985,12,1985-12,22.22,19.41
Thailand,THA,1986,1,1986-01,21.99,7.13
Thailand,THA,1986,2,1986-02,24.99,7.84
Thailand,THA,1986,3,1986-03,26.38,17.53
Thailand,THA,1986,4,1986-04,28.3,102.45
Thailand,THA,1986,5,1986-05,27.26,263.51
Thailand,THA,1986,6,1986-06,27.37,202.6
Thailand,THA,1986,7,1986-07,26.66,242.61
Thailand,THA,1986,8,1986-08,26.81,288.8
Thailand,THA,1986,9,1986-09,26.4,258.4
Thailand,THA,1986,10,1986-10,25.85,192.48
Thailand,THA,1986,11,1986-11,24.22,68.67
Thailand,THA,1986,12,1986-12,22.92,34.42
Thailand,THA,1987,1,1987-01,23.38,8.03
Thailand,THA,1987,2,1987-02,25.21,8.23
Thailand,THA,1987,3,1987-03,27.23,50.54
Thailand,THA,1987,4,1987-04,28.76,73.49
Thailand,THA,1987,5,1987-05,28.57,128.06
Thailand,THA,1987,6,1987-06,27.75,234.28
Thailand,THA,1987,7,1987-07,27.48,147.93
Thailand,THA,1987,8,1987-08,27.16,306.51
Thailand,THA,1987,9,1987-09,26.66,302.91
Thailand,THA,1987,10,1987-10,26.46,161.14
Thailand,THA,1987,11,1987-11,25.72,142.8
Thailand,THA,1987,12,1987-12,20.97,26.31
Thailand,THA,1988,1,1988-01,23.98,8.58
Thailand,THA,1988,2,1988-02,26.1,36.14
Thailand,THA,1988,3,1988-03,28.1,21.67
Thailand,THA,1988,4,1988-04,28.57,131.73
Thailand,THA,1988,5,1988-05,27.7,238.01
Thailand,THA,1988,6,1988-06,27.26,242.28
Thailand,THA,1988,7,1988-07,27.12,242.59
Thailand,THA,1988,8,1988-08,26.77,219.94
Thailand,THA,1988,9,1988-09,26.8,230.92
Thailand,THA,1988,10,1988-10,25.54,275.12
Thailand,THA,1988,11,1988-11,23.21,84.81
Thailand,THA,1988,12,1988-12,22.13,9.98
Thailand,THA,1989,1,1989-01,24.12,24.98
Thailand,THA,1989,2,1989-02,24.89,6.71
Thailand,THA,1989,3,1989-03,26.58,64.79
Thailand,THA,1989,4,1989-04,29.12,70.47
Thailand,THA,1989,5,1989-05,27.88,234.52
Thailand,THA,1989,6,1989-06,27.04,195.33
Thailand,THA,1989,7,1989-07,27.04,219.8
Thailand,THA,1989,8,1989-08,26.69,256.65
Thailand,THA,1989,9,1989-09,26.52,243.61
Thailand,THA,1989,10,1989-10,25.72,197.53
Thailand,THA,1989,11,1989-11,24.44,34.54
Thailand,THA,1989,12,1989-12,22.17,5.37
Thailand,THA,1990,1,1990-01,24.33,12.19
Thailand,THA,1990,2,1990-02,25.69,14.09
Thailand,THA,1990,3,1990-03,26.88,59.95
Thailand,THA,1990,4,1990-04,29.03,61.3
Thailand,THA,1990,5,1990-05,27.67,253.96
Thailand,THA,1990,6,1990-06,27.47,202.31
Thailand,THA,1990,7,1990-07,26.8,221.58
Thailand,THA,1990,8,1990-08,27.19,216.83
Thailand,THA,1990,9,1990-09,26.6,234.55
Thailand,THA,1990,10,1990-10,25.97,204.94
Thailand,THA,1990,11,1990-11,24.78,78.5
Thailand,THA,1990,12,1990-12,22.92,13.89
Thailand,THA,1991,1,1991-01,24.49,9.94
Thailand,THA,1991,2,1991-02,25.18,7.2
Thailand,THA,1991,3,1991-03,28.44,32.98
Thailand,THA,1991,4,1991-04,29.06,70.74
Thailand,THA,1991,5,1991-05,28.42,168.79
Thailand,THA,1991,6,1991-06,27.38,213.19
Thailand,THA,1991,7,1991-07,27.13,234.12
Thailand,THA,1991,8,1991-08,26.43,345.67
Thailand,THA,1991,9,1991-09,26.69,285.31
Thailand,THA,1991,10,1991-10,25.64,169.53
Thailand,THA,1991,11,1991-11,24.04,28.04
Thailand,THA,1991,12,1991-12,23.07,37.43
Thailand,THA,1992,1,1992-01,22.16,25.89
Thailand,THA,1992,2,1992-02,24.35,23.95
Thailand,THA,1992,3,1992-03,27.71,6.01
Thailand,THA,1992,4,1992-04,30.06,30.62
Thailand,THA,1992,5,1992-05,29.25,116.84
Thailand,THA,1992,6,1992-06,27.62,231.44
Thailand,THA,1992,7,1992-07,26.92,270.37
Thailand,THA,1992,8,1992-08,26.66,291.28
Thailand,THA,1992,9,1992-09,26.51,239.04
Thailand,THA,1992,10,1992-10,24.78,193.2
Thailand,THA,1992,11,1992-11,23.01,39.54
Thailand,THA,1992,12,1992-12,22.58,39.98
Thailand,THA,1993,1,1993-01,22.54,14.46
Thailand,THA,1993,2,1993-02,24.02,5.68
Thailand,THA,1993,3,1993-03,26.95,54.7
Thailand,THA,1993,4,1993-04,28.36,87.16
Thailand,THA,1993,5,1993-05,28.16,182.95
Thailand,THA,1993,6,1993-06,27.91,168.62
Thailand,THA,1993,7,1993-07,27.56,198.66
Thailand,THA,1993,8,1993-08,26.51,236.42
Thailand,THA,1993,9,1993-09,26.31,278.36
Thailand,THA,1993,10,1993-10,25.63,147.24
Thailand,THA,1993,11,1993-11,24.71,37.82
Thailand,THA,1993,12,1993-12,22.35,38.49
Thailand,THA,1994,1,1994-01,23.98,4.3
Thailand,THA,1994,2,1994-02,26.58,30.51
Thailand,THA,1994,3,1994-03,26.42,103.22
Thailand,THA,1994,4,1994-04,28.78,62.15
Thailand,THA,1994,5,1994-05,27.8,252.33
Thailand,THA,1994,6,1994-06,26.87,307.52
Thailand,THA,1994,7,1994-07,26.76,276.4
Thailand,THA,1994,8,1994-08,26.17,332.05
Thailand,THA,1994,9,1994-09,26.45,264.88
Thailand,THA,1994,10,1994-10,25.15,111.05
Thailand,THA,1994,11,1994-11,24.54,46.12
Thailand,THA,1994,12,1994-12,23.85,22.91
Thailand,THA,1995,1,1995-01,23.62,16.02
Thailand,THA,1995,2,1995-02,24.62,7.11
Thailand,THA,1995,3,1995-03,27.96,50.28
Thailand,THA,1995,4,1995-04,29.42,67.94
Thailand,THA,1995,5,1995-05,28.12,191.33
Thailand,THA,1995,6,1995-06,27.84,222.73
Thailand,THA,1995,7,1995-07,26.79,288.62
Thailand,THA,1995,8,1995-08,26.61,339.35
Thailand,THA,1995,9,1995-09,26.49,310.07
Thailand,THA,1995,10,1995-10,26.15,170.41
Thailand,THA,1995,11,1995-11,24.4,91.56
Thailand,THA,1995,12,1995-12,22.09,18.43
Thailand,THA,1996,1,1996-01,23.16,10.18
Thailand,THA,1996,2,1996-02,23.82,33.41
Thailand,THA,1996,3,1996-03,27.58,32.41
Thailand,THA,1996,4,1996-04,27.77,167.83
Thailand,THA,1996,5,1996-05,27.51,186.32
Thailand,THA,1996,6,1996-06,27.26,229.04
Thailand,THA,1996,7,1996-07,26.97,237.91
Thailand,THA,1996,8,1996-08,26.65,218.09
Thailand,THA,1996,9,1996-09,26.24,350.61
Thailand,THA,1996,10,1996-10,25.95,185.33
Thailand,THA,1996,11,1996-11,24.88,122.12
Thailand,THA,1996,12,1996-12,22.37,46.46
Thailand,THA,1997,1,1997-01,22.79,5.03
Thailand,THA,1997,2,1997-02,24.9,26.34
Thailand,THA,1997,3,1997-03,27.18,42.09
Thailand,THA,1997,4,1997-04,27.37,89.49
Thailand,THA,1997,5,1997-05,28.66,144.64
Thailand,THA,1997,6,1997-06,28.24,149.48
Thailand,THA,1997,7,1997-07,27.01,308.33
Thailand,THA,1997,8,1997-08,26.84,266
Thailand,THA,1997,9,1997-09,26.43,248.23
Thailand,THA,1997,10,1997-10,26.45,146.41
Thailand,THA,1997,11,1997-11,25.42,57.87
Thailand,THA,1997,12,1997-12,24.75,14.61
Thailand,THA,1998,1,1998-01,25.09,7.51
Thailand,THA,1998,2,1998-02,26.56,12.18
Thailand,THA,1998,3,1998-03,28.94,17.42
Thailand,THA,1998,4,1998-04,29.77,45.2
Thailand,THA,1998,5,1998-05,29.42,174.82
Thailand,THA,1998,6,1998-06,28.48,200.38
Thailand,THA,1998,7,1998-07,27.68,180
Thailand,THA,1998,8,1998-08,27.32,229.18
Thailand,THA,1998,9,1998-09,26.73,246.87
Thailand,THA,1998,10,1998-10,26.35,166.27
Thailand,THA,1998,11,1998-11,24.94,117.01
Thailand,THA,1998,12,1998-12,23.51,40.15
Thailand,THA,1999,1,1999-01,23.88,31.22
Thailand,THA,1999,2,1999-02,25.48,28.16
Thailand,THA,1999,3,1999-03,27.81,75.88
Thailand,THA,1999,4,1999-04,27.54,220.67
Thailand,THA,1999,5,1999-05,26.69,269.73
Thailand,THA,1999,6,1999-06,27.02,199.36
Thailand,THA,1999,7,1999-07,27.08,234.71
Thailand,THA,1999,8,1999-08,26.55,250.12
Thailand,THA,1999,9,1999-09,26.37,262.07
Thailand,THA,1999,10,1999-10,25.8,215.99
Thailand,THA,1999,11,1999-11,24.66,102.66
Thailand,THA,1999,12,1999-12,20.9,49.92
Thailand,THA,2000,1,2000-01,23.92,19.02
Thailand,THA,2000,2,2000-02,24.52,52.88
Thailand,THA,2000,3,2000-03,26.93,55.2
Thailand,THA,2000,4,2000-04,27.55,198.38
Thailand,THA,2000,5,2000-05,27.13,284.24
Thailand,THA,2000,6,2000-06,26.88,245.68
Thailand,THA,2000,7,2000-07,26.79,231.58
Thailand,THA,2000,8,2000-08,26.85,295.87
Thailand,THA,2000,9,2000-09,26.1,265.61
Thailand,THA,2000,10,2000-10,26.14,187.86
Thailand,THA,2000,11,2000-11,24.17,66.92
Thailand,THA,2000,12,2000-12,24.13,33.03
Thailand,THA,2001,1,2001-01,24.84,35.52
Thailand,THA,2001,2,2001-02,25.69,10.93
Thailand,THA,2001,3,2001-03,26.56,150.77
Thailand,THA,2001,4,2001-04,29.68,65.55
Thailand,THA,2001,5,2001-05,27.27,269.9
Thailand,THA,2001,6,2001-06,27.21,189.14
Thailand,THA,2001,7,2001-07,27.11,204.53
Thailand,THA,2001,8,2001-08,26.92,297.06
Thailand,THA,2001,9,2001-09,26.75,220.9
Thailand,THA,2001,10,2001-10,26.34,212.49
Thailand,THA,2001,11,2001-11,23.31,39.63
Thailand,THA,2001,12,2001-12,23.61,24.62
Thailand,THA,2002,1,2002-01,23.38,8.41
Thailand,THA,2002,2,2002-02,25.81,9.84
Thailand,THA,2002,3,2002-03,27.43,51.05
Thailand,THA,2002,4,2002-04,28.87,72.65
Thailand,THA,2002,5,2002-05,27.74,271.66
Thailand,THA,2002,6,2002-06,27.73,195.78
Thailand,THA,2002,7,2002-07,27.38,203.16
Thailand,THA,2002,8,2002-08,26.61,314.83
Thailand,THA,2002,9,2002-09,26.32,342.51
Thailand,THA,2002,10,2002-10,26.25,150.76
Thailand,THA,2002,11,2002-11,25.29,82.8
Thailand,THA,2002,12,2002-12,24.86,49.14
Thailand,THA,2003,1,2003-01,23.08,15.97
Thailand,THA,2003,2,2003-02,25.53,23.72
Thailand,THA,2003,3,2003-03,26.74,91.1
Thailand,THA,2003,4,2003-04,29.06,60.59
Thailand,THA,2003,5,2003-05,28.59,177.43
Thailand,THA,2003,6,2003-06,27.57,197.33
Thailand,THA,2003,7,2003-07,27.33,218.36
Thailand,THA,2003,8,2003-08,27.2,232.9
Thailand,THA,2003,9,2003-09,26.56,299.93
Thailand,THA,2003,10,2003-10,26.39,134.59
Thailand,THA,2003,11,2003-11,25.47,25.36
Thailand,THA,2003,12,2003-12,22.71,18.04
Thailand,THA,2004,1,2004-01,23.79,21.02
Thailand,THA,2004,2,2004-02,24.42,28.03
Thailand,THA,2004,3,2004-03,27.98,28.22
Thailand,THA,2004,4,2004-04,29.21,76.25
Thailand,THA,2004,5,2004-05,27.89,224.59
Thailand,THA,2004,6,2004-06,27.26,255.39
Thailand,THA,2004,7,2004-07,26.98,230.42
Thailand,THA,2004,8,2004-08,27.09,216.17
Thailand,THA,2004,9,2004-09,26.61,223.35
Thailand,THA,2004,10,2004-10,26.06,64.37
Thailand,THA,2004,11,2004-11,25.5,27.15
Thailand,THA,2004,12,2004-12,22.62,9.16
Thailand,THA,2005,1,2005-01,23.74,7.63
Thailand,THA,2005,2,2005-02,26.93,5.49
Thailand,THA,2005,3,2005-03,27.25,39.6
Thailand,THA,2005,4,2005-04,28.87,82.07
Thailand,THA,2005,5,2005-05,28.75,167.1
Thailand,THA,2005,6,2005-06,27.87,205.28
Thailand,THA,2005,7,2005-07,27.34,254.65
Thailand,THA,2005,8,2005-08,27.01,243.7
Thailand,THA,2005,9,2005-09,26.71,302.47
Thailand,THA,2005,10,2005-10,26.45,134.78
Thailand,THA,2005,11,2005-11,25.37,95.33
Thailand,THA,2005,12,2005-12,23.05,81.38
Thailand,THA,2006,1,2006-01,23.76,11.54
Thailand,THA,2006,2,2006-02,25.94,31.32
Thailand,THA,2006,3,2006-03,27.87,68.79
Thailand,THA,2006,4,2006-04,28.24,119.73
Thailand,THA,2006,5,2006-05,27.34,231.42
Thailand,THA,2006,6,2006-06,27.83,199.75
Thailand,THA,2006,7,2006-07,27.15,248.05
Thailand,THA,2006,8,2006-08,26.86,292.99
Thailand,THA,2006,9,2006-09,26.77,265.93
Thailand,THA,2006,10,2006-10,26.47,194.47
Thailand,THA,2006,11,2006-11,26.02,24.35
Thailand,THA,2006,12,2006-12,23.44,13.02
Thailand,THA,2007,1,2007-01,23.4,18.9
Thailand,THA,2007,2,2007-02,25.45,11.4
Thailand,THA,2007,3,2007-03,28.03,39.52
Thailand,THA,2007,4,2007-04,28.63,106.52
Thailand,THA,2007,5,2007-05,27.4,279.53
Thailand,THA,2007,6,2007-06,28.17,204.15
Thailand,THA,2007,7,2007-07,27.41,215.74
Thailand,THA,2007,8,2007-08,27.11,302.72
Thailand,THA,2007,9,2007-09,26.9,251.6
Thailand,THA,2007,10,2007-10,25.87,249.3
Thailand,THA,2007,11,2007-11,23.77,65.94
Thailand,THA,2007,12,2007-12,24.34,16.08
Thailand,THA,2008,1,2008-01,23.71,20.66
Thailand,THA,2008,2,2008-02,24.06,31.2
Thailand,THA,2008,3,2008-03,26.95,47.68
Thailand,THA,2008,4,2008-04,28.2,150.22
Thailand,THA,2008,5,2008-05,27.06,232.85
Thailand,THA,2008,6,2008-06,27.26,212.29
Thailand,THA,2008,7,2008-07,26.93,229.31
Thailand,THA,2008,8,2008-08,26.89,248.31
Thailand,THA,2008,9,2008-09,26.56,293.42
Thailand,THA,2008,10,2008-10,26.54,197.47
Thailand,THA,2008,11,2008-11,24.24,100.65
Thailand,THA,2008,12,2008-12,22.24,28.65
Thailand,THA,2009,1,2009-01,21.78,9.52
Thailand,THA,2009,2,2009-02,26.19,12.13
Thailand,THA,2009,3,2009-03,27.12,89.35
Thailand,THA,2009,4,2009-04,28.34,116.16
Thailand,THA,2009,5,2009-05,27.57,245.22
Thailand,THA,2009,6,2009-06,27.46,191.73
Thailand,THA,2009,7,2009-07,27.01,243.24
Thailand,THA,2009,8,2009-08,27.31,227.34
Thailand,THA,2009,9,2009-09,26.98,293.64
Thailand,THA,2009,10,2009-10,26.7,150.07
Thailand,THA,2009,11,2009-11,24.79,40.7
Thailand,THA,2009,12,2009-12,23.86,13.82
Thailand,THA,2010,1,2010-01,24.61,53.84
Thailand,THA,2010,2,2010-02,26.53,13.75
Thailand,THA,2010,3,2010-03,27.88,19.95
Thailand,THA,2010,4,2010-04,29.98,58.95
Thailand,THA,2010,5,2010-05,29.72,125.98
Thailand,THA,2010,6,2010-06,28.63,192.77
Thailand,THA,2010,7,2010-07,27.65,231
Thailand,THA,2010,8,2010-08,26.78,323.27
Thailand,THA,2010,9,2010-09,26.96,252.9
Thailand,THA,2010,10,2010-10,25.95,261.94
Thailand,THA,2010,11,2010-11,24.71,73.94
Thailand,THA,2010,12,2010-12,23.86,63.7
Thailand,THA,2011,1,2011-01,22.63,25.23
Thailand,THA,2011,2,2011-02,25.23,26.71
Thailand,THA,2011,3,2011-03,24.87,160.65
Thailand,THA,2011,4,2011-04,27.4,132.25
Thailand,THA,2011,5,2011-05,27.52,229.24
Thailand,THA,2011,6,2011-06,27.38,220.89
Thailand,THA,2011,7,2011-07,27.02,270.89
Thailand,THA,2011,8,2011-08,26.67,290.09
Thailand,THA,2011,9,2011-09,26.5,352.13
Thailand,THA,2011,10,2011-10,25.97,169.45
Thailand,THA,2011,11,2011-11,25.17,34.14
Thailand,THA,2011,12,2011-12,22.72,29.87
Thailand,THA,2012,1,2012-01,24.17,60.69
Thailand,THA,2012,2,2012-02,25.89,30.1
Thailand,THA,2012,3,2012-03,27.27,62.67
Thailand,THA,2012,4,2012-04,28.4,94.51
Thailand,THA,2012,5,2012-05,27.91,221.21
Thailand,THA,2012,6,2012-06,27.5,167.09
Thailand,THA,2012,7,2012-07,26.92,219.89
Thailand,THA,2012,8,2012-08,26.81,234.8
Thailand,THA,2012,9,2012-09,26.71,295.26
Thailand,THA,2012,10,2012-10,26.7,113.01
Thailand,THA,2012,11,2012-11,26.56,95.53
Thailand,THA,2012,12,2012-12,25.08,35.52
Thailand,THA,2013,1,2013-01,23.9,28.03
Thailand,THA,2013,2,2013-02,26.53,26.02
Thailand,THA,2013,3,2013-03,27.82,32.68
Thailand,THA,2013,4,2013-04,29.19,89.93
Thailand,THA,2013,5,2013-05,28.67,151.08
Thailand,THA,2013,6,2013-06,27.62,215.42
Thailand,THA,2013,7,2013-07,26.88,283.63
Thailand,THA,2013,8,2013-08,26.81,231.78
Thailand,THA,2013,9,2013-09,26.5,343.69
Thailand,THA,2013,10,2013-10,25.9,165.52
Thailand,THA,2013,11,2013-11,25.56,83.71
Thailand,THA,2013,12,2013-12,21.11,35.05
Thailand,THA,2014,1,2014-01,21.57,4.31
Thailand,THA,2014,2,2014-02,25.02,5.78
Thailand,THA,2014,3,2014-03,27.85,22.84
Thailand,THA,2014,4,2014-04,28.71,99.77
Thailand,THA,2014,5,2014-05,28.82,146.1
Thailand,THA,2014,6,2014-06,28.06,205.91
Thailand,THA,2014,7,2014-07,27.35,259.87
Thailand,THA,2014,8,2014-08,26.92,266.02
Thailand,THA,2014,9,2014-09,26.95,222.57
Thailand,THA,2014,10,2014-10,26.36,147.19
Thailand,THA,2014,11,2014-11,25.83,76.11
Thailand,THA,2014,12,2014-12,23.56,37.68
Thailand,THA,2015,1,2015-01,22.53,30.36
Thailand,THA,2015,2,2015-02,24.89,18.18
Thailand,THA,2015,3,2015-03,27.89,40.82
Thailand,THA,2015,4,2015-04,28.56,78.97
Thailand,THA,2015,5,2015-05,29.27,117
Thailand,THA,2015,6,2015-06,28.59,169.54
Thailand,THA,2015,7,2015-07,27.59,279.16
Thailand,THA,2015,8,2015-08,27.36,238.3
Thailand,THA,2015,9,2015-09,27.22,241.58
Thailand,THA,2015,10,2015-10,26.48,162.87
Thailand,THA,2015,11,2015-11,26.5,73.46
Thailand,THA,2015,12,2015-12,24.89,35
Thailand,THA,2016,1,2016-01,23.87,38.4
Thailand,THA,2016,2,2016-02,24.26,10.9
Thailand,THA,2016,3,2016-03,28.32,10.6
Thailand,THA,2016,4,2016-04,30.92,20.34
Thailand,THA,2016,5,2016-05,29.66,159.73
Thailand,THA,2016,6,2016-06,27.95,226.27
Thailand,THA,2016,7,2016-07,27.21,239.8
Thailand,THA,2016,8,2016-08,27.4,254.33
Thailand,THA,2016,9,2016-09,26.95,282.9
Thailand,THA,2016,10,2016-10,26.86,194.48
Thailand,THA,2016,11,2016-11,25.97,95.23
Thailand,THA,2016,12,2016-12,24.16,68.43
Thailand,THA,2017,1,2017-01,24.52,82.57
Thailand,THA,2017,2,2017-02,24.99,14.18
Thailand,THA,2017,3,2017-03,27.54,70.05
Thailand,THA,2017,4,2017-04,28.34,104.33
Thailand,THA,2017,5,2017-05,28,264.1
Thailand,THA,2017,6,2017-06,27.81,194.63
Thailand,THA,2017,7,2017-07,26.88,320.42
Thailand,THA,2017,8,2017-08,27.33,255.86
Thailand,THA,2017,9,2017-09,27.4,233.32
Thailand,THA,2017,10,2017-10,26.51,212.72
Thailand,THA,2017,11,2017-11,25.52,102.56
Thailand,THA,2017,12,2017-12,23.31,47.01
Thailand,THA,2018,1,2018-01,24.18,47.37
Thailand,THA,2018,2,2018-02,24.65,27.94
Thailand,THA,2018,3,2018-03,26.95,44.71
Thailand,THA,2018,4,2018-04,27.64,122.42
Thailand,THA,2018,5,2018-05,27.74,202.93
Thailand,THA,2018,6,2018-06,27.55,230.08
Thailand,THA,2018,7,2018-07,27.08,315.68
Thailand,THA,2018,8,2018-08,26.78,288.19
Thailand,THA,2018,9,2018-09,27.13,215.56
Thailand,THA,2018,10,2018-10,26.84,135.33
Thailand,THA,2018,11,2018-11,25.89,63.11
Thailand,THA,2018,12,2018-12,25.12,56.97
Thailand,THA,2019,1,2019-01,24.6,41.04
Thailand,THA,2019,2,2019-02,26.79,15.62
Thailand,THA,2019,3,2019-03,28.33,25.07
Thailand,THA,2019,4,2019-04,30.08,50.28
Thailand,THA,2019,5,2019-05,29.16,170.35
Thailand,THA,2019,6,2019-06,28.52,172.45
Thailand,THA,2019,7,2019-07,27.9,179.74
Thailand,THA,2019,8,2019-08,27.03,385.81
Thailand,THA,2019,9,2019-09,26.92,221.75
Thailand,THA,2019,10,2019-10,27.07,105.09
Thailand,THA,2019,11,2019-11,25.58,45.89
Thailand,THA,2019,12,2019-12,23.36,13.67
Thailand,THA,2020,1,2020-01,25.15,6.74
Thailand,THA,2020,2,2020-02,25.86,8.53
Thailand,THA,2020,3,2020-03,28.62,25.13
Thailand,THA,2020,4,2020-04,29.12,72.52
Thailand,THA,2020,5,2020-05,29.74,114.56
Thailand,THA,2020,6,2020-06,28.25,192.95
Thailand,THA,2020,7,2020-07,28.1,182.94
Thailand,THA,2020,8,2020-08,27.26,261.84
Thailand,THA,2020,9,2020-09,27.39,281.56
Thailand,THA,2020,10,2020-10,25.58,271.68
Thailand,THA,2020,11,2020-11,25.57,52.7
Thailand,THA,2020,12,2020-12,23.53,35.53
Thailand,THA,2021,1,2021-01,22.64,9.41
Thailand,THA,2021,2,2021-02,25.12,14.41
Thailand,THA,2021,3,2021-03,28.18,29.34
Thailand,THA,2021,4,2021-04,27.73,194
Thailand,THA,2021,5,2021-05,28.78,139.18
Thailand,THA,2021,6,2021-06,28.09,178.49
Thailand,THA,2021,7,2021-07,27.51,267.37
Thailand,THA,2021,8,2021-08,27.57,218.26
Thailand,THA,2021,9,2021-09,26.68,337.55
Thailand,THA,2021,10,2021-10,26.46,226.41
Thailand,THA,2021,11,2021-11,25.73,100.47
Thailand,THA,2021,12,2021-12,23.22,20.38
Thailand,THA,2022,1,2022-01,24.37,15.48
Thailand,THA,2022,2,2022-02,24.85,82.63
Thailand,THA,2022,3,2022-03,27.83,95
Thailand,THA,2022,4,2022-04,27.8,85.75
Thailand,THA,2022,5,2022-05,27.27,250.62
Thailand,THA,2022,6,2022-06,27.97,145.86
Thailand,THA,2022,7,2022-07,27.57,262.79
Thailand,THA,2022,8,2022-08,27.08,267.83
Thailand,THA,2022,9,2022-09,26.62,326.86
Thailand,THA,2022,10,2022-10,25.89,172.51
Thailand,THA,2022,11,2022-11,25.92,99.08
Thailand,THA,2022,12,2022-12,23.4,53.92
Thailand,THA,2023,1,2023-01,22.94,26.88
Thailand,THA,2023,2,2023-02,25.52,21.81
Thailand,THA,2023,3,2023-03,27.47,13.44
Thailand,THA,2023,4,2023-04,30.17,40.01
Thailand,THA,2023,5,2023-05,29.53,130.26
Thailand,THA,2023,6,2023-06,28.32,178.55
Thailand,THA,2023,7,2023-07,28.08,228.86
Thailand,THA,2023,8,2023-08,27.69,193.64
Thailand,THA,2023,9,2023-09,27.05,374.47
Thailand,THA,2023,10,2023-10,26.98,213.52
Thailand,THA,2023,11,2023-11,25.84,76.58
Thailand,THA,2023,12,2023-12,25.05,28.41
Thailand,THA,2024,1,2024-01,24.91,21
Thailand,THA,2024,2,2024-02,26.91,7.7
Thailand,THA,2024,3,2024-03,28.63,44.6
Thailand,THA,2024,4,2024-04,31.46,13.99
Thailand,THA,2024,5,2024-05,29.44,201.52
Thailand,THA,2024,6,2024-06,28.46,209.06
Thailand,THA,2024,7,2024-07,27.4,287.45
Thailand,THA,2024,8,2024-08,27.62,218.38
Thailand,THA,2024,9,2024-09,27.18,277.36
Thailand,THA,2024,10,2024-10,27.01,155.67
Thailand,THA,2024,11,2024-11,25.77,78.82
Thailand,THA,2024,12,2024-12,24,44.1
Vietnam,VNM,1950,1,1950-01,20.07,35.58
Vietnam,VNM,1950,2,1950-02,19.97,36.29
Vietnam,VNM,1950,3,1950-03,22.89,69.41
Vietnam,VNM,1950,4,1950-04,24.7,72.03
Vietnam,VNM,1950,5,1950-05,25.89,195.04
Vietnam,VNM,1950,6,1950-06,25.74,225.16
Vietnam,VNM,1950,7,1950-07,25.8,193.37
Vietnam,VNM,1950,8,1950-08,25.42,222.51
Vietnam,VNM,1950,9,1950-09,24.57,241.54
Vietnam,VNM,1950,10,1950-10,23.24,263.41
Vietnam,VNM,1950,11,1950-11,21.53,106.03
Vietnam,VNM,1950,12,1950-12,18.3,49.52
Vietnam,VNM,1951,1,1951-01,18.53,47.9
Vietnam,VNM,1951,2,1951-02,20.59,30.82
Vietnam,VNM,1951,3,1951-03,22.04,71.24
Vietnam,VNM,1951,4,1951-04,25.13,93.01
Vietnam,VNM,1951,5,1951-05,25.49,167.02
Vietnam,VNM,1951,6,1951-06,25.69,203.76
Vietnam,VNM,1951,7,1951-07,25.69,151
Vietnam,VNM,1951,8,1951-08,25.52,290.76
Vietnam,VNM,1951,9,1951-09,24.8,227.21
Vietnam,VNM,1951,10,1951-10,23.6,227.31
Vietnam,VNM,1951,11,1951-11,21.88,175.93
Vietnam,VNM,1951,12,1951-12,19.67,87.04
Vietnam,VNM,1952,1,1952-01,19.77,41.16
Vietnam,VNM,1952,2,1952-02,21.3,48.19
Vietnam,VNM,1952,3,1952-03,23.73,137.34
Vietnam,VNM,1952,4,1952-04,25.25,77.19
Vietnam,VNM,1952,5,1952-05,26.29,197.96
Vietnam,VNM,1952,6,1952-06,26.21,204.37
Vietnam,VNM,1952,7,1952-07,26.17,170.27
Vietnam,VNM,1952,8,1952-08,24.95,307.64
Vietnam,VNM,1952,9,1952-09,24.48,277.77
Vietnam,VNM,1952,10,1952-10,23.33,299.54
Vietnam,VNM,1952,11,1952-11,21.89,67.28
Vietnam,VNM,1952,12,1952-12,18.37,109.36
Vietnam,VNM,1953,1,1953-01,19.13,177.76
Vietnam,VNM,1953,2,1953-02,20.23,127.18
Vietnam,VNM,1953,3,1953-03,22.85,116.51
Vietnam,VNM,1953,4,1953-04,23.7,166.4
Vietnam,VNM,1953,5,1953-05,25.82,162.22
Vietnam,VNM,1953,6,1953-06,26.1,187.98
Vietnam,VNM,1953,7,1953-07,26.34,110.71
Vietnam,VNM,1953,8,1953-08,25.88,205.3
Vietnam,VNM,1953,9,1953-09,24.68,255.74
Vietnam,VNM,1953,10,1953-10,24.36,123.36
Vietnam,VNM,1953,11,1953-11,21.82,187.78
Vietnam,VNM,1953,12,1953-12,19.52,128.26
Vietnam,VNM,1954,1,1954-01,20.75,48.66
Vietnam,VNM,1954,2,1954-02,20.55,35.53
Vietnam,VNM,1954,3,1954-03,20.95,81.39
Vietnam,VNM,1954,4,1954-04,25.12,91.26
Vietnam,VNM,1954,5,1954-05,25.81,184.05
Vietnam,VNM,1954,6,1954-06,26.48,138.68
Vietnam,VNM,1954,7,1954-07,26.42,140.89
Vietnam,VNM,1954,8,1954-08,25.6,267.18
Vietnam,VNM,1954,9,1954-09,24.54,319.36
Vietnam,VNM,1954,10,1954-10,23,181.97
Vietnam,VNM,1954,11,1954-11,21.46,42.91
Vietnam,VNM,1954,12,1954-12,18.55,100.74
Vietnam,VNM,1955,1,1955-01,17.42,46.9
Vietnam,VNM,1955,2,1955-02,20.72,24.72
Vietnam,VNM,1955,3,1955-03,22.87,59.35
Vietnam,VNM,1955,4,1955-04,24.2,91.36
Vietnam,VNM,1955,5,1955-05,25.88,206.27
Vietnam,VNM,1955,6,1955-06,25.5,253.95
Vietnam,VNM,1955,7,1955-07,25.65,208.86
Vietnam,VNM,1955,8,1955-08,25.05,286.86
Vietnam,VNM,1955,9,1955-09,24.68,259.72
Vietnam,VNM,1955,10,1955-10,22.79,208.1
Vietnam,VNM,1955,11,1955-11,20.1,223.18
Vietnam,VNM,1955,12,1955-12,18.93,27.57
Vietnam,VNM,1956,1,1956-01,17.61,38.58
Vietnam,VNM,1956,2,1956-02,20.49,56.15
Vietnam,VNM,1956,3,1956-03,23.13,48.37
Vietnam,VNM,1956,4,1956-04,24.97,143.36
Vietnam,VNM,1956,5,1956-05,25,256.6
Vietnam,VNM,1956,6,1956-06,25.63,228.12
Vietnam,VNM,1956,7,1956-07,25.32,246.19
Vietnam,VNM,1956,8,1956-08,24.95,321.18
Vietnam,VNM,1956,9,1956-09,24.67,282.38
Vietnam,VNM,1956,10,1956-10,22.95,162.72
Vietnam,VNM,1956,11,1956-11,20.09,130.44
Vietnam,VNM,1956,12,1956-12,18.31,124.6
Vietnam,VNM,1957,1,1957-01,19.17,38.2
Vietnam,VNM,1957,2,1957-02,18.48,47.3
Vietnam,VNM,1957,3,1957-03,21.94,75.02
Vietnam,VNM,1957,4,1957-04,24.92,88.49
Vietnam,VNM,1957,5,1957-05,26.35,185.51
Vietnam,VNM,1957,6,1957-06,25.98,275.63
Vietnam,VNM,1957,7,1957-07,25.99,280.64
Vietnam,VNM,1957,8,1957-08,26,286.27
Vietnam,VNM,1957,9,1957-09,25.08,275.33
Vietnam,VNM,1957,10,1957-10,23.08,247
Vietnam,VNM,1957,11,1957-11,22.08,80.15
Vietnam,VNM,1957,12,1957-12,20.42,55.86
Vietnam,VNM,1958,1,1958-01,18.67,66.49
Vietnam,VNM,1958,2,1958-02,19.22,46.04
Vietnam,VNM,1958,3,1958-03,23.75,42.41
Vietnam,VNM,1958,4,1958-04,25.76,50.48
Vietnam,VNM,1958,5,1958-05,26.77,164.13
Vietnam,VNM,1958,6,1958-06,26.34,284.75
Vietnam,VNM,1958,7,1958-07,25.94,243.92
Vietnam,VNM,1958,8,1958-08,25.59,280.85
Vietnam,VNM,1958,9,1958-09,24.9,312.28
Vietnam,VNM,1958,10,1958-10,23.05,206.02
Vietnam,VNM,1958,11,1958-11,20.73,65.02
Vietnam,VNM,1958,12,1958-12,19.27,17.19
Vietnam,VNM,1959,1,1959-01,18.15,45.13
Vietnam,VNM,1959,2,1959-02,20.91,39.63
Vietnam,VNM,1959,3,1959-03,21.65,69.7
Vietnam,VNM,1959,4,1959-04,24.98,109.13
Vietnam,VNM,1959,5,1959-05,25.69,205.17
Vietnam,VNM,1959,6,1959-06,26.77,183.13
Vietnam,VNM,1959,7,1959-07,25.64,237.71
Vietnam,VNM,1959,8,1959-08,25.64,293.58
Vietnam,VNM,1959,9,1959-09,24.82,244.21
Vietnam,VNM,1959,10,1959-10,23.49,143.49
Vietnam,VNM,1959,11,1959-11,22.11,86.28
Vietnam,VNM,1959,12,1959-12,20.19,87.64
Vietnam,VNM,1960,1,1960-01,19.15,47.13
Vietnam,VNM,1960,2,1960-02,20.01,43.54
Vietnam,VNM,1960,3,1960-03,23.77,67.88
Vietnam,VNM,1960,4,1960-04,24.35,64.3
Vietnam,VNM,1960,5,1960-05,25.66,194.43
Vietnam,VNM,1960,6,1960-06,26.44,279.02
Vietnam,VNM,1960,7,1960-07,25.65,266.74
Vietnam,VNM,1960,8,1960-08,26.19,302.64
Vietnam,VNM,1960,9,1960-09,24.92,293.82
Vietnam,VNM,1960,10,1960-10,23.34,246.2
Vietnam,VNM,1960,11,1960-11,22.18,148.01
Vietnam,VNM,1960,12,1960-12,19.04,49.7
Vietnam,VNM,1961,1,1961-01,18.22,44.74
Vietnam,VNM,1961,2,1961-02,19.65,46.68
Vietnam,VNM,1961,3,1961-03,22.58,64.03
Vietnam,VNM,1961,4,1961-04,24.68,148.36
Vietnam,VNM,1961,5,1961-05,25.73,244.83
Vietnam,VNM,1961,6,1961-06,25.71,271.24
Vietnam,VNM,1961,7,1961-07,26.26,183.97
Vietnam,VNM,1961,8,1961-08,25.7,314.51
Vietnam,VNM,1961,9,1961-09,25.05,263.43
Vietnam,VNM,1961,10,1961-10,23.73,245.14
Vietnam,VNM,1961,11,1961-11,21.94,98.38
Vietnam,VNM,1961,12,1961-12,20.11,78.64
Vietnam,VNM,1962,1,1962-01,17.04,49.75
Vietnam,VNM,1962,2,1962-02,19.4,34.36
Vietnam,VNM,1962,3,1962-03,21.6,50.43
Vietnam,VNM,1962,4,1962-04,24.14,126.05
Vietnam,VNM,1962,5,1962-05,26.37,189.13
Vietnam,VNM,1962,6,1962-06,25.98,276.04
Vietnam,VNM,1962,7,1962-07,26.09,271
Vietnam,VNM,1962,8,1962-08,25.63,234.68
Vietnam,VNM,1962,9,1962-09,24.83,315.35
Vietnam,VNM,1962,10,1962-10,23.67,150.03
Vietnam,VNM,1962,11,1962-11,21.53,92.28
Vietnam,VNM,1962,12,1962-12,19.02,38.04
Vietnam,VNM,1963,1,1963-01,16.44,24.68
Vietnam,VNM,1963,2,1963-02,18.44,36.41
Vietnam,VNM,1963,3,1963-03,21.4,68.79
Vietnam,VNM,1963,4,1963-04,24.15,61.48
Vietnam,VNM,1963,5,1963-05,26.13,170.34
Vietnam,VNM,1963,6,1963-06,26.2,257.27
Vietnam,VNM,1963,7,1963-07,25.94,307.05
Vietnam,VNM,1963,8,1963-08,25.58,311.33
Vietnam,VNM,1963,9,1963-09,25.56,279.29
Vietnam,VNM,1963,10,1963-10,23.29,228.47
Vietnam,VNM,1963,11,1963-11,22.62,123.85
Vietnam,VNM,1963,12,1963-12,19.47,49.56
Vietnam,VNM,1964,1,1964-01,19.79,39.49
Vietnam,VNM,1964,2,1964-02,19.11,52.32
Vietnam,VNM,1964,3,1964-03,22.31,75.87
Vietnam,VNM,1964,4,1964-04,25.3,104.45
Vietnam,VNM,1964,5,1964-05,25.69,232.99
Vietnam,VNM,1964,6,1964-06,26.18,225.32
Vietnam,VNM,1964,7,1964-07,26.13,252.43
Vietnam,VNM,1964,8,1964-08,25.76,274.37
Vietnam,VNM,1964,9,1964-09,25.12,331.12
Vietnam,VNM,1964,10,1964-10,23.96,294.17
Vietnam,VNM,1964,11,1964-11,20.39,214.95
Vietnam,VNM,1964,12,1964-12,18.1,94.52
Vietnam,VNM,1965,1,1965-01,17.95,33.08
Vietnam,VNM,1965,2,1965-02,20.68,45.94
Vietnam,VNM,1965,3,1965-03,21.56,67.63
Vietnam,VNM,1965,4,1965-04,24.8,143.28
Vietnam,VNM,1965,5,1965-05,25.21,235.67
Vietnam,VNM,1965,6,1965-06,25.26,287.27
Vietnam,VNM,1965,7,1965-07,25.81,250.87
Vietnam,VNM,1965,8,1965-08,25.37,198.26
Vietnam,VNM,1965,9,1965-09,24.38,246.9
Vietnam,VNM,1965,10,1965-10,23.71,190.95
Vietnam,VNM,1965,11,1965-11,21.82,112.85
Vietnam,VNM,1965,12,1965-12,19.51,103.94
Vietnam,VNM,1966,1,1966-01,19.75,56.45
Vietnam,VNM,1966,2,1966-02,21.17,43.89
Vietnam,VNM,1966,3,1966-03,23.43,75.32
Vietnam,VNM,1966,4,1966-04,25.41,98.92
Vietnam,VNM,1966,5,1966-05,24.61,301.78
Vietnam,VNM,1966,6,1966-06,25.44,260.84
Vietnam,VNM,1966,7,1966-07,25.51,285.25
Vietnam,VNM,1966,8,1966-08,25.02,279.52
Vietnam,VNM,1966,9,1966-09,23.91,153.39
Vietnam,VNM,1966,10,1966-10,23.17,222.01
Vietnam,VNM,1966,11,1966-11,21.16,120.74
Vietnam,VNM,1966,12,1966-12,19.84,93.54
Vietnam,VNM,1967,1,1967-01,17.4,77.89
Vietnam,VNM,1967,2,1967-02,18.38,38.7
Vietnam,VNM,1967,3,1967-03,22.21,37.49
Vietnam,VNM,1967,4,1967-04,24.08,133.14
Vietnam,VNM,1967,5,1967-05,26.36,161.88
Vietnam,VNM,1967,6,1967-06,26.3,181.87
Vietnam,VNM,1967,7,1967-07,26.49,208.12
Vietnam,VNM,1967,8,1967-08,26,259.98
Vietnam,VNM,1967,9,1967-09,24.78,268.51
Vietnam,VNM,1967,10,1967-10,23.12,157.28
Vietnam,VNM,1967,11,1967-11,21.76,108.46
Vietnam,VNM,1967,12,1967-12,18,58.4
Vietnam,VNM,1968,1,1968-01,19.08,36.87
Vietnam,VNM,1968,2,1968-02,17.19,47.08
Vietnam,VNM,1968,3,1968-03,22.08,48.82
Vietnam,VNM,1968,4,1968-04,23.18,126.75
Vietnam,VNM,1968,5,1968-05,25.89,174.56
Vietnam,VNM,1968,6,1968-06,26.12,246.83
Vietnam,VNM,1968,7,1968-07,26.84,194.36
Vietnam,VNM,1968,8,1968-08,26.11,304.38
Vietnam,VNM,1968,9,1968-09,25.09,278.81
Vietnam,VNM,1968,10,1968-10,23.52,199.16
Vietnam,VNM,1968,11,1968-11,22.3,82.12
Vietnam,VNM,1968,12,1968-12,21.59,30.35
Vietnam,VNM,1969,1,1969-01,20.25,73.41
Vietnam,VNM,1969,2,1969-02,20.17,25.22
Vietnam,VNM,1969,3,1969-03,22.75,54.78
Vietnam,VNM,1969,4,1969-04,24.99,74.62
Vietnam,VNM,1969,5,1969-05,27.3,160.51
Vietnam,VNM,1969,6,1969-06,26.56,215.47
Vietnam,VNM,1969,7,1969-07,26.16,265.02
Vietnam,VNM,1969,8,1969-08,25.92,245.14
Vietnam,VNM,1969,9,1969-09,25,262.17
Vietnam,VNM,1969,10,1969-10,24.2,192.46
Vietnam,VNM,1969,11,1969-11,20.5,91.89
Vietnam,VNM,1969,12,1969-12,18.81,46.2
Vietnam,VNM,1970,1,1970-01,18.36,58.4
Vietnam,VNM,1970,2,1970-02,20.86,34.47
Vietnam,VNM,1970,3,1970-03,22.13,49.5
Vietnam,VNM,1970,4,1970-04,24.39,107.71
Vietnam,VNM,1970,5,1970-05,26.26,192.63
Vietnam,VNM,1970,6,1970-06,26.19,274.31
Vietnam,VNM,1970,7,1970-07,26.23,210.08
Vietnam,VNM,1970,8,1970-08,25.88,263.45
Vietnam,VNM,1970,9,1970-09,25.24,279.53
Vietnam,VNM,1970,10,1970-10,23.39,275.41
Vietnam,VNM,1970,11,1970-11,21.18,132.59
Vietnam,VNM,1970,12,1970-12,20.05,107.49
Vietnam,VNM,1971,1,1971-01,17.47,42.5
Vietnam,VNM,1971,2,1971-02,19.25,46
Vietnam,VNM,1971,3,1971-03,21.83,53.82
Vietnam,VNM,1971,4,1971-04,24.76,96.87
Vietnam,VNM,1971,5,1971-05,25.45,230.77
Vietnam,VNM,1971,6,1971-06,26.06,256.77
Vietnam,VNM,1971,7,1971-07,25.69,345.4
Vietnam,VNM,1971,8,1971-08,25.14,327.06
Vietnam,VNM,1971,9,1971-09,25.26,251.33
Vietnam,VNM,1971,10,1971-10,22.47,311.85
Vietnam,VNM,1971,11,1971-11,20.19,179.12
Vietnam,VNM,1971,12,1971-12,19.37,87.17
Vietnam,VNM,1972,1,1972-01,18.4,36.61
Vietnam,VNM,1972,2,1972-02,20.09,61.3
Vietnam,VNM,1972,3,1972-03,21.96,90.63
Vietnam,VNM,1972,4,1972-04,23.71,161.75
Vietnam,VNM,1972,5,1972-05,26.56,227.28
Vietnam,VNM,1972,6,1972-06,26.4,253.63
Vietnam,VNM,1972,7,1972-07,26.22,320.8
Vietnam,VNM,1972,8,1972-08,25.52,350.85
Vietnam,VNM,1972,9,1972-09,24.95,340.55
Vietnam,VNM,1972,10,1972-10,24.4,221.52
Vietnam,VNM,1972,11,1972-11,22.22,204.67
Vietnam,VNM,1972,12,1972-12,19.58,119.03
Vietnam,VNM,1973,1,1973-01,19.5,37.41
Vietnam,VNM,1973,2,1973-02,22.45,37.16
Vietnam,VNM,1973,3,1973-03,23.75,77.04
Vietnam,VNM,1973,4,1973-04,25.98,123.96
Vietnam,VNM,1973,5,1973-05,26.69,229.6
Vietnam,VNM,1973,6,1973-06,26.98,252.46
Vietnam,VNM,1973,7,1973-07,26.24,306.23
Vietnam,VNM,1973,8,1973-08,25.89,357.79
Vietnam,VNM,1973,9,1973-09,25,416.55
Vietnam,VNM,1973,10,1973-10,23.26,278.18
Vietnam,VNM,1973,11,1973-11,20.99,207.54
Vietnam,VNM,1973,12,1973-12,18.24,59.65
Vietnam,VNM,1974,1,1974-01,18.26,43.3
Vietnam,VNM,1974,2,1974-02,18.85,31.12
Vietnam,VNM,1974,3,1974-03,21.1,67.02
Vietnam,VNM,1974,4,1974-04,24.37,146.67
Vietnam,VNM,1974,5,1974-05,26.02,199.36
Vietnam,VNM,1974,6,1974-06,26.15,261.33
Vietnam,VNM,1974,7,1974-07,26.36,201
Vietnam,VNM,1974,8,1974-08,25.73,300.43
Vietnam,VNM,1974,9,1974-09,25.36,236.49
Vietnam,VNM,1974,10,1974-10,23.61,288.63
Vietnam,VNM,1974,11,1974-11,21.75,173.2
Vietnam,VNM,1974,12,1974-12,19.78,125.82
Vietnam,VNM,1975,1,1975-01,19.25,107.62
Vietnam,VNM,1975,2,1975-02,20.64,52.21
Vietnam,VNM,1975,3,1975-03,23.04,86.73
Vietnam,VNM,1975,4,1975-04,24.93,136.14
Vietnam,VNM,1975,5,1975-05,25.55,277.12
Vietnam,VNM,1975,6,1975-06,25.77,324.15
Vietnam,VNM,1975,7,1975-07,26.06,193.91
Vietnam,VNM,1975,8,1975-08,25.66,365.02
Vietnam,VNM,1975,9,1975-09,25.1,260.1
Vietnam,VNM,1975,10,1975-10,23.45,295.57
Vietnam,VNM,1975,11,1975-11,20.58,137.79
Vietnam,VNM,1975,12,1975-12,16.98,81.27
Vietnam,VNM,1976,1,1976-01,17.69,47.43
Vietnam,VNM,1976,2,1976-02,20.16,46.51
Vietnam,VNM,1976,3,1976-03,21.62,64.69
Vietnam,VNM,1976,4,1976-04,23.94,115.29
Vietnam,VNM,1976,5,1976-05,25.44,250.92
Vietnam,VNM,1976,6,1976-06,25.84,216.18
Vietnam,VNM,1976,7,1976-07,25.91,265.29
Vietnam,VNM,1976,8,1976-08,25.28,277.82
Vietnam,VNM,1976,9,1976-09,25.1,242.71
Vietnam,VNM,1976,10,1976-10,23.88,245.2
Vietnam,VNM,1976,11,1976-11,20.12,114.46
Vietnam,VNM,1976,12,1976-12,19.63,56.18
Vietnam,VNM,1977,1,1977-01,17.68,48.13
Vietnam,VNM,1977,2,1977-02,17.78,35.01
Vietnam,VNM,1977,3,1977-03,21.69,44.55
Vietnam,VNM,1977,4,1977-04,24.39,88.5
Vietnam,VNM,1977,5,1977-05,26.62,148.16
Vietnam,VNM,1977,6,1977-06,27.04,209.88
Vietnam,VNM,1977,7,1977-07,26.08,337.63
Vietnam,VNM,1977,8,1977-08,26.09,252.61
Vietnam,VNM,1977,9,1977-09,24.75,303.78
Vietnam,VNM,1977,10,1977-10,23.94,185.41
Vietnam,VNM,1977,11,1977-11,20.9,121.87
Vietnam,VNM,1977,12,1977-12,20.5,39.62
Vietnam,VNM,1978,1,1978-01,19.23,62.71
Vietnam,VNM,1978,2,1978-02,19.8,38.32
Vietnam,VNM,1978,3,1978-03,23.06,59.04
Vietnam,VNM,1978,4,1978-04,24.75,141.76
Vietnam,VNM,1978,5,1978-05,25.96,257.21
Vietnam,VNM,1978,6,1978-06,26.2,310.17
Vietnam,VNM,1978,7,1978-07,26.06,233.15
Vietnam,VNM,1978,8,1978-08,25.83,342.65
Vietnam,VNM,1978,9,1978-09,24.59,402.64
Vietnam,VNM,1978,10,1978-10,23.24,257.46
Vietnam,VNM,1978,11,1978-11,21.1,155.78
Vietnam,VNM,1978,12,1978-12,20.08,70.7
Vietnam,VNM,1979,1,1979-01,20.01,43.71
Vietnam,VNM,1979,2,1979-02,21.56,54.54
Vietnam,VNM,1979,3,1979-03,23.35,50.48
Vietnam,VNM,1979,4,1979-04,24.86,167.56
Vietnam,VNM,1979,5,1979-05,25.74,240.46
Vietnam,VNM,1979,6,1979-06,25.93,338.18
Vietnam,VNM,1979,7,1979-07,26.67,241.2
Vietnam,VNM,1979,8,1979-08,25.88,309.42
Vietnam,VNM,1979,9,1979-09,25.28,290.53
Vietnam,VNM,1979,10,1979-10,23.14,153.05
Vietnam,VNM,1979,11,1979-11,20.89,106.36
Vietnam,VNM,1979,12,1979-12,19.93,41.53
Vietnam,VNM,1980,1,1980-01,19.66,36.82
Vietnam,VNM,1980,2,1980-02,19.48,46.9
Vietnam,VNM,1980,3,1980-03,23.86,74.49
Vietnam,VNM,1980,4,1980-04,25.18,81.13
Vietnam,VNM,1980,5,1980-05,26.17,266.78
Vietnam,VNM,1980,6,1980-06,25.98,337.03
Vietnam,VNM,1980,7,1980-07,26.39,318.12
Vietnam,VNM,1980,8,1980-08,25.97,338.68
Vietnam,VNM,1980,9,1980-09,24.94,344.19
Vietnam,VNM,1980,10,1980-10,24.03,253.41
Vietnam,VNM,1980,11,1980-11,22.5,160.51
Vietnam,VNM,1980,12,1980-12,19.78,76.06
Vietnam,VNM,1981,1,1981-01,19.05,50.92
Vietnam,VNM,1981,2,1981-02,21.08,37.86
Vietnam,VNM,1981,3,1981-03,23.63,76.4
Vietnam,VNM,1981,4,1981-04,25.64,147.51
Vietnam,VNM,1981,5,1981-05,25.61,304.19
Vietnam,VNM,1981,6,1981-06,26.02,295
Vietnam,VNM,1981,7,1981-07,26.09,294.23
Vietnam,VNM,1981,8,1981-08,26.44,272.01
Vietnam,VNM,1981,9,1981-09,25.57,255.84
Vietnam,VNM,1981,10,1981-10,23.91,336.99
Vietnam,VNM,1981,11,1981-11,21.75,258.79
Vietnam,VNM,1981,12,1981-12,18.33,86.27
Vietnam,VNM,1982,1,1982-01,19.13,42.23
Vietnam,VNM,1982,2,1982-02,20.22,46.05
Vietnam,VNM,1982,3,1982-03,23.16,60.62
Vietnam,VNM,1982,4,1982-04,23.8,154.58
Vietnam,VNM,1982,5,1982-05,25.98,177.51
Vietnam,VNM,1982,6,1982-06,26.27,291.16
Vietnam,VNM,1982,7,1982-07,26.39,243.68
Vietnam,VNM,1982,8,1982-08,25.99,279.81
Vietnam,VNM,1982,9,1982-09,24.94,334.54
Vietnam,VNM,1982,10,1982-10,24.28,208.29
Vietnam,VNM,1982,11,1982-11,22.59,142.35
Vietnam,VNM,1982,12,1982-12,18.46,35.95
Vietnam,VNM,1983,1,1983-01,18.3,65.11
Vietnam,VNM,1983,2,1983-02,20.02,64.49
Vietnam,VNM,1983,3,1983-03,21.92,55.34
Vietnam,VNM,1983,4,1983-04,25.19,80.1
Vietnam,VNM,1983,5,1983-05,26.8,153.52
Vietnam,VNM,1983,6,1983-06,26.86,246.64
Vietnam,VNM,1983,7,1983-07,26.96,282.95
Vietnam,VNM,1983,8,1983-08,25.99,299.74
Vietnam,VNM,1983,9,1983-09,25.64,257.2
Vietnam,VNM,1983,10,1983-10,23.94,389.54
Vietnam,VNM,1983,11,1983-11,20.8,123.49
Vietnam,VNM,1983,12,1983-12,18.45,61.73
Vietnam,VNM,1984,1,1984-01,17.38,40.01
Vietnam,VNM,1984,2,1984-02,19.32,41.88
Vietnam,VNM,1984,3,1984-03,22.27,44.61
Vietnam,VNM,1984,4,1984-04,25.36,143.34
Vietnam,VNM,1984,5,1984-05,25.45,238.97
Vietnam,VNM,1984,6,1984-06,26.12,325.35
Vietnam,VNM,1984,7,1984-07,26.18,210.55
Vietnam,VNM,1984,8,1984-08,25.75,297.61
Vietnam,VNM,1984,9,1984-09,24.93,228.74
Vietnam,VNM,1984,10,1984-10,23.21,231.26
Vietnam,VNM,1984,11,1984-11,22.17,153.8
Vietnam,VNM,1984,12,1984-12,19.4,58.78
Vietnam,VNM,1985,1,1985-01,18.44,51.64
Vietnam,VNM,1985,2,1985-02,20.95,63.1
Vietnam,VNM,1985,3,1985-03,21.11,80.37
Vietnam,VNM,1985,4,1985-04,23.59,183
Vietnam,VNM,1985,5,1985-05,26.07,186.29
Vietnam,VNM,1985,6,1985-06,26.41,275.91
Vietnam,VNM,1985,7,1985-07,25.9,218.67
Vietnam,VNM,1985,8,1985-08,25.84,298.05
Vietnam,VNM,1985,9,1985-09,24.94,302.67
Vietnam,VNM,1985,10,1985-10,23.83,238.57
Vietnam,VNM,1985,11,1985-11,22.23,202.75
Vietnam,VNM,1985,12,1985-12,19.08,73.08
Vietnam,VNM,1986,1,1986-01,18.61,38.01
Vietnam,VNM,1986,2,1986-02,19.68,55.9
Vietnam,VNM,1986,3,1986-03,22.15,35.31
Vietnam,VNM,1986,4,1986-04,25.12,142.29
Vietnam,VNM,1986,5,1986-05,25.73,290.72
Vietnam,VNM,1986,6,1986-06,26.46,282.4
Vietnam,VNM,1986,7,1986-07,26.17,299.22
Vietnam,VNM,1986,8,1986-08,25.93,271.41
Vietnam,VNM,1986,9,1986-09,24.91,281.89
Vietnam,VNM,1986,10,1986-10,23.65,262.48
Vietnam,VNM,1986,11,1986-11,21.41,130.46
Vietnam,VNM,1986,12,1986-12,20.14,119.49
Vietnam,VNM,1987,1,1987-01,20.07,42.95
Vietnam,VNM,1987,2,1987-02,21.34,35.27
Vietnam,VNM,1987,3,1987-03,24.09,55.38
Vietnam,VNM,1987,4,1987-04,25.13,91.58
Vietnam,VNM,1987,5,1987-05,27.2,180.17
Vietnam,VNM,1987,6,1987-06,26.92,279.59
Vietnam,VNM,1987,7,1987-07,26.63,241.85
Vietnam,VNM,1987,8,1987-08,26.23,364.3
Vietnam,VNM,1987,9,1987-09,25.31,273.66
Vietnam,VNM,1987,10,1987-10,24.67,164.16
Vietnam,VNM,1987,11,1987-11,22.54,203.58
Vietnam,VNM,1987,12,1987-12,18.28,45.73
Vietnam,VNM,1988,1,1988-01,20.47,47.96
Vietnam,VNM,1988,2,1988-02,20.77,65.82
Vietnam,VNM,1988,3,1988-03,22.14,40.4
Vietnam,VNM,1988,4,1988-04,24.26,134.32
Vietnam,VNM,1988,5,1988-05,26.79,231.99
Vietnam,VNM,1988,6,1988-06,26.65,223.69
Vietnam,VNM,1988,7,1988-07,26.6,231.84
Vietnam,VNM,1988,8,1988-08,26.15,246.99
Vietnam,VNM,1988,9,1988-09,25.32,252.55
Vietnam,VNM,1988,10,1988-10,23.22,376.67
Vietnam,VNM,1988,11,1988-11,20.9,126.89
Vietnam,VNM,1988,12,1988-12,19.38,41.3
Vietnam,VNM,1989,1,1989-01,18.97,64.62
Vietnam,VNM,1989,2,1989-02,19.53,29.84
Vietnam,VNM,1989,3,1989-03,21.4,128.67
Vietnam,VNM,1989,4,1989-04,24.9,83.88
Vietnam,VNM,1989,5,1989-05,25.59,310.35
Vietnam,VNM,1989,6,1989-06,26.26,276.47
Vietnam,VNM,1989,7,1989-07,26.2,285.47
Vietnam,VNM,1989,8,1989-08,25.98,260.73
Vietnam,VNM,1989,9,1989-09,25.58,218.53
Vietnam,VNM,1989,10,1989-10,23.72,273.26
Vietnam,VNM,1989,11,1989-11,21.89,88.31
Vietnam,VNM,1989,12,1989-12,19.76,34.32
Vietnam,VNM,1990,1,1990-01,19.89,48.17
Vietnam,VNM,1990,2,1990-02,20.77,73.41
Vietnam,VNM,1990,3,1990-03,22.54,106.03
Vietnam,VNM,1990,4,1990-04,25.33,103.44
Vietnam,VNM,1990,5,1990-05,25.6,258.82
Vietnam,VNM,1990,6,1990-06,26.28,282.57
Vietnam,VNM,1990,7,1990-07,26.13,245.46
Vietnam,VNM,1990,8,1990-08,26.55,251.28
Vietnam,VNM,1990,9,1990-09,25.58,269.71
Vietnam,VNM,1990,10,1990-10,23.85,279
Vietnam,VNM,1990,11,1990-11,22.27,210.56
Vietnam,VNM,1990,12,1990-12,20.3,43.61
Vietnam,VNM,1991,1,1991-01,20.35,48.97
Vietnam,VNM,1991,2,1991-02,20.95,30.1
Vietnam,VNM,1991,3,1991-03,23.62,87.64
Vietnam,VNM,1991,4,1991-04,24.83,82.56
Vietnam,VNM,1991,5,1991-05,26.37,153.1
Vietnam,VNM,1991,6,1991-06,26.39,284.63
Vietnam,VNM,1991,7,1991-07,26.19,295.64
Vietnam,VNM,1991,8,1991-08,26.02,312.48
Vietnam,VNM,1991,9,1991-09,25.63,223.55
Vietnam,VNM,1991,10,1991-10,23.77,212.47
Vietnam,VNM,1991,11,1991-11,21.58,72.33
Vietnam,VNM,1991,12,1991-12,20.41,65.68
Vietnam,VNM,1992,1,1992-01,18.34,62.45
Vietnam,VNM,1992,2,1992-02,20.12,50.98
Vietnam,VNM,1992,3,1992-03,22.8,33.99
Vietnam,VNM,1992,4,1992-04,25.33,77.78
Vietnam,VNM,1992,5,1992-05,26.46,190.18
Vietnam,VNM,1992,6,1992-06,26.38,345.58
Vietnam,VNM,1992,7,1992-07,25.9,286.24
Vietnam,VNM,1992,8,1992-08,26.2,232.96
Vietnam,VNM,1992,9,1992-09,25.64,221.04
Vietnam,VNM,1992,10,1992-10,22.8,293.81
Vietnam,VNM,1992,11,1992-11,20.65,70.92
Vietnam,VNM,1992,12,1992-12,20.46,66.14
Vietnam,VNM,1993,1,1993-01,18.36,46.37
Vietnam,VNM,1993,2,1993-02,20.29,33.59
Vietnam,VNM,1993,3,1993-03,22.4,66.89
Vietnam,VNM,1993,4,1993-04,25,98.11
Vietnam,VNM,1993,5,1993-05,26.13,234.37
Vietnam,VNM,1993,6,1993-06,26.96,243.41
Vietnam,VNM,1993,7,1993-07,26.69,222.74
Vietnam,VNM,1993,8,1993-08,26.04,286.37
Vietnam,VNM,1993,9,1993-09,25.22,272.05
Vietnam,VNM,1993,10,1993-10,23.21,234.96
Vietnam,VNM,1993,11,1993-11,22.05,116.4
Vietnam,VNM,1993,12,1993-12,18.99,98.91
Vietnam,VNM,1994,1,1994-01,19.84,28.02
Vietnam,VNM,1994,2,1994-02,21.66,41.17
Vietnam,VNM,1994,3,1994-03,21.58,99.48
Vietnam,VNM,1994,4,1994-04,25.69,89.86
Vietnam,VNM,1994,5,1994-05,26.22,271.47
Vietnam,VNM,1994,6,1994-06,26.08,290.48
Vietnam,VNM,1994,7,1994-07,25.99,346.54
Vietnam,VNM,1994,8,1994-08,25.91,268.71
Vietnam,VNM,1994,9,1994-09,25.04,316.7
Vietnam,VNM,1994,10,1994-10,23.17,166.29
Vietnam,VNM,1994,11,1994-11,22.42,68.69
Vietnam,VNM,1994,12,1994-12,20.78,99.27
Vietnam,VNM,1995,1,1995-01,18.99,53.19
Vietnam,VNM,1995,2,1995-02,19.53,33.94
Vietnam,VNM,1995,3,1995-03,22.42,51.27
Vietnam,VNM,1995,4,1995-04,25.53,70.02
Vietnam,VNM,1995,5,1995-05,26.27,185.46
Vietnam,VNM,1995,6,1995-06,26.99,263.61
Vietnam,VNM,1995,7,1995-07,26.23,276.4
Vietnam,VNM,1995,8,1995-08,25.92,357.7
Vietnam,VNM,1995,9,1995-09,25.22,256.57
Vietnam,VNM,1995,10,1995-10,24.47,246.59
Vietnam,VNM,1995,11,1995-11,21.31,150.62
Vietnam,VNM,1995,12,1995-12,18.97,73.28
Vietnam,VNM,1996,1,1996-01,18.94,45.9
Vietnam,VNM,1996,2,1996-02,18.9,45.27
Vietnam,VNM,1996,3,1996-03,22.94,66.52
Vietnam,VNM,1996,4,1996-04,23.27,117.9
Vietnam,VNM,1996,5,1996-05,25.74,253.93
Vietnam,VNM,1996,6,1996-06,26.4,197.64
Vietnam,VNM,1996,7,1996-07,26.3,257
Vietnam,VNM,1996,8,1996-08,26.04,319.07
Vietnam,VNM,1996,9,1996-09,25.2,359.76
Vietnam,VNM,1996,10,1996-10,24.13,215.97
Vietnam,VNM,1996,11,1996-11,22.44,274.99
Vietnam,VNM,1996,12,1996-12,19.27,107.72
Vietnam,VNM,1997,1,1997-01,19.34,41.22
Vietnam,VNM,1997,2,1997-02,19.87,59.32
Vietnam,VNM,1997,3,1997-03,22.64,85.89
Vietnam,VNM,1997,4,1997-04,24.51,163.9
Vietnam,VNM,1997,5,1997-05,26.22,199.86
Vietnam,VNM,1997,6,1997-06,26.72,200.62
Vietnam,VNM,1997,7,1997-07,25.92,346.44
Vietnam,VNM,1997,8,1997-08,26.2,291.92
Vietnam,VNM,1997,9,1997-09,24.63,294.29
Vietnam,VNM,1997,10,1997-10,24.51,187.95
Vietnam,VNM,1997,11,1997-11,23.04,72.98
Vietnam,VNM,1997,12,1997-12,21.16,49.55
Vietnam,VNM,1998,1,1998-01,21.02,33.11
Vietnam,VNM,1998,2,1998-02,22.01,30.01
Vietnam,VNM,1998,3,1998-03,24.01,38.61
Vietnam,VNM,1998,4,1998-04,26.26,87.99
Vietnam,VNM,1998,5,1998-05,27.13,211.61
Vietnam,VNM,1998,6,1998-06,27.38,263.04
Vietnam,VNM,1998,7,1998-07,27.15,206.74
Vietnam,VNM,1998,8,1998-08,26.68,214.85
Vietnam,VNM,1998,9,1998-09,25.46,293.01
Vietnam,VNM,1998,10,1998-10,24.26,203.58
Vietnam,VNM,1998,11,1998-11,22.3,251.31
Vietnam,VNM,1998,12,1998-12,20.39,139.6
Vietnam,VNM,1999,1,1999-01,19.71,65.39
Vietnam,VNM,1999,2,1999-02,20.98,43.65
Vietnam,VNM,1999,3,1999-03,23.52,56
Vietnam,VNM,1999,4,1999-04,24.97,203.57
Vietnam,VNM,1999,5,1999-05,25.04,259.67
Vietnam,VNM,1999,6,1999-06,26.37,227.55
Vietnam,VNM,1999,7,1999-07,26.54,218.45
Vietnam,VNM,1999,8,1999-08,25.94,250.59
Vietnam,VNM,1999,9,1999-09,25.57,175.01
Vietnam,VNM,1999,10,1999-10,24.12,267.51
Vietnam,VNM,1999,11,1999-11,22.13,217.7
Vietnam,VNM,1999,12,1999-12,18.03,157.7
Vietnam,VNM,2000,1,2000-01,20.1,58.81
Vietnam,VNM,2000,2,2000-02,19.69,58.54
Vietnam,VNM,2000,3,2000-03,22.45,57.41
Vietnam,VNM,2000,4,2000-04,25.06,154.6
Vietnam,VNM,2000,5,2000-05,25.76,254.01
Vietnam,VNM,2000,6,2000-06,25.99,229.81
Vietnam,VNM,2000,7,2000-07,26.27,243.52
Vietnam,VNM,2000,8,2000-08,26.21,254.06
Vietnam,VNM,2000,9,2000-09,25.1,222.46
Vietnam,VNM,2000,10,2000-10,23.94,302.39
Vietnam,VNM,2000,11,2000-11,21.7,134.96
Vietnam,VNM,2000,12,2000-12,20.64,118.4
Vietnam,VNM,2001,1,2001-01,20.4,51.39
Vietnam,VNM,2001,2,2001-02,20.35,52.51
Vietnam,VNM,2001,3,2001-03,22.91,139.5
Vietnam,VNM,2001,4,2001-04,25.53,83.05
Vietnam,VNM,2001,5,2001-05,25.95,250.74
Vietnam,VNM,2001,6,2001-06,26.42,245.83
Vietnam,VNM,2001,7,2001-07,26.6,247.28
Vietnam,VNM,2001,8,2001-08,26.09,293.6
Vietnam,VNM,2001,9,2001-09,25.8,197.11
Vietnam,VNM,2001,10,2001-10,24.47,246.44
Vietnam,VNM,2001,11,2001-11,21.09,94.99
Vietnam,VNM,2001,12,2001-12,19.93,84.8
Vietnam,VNM,2002,1,2002-01,19.62,39.19
Vietnam,VNM,2002,2,2002-02,21.17,27.93
Vietnam,VNM,2002,3,2002-03,23.67,50.83
Vietnam,VNM,2002,4,2002-04,26.06,69.3
Vietnam,VNM,2002,5,2002-05,26.66,237.36
Vietnam,VNM,2002,6,2002-06,26.86,266.69
Vietnam,VNM,2002,7,2002-07,26.86,240.33
Vietnam,VNM,2002,8,2002-08,25.8,302.27
Vietnam,VNM,2002,9,2002-09,25.2,262.73
Vietnam,VNM,2002,10,2002-10,24.23,170.08
Vietnam,VNM,2002,11,2002-11,22.02,161.85
Vietnam,VNM,2002,12,2002-12,20.87,104.99
Vietnam,VNM,2003,1,2003-01,19.08,43.53
Vietnam,VNM,2003,2,2003-02,22.01,44.75
Vietnam,VNM,2003,3,2003-03,23.24,65.29
Vietnam,VNM,2003,4,2003-04,26.2,72.85
Vietnam,VNM,2003,5,2003-05,26.68,258.93
Vietnam,VNM,2003,6,2003-06,26.94,215.29
Vietnam,VNM,2003,7,2003-07,26.69,230.14
Vietnam,VNM,2003,8,2003-08,26.53,276.39
Vietnam,VNM,2003,9,2003-09,25.46,261.13
Vietnam,VNM,2003,10,2003-10,24.22,207.03
Vietnam,VNM,2003,11,2003-11,22.84,91.84
Vietnam,VNM,2003,12,2003-12,19.6,64.04
Vietnam,VNM,2004,1,2004-01,19.67,44.15
Vietnam,VNM,2004,2,2004-02,20.25,27.25
Vietnam,VNM,2004,3,2004-03,22.86,49.51
Vietnam,VNM,2004,4,2004-04,25.18,127.64
Vietnam,VNM,2004,5,2004-05,25.95,240.06
Vietnam,VNM,2004,6,2004-06,26.48,210.51
Vietnam,VNM,2004,7,2004-07,26.07,278.65
Vietnam,VNM,2004,8,2004-08,26.33,249.09
Vietnam,VNM,2004,9,2004-09,25.43,192.36
Vietnam,VNM,2004,10,2004-10,23.76,93.74
Vietnam,VNM,2004,11,2004-11,22.52,102.59
Vietnam,VNM,2004,12,2004-12,19.71,39.56
Vietnam,VNM,2005,1,2005-01,19.07,30.71
Vietnam,VNM,2005,2,2005-02,21.5,28.88
Vietnam,VNM,2005,3,2005-03,21.88,57.66
Vietnam,VNM,2005,4,2005-04,25.09,70.59
Vietnam,VNM,2005,5,2005-05,27.07,164.1
Vietnam,VNM,2005,6,2005-06,27.12,233.68
Vietnam,VNM,2005,7,2005-07,26.34,289.55
Vietnam,VNM,2005,8,2005-08,26.1,282.3
Vietnam,VNM,2005,9,2005-09,25.62,302
Vietnam,VNM,2005,10,2005-10,24.23,199.55
Vietnam,VNM,2005,11,2005-11,22.63,141.67
Vietnam,VNM,2005,12,2005-12,18.92,176.95
Vietnam,VNM,2006,1,2006-01,19.84,39.6
Vietnam,VNM,2006,2,2006-02,21.03,51.22
Vietnam,VNM,2006,3,2006-03,22.66,64.28
Vietnam,VNM,2006,4,2006-04,25.4,108.27
Vietnam,VNM,2006,5,2006-05,26,203.44
Vietnam,VNM,2006,6,2006-06,26.97,239.31
Vietnam,VNM,2006,7,2006-07,26.5,299.53
Vietnam,VNM,2006,8,2006-08,25.8,333.72
Vietnam,VNM,2006,9,2006-09,25.29,260.71
Vietnam,VNM,2006,10,2006-10,24.77,174.74
Vietnam,VNM,2006,11,2006-11,23.64,73.8
Vietnam,VNM,2006,12,2006-12,20.23,69.32
Vietnam,VNM,2007,1,2007-01,19.05,61.71
Vietnam,VNM,2007,2,2007-02,22.22,38.25
Vietnam,VNM,2007,3,2007-03,23.45,87.84
Vietnam,VNM,2007,4,2007-04,24.46,113.18
Vietnam,VNM,2007,5,2007-05,25.71,244.37
Vietnam,VNM,2007,6,2007-06,27.13,244.71
Vietnam,VNM,2007,7,2007-07,26.67,250.54
Vietnam,VNM,2007,8,2007-08,26.15,279.23
Vietnam,VNM,2007,9,2007-09,25.31,283.55
Vietnam,VNM,2007,10,2007-10,23.92,315.73
Vietnam,VNM,2007,11,2007-11,20.89,185.02
Vietnam,VNM,2007,12,2007-12,21.13,56.99
Vietnam,VNM,2008,1,2008-01,18.87,75.49
Vietnam,VNM,2008,2,2008-02,17.53,57.09
Vietnam,VNM,2008,3,2008-03,22.36,74.44
Vietnam,VNM,2008,4,2008-04,25.21,107.31
Vietnam,VNM,2008,5,2008-05,25.53,268.5
Vietnam,VNM,2008,6,2008-06,26.33,262.14
Vietnam,VNM,2008,7,2008-07,26.38,247.98
Vietnam,VNM,2008,8,2008-08,26.09,273.22
Vietnam,VNM,2008,9,2008-09,25.6,312.31
Vietnam,VNM,2008,10,2008-10,24.72,254.09
Vietnam,VNM,2008,11,2008-11,21.53,199.14
Vietnam,VNM,2008,12,2008-12,19.49,102.4
Vietnam,VNM,2009,1,2009-01,18,38.04
Vietnam,VNM,2009,2,2009-02,22.69,35.69
Vietnam,VNM,2009,3,2009-03,23.27,78.53
Vietnam,VNM,2009,4,2009-04,24.86,195.45
Vietnam,VNM,2009,5,2009-05,25.48,269.3
Vietnam,VNM,2009,6,2009-06,27.02,172.95
Vietnam,VNM,2009,7,2009-07,26.48,279.67
Vietnam,VNM,2009,8,2009-08,26.64,218.02
Vietnam,VNM,2009,9,2009-09,25.75,392.37
Vietnam,VNM,2009,10,2009-10,24.63,184.47
Vietnam,VNM,2009,11,2009-11,21.82,110.95
Vietnam,VNM,2009,12,2009-12,20.66,45.13
Vietnam,VNM,2010,1,2010-01,20.45,88.66
Vietnam,VNM,2010,2,2010-02,22.55,23.49
Vietnam,VNM,2010,3,2010-03,23.73,40.56
Vietnam,VNM,2010,4,2010-04,25.47,100.8
Vietnam,VNM,2010,5,2010-05,27.62,179.12
Vietnam,VNM,2010,6,2010-06,27.5,245.56
Vietnam,VNM,2010,7,2010-07,27.11,276.88
Vietnam,VNM,2010,8,2010-08,26.06,322.81
Vietnam,VNM,2010,9,2010-09,26.12,243.36
Vietnam,VNM,2010,10,2010-10,23.82,340.47
Vietnam,VNM,2010,11,2010-11,21.81,231.29
Vietnam,VNM,2010,12,2010-12,20.48,75.26
Vietnam,VNM,2011,1,2011-01,17.21,63.1
Vietnam,VNM,2011,2,2011-02,20.31,22.88
Vietnam,VNM,2011,3,2011-03,20.15,124.97
Vietnam,VNM,2011,4,2011-04,24,97.58
Vietnam,VNM,2011,5,2011-05,25.85,227.93
Vietnam,VNM,2011,6,2011-06,26.7,262.34
Vietnam,VNM,2011,7,2011-07,26.58,238.27
Vietnam,VNM,2011,8,2011-08,26.27,225.92
Vietnam,VNM,2011,9,2011-09,25.4,350.79
Vietnam,VNM,2011,10,2011-10,23.78,235.73
Vietnam,VNM,2011,11,2011-11,22.85,145.47
Vietnam,VNM,2011,12,2011-12,19.06,81.54
Vietnam,VNM,2012,1,2012-01,18.86,78.29
Vietnam,VNM,2012,2,2012-02,20.26,45.67
Vietnam,VNM,2012,3,2012-03,22.76,85.3
Vietnam,VNM,2012,4,2012-04,25.69,127.66
Vietnam,VNM,2012,5,2012-05,26.72,258.44
Vietnam,VNM,2012,6,2012-06,26.99,240.07
Vietnam,VNM,2012,7,2012-07,26.49,265.13
Vietnam,VNM,2012,8,2012-08,26.58,254.76
Vietnam,VNM,2012,9,2012-09,25.12,297.34
Vietnam,VNM,2012,10,2012-10,24.59,178.31
Vietnam,VNM,2012,11,2012-11,23.56,106.8
Vietnam,VNM,2012,12,2012-12,21.24,62.03
Vietnam,VNM,2013,1,2013-01,19.15,57.45
Vietnam,VNM,2013,2,2013-02,22.22,42.57
Vietnam,VNM,2013,3,2013-03,24.53,69.89
Vietnam,VNM,2013,4,2013-04,25.43,158.86
Vietnam,VNM,2013,5,2013-05,26.85,221
Vietnam,VNM,2013,6,2013-06,26.77,274.23
Vietnam,VNM,2013,7,2013-07,26.11,329.37
Vietnam,VNM,2013,8,2013-08,26.33,289.13
Vietnam,VNM,2013,9,2013-09,25.19,341.83
Vietnam,VNM,2013,10,2013-10,23.81,210.06
Vietnam,VNM,2013,11,2013-11,22.64,170.81
Vietnam,VNM,2013,12,2013-12,18.28,61.06
Vietnam,VNM,2014,1,2014-01,18.54,25.54
Vietnam,VNM,2014,2,2014-02,20,25.89
Vietnam,VNM,2014,3,2014-03,23.05,52.13
Vietnam,VNM,2014,4,2014-04,25.66,149.8
Vietnam,VNM,2014,5,2014-05,27.27,161.97
Vietnam,VNM,2014,6,2014-06,27.12,278.11
Vietnam,VNM,2014,7,2014-07,26.64,318.26
Vietnam,VNM,2014,8,2014-08,26.39,282.22
Vietnam,VNM,2014,9,2014-09,26.22,235.37
Vietnam,VNM,2014,10,2014-10,24.7,173.34
Vietnam,VNM,2014,11,2014-11,23.19,118.1
Vietnam,VNM,2014,12,2014-12,19.45,106.57
Vietnam,VNM,2015,1,2015-01,19.16,53.72
Vietnam,VNM,2015,2,2015-02,20.95,34.75
Vietnam,VNM,2015,3,2015-03,23.82,50.57
Vietnam,VNM,2015,4,2015-04,25.4,83.48
Vietnam,VNM,2015,5,2015-05,28.01,171.01
Vietnam,VNM,2015,6,2015-06,27.58,222.61
Vietnam,VNM,2015,7,2015-07,26.85,265.36
Vietnam,VNM,2015,8,2015-08,26.88,253.1
Vietnam,VNM,2015,9,2015-09,26.33,269.14
Vietnam,VNM,2015,10,2015-10,24.95,175.73
Vietnam,VNM,2015,11,2015-11,24.08,136.33
Vietnam,VNM,2015,12,2015-12,20.9,96.28
Vietnam,VNM,2016,1,2016-01,20.46,71.81
Vietnam,VNM,2016,2,2016-02,19.41,31.18
Vietnam,VNM,2016,3,2016-03,22.85,28.99
Vietnam,VNM,2016,4,2016-04,26.51,56.07
Vietnam,VNM,2016,5,2016-05,27.31,205.8
Vietnam,VNM,2016,6,2016-06,27.53,215.76
Vietnam,VNM,2016,7,2016-07,27.21,231.39
Vietnam,VNM,2016,8,2016-08,27.01,301.67
Vietnam,VNM,2016,9,2016-09,26.32,287.44
Vietnam,VNM,2016,10,2016-10,25.4,273.98
Vietnam,VNM,2016,11,2016-11,23.3,165.8
Vietnam,VNM,2016,12,2016-12,21.25,184.43
Vietnam,VNM,2017,1,2017-01,20.98,113.1
Vietnam,VNM,2017,2,2017-02,20.8,57.75
Vietnam,VNM,2017,3,2017-03,23.16,108.69
Vietnam,VNM,2017,4,2017-04,25.11,123.96
Vietnam,VNM,2017,5,2017-05,26.31,249.9
Vietnam,VNM,2017,6,2017-06,27.38,240.1
Vietnam,VNM,2017,7,2017-07,26.42,347.03
Vietnam,VNM,2017,8,2017-08,26.76,307.5
Vietnam,VNM,2017,9,2017-09,26.79,229.58
Vietnam,VNM,2017,10,2017-10,24.51,272.46
Vietnam,VNM,2017,11,2017-11,22.76,208.64
Vietnam,VNM,2017,12,2017-12,19.77,117.03
Vietnam,VNM,2018,1,2018-01,20.16,77.41
Vietnam,VNM,2018,2,2018-02,19.89,27.95
Vietnam,VNM,2018,3,2018-03,23.12,69.81
Vietnam,VNM,2018,4,2018-04,24.9,109.97
Vietnam,VNM,2018,5,2018-05,26.94,201.5
Vietnam,VNM,2018,6,2018-06,26.99,242.51
Vietnam,VNM,2018,7,2018-07,26.72,371.05
Vietnam,VNM,2018,8,2018-08,26.5,356.37
Vietnam,VNM,2018,9,2018-09,26.12,229.09
Vietnam,VNM,2018,10,2018-10,24.75,154.83
Vietnam,VNM,2018,11,2018-11,23.54,120.23
Vietnam,VNM,2018,12,2018-12,21.56,148.42
Vietnam,VNM,2019,1,2019-01,20.46,74.18
Vietnam,VNM,2019,2,2019-02,23.17,33.97
Vietnam,VNM,2019,3,2019-03,24.31,61.94
Vietnam,VNM,2019,4,2019-04,26.96,96.95
Vietnam,VNM,2019,5,2019-05,27.07,217.34
Vietnam,VNM,2019,6,2019-06,28.17,190.85
Vietnam,VNM,2019,7,2019-07,27.41,235.41
Vietnam,VNM,2019,8,2019-08,26.93,331.35
Vietnam,VNM,2019,9,2019-09,25.92,238.12
Vietnam,VNM,2019,10,2019-10,24.92,182.49
Vietnam,VNM,2019,11,2019-11,22.57,125.36
Vietnam,VNM,2019,12,2019-12,20.15,35.91
Vietnam,VNM,2020,1,2020-01,21.08,45.16
Vietnam,VNM,2020,2,2020-02,21.26,38.67
Vietnam,VNM,2020,3,2020-03,24.26,75.93
Vietnam,VNM,2020,4,2020-04,24.16,111.77
Vietnam,VNM,2020,5,2020-05,27.89,136.52
Vietnam,VNM,2020,6,2020-06,27.79,198.01
Vietnam,VNM,2020,7,2020-07,27.48,208.34
Vietnam,VNM,2020,8,2020-08,26.65,327.88
Vietnam,VNM,2020,9,2020-09,26.35,287.44
Vietnam,VNM,2020,10,2020-10,23.66,450.41
Vietnam,VNM,2020,11,2020-11,22.9,188.94
Vietnam,VNM,2020,12,2020-12,19.78,76.53
Vietnam,VNM,2021,1,2021-01,18.43,37.13
Vietnam,VNM,2021,2,2021-02,21,39.24
Vietnam,VNM,2021,3,2021-03,23.73,43.21
Vietnam,VNM,2021,4,2021-04,25.34,152.92
Vietnam,VNM,2021,5,2021-05,27.37,167.18
Vietnam,VNM,2021,6,2021-06,27.59,184.45
Vietnam,VNM,2021,7,2021-07,27.08,262.43
Vietnam,VNM,2021,8,2021-08,27.14,216.34
Vietnam,VNM,2021,9,2021-09,25.83,303.33
Vietnam,VNM,2021,10,2021-10,23.92,380.05
Vietnam,VNM,2021,11,2021-11,22.3,221.22
Vietnam,VNM,2021,12,2021-12,19.99,69.46
Vietnam,VNM,2022,1,2022-01,20.51,58.03
Vietnam,VNM,2022,2,2022-02,19.6,79.74
Vietnam,VNM,2022,3,2022-03,23.87,131.01
Vietnam,VNM,2022,4,2022-04,24.41,136.64
Vietnam,VNM,2022,5,2022-05,25.52,288.97
Vietnam,VNM,2022,6,2022-06,27.41,205.42
Vietnam,VNM,2022,7,2022-07,27.05,245.92
Vietnam,VNM,2022,8,2022-08,26.55,316.4
Vietnam,VNM,2022,9,2022-09,25.76,340.45
Vietnam,VNM,2022,10,2022-10,24.04,209.55
Vietnam,VNM,2022,11,2022-11,23.89,146.18
Vietnam,VNM,2022,12,2022-12,19.37,78.15
Vietnam,VNM,2023,1,2023-01,19.08,82.46
Vietnam,VNM,2023,2,2023-02,21.49,46.52
Vietnam,VNM,2023,3,2023-03,22.97,32.12
Vietnam,VNM,2023,4,2023-04,25.97,74.21
Vietnam,VNM,2023,5,2023-05,27.33,173.08
Vietnam,VNM,2023,6,2023-06,27.35,270.94
Vietnam,VNM,2023,7,2023-07,27.41,248.27
Vietnam,VNM,2023,8,2023-08,27.04,254.79
Vietnam,VNM,2023,9,2023-09,26.23,312.66
Vietnam,VNM,2023,10,2023-10,25.18,239.67
Vietnam,VNM,2023,11,2023-11,23.25,116.4
Vietnam,VNM,2023,12,2023-12,21.21,68.04
Vietnam,VNM,2024,1,2024-01,20.49,60.12
Vietnam,VNM,2024,2,2024-02,22.16,31.59
Vietnam,VNM,2024,3,2024-03,23.93,46.73
Vietnam,VNM,2024,4,2024-04,27.97,32.3
Vietnam,VNM,2024,5,2024-05,27.27,247.38
Vietnam,VNM,2024,6,2024-06,27.69,260.35
Vietnam,VNM,2024,7,2024-07,26.9,375.22
Vietnam,VNM,2024,8,2024-08,27.29,234.87
Vietnam,VNM,2024,9,2024-09,26.35,436.42
Vietnam,VNM,2024,10,2024-10,24.81,225.01
Vietnam,VNM,2024,11,2024-11,23.39,115.79
Vietnam,VNM,2024,12,2024-12,20.15,137.47
