negara,iso3,tahun,populasi_ribu,layanan,indikator,wilayah,persen
Brunei Darussalam,BRN,2000,326.4,Air minum,Minimal dasar,Total,99.56
Brunei Darussalam,BRN,2000,326.4,Air minum,Terbatas,Total,0.0
Brunei Darussalam,BRN,2000,326.4,Air minum,Tidak layak,Total,0.34
Brunei Darussalam,BRN,2000,326.4,Air minum,Air permukaan,Total,0.1
Brunei Darussalam,BRN,2000,326.4,Air minum,Perpipaan,Total,99.56
Brunei Darussalam,BRN,2001,333.3,Air minum,Minimal dasar,Total,99.58
Brunei Darussalam,BRN,2001,333.3,Air minum,Terbatas,Total,0.0
Brunei Darussalam,BRN,2001,333.3,Air minum,Tidak layak,Total,0.32
Brunei Darussalam,BRN,2001,333.3,Air minum,Air permukaan,Total,0.1
Brunei Darussalam,BRN,2001,333.3,Air minum,Perpipaan,Total,99.58
Brunei Darussalam,BRN,2002,340.1,Air minum,Minimal dasar,Total,99.61
Brunei Darussalam,BRN,2002,340.1,Air minum,Terbatas,Total,0.0
Brunei Darussalam,BRN,2002,340.1,Air minum,Tidak layak,Total,0.29
Brunei Darussalam,BRN,2002,340.1,Air minum,Air permukaan,Total,0.1
Brunei Darussalam,BRN,2002,340.1,Air minum,Perpipaan,Total,99.61
Brunei Darussalam,BRN,2003,346.6,Air minum,Minimal dasar,Total,99.63
Brunei Darussalam,BRN,2003,346.6,Air minum,Terbatas,Total,0.0
Brunei Darussalam,BRN,2003,346.6,Air minum,Tidak layak,Total,0.27
Brunei Darussalam,BRN,2003,346.6,Air minum,Air permukaan,Total,0.1
Brunei Darussalam,BRN,2003,346.6,Air minum,Perpipaan,Total,99.63
Brunei Darussalam,BRN,2004,352.9,Air minum,Minimal dasar,Total,99.65
Brunei Darussalam,BRN,2004,352.9,Air minum,Terbatas,Total,0.0
Brunei Darussalam,BRN,2004,352.9,Air minum,Tidak layak,Total,0.25
Brunei Darussalam,BRN,2004,352.9,Air minum,Air permukaan,Total,0.1
Brunei Darussalam,BRN,2004,352.9,Air minum,Perpipaan,Total,99.65
Brunei Darussalam,BRN,2005,358.9,Air minum,Minimal dasar,Total,99.67
Brunei Darussalam,BRN,2005,358.9,Air minum,Terbatas,Total,0.0
Brunei Darussalam,BRN,2005,358.9,Air minum,Tidak layak,Total,0.23
Brunei Darussalam,BRN,2005,358.9,Air minum,Air permukaan,Total,0.1
Brunei Darussalam,BRN,2005,358.9,Air minum,Perpipaan,Total,99.67
Brunei Darussalam,BRN,2006,364.7,Air minum,Minimal dasar,Total,99.7
Brunei Darussalam,BRN,2006,364.7,Air minum,Terbatas,Total,0.0
Brunei Darussalam,BRN,2006,364.7,Air minum,Tidak layak,Total,0.2
Brunei Darussalam,BRN,2006,364.7,Air minum,Air permukaan,Total,0.1
Brunei Darussalam,BRN,2006,364.7,Air minum,Perpipaan,Total,99.7
Brunei Darussalam,BRN,2007,370.9,Air minum,Minimal dasar,Total,99.72
Brunei Darussalam,BRN,2007,370.9,Air minum,Terbatas,Total,0.0
Brunei Darussalam,BRN,2007,370.9,Air minum,Tidak layak,Total,0.18
Brunei Darussalam,BRN,2007,370.9,Air minum,Air permukaan,Total,0.1
Brunei Darussalam,BRN,2007,370.9,Air minum,Perpipaan,Total,99.72
Brunei Darussalam,BRN,2008,377.8,Air minum,Minimal dasar,Total,99.74
Brunei Darussalam,BRN,2008,377.8,Air minum,Terbatas,Total,0.0
Brunei Darussalam,BRN,2008,377.8,Air minum,Tidak layak,Total,0.16
Brunei Darussalam,BRN,2008,377.8,Air minum,Air permukaan,Total,0.1
Brunei Darussalam,BRN,2008,377.8,Air minum,Perpipaan,Total,99.74
Brunei Darussalam,BRN,2009,385.0,Air minum,Minimal dasar,Total,99.76
Brunei Darussalam,BRN,2009,385.0,Air minum,Terbatas,Total,0.0
Brunei Darussalam,BRN,2009,385.0,Air minum,Tidak layak,Total,0.14
Brunei Darussalam,BRN,2009,385.0,Air minum,Air permukaan,Total,0.1
Brunei Darussalam,BRN,2009,385.0,Air minum,Perpipaan,Total,99.76
Brunei Darussalam,BRN,2010,392.3,Air minum,Minimal dasar,Total,99.79
Brunei Darussalam,BRN,2010,392.3,Air minum,Terbatas,Total,0.0
Brunei Darussalam,BRN,2010,392.3,Air minum,Tidak layak,Total,0.11
Brunei Darussalam,BRN,2010,392.3,Air minum,Air permukaan,Total,0.1
Brunei Darussalam,BRN,2010,392.3,Air minum,Perpipaan,Total,99.79
Brunei Darussalam,BRN,2011,399.4,Air minum,Minimal dasar,Total,99.81
Brunei Darussalam,BRN,2011,399.4,Air minum,Terbatas,Total,0.0
Brunei Darussalam,BRN,2011,399.4,Air minum,Tidak layak,Total,0.09
Brunei Darussalam,BRN,2011,399.4,Air minum,Air permukaan,Total,0.1
Brunei Darussalam,BRN,2011,399.4,Air minum,Perpipaan,Total,99.81
Brunei Darussalam,BRN,2012,405.6,Air minum,Minimal dasar,Total,99.83
Brunei Darussalam,BRN,2012,405.6,Air minum,Terbatas,Total,0.0
Brunei Darussalam,BRN,2012,405.6,Air minum,Tidak layak,Total,0.07
Brunei Darussalam,BRN,2012,405.6,Air minum,Air permukaan,Total,0.1
Brunei Darussalam,BRN,2012,405.6,Air minum,Perpipaan,Total,99.83
Brunei Darussalam,BRN,2013,411.2,Air minum,Minimal dasar,Total,99.85
Brunei Darussalam,BRN,2013,411.2,Air minum,Terbatas,Total,0.0
Brunei Darussalam,BRN,2013,411.2,Air minum,Tidak layak,Total,0.05
Brunei Darussalam,BRN,2013,411.2,Air minum,Air permukaan,Total,0.1
Brunei Darussalam,BRN,2013,411.2,Air minum,Perpipaan,Total,99.85
Brunei Darussalam,BRN,2014,416.8,Air minum,Minimal dasar,Total,99.88
Brunei Darussalam,BRN,2014,416.8,Air minum,Terbatas,Total,0.0
Brunei Darussalam,BRN,2014,416.8,Air minum,Tidak layak,Total,0.02
Brunei Darussalam,BRN,2014,416.8,Air minum,Air permukaan,Total,0.1
Brunei Darussalam,BRN,2014,416.8,Air minum,Perpipaan,Total,99.88
Brunei Darussalam,BRN,2015,422.2,Air minum,Minimal dasar,Total,99.9
Brunei Darussalam,BRN,2015,422.2,Air minum,Terbatas,Total,0.0
Brunei Darussalam,BRN,2015,422.2,Air minum,Tidak layak,Total,0.0
Brunei Darussalam,BRN,2015,422.2,Air minum,Air permukaan,Total,0.1
Brunei Darussalam,BRN,2015,422.2,Air minum,Perpipaan,Total,99.88
Brunei Darussalam,BRN,2016,427.6,Air minum,Minimal dasar,Total,99.9
Brunei Darussalam,BRN,2016,427.6,Air minum,Terbatas,Total,0.0
Brunei Darussalam,BRN,2016,427.6,Air minum,Tidak layak,Total,0.0
Brunei Darussalam,BRN,2016,427.6,Air minum,Air permukaan,Total,0.1
Brunei Darussalam,BRN,2016,427.6,Air minum,Perpipaan,Total,99.88
Brunei Darussalam,BRN,2017,432.8,Air minum,Minimal dasar,Total,99.9
Brunei Darussalam,BRN,2017,432.8,Air minum,Terbatas,Total,0.0
Brunei Darussalam,BRN,2017,432.8,Air minum,Tidak layak,Total,0.0
Brunei Darussalam,BRN,2017,432.8,Air minum,Air permukaan,Total,0.1
Brunei Darussalam,BRN,2017,432.8,Air minum,Perpipaan,Total,99.89
Brunei Darussalam,BRN,2018,437.8,Air minum,Minimal dasar,Total,99.9
Brunei Darussalam,BRN,2018,437.8,Air minum,Terbatas,Total,0.0
Brunei Darussalam,BRN,2018,437.8,Air minum,Tidak layak,Total,0.0
Brunei Darussalam,BRN,2018,437.8,Air minum,Air permukaan,Total,0.1
Brunei Darussalam,BRN,2018,437.8,Air minum,Perpipaan,Total,99.89
Brunei Darussalam,BRN,2019,442.7,Air minum,Minimal dasar,Total,99.9
Brunei Darussalam,BRN,2019,442.7,Air minum,Terbatas,Total,0.0
Brunei Darussalam,BRN,2019,442.7,Air minum,Tidak layak,Total,0.0
Brunei Darussalam,BRN,2019,442.7,Air minum,Air permukaan,Total,0.1
Brunei Darussalam,BRN,2019,442.7,Air minum,Perpipaan,Total,99.89
Brunei Darussalam,BRN,2020,447.4,Air minum,Minimal dasar,Total,100.0
Brunei Darussalam,BRN,2020,447.4,Air minum,Terbatas,Total,0.0
Brunei Darussalam,BRN,2020,447.4,Air minum,Tidak layak,Total,0.0
Brunei Darussalam,BRN,2020,447.4,Air minum,Air permukaan,Total,0.0
Brunei Darussalam,BRN,2020,447.4,Air minum,Perpipaan,Total,99.89
Brunei Darussalam,BRN,2021,451.7,Air minum,Minimal dasar,Total,100.0
Brunei Darussalam,BRN,2021,451.7,Air minum,Terbatas,Total,0.0
Brunei Darussalam,BRN,2021,451.7,Air minum,Tidak layak,Total,0.0
Brunei Darussalam,BRN,2021,451.7,Air minum,Air permukaan,Total,0.0
Brunei Darussalam,BRN,2021,451.7,Air minum,Perpipaan,Total,99.9
Brunei Darussalam,BRN,2022,455.4,Air minum,Minimal dasar,Total,100.0
Brunei Darussalam,BRN,2022,455.4,Air minum,Terbatas,Total,0.0
Brunei Darussalam,BRN,2022,455.4,Air minum,Tidak layak,Total,0.0
Brunei Darussalam,BRN,2022,455.4,Air minum,Air permukaan,Total,0.0
Brunei Darussalam,BRN,2022,455.4,Air minum,Perpipaan,Total,99.9
Brunei Darussalam,BRN,2023,458.9,Air minum,Minimal dasar,Total,100.0
Brunei Darussalam,BRN,2023,458.9,Air minum,Terbatas,Total,0.0
Brunei Darussalam,BRN,2023,458.9,Air minum,Tidak layak,Total,0.0
Brunei Darussalam,BRN,2023,458.9,Air minum,Air permukaan,Total,0.0
Brunei Darussalam,BRN,2023,458.9,Air minum,Perpipaan,Total,99.9
Brunei Darussalam,BRN,2024,462.7,Air minum,Minimal dasar,Total,100.0
Brunei Darussalam,BRN,2024,462.7,Air minum,Terbatas,Total,0.0
Brunei Darussalam,BRN,2024,462.7,Air minum,Tidak layak,Total,0.0
Brunei Darussalam,BRN,2024,462.7,Air minum,Air permukaan,Total,0.0
Brunei Darussalam,BRN,2024,462.7,Air minum,Perpipaan,Total,99.91
Kamboja,KHM,2000,12462.3,Air minum,Dikelola aman,Perdesaan,10.44
Kamboja,KHM,2000,12462.3,Air minum,Dikelola aman,Perkotaan,46.53
Kamboja,KHM,2000,12462.3,Air minum,Dikelola aman,Total,17.15
Kamboja,KHM,2000,12462.3,Air minum,Minimal dasar,Perdesaan,45.77
Kamboja,KHM,2000,12462.3,Air minum,Minimal dasar,Perkotaan,80.93
Kamboja,KHM,2000,12462.3,Air minum,Minimal dasar,Total,52.31
Kamboja,KHM,2000,12462.3,Air minum,Terbatas,Perdesaan,0.0
Kamboja,KHM,2000,12462.3,Air minum,Terbatas,Perkotaan,0.0
Kamboja,KHM,2000,12462.3,Air minum,Terbatas,Total,0.0
Kamboja,KHM,2000,12462.3,Air minum,Tidak layak,Perdesaan,25.99
Kamboja,KHM,2000,12462.3,Air minum,Tidak layak,Perkotaan,8.71
Kamboja,KHM,2000,12462.3,Air minum,Tidak layak,Total,22.78
Kamboja,KHM,2000,12462.3,Air minum,Air permukaan,Perdesaan,28.24
Kamboja,KHM,2000,12462.3,Air minum,Air permukaan,Perkotaan,10.36
Kamboja,KHM,2000,12462.3,Air minum,Air permukaan,Total,24.91
Kamboja,KHM,2000,12462.3,Air minum,Perpipaan,Perdesaan,0.0
Kamboja,KHM,2000,12462.3,Air minum,Perpipaan,Perkotaan,44.15
Kamboja,KHM,2000,12462.3,Air minum,Perpipaan,Total,8.2
Kamboja,KHM,2001,12658.5,Air minum,Dikelola aman,Perdesaan,10.85
Kamboja,KHM,2001,12658.5,Air minum,Dikelola aman,Perkotaan,46.99
Kamboja,KHM,2001,12658.5,Air minum,Dikelola aman,Total,17.61
Kamboja,KHM,2001,12658.5,Air minum,Minimal dasar,Perdesaan,47.6
Kamboja,KHM,2001,12658.5,Air minum,Minimal dasar,Perkotaan,81.72
Kamboja,KHM,2001,12658.5,Air minum,Minimal dasar,Total,53.98
Kamboja,KHM,2001,12658.5,Air minum,Terbatas,Perdesaan,0.0
Kamboja,KHM,2001,12658.5,Air minum,Terbatas,Perkotaan,0.0
Kamboja,KHM,2001,12658.5,Air minum,Terbatas,Total,0.0
Kamboja,KHM,2001,12658.5,Air minum,Tidak layak,Perdesaan,25.02
Kamboja,KHM,2001,12658.5,Air minum,Tidak layak,Perkotaan,8.33
Kamboja,KHM,2001,12658.5,Air minum,Tidak layak,Total,21.9
Kamboja,KHM,2001,12658.5,Air minum,Air permukaan,Perdesaan,27.38
Kamboja,KHM,2001,12658.5,Air minum,Air permukaan,Perkotaan,9.95
Kamboja,KHM,2001,12658.5,Air minum,Air permukaan,Total,24.12
Kamboja,KHM,2001,12658.5,Air minum,Perpipaan,Perdesaan,0.0
Kamboja,KHM,2001,12658.5,Air minum,Perpipaan,Perkotaan,45.48
Kamboja,KHM,2001,12658.5,Air minum,Perpipaan,Total,8.51
Kamboja,KHM,2002,12855.2,Air minum,Dikelola aman,Perdesaan,11.27
Kamboja,KHM,2002,12855.2,Air minum,Dikelola aman,Perkotaan,47.45
Kamboja,KHM,2002,12855.2,Air minum,Dikelola aman,Total,18.08
Kamboja,KHM,2002,12855.2,Air minum,Minimal dasar,Perdesaan,49.28
Kamboja,KHM,2002,12855.2,Air minum,Minimal dasar,Perkotaan,82.4
Kamboja,KHM,2002,12855.2,Air minum,Minimal dasar,Total,55.51
Kamboja,KHM,2002,12855.2,Air minum,Terbatas,Perdesaan,0.15
Kamboja,KHM,2002,12855.2,Air minum,Terbatas,Perkotaan,0.12
Kamboja,KHM,2002,12855.2,Air minum,Terbatas,Total,0.14
Kamboja,KHM,2002,12855.2,Air minum,Tidak layak,Perdesaan,24.06
Kamboja,KHM,2002,12855.2,Air minum,Tidak layak,Perkotaan,7.94
Kamboja,KHM,2002,12855.2,Air minum,Tidak layak,Total,21.02
Kamboja,KHM,2002,12855.2,Air minum,Air permukaan,Perdesaan,26.52
Kamboja,KHM,2002,12855.2,Air minum,Air permukaan,Perkotaan,9.54
Kamboja,KHM,2002,12855.2,Air minum,Air permukaan,Total,23.32
Kamboja,KHM,2002,12855.2,Air minum,Perpipaan,Perdesaan,0.0
Kamboja,KHM,2002,12855.2,Air minum,Perpipaan,Perkotaan,46.81
Kamboja,KHM,2002,12855.2,Air minum,Perpipaan,Total,8.81
Kamboja,KHM,2003,13051.0,Air minum,Dikelola aman,Perdesaan,11.68
Kamboja,KHM,2003,13051.0,Air minum,Dikelola aman,Perkotaan,47.9
Kamboja,KHM,2003,13051.0,Air minum,Dikelola aman,Total,18.54
Kamboja,KHM,2003,13051.0,Air minum,Minimal dasar,Perdesaan,50.83
Kamboja,KHM,2003,13051.0,Air minum,Minimal dasar,Perkotaan,82.99
Kamboja,KHM,2003,13051.0,Air minum,Minimal dasar,Total,56.92
Kamboja,KHM,2003,13051.0,Air minum,Terbatas,Perdesaan,0.42
Kamboja,KHM,2003,13051.0,Air minum,Terbatas,Perkotaan,0.32
Kamboja,KHM,2003,13051.0,Air minum,Terbatas,Total,0.4
Kamboja,KHM,2003,13051.0,Air minum,Tidak layak,Perdesaan,23.09
Kamboja,KHM,2003,13051.0,Air minum,Tidak layak,Perkotaan,7.55
Kamboja,KHM,2003,13051.0,Air minum,Tidak layak,Total,20.15
Kamboja,KHM,2003,13051.0,Air minum,Air permukaan,Perdesaan,25.66
Kamboja,KHM,2003,13051.0,Air minum,Air permukaan,Perkotaan,9.14
Kamboja,KHM,2003,13051.0,Air minum,Air permukaan,Total,22.53
Kamboja,KHM,2003,13051.0,Air minum,Perpipaan,Perdesaan,0.11
Kamboja,KHM,2003,13051.0,Air minum,Perpipaan,Perkotaan,48.15
Kamboja,KHM,2003,13051.0,Air minum,Perpipaan,Total,9.21
Kamboja,KHM,2004,13244.7,Air minum,Dikelola aman,Perdesaan,12.1
Kamboja,KHM,2004,13244.7,Air minum,Dikelola aman,Perkotaan,48.36
Kamboja,KHM,2004,13244.7,Air minum,Dikelola aman,Total,19.01
Kamboja,KHM,2004,13244.7,Air minum,Minimal dasar,Perdesaan,52.36
Kamboja,KHM,2004,13244.7,Air minum,Minimal dasar,Perkotaan,83.58
Kamboja,KHM,2004,13244.7,Air minum,Minimal dasar,Total,58.31
Kamboja,KHM,2004,13244.7,Air minum,Terbatas,Perdesaan,0.72
Kamboja,KHM,2004,13244.7,Air minum,Terbatas,Perkotaan,0.52
Kamboja,KHM,2004,13244.7,Air minum,Terbatas,Total,0.68
Kamboja,KHM,2004,13244.7,Air minum,Tidak layak,Perdesaan,22.13
Kamboja,KHM,2004,13244.7,Air minum,Tidak layak,Perkotaan,7.16
Kamboja,KHM,2004,13244.7,Air minum,Tidak layak,Total,19.28
Kamboja,KHM,2004,13244.7,Air minum,Air permukaan,Perdesaan,24.8
Kamboja,KHM,2004,13244.7,Air minum,Air permukaan,Perkotaan,8.73
Kamboja,KHM,2004,13244.7,Air minum,Air permukaan,Total,21.74
Kamboja,KHM,2004,13244.7,Air minum,Perpipaan,Perdesaan,1.14
Kamboja,KHM,2004,13244.7,Air minum,Perpipaan,Perkotaan,49.48
Kamboja,KHM,2004,13244.7,Air minum,Perpipaan,Total,10.35
Kamboja,KHM,2005,13439.2,Air minum,Dikelola aman,Perdesaan,12.52
Kamboja,KHM,2005,13439.2,Air minum,Dikelola aman,Perkotaan,48.82
Kamboja,KHM,2005,13439.2,Air minum,Dikelola aman,Total,19.48
Kamboja,KHM,2005,13439.2,Air minum,Minimal dasar,Perdesaan,53.87
Kamboja,KHM,2005,13439.2,Air minum,Minimal dasar,Perkotaan,84.17
Kamboja,KHM,2005,13439.2,Air minum,Minimal dasar,Total,59.68
Kamboja,KHM,2005,13439.2,Air minum,Terbatas,Perdesaan,1.03
Kamboja,KHM,2005,13439.2,Air minum,Terbatas,Perkotaan,0.73
Kamboja,KHM,2005,13439.2,Air minum,Terbatas,Total,0.97
Kamboja,KHM,2005,13439.2,Air minum,Tidak layak,Perdesaan,21.16
Kamboja,KHM,2005,13439.2,Air minum,Tidak layak,Perkotaan,6.78
Kamboja,KHM,2005,13439.2,Air minum,Tidak layak,Total,18.4
Kamboja,KHM,2005,13439.2,Air minum,Air permukaan,Perdesaan,23.94
Kamboja,KHM,2005,13439.2,Air minum,Air permukaan,Perkotaan,8.32
Kamboja,KHM,2005,13439.2,Air minum,Air permukaan,Total,20.95
Kamboja,KHM,2005,13439.2,Air minum,Perpipaan,Perdesaan,2.17
Kamboja,KHM,2005,13439.2,Air minum,Perpipaan,Perkotaan,50.81
Kamboja,KHM,2005,13439.2,Air minum,Perpipaan,Total,11.49
Kamboja,KHM,2006,13639.0,Air minum,Dikelola aman,Perdesaan,12.93
Kamboja,KHM,2006,13639.0,Air minum,Dikelola aman,Perkotaan,49.27
Kamboja,KHM,2006,13639.0,Air minum,Dikelola aman,Total,19.94
Kamboja,KHM,2006,13639.0,Air minum,Minimal dasar,Perdesaan,55.36
Kamboja,KHM,2006,13639.0,Air minum,Minimal dasar,Perkotaan,84.75
Kamboja,KHM,2006,13639.0,Air minum,Minimal dasar,Total,61.03
Kamboja,KHM,2006,13639.0,Air minum,Terbatas,Perdesaan,1.36
Kamboja,KHM,2006,13639.0,Air minum,Terbatas,Perkotaan,0.94
Kamboja,KHM,2006,13639.0,Air minum,Terbatas,Total,1.28
Kamboja,KHM,2006,13639.0,Air minum,Tidak layak,Perdesaan,20.2
Kamboja,KHM,2006,13639.0,Air minum,Tidak layak,Perkotaan,6.39
Kamboja,KHM,2006,13639.0,Air minum,Tidak layak,Total,17.53
Kamboja,KHM,2006,13639.0,Air minum,Air permukaan,Perdesaan,23.08
Kamboja,KHM,2006,13639.0,Air minum,Air permukaan,Perkotaan,7.92
Kamboja,KHM,2006,13639.0,Air minum,Air permukaan,Total,20.16
Kamboja,KHM,2006,13639.0,Air minum,Perpipaan,Perdesaan,3.19
Kamboja,KHM,2006,13639.0,Air minum,Perpipaan,Perkotaan,52.15
Kamboja,KHM,2006,13639.0,Air minum,Perpipaan,Total,12.64
Kamboja,KHM,2007,13841.8,Air minum,Dikelola aman,Perdesaan,13.35
Kamboja,KHM,2007,13841.8,Air minum,Dikelola aman,Perkotaan,49.73
Kamboja,KHM,2007,13841.8,Air minum,Dikelola aman,Total,20.41
Kamboja,KHM,2007,13841.8,Air minum,Minimal dasar,Perdesaan,56.83
Kamboja,KHM,2007,13841.8,Air minum,Minimal dasar,Perkotaan,85.33
Kamboja,KHM,2007,13841.8,Air minum,Minimal dasar,Total,62.36
Kamboja,KHM,2007,13841.8,Air minum,Terbatas,Perdesaan,1.72
Kamboja,KHM,2007,13841.8,Air minum,Terbatas,Perkotaan,1.15
Kamboja,KHM,2007,13841.8,Air minum,Terbatas,Total,1.61
Kamboja,KHM,2007,13841.8,Air minum,Tidak layak,Perdesaan,19.23
Kamboja,KHM,2007,13841.8,Air minum,Tidak layak,Perkotaan,6.0
Kamboja,KHM,2007,13841.8,Air minum,Tidak layak,Total,16.66
Kamboja,KHM,2007,13841.8,Air minum,Air permukaan,Perdesaan,22.22
Kamboja,KHM,2007,13841.8,Air minum,Air permukaan,Perkotaan,7.51
Kamboja,KHM,2007,13841.8,Air minum,Air permukaan,Total,19.37
Kamboja,KHM,2007,13841.8,Air minum,Perpipaan,Perdesaan,4.22
Kamboja,KHM,2007,13841.8,Air minum,Perpipaan,Perkotaan,53.48
Kamboja,KHM,2007,13841.8,Air minum,Perpipaan,Total,13.78
Kamboja,KHM,2008,14053.5,Air minum,Dikelola aman,Perdesaan,13.76
Kamboja,KHM,2008,14053.5,Air minum,Dikelola aman,Perkotaan,50.19
Kamboja,KHM,2008,14053.5,Air minum,Dikelola aman,Total,20.89
Kamboja,KHM,2008,14053.5,Air minum,Minimal dasar,Perdesaan,58.28
Kamboja,KHM,2008,14053.5,Air minum,Minimal dasar,Perkotaan,85.91
Kamboja,KHM,2008,14053.5,Air minum,Minimal dasar,Total,63.69
Kamboja,KHM,2008,14053.5,Air minum,Terbatas,Perdesaan,2.09
Kamboja,KHM,2008,14053.5,Air minum,Terbatas,Perkotaan,1.37
Kamboja,KHM,2008,14053.5,Air minum,Terbatas,Total,1.95
Kamboja,KHM,2008,14053.5,Air minum,Tidak layak,Perdesaan,18.26
Kamboja,KHM,2008,14053.5,Air minum,Tidak layak,Perkotaan,5.61
Kamboja,KHM,2008,14053.5,Air minum,Tidak layak,Total,15.79
Kamboja,KHM,2008,14053.5,Air minum,Air permukaan,Perdesaan,21.37
Kamboja,KHM,2008,14053.5,Air minum,Air permukaan,Perkotaan,7.1
Kamboja,KHM,2008,14053.5,Air minum,Air permukaan,Total,18.57
Kamboja,KHM,2008,14053.5,Air minum,Perpipaan,Perdesaan,5.25
Kamboja,KHM,2008,14053.5,Air minum,Perpipaan,Perkotaan,54.81
Kamboja,KHM,2008,14053.5,Air minum,Perpipaan,Total,14.95
Kamboja,KHM,2009,14276.8,Air minum,Dikelola aman,Perdesaan,14.18
Kamboja,KHM,2009,14276.8,Air minum,Dikelola aman,Perkotaan,50.64
Kamboja,KHM,2009,14276.8,Air minum,Dikelola aman,Total,21.45
Kamboja,KHM,2009,14276.8,Air minum,Minimal dasar,Perdesaan,59.71
Kamboja,KHM,2009,14276.8,Air minum,Minimal dasar,Perkotaan,86.48
Kamboja,KHM,2009,14276.8,Air minum,Minimal dasar,Total,65.05
Kamboja,KHM,2009,14276.8,Air minum,Terbatas,Perdesaan,2.48
Kamboja,KHM,2009,14276.8,Air minum,Terbatas,Perkotaan,1.6
Kamboja,KHM,2009,14276.8,Air minum,Terbatas,Total,2.3
Kamboja,KHM,2009,14276.8,Air minum,Tidak layak,Perdesaan,17.3
Kamboja,KHM,2009,14276.8,Air minum,Tidak layak,Perkotaan,5.23
Kamboja,KHM,2009,14276.8,Air minum,Tidak layak,Total,14.89
Kamboja,KHM,2009,14276.8,Air minum,Air permukaan,Perdesaan,20.51
Kamboja,KHM,2009,14276.8,Air minum,Air permukaan,Perkotaan,6.7
Kamboja,KHM,2009,14276.8,Air minum,Air permukaan,Total,17.75
Kamboja,KHM,2009,14276.8,Air minum,Perpipaan,Perdesaan,6.27
Kamboja,KHM,2009,14276.8,Air minum,Perpipaan,Perkotaan,56.15
Kamboja,KHM,2009,14276.8,Air minum,Perpipaan,Total,16.21
Kamboja,KHM,2010,14500.7,Air minum,Dikelola aman,Perdesaan,14.6
Kamboja,KHM,2010,14500.7,Air minum,Dikelola aman,Perkotaan,51.1
Kamboja,KHM,2010,14500.7,Air minum,Dikelola aman,Total,22.0
Kamboja,KHM,2010,14500.7,Air minum,Minimal dasar,Perdesaan,61.13
Kamboja,KHM,2010,14500.7,Air minum,Minimal dasar,Perkotaan,87.05
Kamboja,KHM,2010,14500.7,Air minum,Minimal dasar,Total,66.39
Kamboja,KHM,2010,14500.7,Air minum,Terbatas,Perdesaan,2.89
Kamboja,KHM,2010,14500.7,Air minum,Terbatas,Perkotaan,1.82
Kamboja,KHM,2010,14500.7,Air minum,Terbatas,Total,2.67
Kamboja,KHM,2010,14500.7,Air minum,Tidak layak,Perdesaan,16.33
Kamboja,KHM,2010,14500.7,Air minum,Tidak layak,Perkotaan,4.84
Kamboja,KHM,2010,14500.7,Air minum,Tidak layak,Total,14.0
Kamboja,KHM,2010,14500.7,Air minum,Air permukaan,Perdesaan,19.65
Kamboja,KHM,2010,14500.7,Air minum,Air permukaan,Perkotaan,6.29
Kamboja,KHM,2010,14500.7,Air minum,Air permukaan,Total,16.94
Kamboja,KHM,2010,14500.7,Air minum,Perpipaan,Perdesaan,7.3
Kamboja,KHM,2010,14500.7,Air minum,Perpipaan,Perkotaan,57.48
Kamboja,KHM,2010,14500.7,Air minum,Perpipaan,Total,17.48
Kamboja,KHM,2011,14722.6,Air minum,Dikelola aman,Perdesaan,15.01
Kamboja,KHM,2011,14722.6,Air minum,Dikelola aman,Perkotaan,51.56
Kamboja,KHM,2011,14722.6,Air minum,Dikelola aman,Total,22.56
Kamboja,KHM,2011,14722.6,Air minum,Minimal dasar,Perdesaan,62.52
Kamboja,KHM,2011,14722.6,Air minum,Minimal dasar,Perkotaan,87.61
Kamboja,KHM,2011,14722.6,Air minum,Minimal dasar,Total,67.71
Kamboja,KHM,2011,14722.6,Air minum,Terbatas,Perdesaan,3.32
Kamboja,KHM,2011,14722.6,Air minum,Terbatas,Perkotaan,2.05
Kamboja,KHM,2011,14722.6,Air minum,Terbatas,Total,3.06
Kamboja,KHM,2011,14722.6,Air minum,Tidak layak,Perdesaan,15.37
Kamboja,KHM,2011,14722.6,Air minum,Tidak layak,Perkotaan,4.45
Kamboja,KHM,2011,14722.6,Air minum,Tidak layak,Total,13.11
Kamboja,KHM,2011,14722.6,Air minum,Air permukaan,Perdesaan,18.79
Kamboja,KHM,2011,14722.6,Air minum,Air permukaan,Perkotaan,5.88
Kamboja,KHM,2011,14722.6,Air minum,Air permukaan,Total,16.12
Kamboja,KHM,2011,14722.6,Air minum,Perpipaan,Perdesaan,8.32
Kamboja,KHM,2011,14722.6,Air minum,Perpipaan,Perkotaan,58.81
Kamboja,KHM,2011,14722.6,Air minum,Perpipaan,Total,18.76
Kamboja,KHM,2012,14945.1,Air minum,Dikelola aman,Perdesaan,15.43
Kamboja,KHM,2012,14945.1,Air minum,Dikelola aman,Perkotaan,52.01
Kamboja,KHM,2012,14945.1,Air minum,Dikelola aman,Total,23.12
Kamboja,KHM,2012,14945.1,Air minum,Minimal dasar,Perdesaan,63.9
Kamboja,KHM,2012,14945.1,Air minum,Minimal dasar,Perkotaan,88.17
Kamboja,KHM,2012,14945.1,Air minum,Minimal dasar,Total,69.01
Kamboja,KHM,2012,14945.1,Air minum,Terbatas,Perdesaan,3.77
Kamboja,KHM,2012,14945.1,Air minum,Terbatas,Perkotaan,2.29
Kamboja,KHM,2012,14945.1,Air minum,Terbatas,Total,3.46
Kamboja,KHM,2012,14945.1,Air minum,Tidak layak,Perdesaan,14.4
Kamboja,KHM,2012,14945.1,Air minum,Tidak layak,Perkotaan,4.06
Kamboja,KHM,2012,14945.1,Air minum,Tidak layak,Total,12.23
Kamboja,KHM,2012,14945.1,Air minum,Air permukaan,Perdesaan,17.93
Kamboja,KHM,2012,14945.1,Air minum,Air permukaan,Perkotaan,5.48
Kamboja,KHM,2012,14945.1,Air minum,Air permukaan,Total,15.31
Kamboja,KHM,2012,14945.1,Air minum,Perpipaan,Perdesaan,9.35
Kamboja,KHM,2012,14945.1,Air minum,Perpipaan,Perkotaan,60.15
Kamboja,KHM,2012,14945.1,Air minum,Perpipaan,Total,20.04
Kamboja,KHM,2013,15170.2,Air minum,Dikelola aman,Perdesaan,15.84
Kamboja,KHM,2013,15170.2,Air minum,Dikelola aman,Perkotaan,52.47
Kamboja,KHM,2013,15170.2,Air minum,Dikelola aman,Total,23.69
Kamboja,KHM,2013,15170.2,Air minum,Minimal dasar,Perdesaan,65.26
Kamboja,KHM,2013,15170.2,Air minum,Minimal dasar,Perkotaan,88.73
Kamboja,KHM,2013,15170.2,Air minum,Minimal dasar,Total,70.28
Kamboja,KHM,2013,15170.2,Air minum,Terbatas,Perdesaan,4.24
Kamboja,KHM,2013,15170.2,Air minum,Terbatas,Perkotaan,2.52
Kamboja,KHM,2013,15170.2,Air minum,Terbatas,Total,3.87
Kamboja,KHM,2013,15170.2,Air minum,Tidak layak,Perdesaan,13.44
Kamboja,KHM,2013,15170.2,Air minum,Tidak layak,Perkotaan,3.68
Kamboja,KHM,2013,15170.2,Air minum,Tidak layak,Total,11.35
Kamboja,KHM,2013,15170.2,Air minum,Air permukaan,Perdesaan,17.07
Kamboja,KHM,2013,15170.2,Air minum,Air permukaan,Perkotaan,5.07
Kamboja,KHM,2013,15170.2,Air minum,Air permukaan,Total,14.5
Kamboja,KHM,2013,15170.2,Air minum,Perpipaan,Perdesaan,10.38
Kamboja,KHM,2013,15170.2,Air minum,Perpipaan,Perkotaan,61.48
Kamboja,KHM,2013,15170.2,Air minum,Perpipaan,Total,21.32
Kamboja,KHM,2014,15396.8,Air minum,Dikelola aman,Perdesaan,16.26
Kamboja,KHM,2014,15396.8,Air minum,Dikelola aman,Perkotaan,52.93
Kamboja,KHM,2014,15396.8,Air minum,Dikelola aman,Total,24.25
Kamboja,KHM,2014,15396.8,Air minum,Minimal dasar,Perdesaan,66.59
Kamboja,KHM,2014,15396.8,Air minum,Minimal dasar,Perkotaan,89.28
Kamboja,KHM,2014,15396.8,Air minum,Minimal dasar,Total,71.54
Kamboja,KHM,2014,15396.8,Air minum,Terbatas,Perdesaan,4.72
Kamboja,KHM,2014,15396.8,Air minum,Terbatas,Perkotaan,2.76
Kamboja,KHM,2014,15396.8,Air minum,Terbatas,Total,4.3
Kamboja,KHM,2014,15396.8,Air minum,Tidak layak,Perdesaan,12.47
Kamboja,KHM,2014,15396.8,Air minum,Tidak layak,Perkotaan,3.29
Kamboja,KHM,2014,15396.8,Air minum,Tidak layak,Total,10.47
Kamboja,KHM,2014,15396.8,Air minum,Air permukaan,Perdesaan,16.21
Kamboja,KHM,2014,15396.8,Air minum,Air permukaan,Perkotaan,4.66
Kamboja,KHM,2014,15396.8,Air minum,Air permukaan,Total,13.69
Kamboja,KHM,2014,15396.8,Air minum,Perpipaan,Perdesaan,11.4
Kamboja,KHM,2014,15396.8,Air minum,Perpipaan,Perkotaan,62.81
Kamboja,KHM,2014,15396.8,Air minum,Perpipaan,Total,22.61
Kamboja,KHM,2015,15623.3,Air minum,Dikelola aman,Perdesaan,16.68
Kamboja,KHM,2015,15623.3,Air minum,Dikelola aman,Perkotaan,53.38
Kamboja,KHM,2015,15623.3,Air minum,Dikelola aman,Total,24.82
Kamboja,KHM,2015,15623.3,Air minum,Minimal dasar,Perdesaan,67.91
Kamboja,KHM,2015,15623.3,Air minum,Minimal dasar,Perkotaan,89.83
Kamboja,KHM,2015,15623.3,Air minum,Minimal dasar,Total,72.77
Kamboja,KHM,2015,15623.3,Air minum,Terbatas,Perdesaan,5.23
Kamboja,KHM,2015,15623.3,Air minum,Terbatas,Perkotaan,3.01
Kamboja,KHM,2015,15623.3,Air minum,Terbatas,Total,4.74
Kamboja,KHM,2015,15623.3,Air minum,Tidak layak,Perdesaan,11.51
Kamboja,KHM,2015,15623.3,Air minum,Tidak layak,Perkotaan,2.9
Kamboja,KHM,2015,15623.3,Air minum,Tidak layak,Total,9.6
Kamboja,KHM,2015,15623.3,Air minum,Air permukaan,Perdesaan,15.35
Kamboja,KHM,2015,15623.3,Air minum,Air permukaan,Perkotaan,4.25
Kamboja,KHM,2015,15623.3,Air minum,Air permukaan,Total,12.89
Kamboja,KHM,2015,15623.3,Air minum,Perpipaan,Perdesaan,12.43
Kamboja,KHM,2015,15623.3,Air minum,Perpipaan,Perkotaan,64.15
Kamboja,KHM,2015,15623.3,Air minum,Perpipaan,Total,23.91
Kamboja,KHM,2016,15852.8,Air minum,Dikelola aman,Perdesaan,17.09
Kamboja,KHM,2016,15852.8,Air minum,Dikelola aman,Perkotaan,53.84
Kamboja,KHM,2016,15852.8,Air minum,Dikelola aman,Total,25.39
Kamboja,KHM,2016,15852.8,Air minum,Minimal dasar,Perdesaan,69.21
Kamboja,KHM,2016,15852.8,Air minum,Minimal dasar,Perkotaan,90.38
Kamboja,KHM,2016,15852.8,Air minum,Minimal dasar,Total,73.99
Kamboja,KHM,2016,15852.8,Air minum,Terbatas,Perdesaan,5.76
Kamboja,KHM,2016,15852.8,Air minum,Terbatas,Perkotaan,3.26
Kamboja,KHM,2016,15852.8,Air minum,Terbatas,Total,5.19
Kamboja,KHM,2016,15852.8,Air minum,Tidak layak,Perdesaan,10.54
Kamboja,KHM,2016,15852.8,Air minum,Tidak layak,Perkotaan,2.51
Kamboja,KHM,2016,15852.8,Air minum,Tidak layak,Total,8.73
Kamboja,KHM,2016,15852.8,Air minum,Air permukaan,Perdesaan,14.49
Kamboja,KHM,2016,15852.8,Air minum,Air permukaan,Perkotaan,3.85
Kamboja,KHM,2016,15852.8,Air minum,Air permukaan,Total,12.09
Kamboja,KHM,2016,15852.8,Air minum,Perpipaan,Perdesaan,13.46
Kamboja,KHM,2016,15852.8,Air minum,Perpipaan,Perkotaan,65.48
Kamboja,KHM,2016,15852.8,Air minum,Perpipaan,Total,25.21
Kamboja,KHM,2017,16073.4,Air minum,Dikelola aman,Perdesaan,17.51
Kamboja,KHM,2017,16073.4,Air minum,Dikelola aman,Perkotaan,54.3
Kamboja,KHM,2017,16073.4,Air minum,Dikelola aman,Total,25.96
Kamboja,KHM,2017,16073.4,Air minum,Minimal dasar,Perdesaan,70.49
Kamboja,KHM,2017,16073.4,Air minum,Minimal dasar,Perkotaan,90.92
Kamboja,KHM,2017,16073.4,Air minum,Minimal dasar,Total,75.18
Kamboja,KHM,2017,16073.4,Air minum,Terbatas,Perdesaan,6.3
Kamboja,KHM,2017,16073.4,Air minum,Terbatas,Perkotaan,3.51
Kamboja,KHM,2017,16073.4,Air minum,Terbatas,Total,5.66
Kamboja,KHM,2017,16073.4,Air minum,Tidak layak,Perdesaan,9.57
Kamboja,KHM,2017,16073.4,Air minum,Tidak layak,Perkotaan,2.13
Kamboja,KHM,2017,16073.4,Air minum,Tidak layak,Total,7.86
Kamboja,KHM,2017,16073.4,Air minum,Air permukaan,Perdesaan,13.63
Kamboja,KHM,2017,16073.4,Air minum,Air permukaan,Perkotaan,3.44
Kamboja,KHM,2017,16073.4,Air minum,Air permukaan,Total,11.29
Kamboja,KHM,2017,16073.4,Air minum,Perpipaan,Perdesaan,14.48
Kamboja,KHM,2017,16073.4,Air minum,Perpipaan,Perkotaan,66.82
Kamboja,KHM,2017,16073.4,Air minum,Perpipaan,Total,26.51
Kamboja,KHM,2018,16274.5,Air minum,Dikelola aman,Perdesaan,17.92
Kamboja,KHM,2018,16274.5,Air minum,Dikelola aman,Perkotaan,54.75
Kamboja,KHM,2018,16274.5,Air minum,Dikelola aman,Total,26.54
Kamboja,KHM,2018,16274.5,Air minum,Minimal dasar,Perdesaan,71.75
Kamboja,KHM,2018,16274.5,Air minum,Minimal dasar,Perkotaan,91.46
Kamboja,KHM,2018,16274.5,Air minum,Minimal dasar,Total,76.36
Kamboja,KHM,2018,16274.5,Air minum,Terbatas,Perdesaan,6.87
Kamboja,KHM,2018,16274.5,Air minum,Terbatas,Perkotaan,3.77
Kamboja,KHM,2018,16274.5,Air minum,Terbatas,Total,6.14
Kamboja,KHM,2018,16274.5,Air minum,Tidak layak,Perdesaan,8.61
Kamboja,KHM,2018,16274.5,Air minum,Tidak layak,Perkotaan,1.74
Kamboja,KHM,2018,16274.5,Air minum,Tidak layak,Total,7.0
Kamboja,KHM,2018,16274.5,Air minum,Air permukaan,Perdesaan,12.78
Kamboja,KHM,2018,16274.5,Air minum,Air permukaan,Perkotaan,3.03
Kamboja,KHM,2018,16274.5,Air minum,Air permukaan,Total,10.5
Kamboja,KHM,2018,16274.5,Air minum,Perpipaan,Perdesaan,15.51
Kamboja,KHM,2018,16274.5,Air minum,Perpipaan,Perkotaan,68.15
Kamboja,KHM,2018,16274.5,Air minum,Perpipaan,Total,27.82
Kamboja,KHM,2019,16481.3,Air minum,Dikelola aman,Perdesaan,18.34
Kamboja,KHM,2019,16481.3,Air minum,Dikelola aman,Perkotaan,55.21
Kamboja,KHM,2019,16481.3,Air minum,Dikelola aman,Total,27.12
Kamboja,KHM,2019,16481.3,Air minum,Minimal dasar,Perdesaan,72.99
Kamboja,KHM,2019,16481.3,Air minum,Minimal dasar,Perkotaan,91.99
Kamboja,KHM,2019,16481.3,Air minum,Minimal dasar,Total,77.51
Kamboja,KHM,2019,16481.3,Air minum,Terbatas,Perdesaan,7.45
Kamboja,KHM,2019,16481.3,Air minum,Terbatas,Perkotaan,4.03
Kamboja,KHM,2019,16481.3,Air minum,Terbatas,Total,6.64
Kamboja,KHM,2019,16481.3,Air minum,Tidak layak,Perdesaan,7.64
Kamboja,KHM,2019,16481.3,Air minum,Tidak layak,Perkotaan,1.35
Kamboja,KHM,2019,16481.3,Air minum,Tidak layak,Total,6.15
Kamboja,KHM,2019,16481.3,Air minum,Air permukaan,Perdesaan,11.92
Kamboja,KHM,2019,16481.3,Air minum,Air permukaan,Perkotaan,2.63
Kamboja,KHM,2019,16481.3,Air minum,Air permukaan,Total,9.71
Kamboja,KHM,2019,16481.3,Air minum,Perpipaan,Perdesaan,16.54
Kamboja,KHM,2019,16481.3,Air minum,Perpipaan,Perkotaan,69.48
Kamboja,KHM,2019,16481.3,Air minum,Perpipaan,Total,29.14
Kamboja,KHM,2020,16725.5,Air minum,Dikelola aman,Perdesaan,18.76
Kamboja,KHM,2020,16725.5,Air minum,Dikelola aman,Perkotaan,55.67
Kamboja,KHM,2020,16725.5,Air minum,Dikelola aman,Total,27.7
Kamboja,KHM,2020,16725.5,Air minum,Minimal dasar,Perdesaan,74.21
Kamboja,KHM,2020,16725.5,Air minum,Minimal dasar,Perkotaan,92.52
Kamboja,KHM,2020,16725.5,Air minum,Minimal dasar,Total,78.65
Kamboja,KHM,2020,16725.5,Air minum,Terbatas,Perdesaan,8.05
Kamboja,KHM,2020,16725.5,Air minum,Terbatas,Perkotaan,4.29
Kamboja,KHM,2020,16725.5,Air minum,Terbatas,Total,7.14
Kamboja,KHM,2020,16725.5,Air minum,Tidak layak,Perdesaan,6.68
Kamboja,KHM,2020,16725.5,Air minum,Tidak layak,Perkotaan,0.96
Kamboja,KHM,2020,16725.5,Air minum,Tidak layak,Total,5.29
Kamboja,KHM,2020,16725.5,Air minum,Air permukaan,Perdesaan,11.06
Kamboja,KHM,2020,16725.5,Air minum,Air permukaan,Perkotaan,2.22
Kamboja,KHM,2020,16725.5,Air minum,Air permukaan,Total,8.92
Kamboja,KHM,2020,16725.5,Air minum,Perpipaan,Perdesaan,17.56
Kamboja,KHM,2020,16725.5,Air minum,Perpipaan,Perkotaan,70.82
Kamboja,KHM,2020,16725.5,Air minum,Perpipaan,Total,30.47
Kamboja,KHM,2021,16974.3,Air minum,Dikelola aman,Perdesaan,19.17
Kamboja,KHM,2021,16974.3,Air minum,Dikelola aman,Perkotaan,56.13
Kamboja,KHM,2021,16974.3,Air minum,Dikelola aman,Total,28.29
Kamboja,KHM,2021,16974.3,Air minum,Minimal dasar,Perdesaan,75.41
Kamboja,KHM,2021,16974.3,Air minum,Minimal dasar,Perkotaan,93.05
Kamboja,KHM,2021,16974.3,Air minum,Minimal dasar,Total,79.76
Kamboja,KHM,2021,16974.3,Air minum,Terbatas,Perdesaan,8.67
Kamboja,KHM,2021,16974.3,Air minum,Terbatas,Perkotaan,4.56
Kamboja,KHM,2021,16974.3,Air minum,Terbatas,Total,7.66
Kamboja,KHM,2021,16974.3,Air minum,Tidak layak,Perdesaan,5.71
Kamboja,KHM,2021,16974.3,Air minum,Tidak layak,Perkotaan,0.58
Kamboja,KHM,2021,16974.3,Air minum,Tidak layak,Total,4.45
Kamboja,KHM,2021,16974.3,Air minum,Air permukaan,Perdesaan,10.2
Kamboja,KHM,2021,16974.3,Air minum,Air permukaan,Perkotaan,1.81
Kamboja,KHM,2021,16974.3,Air minum,Air permukaan,Total,8.13
Kamboja,KHM,2021,16974.3,Air minum,Perpipaan,Perdesaan,18.59
Kamboja,KHM,2021,16974.3,Air minum,Perpipaan,Perkotaan,72.15
Kamboja,KHM,2021,16974.3,Air minum,Perpipaan,Total,31.8
Kamboja,KHM,2022,17201.7,Air minum,Dikelola aman,Perdesaan,19.59
Kamboja,KHM,2022,17201.7,Air minum,Dikelola aman,Perkotaan,56.58
Kamboja,KHM,2022,17201.7,Air minum,Dikelola aman,Total,28.88
Kamboja,KHM,2022,17201.7,Air minum,Minimal dasar,Perdesaan,76.6
Kamboja,KHM,2022,17201.7,Air minum,Minimal dasar,Perkotaan,93.57
Kamboja,KHM,2022,17201.7,Air minum,Minimal dasar,Total,80.86
Kamboja,KHM,2022,17201.7,Air minum,Terbatas,Perdesaan,9.32
Kamboja,KHM,2022,17201.7,Air minum,Terbatas,Perkotaan,4.83
Kamboja,KHM,2022,17201.7,Air minum,Terbatas,Total,8.19
Kamboja,KHM,2022,17201.7,Air minum,Tidak layak,Perdesaan,4.75
Kamboja,KHM,2022,17201.7,Air minum,Tidak layak,Perkotaan,0.19
Kamboja,KHM,2022,17201.7,Air minum,Tidak layak,Total,3.6
Kamboja,KHM,2022,17201.7,Air minum,Air permukaan,Perdesaan,9.34
Kamboja,KHM,2022,17201.7,Air minum,Air permukaan,Perkotaan,1.41
Kamboja,KHM,2022,17201.7,Air minum,Air permukaan,Total,7.35
Kamboja,KHM,2022,17201.7,Air minum,Perpipaan,Perdesaan,19.62
Kamboja,KHM,2022,17201.7,Air minum,Perpipaan,Perkotaan,73.48
Kamboja,KHM,2022,17201.7,Air minum,Perpipaan,Total,33.14
Kamboja,KHM,2023,17423.9,Air minum,Dikelola aman,Perdesaan,20.0
Kamboja,KHM,2023,17423.9,Air minum,Dikelola aman,Perkotaan,56.93
Kamboja,KHM,2023,17423.9,Air minum,Dikelola aman,Total,29.45
Kamboja,KHM,2023,17423.9,Air minum,Minimal dasar,Perdesaan,77.76
Kamboja,KHM,2023,17423.9,Air minum,Minimal dasar,Perkotaan,93.91
Kamboja,KHM,2023,17423.9,Air minum,Minimal dasar,Total,81.89
Kamboja,KHM,2023,17423.9,Air minum,Terbatas,Perdesaan,9.98
Kamboja,KHM,2023,17423.9,Air minum,Terbatas,Perkotaan,5.1
Kamboja,KHM,2023,17423.9,Air minum,Terbatas,Total,8.73
Kamboja,KHM,2023,17423.9,Air minum,Tidak layak,Perdesaan,3.78
Kamboja,KHM,2023,17423.9,Air minum,Tidak layak,Perkotaan,0.0
Kamboja,KHM,2023,17423.9,Air minum,Tidak layak,Total,2.81
Kamboja,KHM,2023,17423.9,Air minum,Air permukaan,Perdesaan,8.48
Kamboja,KHM,2023,17423.9,Air minum,Air permukaan,Perkotaan,1.0
Kamboja,KHM,2023,17423.9,Air minum,Air permukaan,Total,6.57
Kamboja,KHM,2023,17423.9,Air minum,Perpipaan,Perdesaan,20.64
Kamboja,KHM,2023,17423.9,Air minum,Perpipaan,Perkotaan,74.82
Kamboja,KHM,2023,17423.9,Air minum,Perpipaan,Total,34.49
Kamboja,KHM,2024,17638.8,Air minum,Dikelola aman,Perdesaan,20.42
Kamboja,KHM,2024,17638.8,Air minum,Dikelola aman,Perkotaan,57.16
Kamboja,KHM,2024,17638.8,Air minum,Dikelola aman,Total,29.99
Kamboja,KHM,2024,17638.8,Air minum,Minimal dasar,Perdesaan,78.91
Kamboja,KHM,2024,17638.8,Air minum,Minimal dasar,Perkotaan,94.06
Kamboja,KHM,2024,17638.8,Air minum,Minimal dasar,Total,82.85
Kamboja,KHM,2024,17638.8,Air minum,Terbatas,Perdesaan,10.66
Kamboja,KHM,2024,17638.8,Air minum,Terbatas,Perkotaan,5.35
Kamboja,KHM,2024,17638.8,Air minum,Terbatas,Total,9.28
Kamboja,KHM,2024,17638.8,Air minum,Tidak layak,Perdesaan,2.82
Kamboja,KHM,2024,17638.8,Air minum,Tidak layak,Perkotaan,0.0
Kamboja,KHM,2024,17638.8,Air minum,Tidak layak,Total,2.08
Kamboja,KHM,2024,17638.8,Air minum,Air permukaan,Perdesaan,7.62
Kamboja,KHM,2024,17638.8,Air minum,Air permukaan,Perkotaan,0.59
Kamboja,KHM,2024,17638.8,Air minum,Air permukaan,Total,5.79
Kamboja,KHM,2024,17638.8,Air minum,Perpipaan,Perdesaan,21.67
Kamboja,KHM,2024,17638.8,Air minum,Perpipaan,Perkotaan,76.15
Kamboja,KHM,2024,17638.8,Air minum,Perpipaan,Total,35.85
Indonesia,IDN,2000,216077.8,Air minum,Dikelola aman,Perdesaan,17.79
Indonesia,IDN,2000,216077.8,Air minum,Dikelola aman,Perkotaan,31.42
Indonesia,IDN,2000,216077.8,Air minum,Dikelola aman,Total,23.51
Indonesia,IDN,2000,216077.8,Air minum,Minimal dasar,Perdesaan,65.64
Indonesia,IDN,2000,216077.8,Air minum,Minimal dasar,Perkotaan,89.76
Indonesia,IDN,2000,216077.8,Air minum,Minimal dasar,Total,75.78
Indonesia,IDN,2000,216077.8,Air minum,Terbatas,Perdesaan,0.0
Indonesia,IDN,2000,216077.8,Air minum,Terbatas,Perkotaan,0.0
Indonesia,IDN,2000,216077.8,Air minum,Terbatas,Total,0.0
Indonesia,IDN,2000,216077.8,Air minum,Tidak layak,Perdesaan,28.23
Indonesia,IDN,2000,216077.8,Air minum,Tidak layak,Perkotaan,9.55
Indonesia,IDN,2000,216077.8,Air minum,Tidak layak,Total,20.39
Indonesia,IDN,2000,216077.8,Air minum,Air permukaan,Perdesaan,6.13
Indonesia,IDN,2000,216077.8,Air minum,Air permukaan,Perkotaan,0.68
Indonesia,IDN,2000,216077.8,Air minum,Air permukaan,Total,3.84
Indonesia,IDN,2000,216077.8,Air minum,Perpipaan,Perdesaan,5.29
Indonesia,IDN,2000,216077.8,Air minum,Perpipaan,Perkotaan,33.32
Indonesia,IDN,2000,216077.8,Air minum,Perpipaan,Total,17.06
Indonesia,IDN,2001,219097.9,Air minum,Dikelola aman,Perdesaan,18.09
Indonesia,IDN,2001,219097.9,Air minum,Dikelola aman,Perkotaan,31.57
Indonesia,IDN,2001,219097.9,Air minum,Dikelola aman,Total,23.85
Indonesia,IDN,2001,219097.9,Air minum,Minimal dasar,Perdesaan,66.75
Indonesia,IDN,2001,219097.9,Air minum,Minimal dasar,Perkotaan,90.19
Indonesia,IDN,2001,219097.9,Air minum,Minimal dasar,Total,76.78
Indonesia,IDN,2001,219097.9,Air minum,Terbatas,Perdesaan,0.0
Indonesia,IDN,2001,219097.9,Air minum,Terbatas,Perkotaan,0.0
Indonesia,IDN,2001,219097.9,Air minum,Terbatas,Total,0.0
Indonesia,IDN,2001,219097.9,Air minum,Tidak layak,Perdesaan,27.32
Indonesia,IDN,2001,219097.9,Air minum,Tidak layak,Perkotaan,9.16
Indonesia,IDN,2001,219097.9,Air minum,Tidak layak,Total,19.55
Indonesia,IDN,2001,219097.9,Air minum,Air permukaan,Perdesaan,5.93
Indonesia,IDN,2001,219097.9,Air minum,Air permukaan,Perkotaan,0.65
Indonesia,IDN,2001,219097.9,Air minum,Air permukaan,Total,3.67
Indonesia,IDN,2001,219097.9,Air minum,Perpipaan,Perdesaan,5.61
Indonesia,IDN,2001,219097.9,Air minum,Perpipaan,Perkotaan,33.09
Indonesia,IDN,2001,219097.9,Air minum,Perpipaan,Total,17.37
Indonesia,IDN,2002,222088.5,Air minum,Dikelola aman,Perdesaan,18.39
Indonesia,IDN,2002,222088.5,Air minum,Dikelola aman,Perkotaan,31.71
Indonesia,IDN,2002,222088.5,Air minum,Dikelola aman,Total,24.19
Indonesia,IDN,2002,222088.5,Air minum,Minimal dasar,Perdesaan,67.85
Indonesia,IDN,2002,222088.5,Air minum,Minimal dasar,Perkotaan,90.61
Indonesia,IDN,2002,222088.5,Air minum,Minimal dasar,Total,77.76
Indonesia,IDN,2002,222088.5,Air minum,Terbatas,Perdesaan,0.0
Indonesia,IDN,2002,222088.5,Air minum,Terbatas,Perkotaan,0.0
Indonesia,IDN,2002,222088.5,Air minum,Terbatas,Total,0.0
Indonesia,IDN,2002,222088.5,Air minum,Tidak layak,Perdesaan,26.41
Indonesia,IDN,2002,222088.5,Air minum,Tidak layak,Perkotaan,8.77
Indonesia,IDN,2002,222088.5,Air minum,Tidak layak,Total,18.72
Indonesia,IDN,2002,222088.5,Air minum,Air permukaan,Perdesaan,5.74
Indonesia,IDN,2002,222088.5,Air minum,Air permukaan,Perkotaan,0.62
Indonesia,IDN,2002,222088.5,Air minum,Air permukaan,Total,3.51
Indonesia,IDN,2002,222088.5,Air minum,Perpipaan,Perdesaan,5.93
Indonesia,IDN,2002,222088.5,Air minum,Perpipaan,Perkotaan,32.86
Indonesia,IDN,2002,222088.5,Air minum,Perpipaan,Total,17.66
Indonesia,IDN,2003,225048.0,Air minum,Dikelola aman,Perdesaan,18.69
Indonesia,IDN,2003,225048.0,Air minum,Dikelola aman,Perkotaan,31.86
Indonesia,IDN,2003,225048.0,Air minum,Dikelola aman,Total,24.53
Indonesia,IDN,2003,225048.0,Air minum,Minimal dasar,Perdesaan,68.95
Indonesia,IDN,2003,225048.0,Air minum,Minimal dasar,Perkotaan,91.03
Indonesia,IDN,2003,225048.0,Air minum,Minimal dasar,Total,78.74
Indonesia,IDN,2003,225048.0,Air minum,Terbatas,Perdesaan,0.0
Indonesia,IDN,2003,225048.0,Air minum,Terbatas,Perkotaan,0.0
Indonesia,IDN,2003,225048.0,Air minum,Terbatas,Total,0.0
Indonesia,IDN,2003,225048.0,Air minum,Tidak layak,Perdesaan,25.5
Indonesia,IDN,2003,225048.0,Air minum,Tidak layak,Perkotaan,8.37
Indonesia,IDN,2003,225048.0,Air minum,Tidak layak,Total,17.9
Indonesia,IDN,2003,225048.0,Air minum,Air permukaan,Perdesaan,5.55
Indonesia,IDN,2003,225048.0,Air minum,Air permukaan,Perkotaan,0.6
Indonesia,IDN,2003,225048.0,Air minum,Air permukaan,Total,3.35
Indonesia,IDN,2003,225048.0,Air minum,Perpipaan,Perdesaan,6.25
Indonesia,IDN,2003,225048.0,Air minum,Perpipaan,Perkotaan,32.63
Indonesia,IDN,2003,225048.0,Air minum,Perpipaan,Total,17.95
Indonesia,IDN,2004,227926.6,Air minum,Dikelola aman,Perdesaan,18.98
Indonesia,IDN,2004,227926.6,Air minum,Dikelola aman,Perkotaan,32.01
Indonesia,IDN,2004,227926.6,Air minum,Dikelola aman,Total,24.86
Indonesia,IDN,2004,227926.6,Air minum,Minimal dasar,Perdesaan,70.05
Indonesia,IDN,2004,227926.6,Air minum,Minimal dasar,Perkotaan,91.45
Indonesia,IDN,2004,227926.6,Air minum,Minimal dasar,Total,79.71
Indonesia,IDN,2004,227926.6,Air minum,Terbatas,Perdesaan,0.0
Indonesia,IDN,2004,227926.6,Air minum,Terbatas,Perkotaan,0.0
Indonesia,IDN,2004,227926.6,Air minum,Terbatas,Total,0.0
Indonesia,IDN,2004,227926.6,Air minum,Tidak layak,Perdesaan,24.59
Indonesia,IDN,2004,227926.6,Air minum,Tidak layak,Perkotaan,7.98
Indonesia,IDN,2004,227926.6,Air minum,Tidak layak,Total,17.09
Indonesia,IDN,2004,227926.6,Air minum,Air permukaan,Perdesaan,5.36
Indonesia,IDN,2004,227926.6,Air minum,Air permukaan,Perkotaan,0.57
Indonesia,IDN,2004,227926.6,Air minum,Air permukaan,Total,3.19
Indonesia,IDN,2004,227926.6,Air minum,Perpipaan,Perdesaan,6.57
Indonesia,IDN,2004,227926.6,Air minum,Perpipaan,Perkotaan,32.41
Indonesia,IDN,2004,227926.6,Air minum,Perpipaan,Total,18.24
Indonesia,IDN,2005,230871.6,Air minum,Dikelola aman,Perdesaan,19.28
Indonesia,IDN,2005,230871.6,Air minum,Dikelola aman,Perkotaan,32.16
Indonesia,IDN,2005,230871.6,Air minum,Dikelola aman,Total,25.2
Indonesia,IDN,2005,230871.6,Air minum,Minimal dasar,Perdesaan,71.16
Indonesia,IDN,2005,230871.6,Air minum,Minimal dasar,Perkotaan,91.87
Indonesia,IDN,2005,230871.6,Air minum,Minimal dasar,Total,80.67
Indonesia,IDN,2005,230871.6,Air minum,Terbatas,Perdesaan,0.0
Indonesia,IDN,2005,230871.6,Air minum,Terbatas,Perkotaan,0.0
Indonesia,IDN,2005,230871.6,Air minum,Terbatas,Total,0.0
Indonesia,IDN,2005,230871.6,Air minum,Tidak layak,Perdesaan,23.68
Indonesia,IDN,2005,230871.6,Air minum,Tidak layak,Perkotaan,7.59
Indonesia,IDN,2005,230871.6,Air minum,Tidak layak,Total,16.29
Indonesia,IDN,2005,230871.6,Air minum,Air permukaan,Perdesaan,5.16
Indonesia,IDN,2005,230871.6,Air minum,Air permukaan,Perkotaan,0.54
Indonesia,IDN,2005,230871.6,Air minum,Air permukaan,Total,3.04
Indonesia,IDN,2005,230871.6,Air minum,Perpipaan,Perdesaan,6.89
Indonesia,IDN,2005,230871.6,Air minum,Perpipaan,Perkotaan,32.18
Indonesia,IDN,2005,230871.6,Air minum,Perpipaan,Total,18.51
Indonesia,IDN,2006,233951.7,Air minum,Dikelola aman,Perdesaan,19.58
Indonesia,IDN,2006,233951.7,Air minum,Dikelola aman,Perkotaan,32.3
Indonesia,IDN,2006,233951.7,Air minum,Dikelola aman,Total,25.53
Indonesia,IDN,2006,233951.7,Air minum,Minimal dasar,Perdesaan,72.26
Indonesia,IDN,2006,233951.7,Air minum,Minimal dasar,Perkotaan,92.29
Indonesia,IDN,2006,233951.7,Air minum,Minimal dasar,Total,81.62
Indonesia,IDN,2006,233951.7,Air minum,Terbatas,Perdesaan,0.0
Indonesia,IDN,2006,233951.7,Air minum,Terbatas,Perkotaan,0.0
Indonesia,IDN,2006,233951.7,Air minum,Terbatas,Total,0.0
Indonesia,IDN,2006,233951.7,Air minum,Tidak layak,Perdesaan,22.77
Indonesia,IDN,2006,233951.7,Air minum,Tidak layak,Perkotaan,7.2
Indonesia,IDN,2006,233951.7,Air minum,Tidak layak,Total,15.49
Indonesia,IDN,2006,233951.7,Air minum,Air permukaan,Perdesaan,4.97
Indonesia,IDN,2006,233951.7,Air minum,Air permukaan,Perkotaan,0.51
Indonesia,IDN,2006,233951.7,Air minum,Air permukaan,Total,2.89
Indonesia,IDN,2006,233951.7,Air minum,Perpipaan,Perdesaan,7.22
Indonesia,IDN,2006,233951.7,Air minum,Perpipaan,Perkotaan,31.95
Indonesia,IDN,2006,233951.7,Air minum,Perpipaan,Total,18.78
Indonesia,IDN,2007,237062.3,Air minum,Dikelola aman,Perdesaan,19.88
Indonesia,IDN,2007,237062.3,Air minum,Dikelola aman,Perkotaan,32.45
Indonesia,IDN,2007,237062.3,Air minum,Dikelola aman,Total,25.86
Indonesia,IDN,2007,237062.3,Air minum,Minimal dasar,Perdesaan,73.36
Indonesia,IDN,2007,237062.3,Air minum,Minimal dasar,Perkotaan,92.71
Indonesia,IDN,2007,237062.3,Air minum,Minimal dasar,Total,82.56
Indonesia,IDN,2007,237062.3,Air minum,Terbatas,Perdesaan,0.0
Indonesia,IDN,2007,237062.3,Air minum,Terbatas,Perkotaan,0.0
Indonesia,IDN,2007,237062.3,Air minum,Terbatas,Total,0.0
Indonesia,IDN,2007,237062.3,Air minum,Tidak layak,Perdesaan,21.86
Indonesia,IDN,2007,237062.3,Air minum,Tidak layak,Perkotaan,6.8
Indonesia,IDN,2007,237062.3,Air minum,Tidak layak,Total,14.7
Indonesia,IDN,2007,237062.3,Air minum,Air permukaan,Perdesaan,4.78
Indonesia,IDN,2007,237062.3,Air minum,Air permukaan,Perkotaan,0.48
Indonesia,IDN,2007,237062.3,Air minum,Air permukaan,Total,2.74
Indonesia,IDN,2007,237062.3,Air minum,Perpipaan,Perdesaan,7.54
Indonesia,IDN,2007,237062.3,Air minum,Perpipaan,Perkotaan,31.72
Indonesia,IDN,2007,237062.3,Air minum,Perpipaan,Total,19.03
Indonesia,IDN,2008,240157.9,Air minum,Dikelola aman,Perdesaan,20.18
Indonesia,IDN,2008,240157.9,Air minum,Dikelola aman,Perkotaan,32.6
Indonesia,IDN,2008,240157.9,Air minum,Dikelola aman,Total,26.18
Indonesia,IDN,2008,240157.9,Air minum,Minimal dasar,Perdesaan,74.46
Indonesia,IDN,2008,240157.9,Air minum,Minimal dasar,Perkotaan,93.14
Indonesia,IDN,2008,240157.9,Air minum,Minimal dasar,Total,83.49
Indonesia,IDN,2008,240157.9,Air minum,Terbatas,Perdesaan,0.0
Indonesia,IDN,2008,240157.9,Air minum,Terbatas,Perkotaan,0.0
Indonesia,IDN,2008,240157.9,Air minum,Terbatas,Total,0.0
Indonesia,IDN,2008,240157.9,Air minum,Tidak layak,Perdesaan,20.95
Indonesia,IDN,2008,240157.9,Air minum,Tidak layak,Perkotaan,6.41
Indonesia,IDN,2008,240157.9,Air minum,Tidak layak,Total,13.92
Indonesia,IDN,2008,240157.9,Air minum,Air permukaan,Perdesaan,4.59
Indonesia,IDN,2008,240157.9,Air minum,Air permukaan,Perkotaan,0.45
Indonesia,IDN,2008,240157.9,Air minum,Air permukaan,Total,2.59
Indonesia,IDN,2008,240157.9,Air minum,Perpipaan,Perdesaan,7.86
Indonesia,IDN,2008,240157.9,Air minum,Perpipaan,Perkotaan,31.49
Indonesia,IDN,2008,240157.9,Air minum,Perpipaan,Total,19.28
Indonesia,IDN,2009,243220.0,Air minum,Dikelola aman,Perdesaan,20.48
Indonesia,IDN,2009,243220.0,Air minum,Dikelola aman,Perkotaan,32.75
Indonesia,IDN,2009,243220.0,Air minum,Dikelola aman,Total,26.51
Indonesia,IDN,2009,243220.0,Air minum,Minimal dasar,Perdesaan,75.57
Indonesia,IDN,2009,243220.0,Air minum,Minimal dasar,Perkotaan,93.53
Indonesia,IDN,2009,243220.0,Air minum,Minimal dasar,Total,84.39
Indonesia,IDN,2009,243220.0,Air minum,Terbatas,Perdesaan,0.0
Indonesia,IDN,2009,243220.0,Air minum,Terbatas,Perkotaan,0.03
Indonesia,IDN,2009,243220.0,Air minum,Terbatas,Total,0.02
Indonesia,IDN,2009,243220.0,Air minum,Tidak layak,Perdesaan,20.04
Indonesia,IDN,2009,243220.0,Air minum,Tidak layak,Perkotaan,6.02
Indonesia,IDN,2009,243220.0,Air minum,Tidak layak,Total,13.15
Indonesia,IDN,2009,243220.0,Air minum,Air permukaan,Perdesaan,4.4
Indonesia,IDN,2009,243220.0,Air minum,Air permukaan,Perkotaan,0.43
Indonesia,IDN,2009,243220.0,Air minum,Air permukaan,Total,2.45
Indonesia,IDN,2009,243220.0,Air minum,Perpipaan,Perdesaan,8.18
Indonesia,IDN,2009,243220.0,Air minum,Perpipaan,Perkotaan,31.26
Indonesia,IDN,2009,243220.0,Air minum,Perpipaan,Total,19.52
Indonesia,IDN,2010,246305.3,Air minum,Dikelola aman,Perdesaan,20.78
Indonesia,IDN,2010,246305.3,Air minum,Dikelola aman,Perkotaan,32.89
Indonesia,IDN,2010,246305.3,Air minum,Dikelola aman,Total,26.82
Indonesia,IDN,2010,246305.3,Air minum,Minimal dasar,Perdesaan,76.67
Indonesia,IDN,2010,246305.3,Air minum,Minimal dasar,Perkotaan,93.69
Indonesia,IDN,2010,246305.3,Air minum,Minimal dasar,Total,85.17
Indonesia,IDN,2010,246305.3,Air minum,Terbatas,Perdesaan,0.0
Indonesia,IDN,2010,246305.3,Air minum,Terbatas,Perkotaan,0.29
Indonesia,IDN,2010,246305.3,Air minum,Terbatas,Total,0.14
Indonesia,IDN,2010,246305.3,Air minum,Tidak layak,Perdesaan,19.13
Indonesia,IDN,2010,246305.3,Air minum,Tidak layak,Perkotaan,5.62
Indonesia,IDN,2010,246305.3,Air minum,Tidak layak,Total,12.39
Indonesia,IDN,2010,246305.3,Air minum,Air permukaan,Perdesaan,4.2
Indonesia,IDN,2010,246305.3,Air minum,Air permukaan,Perkotaan,0.4
Indonesia,IDN,2010,246305.3,Air minum,Air permukaan,Total,2.3
Indonesia,IDN,2010,246305.3,Air minum,Perpipaan,Perdesaan,8.5
Indonesia,IDN,2010,246305.3,Air minum,Perpipaan,Perkotaan,31.04
Indonesia,IDN,2010,246305.3,Air minum,Perpipaan,Total,19.75
Indonesia,IDN,2011,249470.0,Air minum,Dikelola aman,Perdesaan,21.08
Indonesia,IDN,2011,249470.0,Air minum,Dikelola aman,Perkotaan,33.04
Indonesia,IDN,2011,249470.0,Air minum,Dikelola aman,Total,27.13
Indonesia,IDN,2011,249470.0,Air minum,Minimal dasar,Perdesaan,77.22
Indonesia,IDN,2011,249470.0,Air minum,Minimal dasar,Perkotaan,93.86
Indonesia,IDN,2011,249470.0,Air minum,Minimal dasar,Total,85.64
Indonesia,IDN,2011,249470.0,Air minum,Terbatas,Perdesaan,0.55
Indonesia,IDN,2011,249470.0,Air minum,Terbatas,Perkotaan,0.55
Indonesia,IDN,2011,249470.0,Air minum,Terbatas,Total,0.55
Indonesia,IDN,2011,249470.0,Air minum,Tidak layak,Perdesaan,18.22
Indonesia,IDN,2011,249470.0,Air minum,Tidak layak,Perkotaan,5.23
Indonesia,IDN,2011,249470.0,Air minum,Tidak layak,Total,11.65
Indonesia,IDN,2011,249470.0,Air minum,Air permukaan,Perdesaan,4.01
Indonesia,IDN,2011,249470.0,Air minum,Air permukaan,Perkotaan,0.37
Indonesia,IDN,2011,249470.0,Air minum,Air permukaan,Total,2.17
Indonesia,IDN,2011,249470.0,Air minum,Perpipaan,Perdesaan,8.82
Indonesia,IDN,2011,249470.0,Air minum,Perpipaan,Perkotaan,30.81
Indonesia,IDN,2011,249470.0,Air minum,Perpipaan,Total,19.94
Indonesia,IDN,2012,252698.5,Air minum,Dikelola aman,Perdesaan,21.37
Indonesia,IDN,2012,252698.5,Air minum,Dikelola aman,Perkotaan,33.19
Indonesia,IDN,2012,252698.5,Air minum,Dikelola aman,Total,27.43
Indonesia,IDN,2012,252698.5,Air minum,Minimal dasar,Perdesaan,77.72
Indonesia,IDN,2012,252698.5,Air minum,Minimal dasar,Perkotaan,94.02
Indonesia,IDN,2012,252698.5,Air minum,Minimal dasar,Total,86.07
Indonesia,IDN,2012,252698.5,Air minum,Terbatas,Perdesaan,1.16
Indonesia,IDN,2012,252698.5,Air minum,Terbatas,Perkotaan,0.81
Indonesia,IDN,2012,252698.5,Air minum,Terbatas,Total,0.98
Indonesia,IDN,2012,252698.5,Air minum,Tidak layak,Perdesaan,17.31
Indonesia,IDN,2012,252698.5,Air minum,Tidak layak,Perkotaan,4.84
Indonesia,IDN,2012,252698.5,Air minum,Tidak layak,Total,10.91
Indonesia,IDN,2012,252698.5,Air minum,Air permukaan,Perdesaan,3.82
Indonesia,IDN,2012,252698.5,Air minum,Air permukaan,Perkotaan,0.34
Indonesia,IDN,2012,252698.5,Air minum,Air permukaan,Total,2.04
Indonesia,IDN,2012,252698.5,Air minum,Perpipaan,Perdesaan,9.14
Indonesia,IDN,2012,252698.5,Air minum,Perpipaan,Perkotaan,30.58
Indonesia,IDN,2012,252698.5,Air minum,Perpipaan,Total,20.13
Indonesia,IDN,2013,255852.5,Air minum,Dikelola aman,Perdesaan,21.67
Indonesia,IDN,2013,255852.5,Air minum,Dikelola aman,Perkotaan,33.34
Indonesia,IDN,2013,255852.5,Air minum,Dikelola aman,Total,27.73
Indonesia,IDN,2013,255852.5,Air minum,Minimal dasar,Perdesaan,78.19
Indonesia,IDN,2013,255852.5,Air minum,Minimal dasar,Perkotaan,94.17
Indonesia,IDN,2013,255852.5,Air minum,Minimal dasar,Total,86.5
Indonesia,IDN,2013,255852.5,Air minum,Terbatas,Perdesaan,1.78
Indonesia,IDN,2013,255852.5,Air minum,Terbatas,Perkotaan,1.07
Indonesia,IDN,2013,255852.5,Air minum,Terbatas,Total,1.41
Indonesia,IDN,2013,255852.5,Air minum,Tidak layak,Perdesaan,16.4
Indonesia,IDN,2013,255852.5,Air minum,Tidak layak,Perkotaan,4.44
Indonesia,IDN,2013,255852.5,Air minum,Tidak layak,Total,10.19
Indonesia,IDN,2013,255852.5,Air minum,Air permukaan,Perdesaan,3.63
Indonesia,IDN,2013,255852.5,Air minum,Air permukaan,Perkotaan,0.31
Indonesia,IDN,2013,255852.5,Air minum,Air permukaan,Total,1.91
Indonesia,IDN,2013,255852.5,Air minum,Perpipaan,Perdesaan,9.46
Indonesia,IDN,2013,255852.5,Air minum,Perpipaan,Perkotaan,30.35
Indonesia,IDN,2013,255852.5,Air minum,Perpipaan,Total,20.32
Indonesia,IDN,2014,258877.4,Air minum,Dikelola aman,Perdesaan,21.97
Indonesia,IDN,2014,258877.4,Air minum,Dikelola aman,Perkotaan,33.48
Indonesia,IDN,2014,258877.4,Air minum,Dikelola aman,Total,28.03
Indonesia,IDN,2014,258877.4,Air minum,Minimal dasar,Perdesaan,78.66
Indonesia,IDN,2014,258877.4,Air minum,Minimal dasar,Perkotaan,94.33
Indonesia,IDN,2014,258877.4,Air minum,Minimal dasar,Total,86.91
Indonesia,IDN,2014,258877.4,Air minum,Terbatas,Perdesaan,2.42
Indonesia,IDN,2014,258877.4,Air minum,Terbatas,Perkotaan,1.33
Indonesia,IDN,2014,258877.4,Air minum,Terbatas,Total,1.85
Indonesia,IDN,2014,258877.4,Air minum,Tidak layak,Perdesaan,15.48
Indonesia,IDN,2014,258877.4,Air minum,Tidak layak,Perkotaan,4.05
Indonesia,IDN,2014,258877.4,Air minum,Tidak layak,Total,9.47
Indonesia,IDN,2014,258877.4,Air minum,Air permukaan,Perdesaan,3.44
Indonesia,IDN,2014,258877.4,Air minum,Air permukaan,Perkotaan,0.28
Indonesia,IDN,2014,258877.4,Air minum,Air permukaan,Total,1.78
Indonesia,IDN,2014,258877.4,Air minum,Perpipaan,Perdesaan,9.78
Indonesia,IDN,2014,258877.4,Air minum,Perpipaan,Perkotaan,30.12
Indonesia,IDN,2014,258877.4,Air minum,Perpipaan,Total,20.49
Indonesia,IDN,2015,261799.2,Air minum,Dikelola aman,Perdesaan,22.27
Indonesia,IDN,2015,261799.2,Air minum,Dikelola aman,Perkotaan,33.63
Indonesia,IDN,2015,261799.2,Air minum,Dikelola aman,Total,28.33
Indonesia,IDN,2015,261799.2,Air minum,Minimal dasar,Perdesaan,79.1
Indonesia,IDN,2015,261799.2,Air minum,Minimal dasar,Perkotaan,94.49
Indonesia,IDN,2015,261799.2,Air minum,Minimal dasar,Total,87.3
Indonesia,IDN,2015,261799.2,Air minum,Terbatas,Perdesaan,3.08
Indonesia,IDN,2015,261799.2,Air minum,Terbatas,Perkotaan,1.6
Indonesia,IDN,2015,261799.2,Air minum,Terbatas,Total,2.29
Indonesia,IDN,2015,261799.2,Air minum,Tidak layak,Perdesaan,14.57
Indonesia,IDN,2015,261799.2,Air minum,Tidak layak,Perkotaan,3.66
Indonesia,IDN,2015,261799.2,Air minum,Tidak layak,Total,8.75
Indonesia,IDN,2015,261799.2,Air minum,Air permukaan,Perdesaan,3.24
Indonesia,IDN,2015,261799.2,Air minum,Air permukaan,Perkotaan,0.26
Indonesia,IDN,2015,261799.2,Air minum,Air permukaan,Total,1.65
Indonesia,IDN,2015,261799.2,Air minum,Perpipaan,Perdesaan,10.1
Indonesia,IDN,2015,261799.2,Air minum,Perpipaan,Perkotaan,29.9
Indonesia,IDN,2015,261799.2,Air minum,Perpipaan,Total,20.66
Indonesia,IDN,2016,264627.4,Air minum,Dikelola aman,Perdesaan,22.57
Indonesia,IDN,2016,264627.4,Air minum,Dikelola aman,Perkotaan,33.78
Indonesia,IDN,2016,264627.4,Air minum,Dikelola aman,Total,28.62
Indonesia,IDN,2016,264627.4,Air minum,Minimal dasar,Perdesaan,79.53
Indonesia,IDN,2016,264627.4,Air minum,Minimal dasar,Perkotaan,94.64
Indonesia,IDN,2016,264627.4,Air minum,Minimal dasar,Total,87.68
Indonesia,IDN,2016,264627.4,Air minum,Terbatas,Perdesaan,3.76
Indonesia,IDN,2016,264627.4,Air minum,Terbatas,Perkotaan,1.87
Indonesia,IDN,2016,264627.4,Air minum,Terbatas,Total,2.74
Indonesia,IDN,2016,264627.4,Air minum,Tidak layak,Perdesaan,13.66
Indonesia,IDN,2016,264627.4,Air minum,Tidak layak,Perkotaan,3.26
Indonesia,IDN,2016,264627.4,Air minum,Tidak layak,Total,8.05
Indonesia,IDN,2016,264627.4,Air minum,Air permukaan,Perdesaan,3.05
Indonesia,IDN,2016,264627.4,Air minum,Air permukaan,Perkotaan,0.23
Indonesia,IDN,2016,264627.4,Air minum,Air permukaan,Total,1.53
Indonesia,IDN,2016,264627.4,Air minum,Perpipaan,Perdesaan,10.42
Indonesia,IDN,2016,264627.4,Air minum,Perpipaan,Perkotaan,29.67
Indonesia,IDN,2016,264627.4,Air minum,Perpipaan,Total,20.81
Indonesia,IDN,2017,267346.7,Air minum,Dikelola aman,Perdesaan,22.87
Indonesia,IDN,2017,267346.7,Air minum,Dikelola aman,Perkotaan,33.93
Indonesia,IDN,2017,267346.7,Air minum,Dikelola aman,Total,28.91
Indonesia,IDN,2017,267346.7,Air minum,Minimal dasar,Perdesaan,79.94
Indonesia,IDN,2017,267346.7,Air minum,Minimal dasar,Perkotaan,94.79
Indonesia,IDN,2017,267346.7,Air minum,Minimal dasar,Total,88.05
Indonesia,IDN,2017,267346.7,Air minum,Terbatas,Perdesaan,4.45
Indonesia,IDN,2017,267346.7,Air minum,Terbatas,Perkotaan,2.14
Indonesia,IDN,2017,267346.7,Air minum,Terbatas,Total,3.19
Indonesia,IDN,2017,267346.7,Air minum,Tidak layak,Perdesaan,12.75
Indonesia,IDN,2017,267346.7,Air minum,Tidak layak,Perkotaan,2.87
Indonesia,IDN,2017,267346.7,Air minum,Tidak layak,Total,7.35
Indonesia,IDN,2017,267346.7,Air minum,Air permukaan,Perdesaan,2.86
Indonesia,IDN,2017,267346.7,Air minum,Air permukaan,Perkotaan,0.2
Indonesia,IDN,2017,267346.7,Air minum,Air permukaan,Total,1.41
Indonesia,IDN,2017,267346.7,Air minum,Perpipaan,Perdesaan,10.74
Indonesia,IDN,2017,267346.7,Air minum,Perpipaan,Perkotaan,29.44
Indonesia,IDN,2017,267346.7,Air minum,Perpipaan,Total,20.96
Indonesia,IDN,2018,269951.8,Air minum,Dikelola aman,Perdesaan,23.17
Indonesia,IDN,2018,269951.8,Air minum,Dikelola aman,Perkotaan,34.07
Indonesia,IDN,2018,269951.8,Air minum,Dikelola aman,Total,29.2
Indonesia,IDN,2018,269951.8,Air minum,Minimal dasar,Perdesaan,80.33
Indonesia,IDN,2018,269951.8,Air minum,Minimal dasar,Perkotaan,94.93
Indonesia,IDN,2018,269951.8,Air minum,Minimal dasar,Total,88.41
Indonesia,IDN,2018,269951.8,Air minum,Terbatas,Perdesaan,5.16
Indonesia,IDN,2018,269951.8,Air minum,Terbatas,Perkotaan,2.42
Indonesia,IDN,2018,269951.8,Air minum,Terbatas,Total,3.64
Indonesia,IDN,2018,269951.8,Air minum,Tidak layak,Perdesaan,11.84
Indonesia,IDN,2018,269951.8,Air minum,Tidak layak,Perkotaan,2.48
Indonesia,IDN,2018,269951.8,Air minum,Tidak layak,Total,6.66
Indonesia,IDN,2018,269951.8,Air minum,Air permukaan,Perdesaan,2.67
Indonesia,IDN,2018,269951.8,Air minum,Air permukaan,Perkotaan,0.17
Indonesia,IDN,2018,269951.8,Air minum,Air permukaan,Total,1.29
Indonesia,IDN,2018,269951.8,Air minum,Perpipaan,Perdesaan,11.07
Indonesia,IDN,2018,269951.8,Air minum,Perpipaan,Perkotaan,29.21
Indonesia,IDN,2018,269951.8,Air minum,Perpipaan,Total,21.1
Indonesia,IDN,2019,272489.4,Air minum,Dikelola aman,Perdesaan,23.47
Indonesia,IDN,2019,272489.4,Air minum,Dikelola aman,Perkotaan,34.22
Indonesia,IDN,2019,272489.4,Air minum,Dikelola aman,Total,29.49
Indonesia,IDN,2019,272489.4,Air minum,Minimal dasar,Perdesaan,80.71
Indonesia,IDN,2019,272489.4,Air minum,Minimal dasar,Perkotaan,95.08
Indonesia,IDN,2019,272489.4,Air minum,Minimal dasar,Total,88.75
Indonesia,IDN,2019,272489.4,Air minum,Terbatas,Perdesaan,5.88
Indonesia,IDN,2019,272489.4,Air minum,Terbatas,Perkotaan,2.69
Indonesia,IDN,2019,272489.4,Air minum,Terbatas,Total,4.1
Indonesia,IDN,2019,272489.4,Air minum,Tidak layak,Perdesaan,10.93
Indonesia,IDN,2019,272489.4,Air minum,Tidak layak,Perkotaan,2.08
Indonesia,IDN,2019,272489.4,Air minum,Tidak layak,Total,5.98
Indonesia,IDN,2019,272489.4,Air minum,Air permukaan,Perdesaan,2.48
Indonesia,IDN,2019,272489.4,Air minum,Air permukaan,Perkotaan,0.14
Indonesia,IDN,2019,272489.4,Air minum,Air permukaan,Total,1.17
Indonesia,IDN,2019,272489.4,Air minum,Perpipaan,Perdesaan,11.39
Indonesia,IDN,2019,272489.4,Air minum,Perpipaan,Perkotaan,28.98
Indonesia,IDN,2019,272489.4,Air minum,Perpipaan,Total,21.24
Indonesia,IDN,2020,274814.9,Air minum,Dikelola aman,Perdesaan,23.77
Indonesia,IDN,2020,274814.9,Air minum,Dikelola aman,Perkotaan,34.37
Indonesia,IDN,2020,274814.9,Air minum,Dikelola aman,Total,29.77
Indonesia,IDN,2020,274814.9,Air minum,Minimal dasar,Perdesaan,81.07
Indonesia,IDN,2020,274814.9,Air minum,Minimal dasar,Perkotaan,95.22
Indonesia,IDN,2020,274814.9,Air minum,Minimal dasar,Total,89.09
Indonesia,IDN,2020,274814.9,Air minum,Terbatas,Perdesaan,6.62
Indonesia,IDN,2020,274814.9,Air minum,Terbatas,Perkotaan,2.97
Indonesia,IDN,2020,274814.9,Air minum,Terbatas,Total,4.56
Indonesia,IDN,2020,274814.9,Air minum,Tidak layak,Perdesaan,10.02
Indonesia,IDN,2020,274814.9,Air minum,Tidak layak,Perkotaan,1.69
Indonesia,IDN,2020,274814.9,Air minum,Tidak layak,Total,5.3
Indonesia,IDN,2020,274814.9,Air minum,Air permukaan,Perdesaan,2.28
Indonesia,IDN,2020,274814.9,Air minum,Air permukaan,Perkotaan,0.11
Indonesia,IDN,2020,274814.9,Air minum,Air permukaan,Total,1.05
Indonesia,IDN,2020,274814.9,Air minum,Perpipaan,Perdesaan,11.71
Indonesia,IDN,2020,274814.9,Air minum,Perpipaan,Perkotaan,28.75
Indonesia,IDN,2020,274814.9,Air minum,Perpipaan,Total,21.36
Indonesia,IDN,2021,276758.1,Air minum,Dikelola aman,Perdesaan,24.06
Indonesia,IDN,2021,276758.1,Air minum,Dikelola aman,Perkotaan,34.52
Indonesia,IDN,2021,276758.1,Air minum,Dikelola aman,Total,30.05
Indonesia,IDN,2021,276758.1,Air minum,Minimal dasar,Perdesaan,81.41
Indonesia,IDN,2021,276758.1,Air minum,Minimal dasar,Perkotaan,95.36
Indonesia,IDN,2021,276758.1,Air minum,Minimal dasar,Total,89.4
Indonesia,IDN,2021,276758.1,Air minum,Terbatas,Perdesaan,7.38
Indonesia,IDN,2021,276758.1,Air minum,Terbatas,Perkotaan,3.26
Indonesia,IDN,2021,276758.1,Air minum,Terbatas,Total,5.02
Indonesia,IDN,2021,276758.1,Air minum,Tidak layak,Perdesaan,9.11
Indonesia,IDN,2021,276758.1,Air minum,Tidak layak,Perkotaan,1.3
Indonesia,IDN,2021,276758.1,Air minum,Tidak layak,Total,4.64
Indonesia,IDN,2021,276758.1,Air minum,Air permukaan,Perdesaan,2.09
Indonesia,IDN,2021,276758.1,Air minum,Air permukaan,Perkotaan,0.09
Indonesia,IDN,2021,276758.1,Air minum,Air permukaan,Total,0.94
Indonesia,IDN,2021,276758.1,Air minum,Perpipaan,Perdesaan,12.03
Indonesia,IDN,2021,276758.1,Air minum,Perpipaan,Perkotaan,28.53
Indonesia,IDN,2021,276758.1,Air minum,Perpipaan,Total,21.48
Indonesia,IDN,2022,278830.5,Air minum,Dikelola aman,Perdesaan,24.36
Indonesia,IDN,2022,278830.5,Air minum,Dikelola aman,Perkotaan,34.66
Indonesia,IDN,2022,278830.5,Air minum,Dikelola aman,Total,30.33
Indonesia,IDN,2022,278830.5,Air minum,Minimal dasar,Perdesaan,81.74
Indonesia,IDN,2022,278830.5,Air minum,Minimal dasar,Perkotaan,95.5
Indonesia,IDN,2022,278830.5,Air minum,Minimal dasar,Total,89.71
Indonesia,IDN,2022,278830.5,Air minum,Terbatas,Perdesaan,8.16
Indonesia,IDN,2022,278830.5,Air minum,Terbatas,Perkotaan,3.54
Indonesia,IDN,2022,278830.5,Air minum,Terbatas,Total,5.48
Indonesia,IDN,2022,278830.5,Air minum,Tidak layak,Perdesaan,8.2
Indonesia,IDN,2022,278830.5,Air minum,Tidak layak,Perkotaan,0.9
Indonesia,IDN,2022,278830.5,Air minum,Tidak layak,Total,3.97
Indonesia,IDN,2022,278830.5,Air minum,Air permukaan,Perdesaan,1.9
Indonesia,IDN,2022,278830.5,Air minum,Air permukaan,Perkotaan,0.06
Indonesia,IDN,2022,278830.5,Air minum,Air permukaan,Total,0.83
Indonesia,IDN,2022,278830.5,Air minum,Perpipaan,Perdesaan,12.35
Indonesia,IDN,2022,278830.5,Air minum,Perpipaan,Perkotaan,28.3
Indonesia,IDN,2022,278830.5,Air minum,Perpipaan,Total,21.59
Indonesia,IDN,2023,281190.1,Air minum,Dikelola aman,Perdesaan,24.36
Indonesia,IDN,2023,281190.1,Air minum,Dikelola aman,Perkotaan,34.66
Indonesia,IDN,2023,281190.1,Air minum,Dikelola aman,Total,30.4
Indonesia,IDN,2023,281190.1,Air minum,Minimal dasar,Perdesaan,81.06
Indonesia,IDN,2023,281190.1,Air minum,Minimal dasar,Perkotaan,95.23
Indonesia,IDN,2023,281190.1,Air minum,Minimal dasar,Total,89.36
Indonesia,IDN,2023,281190.1,Air minum,Terbatas,Perdesaan,8.84
Indonesia,IDN,2023,281190.1,Air minum,Terbatas,Perkotaan,3.81
Indonesia,IDN,2023,281190.1,Air minum,Terbatas,Total,5.89
Indonesia,IDN,2023,281190.1,Air minum,Tidak layak,Perdesaan,8.2
Indonesia,IDN,2023,281190.1,Air minum,Tidak layak,Perkotaan,0.9
Indonesia,IDN,2023,281190.1,Air minum,Tidak layak,Total,3.93
Indonesia,IDN,2023,281190.1,Air minum,Air permukaan,Perdesaan,1.9
Indonesia,IDN,2023,281190.1,Air minum,Air permukaan,Perkotaan,0.06
Indonesia,IDN,2023,281190.1,Air minum,Air permukaan,Total,0.82
Indonesia,IDN,2023,281190.1,Air minum,Perpipaan,Perdesaan,12.67
Indonesia,IDN,2023,281190.1,Air minum,Perpipaan,Perkotaan,28.07
Indonesia,IDN,2023,281190.1,Air minum,Perpipaan,Total,21.69
Indonesia,IDN,2024,283487.9,Air minum,Dikelola aman,Perdesaan,24.36
Indonesia,IDN,2024,283487.9,Air minum,Dikelola aman,Perkotaan,34.66
Indonesia,IDN,2024,283487.9,Air minum,Dikelola aman,Total,30.46
Indonesia,IDN,2024,283487.9,Air minum,Minimal dasar,Perdesaan,80.37
Indonesia,IDN,2024,283487.9,Air minum,Minimal dasar,Perkotaan,94.96
Indonesia,IDN,2024,283487.9,Air minum,Minimal dasar,Total,89.01
Indonesia,IDN,2024,283487.9,Air minum,Terbatas,Perdesaan,9.53
Indonesia,IDN,2024,283487.9,Air minum,Terbatas,Perkotaan,4.08
Indonesia,IDN,2024,283487.9,Air minum,Terbatas,Total,6.3
Indonesia,IDN,2024,283487.9,Air minum,Tidak layak,Perdesaan,8.2
Indonesia,IDN,2024,283487.9,Air minum,Tidak layak,Perkotaan,0.9
Indonesia,IDN,2024,283487.9,Air minum,Tidak layak,Total,3.88
Indonesia,IDN,2024,283487.9,Air minum,Air permukaan,Perdesaan,1.9
Indonesia,IDN,2024,283487.9,Air minum,Air permukaan,Perkotaan,0.06
Indonesia,IDN,2024,283487.9,Air minum,Air permukaan,Total,0.81
Indonesia,IDN,2024,283487.9,Air minum,Perpipaan,Perdesaan,12.99
Indonesia,IDN,2024,283487.9,Air minum,Perpipaan,Perkotaan,27.84
Indonesia,IDN,2024,283487.9,Air minum,Perpipaan,Total,21.78
Laos,LAO,2000,5431.2,Air minum,Dikelola aman,Perdesaan,1.84
Laos,LAO,2000,5431.2,Air minum,Dikelola aman,Perkotaan,16.86
Laos,LAO,2000,5431.2,Air minum,Dikelola aman,Total,5.14
Laos,LAO,2000,5431.2,Air minum,Minimal dasar,Perdesaan,39.67
Laos,LAO,2000,5431.2,Air minum,Minimal dasar,Perkotaan,79.13
Laos,LAO,2000,5431.2,Air minum,Minimal dasar,Total,48.34
Laos,LAO,2000,5431.2,Air minum,Terbatas,Perdesaan,0.77
Laos,LAO,2000,5431.2,Air minum,Terbatas,Perkotaan,0.35
Laos,LAO,2000,5431.2,Air minum,Terbatas,Total,0.68
Laos,LAO,2000,5431.2,Air minum,Tidak layak,Perdesaan,29.71
Laos,LAO,2000,5431.2,Air minum,Tidak layak,Perkotaan,16.09
Laos,LAO,2000,5431.2,Air minum,Tidak layak,Total,26.72
Laos,LAO,2000,5431.2,Air minum,Air permukaan,Perdesaan,29.84
Laos,LAO,2000,5431.2,Air minum,Air permukaan,Perkotaan,4.43
Laos,LAO,2000,5431.2,Air minum,Air permukaan,Total,24.26
Laos,LAO,2000,5431.2,Air minum,Perpipaan,Perdesaan,10.19
Laos,LAO,2000,5431.2,Air minum,Perpipaan,Perkotaan,44.75
Laos,LAO,2000,5431.2,Air minum,Perpipaan,Total,17.79
Laos,LAO,2001,5521.5,Air minum,Dikelola aman,Perdesaan,3.65
Laos,LAO,2001,5521.5,Air minum,Dikelola aman,Perkotaan,17.06
Laos,LAO,2001,5521.5,Air minum,Dikelola aman,Total,6.73
Laos,LAO,2001,5521.5,Air minum,Minimal dasar,Perdesaan,41.74
Laos,LAO,2001,5521.5,Air minum,Minimal dasar,Perkotaan,80.0
Laos,LAO,2001,5521.5,Air minum,Minimal dasar,Total,50.54
Laos,LAO,2001,5521.5,Air minum,Terbatas,Perdesaan,0.91
Laos,LAO,2001,5521.5,Air minum,Terbatas,Perkotaan,0.38
Laos,LAO,2001,5521.5,Air minum,Terbatas,Total,0.78
Laos,LAO,2001,5521.5,Air minum,Tidak layak,Perdesaan,28.8
Laos,LAO,2001,5521.5,Air minum,Tidak layak,Perkotaan,15.39
Laos,LAO,2001,5521.5,Air minum,Tidak layak,Total,25.72
Laos,LAO,2001,5521.5,Air minum,Air permukaan,Perdesaan,28.56
Laos,LAO,2001,5521.5,Air minum,Air permukaan,Perkotaan,4.23
Laos,LAO,2001,5521.5,Air minum,Air permukaan,Total,22.96
Laos,LAO,2001,5521.5,Air minum,Perpipaan,Perdesaan,10.47
Laos,LAO,2001,5521.5,Air minum,Perpipaan,Perkotaan,45.67
Laos,LAO,2001,5521.5,Air minum,Perpipaan,Total,18.56
Laos,LAO,2002,5610.9,Air minum,Dikelola aman,Perdesaan,5.03
Laos,LAO,2002,5610.9,Air minum,Dikelola aman,Perkotaan,17.25
Laos,LAO,2002,5610.9,Air minum,Dikelola aman,Total,7.96
Laos,LAO,2002,5610.9,Air minum,Minimal dasar,Perdesaan,43.79
Laos,LAO,2002,5610.9,Air minum,Minimal dasar,Perkotaan,80.88
Laos,LAO,2002,5610.9,Air minum,Minimal dasar,Total,52.71
Laos,LAO,2002,5610.9,Air minum,Terbatas,Perdesaan,1.05
Laos,LAO,2002,5610.9,Air minum,Terbatas,Perkotaan,0.41
Laos,LAO,2002,5610.9,Air minum,Terbatas,Total,0.89
Laos,LAO,2002,5610.9,Air minum,Tidak layak,Perdesaan,27.89
Laos,LAO,2002,5610.9,Air minum,Tidak layak,Perkotaan,14.68
Laos,LAO,2002,5610.9,Air minum,Tidak layak,Total,24.72
Laos,LAO,2002,5610.9,Air minum,Air permukaan,Perdesaan,27.27
Laos,LAO,2002,5610.9,Air minum,Air permukaan,Perkotaan,4.03
Laos,LAO,2002,5610.9,Air minum,Air permukaan,Total,21.68
Laos,LAO,2002,5610.9,Air minum,Perpipaan,Perdesaan,10.74
Laos,LAO,2002,5610.9,Air minum,Perpipaan,Perkotaan,46.58
Laos,LAO,2002,5610.9,Air minum,Perpipaan,Total,19.36
Laos,LAO,2003,5697.9,Air minum,Dikelola aman,Perdesaan,5.27
Laos,LAO,2003,5697.9,Air minum,Dikelola aman,Perkotaan,17.44
Laos,LAO,2003,5697.9,Air minum,Dikelola aman,Total,8.33
Laos,LAO,2003,5697.9,Air minum,Minimal dasar,Perdesaan,45.84
Laos,LAO,2003,5697.9,Air minum,Minimal dasar,Perkotaan,81.75
Laos,LAO,2003,5697.9,Air minum,Minimal dasar,Total,54.87
Laos,LAO,2003,5697.9,Air minum,Terbatas,Perdesaan,1.2
Laos,LAO,2003,5697.9,Air minum,Terbatas,Perkotaan,0.44
Laos,LAO,2003,5697.9,Air minum,Terbatas,Total,1.01
Laos,LAO,2003,5697.9,Air minum,Tidak layak,Perdesaan,26.98
Laos,LAO,2003,5697.9,Air minum,Tidak layak,Perkotaan,13.98
Laos,LAO,2003,5697.9,Air minum,Tidak layak,Total,23.72
Laos,LAO,2003,5697.9,Air minum,Air permukaan,Perdesaan,25.98
Laos,LAO,2003,5697.9,Air minum,Air permukaan,Perkotaan,3.82
Laos,LAO,2003,5697.9,Air minum,Air permukaan,Total,20.41
Laos,LAO,2003,5697.9,Air minum,Perpipaan,Perdesaan,11.02
Laos,LAO,2003,5697.9,Air minum,Perpipaan,Perkotaan,47.49
Laos,LAO,2003,5697.9,Air minum,Perpipaan,Total,20.18
Laos,LAO,2004,5781.6,Air minum,Dikelola aman,Perdesaan,5.52
Laos,LAO,2004,5781.6,Air minum,Dikelola aman,Perkotaan,17.63
Laos,LAO,2004,5781.6,Air minum,Dikelola aman,Total,8.7
Laos,LAO,2004,5781.6,Air minum,Minimal dasar,Perdesaan,47.88
Laos,LAO,2004,5781.6,Air minum,Minimal dasar,Perkotaan,82.63
Laos,LAO,2004,5781.6,Air minum,Minimal dasar,Total,57.0
Laos,LAO,2004,5781.6,Air minum,Terbatas,Perdesaan,1.36
Laos,LAO,2004,5781.6,Air minum,Terbatas,Perkotaan,0.47
Laos,LAO,2004,5781.6,Air minum,Terbatas,Total,1.13
Laos,LAO,2004,5781.6,Air minum,Tidak layak,Perdesaan,26.07
Laos,LAO,2004,5781.6,Air minum,Tidak layak,Perkotaan,13.28
Laos,LAO,2004,5781.6,Air minum,Tidak layak,Total,22.72
Laos,LAO,2004,5781.6,Air minum,Air permukaan,Perdesaan,24.69
Laos,LAO,2004,5781.6,Air minum,Air permukaan,Perkotaan,3.62
Laos,LAO,2004,5781.6,Air minum,Air permukaan,Total,19.16
Laos,LAO,2004,5781.6,Air minum,Perpipaan,Perdesaan,11.29
Laos,LAO,2004,5781.6,Air minum,Perpipaan,Perkotaan,48.4
Laos,LAO,2004,5781.6,Air minum,Perpipaan,Total,21.03
Laos,LAO,2005,5869.5,Air minum,Dikelola aman,Perdesaan,5.77
Laos,LAO,2005,5869.5,Air minum,Dikelola aman,Perkotaan,17.82
Laos,LAO,2005,5869.5,Air minum,Dikelola aman,Total,9.04
Laos,LAO,2005,5869.5,Air minum,Minimal dasar,Perdesaan,49.91
Laos,LAO,2005,5869.5,Air minum,Minimal dasar,Perkotaan,83.5
Laos,LAO,2005,5869.5,Air minum,Minimal dasar,Total,59.04
Laos,LAO,2005,5869.5,Air minum,Terbatas,Perdesaan,1.53
Laos,LAO,2005,5869.5,Air minum,Terbatas,Perkotaan,0.5
Laos,LAO,2005,5869.5,Air minum,Terbatas,Total,1.25
Laos,LAO,2005,5869.5,Air minum,Tidak layak,Perdesaan,25.16
Laos,LAO,2005,5869.5,Air minum,Tidak layak,Perkotaan,12.58
Laos,LAO,2005,5869.5,Air minum,Tidak layak,Total,21.74
Laos,LAO,2005,5869.5,Air minum,Air permukaan,Perdesaan,23.4
Laos,LAO,2005,5869.5,Air minum,Air permukaan,Perkotaan,3.41
Laos,LAO,2005,5869.5,Air minum,Air permukaan,Total,17.96
Laos,LAO,2005,5869.5,Air minum,Perpipaan,Perdesaan,11.57
Laos,LAO,2005,5869.5,Air minum,Perpipaan,Perkotaan,49.31
Laos,LAO,2005,5869.5,Air minum,Perpipaan,Total,21.83
Laos,LAO,2006,5963.2,Air minum,Dikelola aman,Perdesaan,6.01
Laos,LAO,2006,5963.2,Air minum,Dikelola aman,Perkotaan,18.02
Laos,LAO,2006,5963.2,Air minum,Dikelola aman,Total,9.34
Laos,LAO,2006,5963.2,Air minum,Minimal dasar,Perdesaan,51.93
Laos,LAO,2006,5963.2,Air minum,Minimal dasar,Perkotaan,84.38
Laos,LAO,2006,5963.2,Air minum,Minimal dasar,Total,60.93
Laos,LAO,2006,5963.2,Air minum,Terbatas,Perdesaan,1.71
Laos,LAO,2006,5963.2,Air minum,Terbatas,Perkotaan,0.53
Laos,LAO,2006,5963.2,Air minum,Terbatas,Total,1.38
Laos,LAO,2006,5963.2,Air minum,Tidak layak,Perdesaan,24.25
Laos,LAO,2006,5963.2,Air minum,Tidak layak,Perkotaan,11.88
Laos,LAO,2006,5963.2,Air minum,Tidak layak,Total,20.82
Laos,LAO,2006,5963.2,Air minum,Air permukaan,Perdesaan,22.11
Laos,LAO,2006,5963.2,Air minum,Air permukaan,Perkotaan,3.21
Laos,LAO,2006,5963.2,Air minum,Air permukaan,Total,16.86
Laos,LAO,2006,5963.2,Air minum,Perpipaan,Perdesaan,11.84
Laos,LAO,2006,5963.2,Air minum,Perpipaan,Perkotaan,50.23
Laos,LAO,2006,5963.2,Air minum,Perpipaan,Total,22.49
Laos,LAO,2007,6056.2,Air minum,Dikelola aman,Perdesaan,6.26
Laos,LAO,2007,6056.2,Air minum,Dikelola aman,Perkotaan,18.21
Laos,LAO,2007,6056.2,Air minum,Dikelola aman,Total,9.64
Laos,LAO,2007,6056.2,Air minum,Minimal dasar,Perdesaan,53.94
Laos,LAO,2007,6056.2,Air minum,Minimal dasar,Perkotaan,85.25
Laos,LAO,2007,6056.2,Air minum,Minimal dasar,Total,62.81
Laos,LAO,2007,6056.2,Air minum,Terbatas,Perdesaan,1.9
Laos,LAO,2007,6056.2,Air minum,Terbatas,Perkotaan,0.56
Laos,LAO,2007,6056.2,Air minum,Terbatas,Total,1.52
Laos,LAO,2007,6056.2,Air minum,Tidak layak,Perdesaan,23.34
Laos,LAO,2007,6056.2,Air minum,Tidak layak,Perkotaan,11.18
Laos,LAO,2007,6056.2,Air minum,Tidak layak,Total,19.9
Laos,LAO,2007,6056.2,Air minum,Air permukaan,Perdesaan,20.82
Laos,LAO,2007,6056.2,Air minum,Air permukaan,Perkotaan,3.01
Laos,LAO,2007,6056.2,Air minum,Air permukaan,Total,15.77
Laos,LAO,2007,6056.2,Air minum,Perpipaan,Perdesaan,12.12
Laos,LAO,2007,6056.2,Air minum,Perpipaan,Perkotaan,51.14
Laos,LAO,2007,6056.2,Air minum,Perpipaan,Total,23.16
Laos,LAO,2008,6149.0,Air minum,Dikelola aman,Perdesaan,6.51
Laos,LAO,2008,6149.0,Air minum,Dikelola aman,Perkotaan,18.4
Laos,LAO,2008,6149.0,Air minum,Dikelola aman,Total,9.94
Laos,LAO,2008,6149.0,Air minum,Minimal dasar,Perdesaan,55.94
Laos,LAO,2008,6149.0,Air minum,Minimal dasar,Perkotaan,86.12
Laos,LAO,2008,6149.0,Air minum,Minimal dasar,Total,64.66
Laos,LAO,2008,6149.0,Air minum,Terbatas,Perdesaan,2.1
Laos,LAO,2008,6149.0,Air minum,Terbatas,Perkotaan,0.6
Laos,LAO,2008,6149.0,Air minum,Terbatas,Total,1.66
Laos,LAO,2008,6149.0,Air minum,Tidak layak,Perdesaan,22.43
Laos,LAO,2008,6149.0,Air minum,Tidak layak,Perkotaan,10.48
Laos,LAO,2008,6149.0,Air minum,Tidak layak,Total,18.98
Laos,LAO,2008,6149.0,Air minum,Air permukaan,Perdesaan,19.53
Laos,LAO,2008,6149.0,Air minum,Air permukaan,Perkotaan,2.8
Laos,LAO,2008,6149.0,Air minum,Air permukaan,Total,14.7
Laos,LAO,2008,6149.0,Air minum,Perpipaan,Perdesaan,12.39
Laos,LAO,2008,6149.0,Air minum,Perpipaan,Perkotaan,52.05
Laos,LAO,2008,6149.0,Air minum,Perpipaan,Total,23.85
Laos,LAO,2009,6241.6,Air minum,Dikelola aman,Perdesaan,6.75
Laos,LAO,2009,6241.6,Air minum,Dikelola aman,Perkotaan,18.59
Laos,LAO,2009,6241.6,Air minum,Dikelola aman,Total,10.24
Laos,LAO,2009,6241.6,Air minum,Minimal dasar,Perdesaan,57.93
Laos,LAO,2009,6241.6,Air minum,Minimal dasar,Perkotaan,87.0
Laos,LAO,2009,6241.6,Air minum,Minimal dasar,Total,66.5
Laos,LAO,2009,6241.6,Air minum,Terbatas,Perdesaan,2.3
Laos,LAO,2009,6241.6,Air minum,Terbatas,Perkotaan,0.63
Laos,LAO,2009,6241.6,Air minum,Terbatas,Total,1.81
Laos,LAO,2009,6241.6,Air minum,Tidak layak,Perdesaan,21.52
Laos,LAO,2009,6241.6,Air minum,Tidak layak,Perkotaan,9.78
Laos,LAO,2009,6241.6,Air minum,Tidak layak,Total,18.06
Laos,LAO,2009,6241.6,Air minum,Air permukaan,Perdesaan,18.24
Laos,LAO,2009,6241.6,Air minum,Air permukaan,Perkotaan,2.6
Laos,LAO,2009,6241.6,Air minum,Air permukaan,Total,13.63
Laos,LAO,2009,6241.6,Air minum,Perpipaan,Perdesaan,12.66
Laos,LAO,2009,6241.6,Air minum,Perpipaan,Perkotaan,52.96
Laos,LAO,2009,6241.6,Air minum,Perpipaan,Total,24.54
Laos,LAO,2010,6334.2,Air minum,Dikelola aman,Perdesaan,7.0
Laos,LAO,2010,6334.2,Air minum,Dikelola aman,Perkotaan,18.78
Laos,LAO,2010,6334.2,Air minum,Dikelola aman,Total,10.54
Laos,LAO,2010,6334.2,Air minum,Minimal dasar,Perdesaan,59.92
Laos,LAO,2010,6334.2,Air minum,Minimal dasar,Perkotaan,87.87
Laos,LAO,2010,6334.2,Air minum,Minimal dasar,Total,68.32
Laos,LAO,2010,6334.2,Air minum,Terbatas,Perdesaan,2.52
Laos,LAO,2010,6334.2,Air minum,Terbatas,Perkotaan,0.66
Laos,LAO,2010,6334.2,Air minum,Terbatas,Total,1.96
Laos,LAO,2010,6334.2,Air minum,Tidak layak,Perdesaan,20.61
Laos,LAO,2010,6334.2,Air minum,Tidak layak,Perkotaan,9.08
Laos,LAO,2010,6334.2,Air minum,Tidak layak,Total,17.14
Laos,LAO,2010,6334.2,Air minum,Air permukaan,Perdesaan,16.95
Laos,LAO,2010,6334.2,Air minum,Air permukaan,Perkotaan,2.39
Laos,LAO,2010,6334.2,Air minum,Air permukaan,Total,12.57
Laos,LAO,2010,6334.2,Air minum,Perpipaan,Perdesaan,12.94
Laos,LAO,2010,6334.2,Air minum,Perpipaan,Perkotaan,53.87
Laos,LAO,2010,6334.2,Air minum,Perpipaan,Total,25.24
Laos,LAO,2011,6426.6,Air minum,Dikelola aman,Perdesaan,7.24
Laos,LAO,2011,6426.6,Air minum,Dikelola aman,Perkotaan,18.98
Laos,LAO,2011,6426.6,Air minum,Dikelola aman,Total,10.84
Laos,LAO,2011,6426.6,Air minum,Minimal dasar,Perdesaan,61.89
Laos,LAO,2011,6426.6,Air minum,Minimal dasar,Perkotaan,88.74
Laos,LAO,2011,6426.6,Air minum,Minimal dasar,Total,70.12
Laos,LAO,2011,6426.6,Air minum,Terbatas,Perdesaan,2.75
Laos,LAO,2011,6426.6,Air minum,Terbatas,Perkotaan,0.69
Laos,LAO,2011,6426.6,Air minum,Terbatas,Total,2.12
Laos,LAO,2011,6426.6,Air minum,Tidak layak,Perdesaan,19.7
Laos,LAO,2011,6426.6,Air minum,Tidak layak,Perkotaan,8.37
Laos,LAO,2011,6426.6,Air minum,Tidak layak,Total,16.23
Laos,LAO,2011,6426.6,Air minum,Air permukaan,Perdesaan,15.66
Laos,LAO,2011,6426.6,Air minum,Air permukaan,Perkotaan,2.19
Laos,LAO,2011,6426.6,Air minum,Air permukaan,Total,11.53
Laos,LAO,2011,6426.6,Air minum,Perpipaan,Perdesaan,13.21
Laos,LAO,2011,6426.6,Air minum,Perpipaan,Perkotaan,54.78
Laos,LAO,2011,6426.6,Air minum,Perpipaan,Total,25.96
Laos,LAO,2012,6519.0,Air minum,Dikelola aman,Perdesaan,7.49
Laos,LAO,2012,6519.0,Air minum,Dikelola aman,Perkotaan,19.17
Laos,LAO,2012,6519.0,Air minum,Dikelola aman,Total,11.14
Laos,LAO,2012,6519.0,Air minum,Minimal dasar,Perdesaan,63.85
Laos,LAO,2012,6519.0,Air minum,Minimal dasar,Perkotaan,89.61
Laos,LAO,2012,6519.0,Air minum,Minimal dasar,Total,71.91
Laos,LAO,2012,6519.0,Air minum,Terbatas,Perdesaan,2.98
Laos,LAO,2012,6519.0,Air minum,Terbatas,Perkotaan,0.73
Laos,LAO,2012,6519.0,Air minum,Terbatas,Total,2.28
Laos,LAO,2012,6519.0,Air minum,Tidak layak,Perdesaan,18.79
Laos,LAO,2012,6519.0,Air minum,Tidak layak,Perkotaan,7.67
Laos,LAO,2012,6519.0,Air minum,Tidak layak,Total,15.32
Laos,LAO,2012,6519.0,Air minum,Air permukaan,Perdesaan,14.37
Laos,LAO,2012,6519.0,Air minum,Air permukaan,Perkotaan,1.99
Laos,LAO,2012,6519.0,Air minum,Air permukaan,Total,10.5
Laos,LAO,2012,6519.0,Air minum,Perpipaan,Perdesaan,13.49
Laos,LAO,2012,6519.0,Air minum,Perpipaan,Perkotaan,55.7
Laos,LAO,2012,6519.0,Air minum,Perpipaan,Total,26.68
Laos,LAO,2013,6611.4,Air minum,Dikelola aman,Perdesaan,7.74
Laos,LAO,2013,6611.4,Air minum,Dikelola aman,Perkotaan,19.36
Laos,LAO,2013,6611.4,Air minum,Dikelola aman,Total,11.44
Laos,LAO,2013,6611.4,Air minum,Minimal dasar,Perdesaan,65.81
Laos,LAO,2013,6611.4,Air minum,Minimal dasar,Perkotaan,90.48
Laos,LAO,2013,6611.4,Air minum,Minimal dasar,Total,73.67
Laos,LAO,2013,6611.4,Air minum,Terbatas,Perdesaan,3.23
Laos,LAO,2013,6611.4,Air minum,Terbatas,Perkotaan,0.76
Laos,LAO,2013,6611.4,Air minum,Terbatas,Total,2.44
Laos,LAO,2013,6611.4,Air minum,Tidak layak,Perdesaan,17.88
Laos,LAO,2013,6611.4,Air minum,Tidak layak,Perkotaan,6.97
Laos,LAO,2013,6611.4,Air minum,Tidak layak,Total,14.41
Laos,LAO,2013,6611.4,Air minum,Air permukaan,Perdesaan,13.08
Laos,LAO,2013,6611.4,Air minum,Air permukaan,Perkotaan,1.78
Laos,LAO,2013,6611.4,Air minum,Air permukaan,Total,9.48
Laos,LAO,2013,6611.4,Air minum,Perpipaan,Perdesaan,13.76
Laos,LAO,2013,6611.4,Air minum,Perpipaan,Perkotaan,56.61
Laos,LAO,2013,6611.4,Air minum,Perpipaan,Total,27.42
Laos,LAO,2014,6703.2,Air minum,Dikelola aman,Perdesaan,7.98
Laos,LAO,2014,6703.2,Air minum,Dikelola aman,Perkotaan,19.55
Laos,LAO,2014,6703.2,Air minum,Dikelola aman,Total,11.74
Laos,LAO,2014,6703.2,Air minum,Minimal dasar,Perdesaan,67.75
Laos,LAO,2014,6703.2,Air minum,Minimal dasar,Perkotaan,91.35
Laos,LAO,2014,6703.2,Air minum,Minimal dasar,Total,75.42
Laos,LAO,2014,6703.2,Air minum,Terbatas,Perdesaan,3.48
Laos,LAO,2014,6703.2,Air minum,Terbatas,Perkotaan,0.8
Laos,LAO,2014,6703.2,Air minum,Terbatas,Total,2.61
Laos,LAO,2014,6703.2,Air minum,Tidak layak,Perdesaan,16.97
Laos,LAO,2014,6703.2,Air minum,Tidak layak,Perkotaan,6.27
Laos,LAO,2014,6703.2,Air minum,Tidak layak,Total,13.5
Laos,LAO,2014,6703.2,Air minum,Air permukaan,Perdesaan,11.79
Laos,LAO,2014,6703.2,Air minum,Air permukaan,Perkotaan,1.58
Laos,LAO,2014,6703.2,Air minum,Air permukaan,Total,8.47
Laos,LAO,2014,6703.2,Air minum,Perpipaan,Perdesaan,14.04
Laos,LAO,2014,6703.2,Air minum,Perpipaan,Perkotaan,57.52
Laos,LAO,2014,6703.2,Air minum,Perpipaan,Total,28.16
Laos,LAO,2015,6801.6,Air minum,Dikelola aman,Perdesaan,8.23
Laos,LAO,2015,6801.6,Air minum,Dikelola aman,Perkotaan,19.74
Laos,LAO,2015,6801.6,Air minum,Dikelola aman,Total,12.04
Laos,LAO,2015,6801.6,Air minum,Minimal dasar,Perdesaan,69.69
Laos,LAO,2015,6801.6,Air minum,Minimal dasar,Perkotaan,92.22
Laos,LAO,2015,6801.6,Air minum,Minimal dasar,Total,77.15
Laos,LAO,2015,6801.6,Air minum,Terbatas,Perdesaan,3.75
Laos,LAO,2015,6801.6,Air minum,Terbatas,Perkotaan,0.84
Laos,LAO,2015,6801.6,Air minum,Terbatas,Total,2.78
Laos,LAO,2015,6801.6,Air minum,Tidak layak,Perdesaan,16.06
Laos,LAO,2015,6801.6,Air minum,Tidak layak,Perkotaan,5.57
Laos,LAO,2015,6801.6,Air minum,Tidak layak,Total,12.59
Laos,LAO,2015,6801.6,Air minum,Air permukaan,Perdesaan,10.5
Laos,LAO,2015,6801.6,Air minum,Air permukaan,Perkotaan,1.37
Laos,LAO,2015,6801.6,Air minum,Air permukaan,Total,7.48
Laos,LAO,2015,6801.6,Air minum,Perpipaan,Perdesaan,14.31
Laos,LAO,2015,6801.6,Air minum,Perpipaan,Perkotaan,58.43
Laos,LAO,2015,6801.6,Air minum,Perpipaan,Total,28.92
Laos,LAO,2016,6908.8,Air minum,Dikelola aman,Perdesaan,9.81
Laos,LAO,2016,6908.8,Air minum,Dikelola aman,Perkotaan,23.03
Laos,LAO,2016,6908.8,Air minum,Dikelola aman,Total,14.27
Laos,LAO,2016,6908.8,Air minum,Minimal dasar,Perdesaan,71.61
Laos,LAO,2016,6908.8,Air minum,Minimal dasar,Perkotaan,93.09
Laos,LAO,2016,6908.8,Air minum,Minimal dasar,Total,78.86
Laos,LAO,2016,6908.8,Air minum,Terbatas,Perdesaan,4.02
Laos,LAO,2016,6908.8,Air minum,Terbatas,Perkotaan,0.87
Laos,LAO,2016,6908.8,Air minum,Terbatas,Total,2.96
Laos,LAO,2016,6908.8,Air minum,Tidak layak,Perdesaan,15.15
Laos,LAO,2016,6908.8,Air minum,Tidak layak,Perkotaan,4.87
Laos,LAO,2016,6908.8,Air minum,Tidak layak,Total,11.68
Laos,LAO,2016,6908.8,Air minum,Air permukaan,Perdesaan,9.21
Laos,LAO,2016,6908.8,Air minum,Air permukaan,Perkotaan,1.17
Laos,LAO,2016,6908.8,Air minum,Air permukaan,Total,6.5
Laos,LAO,2016,6908.8,Air minum,Perpipaan,Perdesaan,14.58
Laos,LAO,2016,6908.8,Air minum,Perpipaan,Perkotaan,59.34
Laos,LAO,2016,6908.8,Air minum,Perpipaan,Total,29.68
Laos,LAO,2017,7018.1,Air minum,Dikelola aman,Perdesaan,11.46
Laos,LAO,2017,7018.1,Air minum,Dikelola aman,Perkotaan,26.38
Laos,LAO,2017,7018.1,Air minum,Dikelola aman,Total,16.59
Laos,LAO,2017,7018.1,Air minum,Minimal dasar,Perdesaan,73.53
Laos,LAO,2017,7018.1,Air minum,Minimal dasar,Perkotaan,93.96
Laos,LAO,2017,7018.1,Air minum,Minimal dasar,Total,80.55
Laos,LAO,2017,7018.1,Air minum,Terbatas,Perdesaan,4.3
Laos,LAO,2017,7018.1,Air minum,Terbatas,Perkotaan,0.91
Laos,LAO,2017,7018.1,Air minum,Terbatas,Total,3.14
Laos,LAO,2017,7018.1,Air minum,Tidak layak,Perdesaan,14.24
Laos,LAO,2017,7018.1,Air minum,Tidak layak,Perkotaan,4.17
Laos,LAO,2017,7018.1,Air minum,Tidak layak,Total,10.78
Laos,LAO,2017,7018.1,Air minum,Air permukaan,Perdesaan,7.92
Laos,LAO,2017,7018.1,Air minum,Air permukaan,Perkotaan,0.97
Laos,LAO,2017,7018.1,Air minum,Air permukaan,Total,5.53
Laos,LAO,2017,7018.1,Air minum,Perpipaan,Perdesaan,14.86
Laos,LAO,2017,7018.1,Air minum,Perpipaan,Perkotaan,60.26
Laos,LAO,2017,7018.1,Air minum,Perpipaan,Total,30.46
Laos,LAO,2018,7128.0,Air minum,Dikelola aman,Perdesaan,13.19
Laos,LAO,2018,7128.0,Air minum,Dikelola aman,Perkotaan,29.78
Laos,LAO,2018,7128.0,Air minum,Dikelola aman,Total,19.0
Laos,LAO,2018,7128.0,Air minum,Minimal dasar,Perdesaan,75.44
Laos,LAO,2018,7128.0,Air minum,Minimal dasar,Perkotaan,94.82
Laos,LAO,2018,7128.0,Air minum,Minimal dasar,Total,82.22
Laos,LAO,2018,7128.0,Air minum,Terbatas,Perdesaan,4.6
Laos,LAO,2018,7128.0,Air minum,Terbatas,Perkotaan,0.95
Laos,LAO,2018,7128.0,Air minum,Terbatas,Total,3.32
Laos,LAO,2018,7128.0,Air minum,Tidak layak,Perdesaan,13.33
Laos,LAO,2018,7128.0,Air minum,Tidak layak,Perkotaan,3.47
Laos,LAO,2018,7128.0,Air minum,Tidak layak,Total,9.88
Laos,LAO,2018,7128.0,Air minum,Air permukaan,Perdesaan,6.63
Laos,LAO,2018,7128.0,Air minum,Air permukaan,Perkotaan,0.76
Laos,LAO,2018,7128.0,Air minum,Air permukaan,Total,4.58
Laos,LAO,2018,7128.0,Air minum,Perpipaan,Perdesaan,15.13
Laos,LAO,2018,7128.0,Air minum,Perpipaan,Perkotaan,61.17
Laos,LAO,2018,7128.0,Air minum,Perpipaan,Total,31.25
Laos,LAO,2019,7237.6,Air minum,Dikelola aman,Perdesaan,15.0
Laos,LAO,2019,7237.6,Air minum,Dikelola aman,Perkotaan,33.25
Laos,LAO,2019,7237.6,Air minum,Dikelola aman,Total,21.51
Laos,LAO,2019,7237.6,Air minum,Minimal dasar,Perdesaan,77.34
Laos,LAO,2019,7237.6,Air minum,Minimal dasar,Perkotaan,95.69
Laos,LAO,2019,7237.6,Air minum,Minimal dasar,Total,83.88
Laos,LAO,2019,7237.6,Air minum,Terbatas,Perdesaan,4.9
Laos,LAO,2019,7237.6,Air minum,Terbatas,Perkotaan,0.98
Laos,LAO,2019,7237.6,Air minum,Terbatas,Total,3.5
Laos,LAO,2019,7237.6,Air minum,Tidak layak,Perdesaan,12.42
Laos,LAO,2019,7237.6,Air minum,Tidak layak,Perkotaan,2.77
Laos,LAO,2019,7237.6,Air minum,Tidak layak,Total,8.98
Laos,LAO,2019,7237.6,Air minum,Air permukaan,Perdesaan,5.34
Laos,LAO,2019,7237.6,Air minum,Air permukaan,Perkotaan,0.56
Laos,LAO,2019,7237.6,Air minum,Air permukaan,Total,3.64
Laos,LAO,2019,7237.6,Air minum,Perpipaan,Perdesaan,15.41
Laos,LAO,2019,7237.6,Air minum,Perpipaan,Perkotaan,62.08
Laos,LAO,2019,7237.6,Air minum,Perpipaan,Total,32.04
Laos,LAO,2020,7346.5,Air minum,Dikelola aman,Perdesaan,16.89
Laos,LAO,2020,7346.5,Air minum,Dikelola aman,Perkotaan,36.77
Laos,LAO,2020,7346.5,Air minum,Dikelola aman,Total,24.11
Laos,LAO,2020,7346.5,Air minum,Minimal dasar,Perdesaan,79.22
Laos,LAO,2020,7346.5,Air minum,Minimal dasar,Perkotaan,97.58
Laos,LAO,2020,7346.5,Air minum,Minimal dasar,Total,85.89
Laos,LAO,2020,7346.5,Air minum,Terbatas,Perdesaan,5.21
Laos,LAO,2020,7346.5,Air minum,Terbatas,Perkotaan,0.0
Laos,LAO,2020,7346.5,Air minum,Terbatas,Total,3.32
Laos,LAO,2020,7346.5,Air minum,Tidak layak,Perdesaan,11.51
Laos,LAO,2020,7346.5,Air minum,Tidak layak,Perkotaan,2.07
Laos,LAO,2020,7346.5,Air minum,Tidak layak,Total,8.08
Laos,LAO,2020,7346.5,Air minum,Air permukaan,Perdesaan,4.05
Laos,LAO,2020,7346.5,Air minum,Air permukaan,Perkotaan,0.35
Laos,LAO,2020,7346.5,Air minum,Air permukaan,Total,2.71
Laos,LAO,2020,7346.5,Air minum,Perpipaan,Perdesaan,15.68
Laos,LAO,2020,7346.5,Air minum,Perpipaan,Perkotaan,62.99
Laos,LAO,2020,7346.5,Air minum,Perpipaan,Total,32.85
Laos,LAO,2021,7453.2,Air minum,Dikelola aman,Perdesaan,18.86
Laos,LAO,2021,7453.2,Air minum,Dikelola aman,Perkotaan,40.35
Laos,LAO,2021,7453.2,Air minum,Dikelola aman,Total,26.8
Laos,LAO,2021,7453.2,Air minum,Minimal dasar,Perdesaan,81.1
Laos,LAO,2021,7453.2,Air minum,Minimal dasar,Perkotaan,98.49
Laos,LAO,2021,7453.2,Air minum,Minimal dasar,Total,87.52
Laos,LAO,2021,7453.2,Air minum,Terbatas,Perdesaan,5.53
Laos,LAO,2021,7453.2,Air minum,Terbatas,Perkotaan,0.0
Laos,LAO,2021,7453.2,Air minum,Terbatas,Total,3.49
Laos,LAO,2021,7453.2,Air minum,Tidak layak,Perdesaan,10.6
Laos,LAO,2021,7453.2,Air minum,Tidak layak,Perkotaan,1.36
Laos,LAO,2021,7453.2,Air minum,Tidak layak,Total,7.19
Laos,LAO,2021,7453.2,Air minum,Air permukaan,Perdesaan,2.77
Laos,LAO,2021,7453.2,Air minum,Air permukaan,Perkotaan,0.15
Laos,LAO,2021,7453.2,Air minum,Air permukaan,Total,1.8
Laos,LAO,2021,7453.2,Air minum,Perpipaan,Perdesaan,15.96
Laos,LAO,2021,7453.2,Air minum,Perpipaan,Perkotaan,63.9
Laos,LAO,2021,7453.2,Air minum,Perpipaan,Total,33.67
Laos,LAO,2022,7559.0,Air minum,Dikelola aman,Perdesaan,20.9
Laos,LAO,2022,7559.0,Air minum,Dikelola aman,Perkotaan,44.0
Laos,LAO,2022,7559.0,Air minum,Dikelola aman,Total,29.58
Laos,LAO,2022,7559.0,Air minum,Minimal dasar,Perdesaan,82.97
Laos,LAO,2022,7559.0,Air minum,Minimal dasar,Perkotaan,99.39
Laos,LAO,2022,7559.0,Air minum,Minimal dasar,Total,89.15
Laos,LAO,2022,7559.0,Air minum,Terbatas,Perdesaan,5.86
Laos,LAO,2022,7559.0,Air minum,Terbatas,Perkotaan,0.0
Laos,LAO,2022,7559.0,Air minum,Terbatas,Total,3.66
Laos,LAO,2022,7559.0,Air minum,Tidak layak,Perdesaan,9.69
Laos,LAO,2022,7559.0,Air minum,Tidak layak,Perkotaan,0.61
Laos,LAO,2022,7559.0,Air minum,Tidak layak,Total,6.28
Laos,LAO,2022,7559.0,Air minum,Air permukaan,Perdesaan,1.48
Laos,LAO,2022,7559.0,Air minum,Air permukaan,Perkotaan,0.0
Laos,LAO,2022,7559.0,Air minum,Air permukaan,Total,0.92
Laos,LAO,2022,7559.0,Air minum,Perpipaan,Perdesaan,16.23
Laos,LAO,2022,7559.0,Air minum,Perpipaan,Perkotaan,64.82
Laos,LAO,2022,7559.0,Air minum,Perpipaan,Total,34.49
Laos,LAO,2023,7665.0,Air minum,Dikelola aman,Perdesaan,23.02
Laos,LAO,2023,7665.0,Air minum,Dikelola aman,Perkotaan,47.56
Laos,LAO,2023,7665.0,Air minum,Dikelola aman,Total,32.4
Laos,LAO,2023,7665.0,Air minum,Minimal dasar,Perdesaan,88.06
Laos,LAO,2023,7665.0,Air minum,Minimal dasar,Perkotaan,100.0
Laos,LAO,2023,7665.0,Air minum,Minimal dasar,Total,92.63
Laos,LAO,2023,7665.0,Air minum,Terbatas,Perdesaan,2.97
Laos,LAO,2023,7665.0,Air minum,Terbatas,Perkotaan,0.0
Laos,LAO,2023,7665.0,Air minum,Terbatas,Total,1.84
Laos,LAO,2023,7665.0,Air minum,Tidak layak,Perdesaan,8.78
Laos,LAO,2023,7665.0,Air minum,Tidak layak,Perkotaan,0.0
Laos,LAO,2023,7665.0,Air minum,Tidak layak,Total,5.42
Laos,LAO,2023,7665.0,Air minum,Air permukaan,Perdesaan,0.19
Laos,LAO,2023,7665.0,Air minum,Air permukaan,Perkotaan,0.0
Laos,LAO,2023,7665.0,Air minum,Air permukaan,Total,0.12
Laos,LAO,2023,7665.0,Air minum,Perpipaan,Perdesaan,16.5
Laos,LAO,2023,7665.0,Air minum,Perpipaan,Perkotaan,65.73
Laos,LAO,2023,7665.0,Air minum,Perpipaan,Total,35.33
Laos,LAO,2024,7769.8,Air minum,Dikelola aman,Perdesaan,25.21
Laos,LAO,2024,7769.8,Air minum,Dikelola aman,Perkotaan,50.85
Laos,LAO,2024,7769.8,Air minum,Dikelola aman,Total,35.19
Laos,LAO,2024,7769.8,Air minum,Minimal dasar,Perdesaan,93.23
Laos,LAO,2024,7769.8,Air minum,Minimal dasar,Perkotaan,100.0
Laos,LAO,2024,7769.8,Air minum,Minimal dasar,Total,95.86
Laos,LAO,2024,7769.8,Air minum,Terbatas,Perdesaan,0.0
Laos,LAO,2024,7769.8,Air minum,Terbatas,Perkotaan,0.0
Laos,LAO,2024,7769.8,Air minum,Terbatas,Total,0.0
Laos,LAO,2024,7769.8,Air minum,Tidak layak,Perdesaan,6.77
Laos,LAO,2024,7769.8,Air minum,Tidak layak,Perkotaan,0.0
Laos,LAO,2024,7769.8,Air minum,Tidak layak,Total,4.14
Laos,LAO,2024,7769.8,Air minum,Air permukaan,Perdesaan,0.0
Laos,LAO,2024,7769.8,Air minum,Air permukaan,Perkotaan,0.0
Laos,LAO,2024,7769.8,Air minum,Air permukaan,Total,0.0
Laos,LAO,2024,7769.8,Air minum,Perpipaan,Perdesaan,16.78
Laos,LAO,2024,7769.8,Air minum,Perpipaan,Perkotaan,66.64
Laos,LAO,2024,7769.8,Air minum,Perpipaan,Total,36.18
Malaysia,MYS,2000,22967.8,Air minum,Dikelola aman,Total,91.83
Malaysia,MYS,2000,22967.8,Air minum,Minimal dasar,Perdesaan,92.36
Malaysia,MYS,2000,22967.8,Air minum,Minimal dasar,Perkotaan,98.4
Malaysia,MYS,2000,22967.8,Air minum,Minimal dasar,Total,96.11
Malaysia,MYS,2000,22967.8,Air minum,Terbatas,Perdesaan,0.56
Malaysia,MYS,2000,22967.8,Air minum,Terbatas,Perkotaan,0.3
Malaysia,MYS,2000,22967.8,Air minum,Terbatas,Total,0.4
Malaysia,MYS,2000,22967.8,Air minum,Tidak layak,Perdesaan,4.98
Malaysia,MYS,2000,22967.8,Air minum,Tidak layak,Perkotaan,1.21
Malaysia,MYS,2000,22967.8,Air minum,Tidak layak,Total,2.64
Malaysia,MYS,2000,22967.8,Air minum,Air permukaan,Perdesaan,2.1
Malaysia,MYS,2000,22967.8,Air minum,Air permukaan,Perkotaan,0.09
Malaysia,MYS,2000,22967.8,Air minum,Air permukaan,Total,0.85
Malaysia,MYS,2000,22967.8,Air minum,Perpipaan,Perdesaan,85.93
Malaysia,MYS,2000,22967.8,Air minum,Perpipaan,Perkotaan,97.3
Malaysia,MYS,2000,22967.8,Air minum,Perpipaan,Total,92.98
Malaysia,MYS,2001,23526.5,Air minum,Dikelola aman,Total,92.0
Malaysia,MYS,2001,23526.5,Air minum,Minimal dasar,Perdesaan,92.48
Malaysia,MYS,2001,23526.5,Air minum,Minimal dasar,Perkotaan,98.41
Malaysia,MYS,2001,23526.5,Air minum,Minimal dasar,Total,96.21
Malaysia,MYS,2001,23526.5,Air minum,Terbatas,Perdesaan,0.56
Malaysia,MYS,2001,23526.5,Air minum,Terbatas,Perkotaan,0.3
Malaysia,MYS,2001,23526.5,Air minum,Terbatas,Total,0.39
Malaysia,MYS,2001,23526.5,Air minum,Tidak layak,Perdesaan,4.86
Malaysia,MYS,2001,23526.5,Air minum,Tidak layak,Perkotaan,1.2
Malaysia,MYS,2001,23526.5,Air minum,Tidak layak,Total,2.56
Malaysia,MYS,2001,23526.5,Air minum,Air permukaan,Perdesaan,2.1
Malaysia,MYS,2001,23526.5,Air minum,Air permukaan,Perkotaan,0.09
Malaysia,MYS,2001,23526.5,Air minum,Air permukaan,Total,0.84
Malaysia,MYS,2001,23526.5,Air minum,Perpipaan,Perdesaan,86.31
Malaysia,MYS,2001,23526.5,Air minum,Perpipaan,Perkotaan,97.29
Malaysia,MYS,2001,23526.5,Air minum,Perpipaan,Total,93.22
Malaysia,MYS,2002,24102.5,Air minum,Dikelola aman,Total,92.16
Malaysia,MYS,2002,24102.5,Air minum,Minimal dasar,Perdesaan,92.6
Malaysia,MYS,2002,24102.5,Air minum,Minimal dasar,Perkotaan,98.42
Malaysia,MYS,2002,24102.5,Air minum,Minimal dasar,Total,96.32
Malaysia,MYS,2002,24102.5,Air minum,Terbatas,Perdesaan,0.56
Malaysia,MYS,2002,24102.5,Air minum,Terbatas,Perkotaan,0.3
Malaysia,MYS,2002,24102.5,Air minum,Terbatas,Total,0.39
Malaysia,MYS,2002,24102.5,Air minum,Tidak layak,Perdesaan,4.74
Malaysia,MYS,2002,24102.5,Air minum,Tidak layak,Perkotaan,1.19
Malaysia,MYS,2002,24102.5,Air minum,Tidak layak,Total,2.47
Malaysia,MYS,2002,24102.5,Air minum,Air permukaan,Perdesaan,2.1
Malaysia,MYS,2002,24102.5,Air minum,Air permukaan,Perkotaan,0.09
Malaysia,MYS,2002,24102.5,Air minum,Air permukaan,Total,0.82
Malaysia,MYS,2002,24102.5,Air minum,Perpipaan,Perdesaan,86.69
Malaysia,MYS,2002,24102.5,Air minum,Perpipaan,Perkotaan,97.29
Malaysia,MYS,2002,24102.5,Air minum,Perpipaan,Total,93.46
Malaysia,MYS,2003,24679.6,Air minum,Dikelola aman,Total,92.31
Malaysia,MYS,2003,24679.6,Air minum,Minimal dasar,Perdesaan,92.72
Malaysia,MYS,2003,24679.6,Air minum,Minimal dasar,Perkotaan,98.43
Malaysia,MYS,2003,24679.6,Air minum,Minimal dasar,Total,96.42
Malaysia,MYS,2003,24679.6,Air minum,Terbatas,Perdesaan,0.56
Malaysia,MYS,2003,24679.6,Air minum,Terbatas,Perkotaan,0.3
Malaysia,MYS,2003,24679.6,Air minum,Terbatas,Total,0.39
Malaysia,MYS,2003,24679.6,Air minum,Tidak layak,Perdesaan,4.62
Malaysia,MYS,2003,24679.6,Air minum,Tidak layak,Perkotaan,1.18
Malaysia,MYS,2003,24679.6,Air minum,Tidak layak,Total,2.39
Malaysia,MYS,2003,24679.6,Air minum,Air permukaan,Perdesaan,2.1
Malaysia,MYS,2003,24679.6,Air minum,Air permukaan,Perkotaan,0.09
Malaysia,MYS,2003,24679.6,Air minum,Air permukaan,Total,0.8
Malaysia,MYS,2003,24679.6,Air minum,Perpipaan,Perdesaan,87.07
Malaysia,MYS,2003,24679.6,Air minum,Perpipaan,Perkotaan,97.28
Malaysia,MYS,2003,24679.6,Air minum,Perpipaan,Total,93.68
Malaysia,MYS,2004,25256.8,Air minum,Dikelola aman,Total,92.47
Malaysia,MYS,2004,25256.8,Air minum,Minimal dasar,Perdesaan,92.84
Malaysia,MYS,2004,25256.8,Air minum,Minimal dasar,Perkotaan,98.45
Malaysia,MYS,2004,25256.8,Air minum,Minimal dasar,Total,96.52
Malaysia,MYS,2004,25256.8,Air minum,Terbatas,Perdesaan,0.56
Malaysia,MYS,2004,25256.8,Air minum,Terbatas,Perkotaan,0.3
Malaysia,MYS,2004,25256.8,Air minum,Terbatas,Total,0.39
Malaysia,MYS,2004,25256.8,Air minum,Tidak layak,Perdesaan,4.5
Malaysia,MYS,2004,25256.8,Air minum,Tidak layak,Perkotaan,1.17
Malaysia,MYS,2004,25256.8,Air minum,Tidak layak,Total,2.31
Malaysia,MYS,2004,25256.8,Air minum,Air permukaan,Perdesaan,2.1
Malaysia,MYS,2004,25256.8,Air minum,Air permukaan,Perkotaan,0.09
Malaysia,MYS,2004,25256.8,Air minum,Air permukaan,Total,0.78
Malaysia,MYS,2004,25256.8,Air minum,Perpipaan,Perdesaan,87.45
Malaysia,MYS,2004,25256.8,Air minum,Perpipaan,Perkotaan,97.27
Malaysia,MYS,2004,25256.8,Air minum,Perpipaan,Total,93.9
Malaysia,MYS,2005,25836.1,Air minum,Dikelola aman,Total,92.62
Malaysia,MYS,2005,25836.1,Air minum,Minimal dasar,Perdesaan,92.95
Malaysia,MYS,2005,25836.1,Air minum,Minimal dasar,Perkotaan,98.46
Malaysia,MYS,2005,25836.1,Air minum,Minimal dasar,Total,96.62
Malaysia,MYS,2005,25836.1,Air minum,Terbatas,Perdesaan,0.56
Malaysia,MYS,2005,25836.1,Air minum,Terbatas,Perkotaan,0.3
Malaysia,MYS,2005,25836.1,Air minum,Terbatas,Total,0.38
Malaysia,MYS,2005,25836.1,Air minum,Tidak layak,Perdesaan,4.38
Malaysia,MYS,2005,25836.1,Air minum,Tidak layak,Perkotaan,1.16
Malaysia,MYS,2005,25836.1,Air minum,Tidak layak,Total,2.24
Malaysia,MYS,2005,25836.1,Air minum,Air permukaan,Perdesaan,2.1
Malaysia,MYS,2005,25836.1,Air minum,Air permukaan,Perkotaan,0.09
Malaysia,MYS,2005,25836.1,Air minum,Air permukaan,Total,0.76
Malaysia,MYS,2005,25836.1,Air minum,Perpipaan,Perdesaan,87.83
Malaysia,MYS,2005,25836.1,Air minum,Perpipaan,Perkotaan,97.26
Malaysia,MYS,2005,25836.1,Air minum,Perpipaan,Total,94.11
Malaysia,MYS,2006,26417.9,Air minum,Dikelola aman,Total,92.77
Malaysia,MYS,2006,26417.9,Air minum,Minimal dasar,Perdesaan,93.07
Malaysia,MYS,2006,26417.9,Air minum,Minimal dasar,Perkotaan,98.47
Malaysia,MYS,2006,26417.9,Air minum,Minimal dasar,Total,96.71
Malaysia,MYS,2006,26417.9,Air minum,Terbatas,Perdesaan,0.56
Malaysia,MYS,2006,26417.9,Air minum,Terbatas,Perkotaan,0.3
Malaysia,MYS,2006,26417.9,Air minum,Terbatas,Total,0.38
Malaysia,MYS,2006,26417.9,Air minum,Tidak layak,Perdesaan,4.27
Malaysia,MYS,2006,26417.9,Air minum,Tidak layak,Perkotaan,1.15
Malaysia,MYS,2006,26417.9,Air minum,Tidak layak,Total,2.16
Malaysia,MYS,2006,26417.9,Air minum,Air permukaan,Perdesaan,2.1
Malaysia,MYS,2006,26417.9,Air minum,Air permukaan,Perkotaan,0.09
Malaysia,MYS,2006,26417.9,Air minum,Air permukaan,Total,0.74
Malaysia,MYS,2006,26417.9,Air minum,Perpipaan,Perdesaan,88.21
Malaysia,MYS,2006,26417.9,Air minum,Perpipaan,Perkotaan,97.26
Malaysia,MYS,2006,26417.9,Air minum,Perpipaan,Total,94.31
Malaysia,MYS,2007,26998.4,Air minum,Dikelola aman,Total,92.91
Malaysia,MYS,2007,26998.4,Air minum,Minimal dasar,Perdesaan,93.19
Malaysia,MYS,2007,26998.4,Air minum,Minimal dasar,Perkotaan,98.48
Malaysia,MYS,2007,26998.4,Air minum,Minimal dasar,Total,96.8
Malaysia,MYS,2007,26998.4,Air minum,Terbatas,Perdesaan,0.56
Malaysia,MYS,2007,26998.4,Air minum,Terbatas,Perkotaan,0.3
Malaysia,MYS,2007,26998.4,Air minum,Terbatas,Total,0.38
Malaysia,MYS,2007,26998.4,Air minum,Tidak layak,Perdesaan,4.15
Malaysia,MYS,2007,26998.4,Air minum,Tidak layak,Perkotaan,1.14
Malaysia,MYS,2007,26998.4,Air minum,Tidak layak,Total,2.09
Malaysia,MYS,2007,26998.4,Air minum,Air permukaan,Perdesaan,2.1
Malaysia,MYS,2007,26998.4,Air minum,Air permukaan,Perkotaan,0.09
Malaysia,MYS,2007,26998.4,Air minum,Air permukaan,Total,0.73
Malaysia,MYS,2007,26998.4,Air minum,Perpipaan,Perdesaan,88.59
Malaysia,MYS,2007,26998.4,Air minum,Perpipaan,Perkotaan,97.25
Malaysia,MYS,2007,26998.4,Air minum,Perpipaan,Total,94.51
Malaysia,MYS,2008,27570.1,Air minum,Dikelola aman,Total,93.05
Malaysia,MYS,2008,27570.1,Air minum,Minimal dasar,Perdesaan,93.31
Malaysia,MYS,2008,27570.1,Air minum,Minimal dasar,Perkotaan,98.49
Malaysia,MYS,2008,27570.1,Air minum,Minimal dasar,Total,96.89
Malaysia,MYS,2008,27570.1,Air minum,Terbatas,Perdesaan,0.56
Malaysia,MYS,2008,27570.1,Air minum,Terbatas,Perkotaan,0.3
Malaysia,MYS,2008,27570.1,Air minum,Terbatas,Total,0.38
Malaysia,MYS,2008,27570.1,Air minum,Tidak layak,Perdesaan,6.13
Malaysia,MYS,2008,27570.1,Air minum,Tidak layak,Perkotaan,1.12
Malaysia,MYS,2008,27570.1,Air minum,Tidak layak,Total,2.73
Malaysia,MYS,2008,27570.1,Air minum,Air permukaan,Perkotaan,0.09
Malaysia,MYS,2008,27570.1,Air minum,Perpipaan,Perdesaan,88.97
Malaysia,MYS,2008,27570.1,Air minum,Perpipaan,Perkotaan,97.24
Malaysia,MYS,2008,27570.1,Air minum,Perpipaan,Total,94.69
Malaysia,MYS,2009,28124.8,Air minum,Dikelola aman,Total,93.19
Malaysia,MYS,2009,28124.8,Air minum,Minimal dasar,Perdesaan,93.43
Malaysia,MYS,2009,28124.8,Air minum,Minimal dasar,Perkotaan,98.5
Malaysia,MYS,2009,28124.8,Air minum,Minimal dasar,Total,96.98
Malaysia,MYS,2009,28124.8,Air minum,Terbatas,Perdesaan,0.56
Malaysia,MYS,2009,28124.8,Air minum,Terbatas,Perkotaan,0.3
Malaysia,MYS,2009,28124.8,Air minum,Terbatas,Total,0.38
Malaysia,MYS,2009,28124.8,Air minum,Tidak layak,Perdesaan,6.01
Malaysia,MYS,2009,28124.8,Air minum,Tidak layak,Perkotaan,1.11
Malaysia,MYS,2009,28124.8,Air minum,Tidak layak,Total,2.64
Malaysia,MYS,2009,28124.8,Air minum,Air permukaan,Perkotaan,0.09
Malaysia,MYS,2009,28124.8,Air minum,Perpipaan,Perdesaan,89.35
Malaysia,MYS,2009,28124.8,Air minum,Perpipaan,Perkotaan,97.23
Malaysia,MYS,2009,28124.8,Air minum,Perpipaan,Total,94.87
Malaysia,MYS,2010,28655.8,Air minum,Dikelola aman,Total,93.33
Malaysia,MYS,2010,28655.8,Air minum,Minimal dasar,Perdesaan,93.54
Malaysia,MYS,2010,28655.8,Air minum,Minimal dasar,Perkotaan,98.51
Malaysia,MYS,2010,28655.8,Air minum,Minimal dasar,Total,97.07
Malaysia,MYS,2010,28655.8,Air minum,Terbatas,Perdesaan,0.56
Malaysia,MYS,2010,28655.8,Air minum,Terbatas,Perkotaan,0.3
Malaysia,MYS,2010,28655.8,Air minum,Terbatas,Total,0.37
Malaysia,MYS,2010,28655.8,Air minum,Tidak layak,Perdesaan,5.89
Malaysia,MYS,2010,28655.8,Air minum,Tidak layak,Perkotaan,1.1
Malaysia,MYS,2010,28655.8,Air minum,Tidak layak,Total,2.56
Malaysia,MYS,2010,28655.8,Air minum,Air permukaan,Perkotaan,0.09
Malaysia,MYS,2010,28655.8,Air minum,Perpipaan,Perdesaan,89.73
Malaysia,MYS,2010,28655.8,Air minum,Perpipaan,Perkotaan,97.23
Malaysia,MYS,2010,28655.8,Air minum,Perpipaan,Total,95.04
Malaysia,MYS,2011,29162.0,Air minum,Dikelola aman,Total,93.44
Malaysia,MYS,2011,29162.0,Air minum,Minimal dasar,Perdesaan,93.66
Malaysia,MYS,2011,29162.0,Air minum,Minimal dasar,Perkotaan,98.52
Malaysia,MYS,2011,29162.0,Air minum,Minimal dasar,Total,97.14
Malaysia,MYS,2011,29162.0,Air minum,Terbatas,Perdesaan,0.57
Malaysia,MYS,2011,29162.0,Air minum,Terbatas,Perkotaan,0.3
Malaysia,MYS,2011,29162.0,Air minum,Terbatas,Total,0.37
Malaysia,MYS,2011,29162.0,Air minum,Tidak layak,Perdesaan,5.77
Malaysia,MYS,2011,29162.0,Air minum,Tidak layak,Perkotaan,1.09
Malaysia,MYS,2011,29162.0,Air minum,Tidak layak,Total,2.49
Malaysia,MYS,2011,29162.0,Air minum,Air permukaan,Perkotaan,0.09
Malaysia,MYS,2011,29162.0,Air minum,Perpipaan,Perdesaan,90.11
Malaysia,MYS,2011,29162.0,Air minum,Perpipaan,Perkotaan,97.22
Malaysia,MYS,2011,29162.0,Air minum,Perpipaan,Total,95.2
Malaysia,MYS,2012,29662.8,Air minum,Dikelola aman,Total,93.56
Malaysia,MYS,2012,29662.8,Air minum,Minimal dasar,Perdesaan,93.78
Malaysia,MYS,2012,29662.8,Air minum,Minimal dasar,Perkotaan,98.53
Malaysia,MYS,2012,29662.8,Air minum,Minimal dasar,Total,97.21
Malaysia,MYS,2012,29662.8,Air minum,Terbatas,Perdesaan,0.57
Malaysia,MYS,2012,29662.8,Air minum,Terbatas,Perkotaan,0.3
Malaysia,MYS,2012,29662.8,Air minum,Terbatas,Total,0.37
Malaysia,MYS,2012,29662.8,Air minum,Tidak layak,Perdesaan,5.65
Malaysia,MYS,2012,29662.8,Air minum,Tidak layak,Perkotaan,1.08
Malaysia,MYS,2012,29662.8,Air minum,Tidak layak,Total,2.41
Malaysia,MYS,2012,29662.8,Air minum,Air permukaan,Perkotaan,0.09
Malaysia,MYS,2012,29662.8,Air minum,Perpipaan,Perdesaan,90.48
Malaysia,MYS,2012,29662.8,Air minum,Perpipaan,Perkotaan,97.21
Malaysia,MYS,2012,29662.8,Air minum,Perpipaan,Total,95.35
Malaysia,MYS,2013,30174.3,Air minum,Dikelola aman,Total,93.67
Malaysia,MYS,2013,30174.3,Air minum,Minimal dasar,Perdesaan,93.9
Malaysia,MYS,2013,30174.3,Air minum,Minimal dasar,Perkotaan,98.54
Malaysia,MYS,2013,30174.3,Air minum,Minimal dasar,Total,97.29
Malaysia,MYS,2013,30174.3,Air minum,Terbatas,Perdesaan,0.57
Malaysia,MYS,2013,30174.3,Air minum,Terbatas,Perkotaan,0.3
Malaysia,MYS,2013,30174.3,Air minum,Terbatas,Total,0.37
Malaysia,MYS,2013,30174.3,Air minum,Tidak layak,Perdesaan,5.53
Malaysia,MYS,2013,30174.3,Air minum,Tidak layak,Perkotaan,1.07
Malaysia,MYS,2013,30174.3,Air minum,Tidak layak,Total,2.34
Malaysia,MYS,2013,30174.3,Air minum,Air permukaan,Perkotaan,0.09
Malaysia,MYS,2013,30174.3,Air minum,Perpipaan,Perdesaan,90.86
Malaysia,MYS,2013,30174.3,Air minum,Perpipaan,Perkotaan,97.2
Malaysia,MYS,2013,30174.3,Air minum,Perpipaan,Total,95.49
Malaysia,MYS,2014,30696.1,Air minum,Dikelola aman,Total,93.77
Malaysia,MYS,2014,30696.1,Air minum,Minimal dasar,Perdesaan,94.02
Malaysia,MYS,2014,30696.1,Air minum,Minimal dasar,Perkotaan,98.55
Malaysia,MYS,2014,30696.1,Air minum,Minimal dasar,Total,97.36
Malaysia,MYS,2014,30696.1,Air minum,Terbatas,Perdesaan,0.57
Malaysia,MYS,2014,30696.1,Air minum,Terbatas,Perkotaan,0.3
Malaysia,MYS,2014,30696.1,Air minum,Terbatas,Total,0.37
Malaysia,MYS,2014,30696.1,Air minum,Tidak layak,Perdesaan,5.42
Malaysia,MYS,2014,30696.1,Air minum,Tidak layak,Perkotaan,1.06
Malaysia,MYS,2014,30696.1,Air minum,Tidak layak,Total,2.28
Malaysia,MYS,2014,30696.1,Air minum,Air permukaan,Perkotaan,0.09
Malaysia,MYS,2014,30696.1,Air minum,Perpipaan,Perdesaan,91.24
Malaysia,MYS,2014,30696.1,Air minum,Perpipaan,Perkotaan,97.2
Malaysia,MYS,2014,30696.1,Air minum,Perpipaan,Total,95.62
Malaysia,MYS,2015,31232.8,Air minum,Dikelola aman,Total,93.88
Malaysia,MYS,2015,31232.8,Air minum,Minimal dasar,Perdesaan,94.14
Malaysia,MYS,2015,31232.8,Air minum,Minimal dasar,Perkotaan,98.57
Malaysia,MYS,2015,31232.8,Air minum,Minimal dasar,Total,97.42
Malaysia,MYS,2015,31232.8,Air minum,Terbatas,Perdesaan,0.57
Malaysia,MYS,2015,31232.8,Air minum,Terbatas,Perkotaan,0.3
Malaysia,MYS,2015,31232.8,Air minum,Terbatas,Total,0.37
Malaysia,MYS,2015,31232.8,Air minum,Tidak layak,Perdesaan,5.3
Malaysia,MYS,2015,31232.8,Air minum,Tidak layak,Perkotaan,1.05
Malaysia,MYS,2015,31232.8,Air minum,Tidak layak,Total,2.21
Malaysia,MYS,2015,31232.8,Air minum,Air permukaan,Perkotaan,0.09
Malaysia,MYS,2015,31232.8,Air minum,Perpipaan,Perdesaan,91.62
Malaysia,MYS,2015,31232.8,Air minum,Perpipaan,Perkotaan,97.19
Malaysia,MYS,2015,31232.8,Air minum,Perpipaan,Total,95.75
Malaysia,MYS,2016,31789.7,Air minum,Dikelola aman,Total,93.98
Malaysia,MYS,2016,31789.7,Air minum,Minimal dasar,Perdesaan,94.25
Malaysia,MYS,2016,31789.7,Air minum,Minimal dasar,Perkotaan,98.58
Malaysia,MYS,2016,31789.7,Air minum,Minimal dasar,Total,97.49
Malaysia,MYS,2016,31789.7,Air minum,Terbatas,Perdesaan,0.57
Malaysia,MYS,2016,31789.7,Air minum,Terbatas,Perkotaan,0.3
Malaysia,MYS,2016,31789.7,Air minum,Terbatas,Total,0.37
Malaysia,MYS,2016,31789.7,Air minum,Tidak layak,Perdesaan,5.18
Malaysia,MYS,2016,31789.7,Air minum,Tidak layak,Perkotaan,1.04
Malaysia,MYS,2016,31789.7,Air minum,Tidak layak,Total,2.15
Malaysia,MYS,2016,31789.7,Air minum,Air permukaan,Perkotaan,0.09
Malaysia,MYS,2016,31789.7,Air minum,Perpipaan,Perdesaan,92.0
Malaysia,MYS,2016,31789.7,Air minum,Perpipaan,Perkotaan,97.18
Malaysia,MYS,2016,31789.7,Air minum,Perpipaan,Total,95.88
Malaysia,MYS,2017,32355.6,Air minum,Dikelola aman,Total,94.08
Malaysia,MYS,2017,32355.6,Air minum,Minimal dasar,Perdesaan,94.37
Malaysia,MYS,2017,32355.6,Air minum,Minimal dasar,Perkotaan,98.59
Malaysia,MYS,2017,32355.6,Air minum,Minimal dasar,Total,97.55
Malaysia,MYS,2017,32355.6,Air minum,Terbatas,Perdesaan,0.57
Malaysia,MYS,2017,32355.6,Air minum,Terbatas,Perkotaan,0.3
Malaysia,MYS,2017,32355.6,Air minum,Terbatas,Total,0.36
Malaysia,MYS,2017,32355.6,Air minum,Tidak layak,Perdesaan,5.06
Malaysia,MYS,2017,32355.6,Air minum,Tidak layak,Perkotaan,1.03
Malaysia,MYS,2017,32355.6,Air minum,Tidak layak,Total,2.08
Malaysia,MYS,2017,32355.6,Air minum,Air permukaan,Perkotaan,0.09
Malaysia,MYS,2017,32355.6,Air minum,Perpipaan,Perdesaan,92.38
Malaysia,MYS,2017,32355.6,Air minum,Perpipaan,Perkotaan,97.17
Malaysia,MYS,2017,32355.6,Air minum,Perpipaan,Total,96.0
Malaysia,MYS,2018,32911.0,Air minum,Dikelola aman,Total,94.18
Malaysia,MYS,2018,32911.0,Air minum,Minimal dasar,Perdesaan,94.49
Malaysia,MYS,2018,32911.0,Air minum,Minimal dasar,Perkotaan,98.6
Malaysia,MYS,2018,32911.0,Air minum,Minimal dasar,Total,97.61
Malaysia,MYS,2018,32911.0,Air minum,Terbatas,Perdesaan,0.57
Malaysia,MYS,2018,32911.0,Air minum,Terbatas,Perkotaan,0.3
Malaysia,MYS,2018,32911.0,Air minum,Terbatas,Total,0.36
Malaysia,MYS,2018,32911.0,Air minum,Tidak layak,Perdesaan,4.94
Malaysia,MYS,2018,32911.0,Air minum,Tidak layak,Perkotaan,1.02
Malaysia,MYS,2018,32911.0,Air minum,Tidak layak,Total,2.02
Malaysia,MYS,2018,32911.0,Air minum,Air permukaan,Perkotaan,0.09
Malaysia,MYS,2018,32911.0,Air minum,Perpipaan,Perdesaan,92.76
Malaysia,MYS,2018,32911.0,Air minum,Perpipaan,Perkotaan,97.17
Malaysia,MYS,2018,32911.0,Air minum,Perpipaan,Total,96.11
Malaysia,MYS,2019,33440.6,Air minum,Dikelola aman,Total,94.27
Malaysia,MYS,2019,33440.6,Air minum,Minimal dasar,Perdesaan,94.61
Malaysia,MYS,2019,33440.6,Air minum,Minimal dasar,Perkotaan,98.61
Malaysia,MYS,2019,33440.6,Air minum,Minimal dasar,Total,97.67
Malaysia,MYS,2019,33440.6,Air minum,Terbatas,Perdesaan,0.57
Malaysia,MYS,2019,33440.6,Air minum,Terbatas,Perkotaan,0.3
Malaysia,MYS,2019,33440.6,Air minum,Terbatas,Total,0.36
Malaysia,MYS,2019,33440.6,Air minum,Tidak layak,Perdesaan,4.82
Malaysia,MYS,2019,33440.6,Air minum,Tidak layak,Perkotaan,1.0
Malaysia,MYS,2019,33440.6,Air minum,Tidak layak,Total,1.97
Malaysia,MYS,2019,33440.6,Air minum,Air permukaan,Perkotaan,0.09
Malaysia,MYS,2019,33440.6,Air minum,Perpipaan,Perdesaan,93.14
Malaysia,MYS,2019,33440.6,Air minum,Perpipaan,Perkotaan,97.16
Malaysia,MYS,2019,33440.6,Air minum,Perpipaan,Total,96.22
Malaysia,MYS,2020,33889.6,Air minum,Dikelola aman,Total,94.36
Malaysia,MYS,2020,33889.6,Air minum,Minimal dasar,Perdesaan,94.73
Malaysia,MYS,2020,33889.6,Air minum,Minimal dasar,Perkotaan,98.62
Malaysia,MYS,2020,33889.6,Air minum,Minimal dasar,Total,97.73
Malaysia,MYS,2020,33889.6,Air minum,Terbatas,Perdesaan,0.57
Malaysia,MYS,2020,33889.6,Air minum,Terbatas,Perkotaan,0.3
Malaysia,MYS,2020,33889.6,Air minum,Terbatas,Total,0.36
Malaysia,MYS,2020,33889.6,Air minum,Tidak layak,Perdesaan,4.7
Malaysia,MYS,2020,33889.6,Air minum,Tidak layak,Perkotaan,0.99
Malaysia,MYS,2020,33889.6,Air minum,Tidak layak,Total,1.91
Malaysia,MYS,2020,33889.6,Air minum,Air permukaan,Perkotaan,0.09
Malaysia,MYS,2020,33889.6,Air minum,Perpipaan,Perdesaan,93.52
Malaysia,MYS,2020,33889.6,Air minum,Perpipaan,Perkotaan,97.15
Malaysia,MYS,2020,33889.6,Air minum,Perpipaan,Total,96.32
Malaysia,MYS,2021,34282.4,Air minum,Dikelola aman,Total,94.45
Malaysia,MYS,2021,34282.4,Air minum,Minimal dasar,Perdesaan,94.84
Malaysia,MYS,2021,34282.4,Air minum,Minimal dasar,Perkotaan,98.63
Malaysia,MYS,2021,34282.4,Air minum,Minimal dasar,Total,97.79
Malaysia,MYS,2021,34282.4,Air minum,Terbatas,Perdesaan,0.57
Malaysia,MYS,2021,34282.4,Air minum,Terbatas,Perkotaan,0.3
Malaysia,MYS,2021,34282.4,Air minum,Terbatas,Total,0.36
Malaysia,MYS,2021,34282.4,Air minum,Tidak layak,Perdesaan,4.58
Malaysia,MYS,2021,34282.4,Air minum,Tidak layak,Perkotaan,0.98
Malaysia,MYS,2021,34282.4,Air minum,Tidak layak,Total,1.86
Malaysia,MYS,2021,34282.4,Air minum,Air permukaan,Perkotaan,0.09
Malaysia,MYS,2021,34282.4,Air minum,Perpipaan,Perdesaan,93.9
Malaysia,MYS,2021,34282.4,Air minum,Perpipaan,Perkotaan,97.14
Malaysia,MYS,2021,34282.4,Air minum,Perpipaan,Total,96.42
Malaysia,MYS,2022,34695.5,Air minum,Dikelola aman,Total,94.54
Malaysia,MYS,2022,34695.5,Air minum,Minimal dasar,Perdesaan,94.96
Malaysia,MYS,2022,34695.5,Air minum,Minimal dasar,Perkotaan,98.64
Malaysia,MYS,2022,34695.5,Air minum,Minimal dasar,Total,97.84
Malaysia,MYS,2022,34695.5,Air minum,Terbatas,Perdesaan,0.57
Malaysia,MYS,2022,34695.5,Air minum,Terbatas,Perkotaan,0.3
Malaysia,MYS,2022,34695.5,Air minum,Terbatas,Total,0.36
Malaysia,MYS,2022,34695.5,Air minum,Tidak layak,Perdesaan,4.47
Malaysia,MYS,2022,34695.5,Air minum,Tidak layak,Perkotaan,0.97
Malaysia,MYS,2022,34695.5,Air minum,Tidak layak,Total,1.8
Malaysia,MYS,2022,34695.5,Air minum,Air permukaan,Perkotaan,0.09
Malaysia,MYS,2022,34695.5,Air minum,Perpipaan,Perdesaan,94.28
Malaysia,MYS,2022,34695.5,Air minum,Perpipaan,Perkotaan,97.13
Malaysia,MYS,2022,34695.5,Air minum,Perpipaan,Total,96.51
Malaysia,MYS,2023,35126.3,Air minum,Dikelola aman,Total,94.62
Malaysia,MYS,2023,35126.3,Air minum,Minimal dasar,Perdesaan,95.08
Malaysia,MYS,2023,35126.3,Air minum,Minimal dasar,Perkotaan,98.65
Malaysia,MYS,2023,35126.3,Air minum,Minimal dasar,Total,97.89
Malaysia,MYS,2023,35126.3,Air minum,Terbatas,Perdesaan,0.57
Malaysia,MYS,2023,35126.3,Air minum,Terbatas,Perkotaan,0.3
Malaysia,MYS,2023,35126.3,Air minum,Terbatas,Total,0.36
Malaysia,MYS,2023,35126.3,Air minum,Tidak layak,Perdesaan,4.35
Malaysia,MYS,2023,35126.3,Air minum,Tidak layak,Perkotaan,0.96
Malaysia,MYS,2023,35126.3,Air minum,Tidak layak,Total,1.75
Malaysia,MYS,2023,35126.3,Air minum,Air permukaan,Perkotaan,0.09
Malaysia,MYS,2023,35126.3,Air minum,Perpipaan,Perdesaan,94.66
Malaysia,MYS,2023,35126.3,Air minum,Perpipaan,Perkotaan,97.13
Malaysia,MYS,2023,35126.3,Air minum,Perpipaan,Total,96.6
Malaysia,MYS,2024,35557.7,Air minum,Dikelola aman,Total,94.7
Malaysia,MYS,2024,35557.7,Air minum,Minimal dasar,Perdesaan,95.2
Malaysia,MYS,2024,35557.7,Air minum,Minimal dasar,Perkotaan,98.66
Malaysia,MYS,2024,35557.7,Air minum,Minimal dasar,Total,97.94
Malaysia,MYS,2024,35557.7,Air minum,Terbatas,Perdesaan,0.57
Malaysia,MYS,2024,35557.7,Air minum,Terbatas,Perkotaan,0.3
Malaysia,MYS,2024,35557.7,Air minum,Terbatas,Total,0.35
Malaysia,MYS,2024,35557.7,Air minum,Tidak layak,Perdesaan,4.23
Malaysia,MYS,2024,35557.7,Air minum,Tidak layak,Perkotaan,0.95
Malaysia,MYS,2024,35557.7,Air minum,Tidak layak,Total,1.7
Malaysia,MYS,2024,35557.7,Air minum,Air permukaan,Perkotaan,0.09
Malaysia,MYS,2024,35557.7,Air minum,Perpipaan,Perdesaan,95.04
Malaysia,MYS,2024,35557.7,Air minum,Perpipaan,Perkotaan,97.12
Malaysia,MYS,2024,35557.7,Air minum,Perpipaan,Total,96.69
Myanmar,MMR,2000,45290.8,Air minum,Dikelola aman,Perdesaan,18.38
Myanmar,MMR,2000,45290.8,Air minum,Dikelola aman,Perkotaan,50.78
Myanmar,MMR,2000,45290.8,Air minum,Dikelola aman,Total,27.13
Myanmar,MMR,2000,45290.8,Air minum,Minimal dasar,Perdesaan,38.88
Myanmar,MMR,2000,45290.8,Air minum,Minimal dasar,Perkotaan,68.98
Myanmar,MMR,2000,45290.8,Air minum,Minimal dasar,Total,47.01
Myanmar,MMR,2000,45290.8,Air minum,Terbatas,Perdesaan,20.13
Myanmar,MMR,2000,45290.8,Air minum,Terbatas,Perkotaan,14.68
Myanmar,MMR,2000,45290.8,Air minum,Terbatas,Total,18.66
Myanmar,MMR,2000,45290.8,Air minum,Tidak layak,Perdesaan,20.74
Myanmar,MMR,2000,45290.8,Air minum,Tidak layak,Perkotaan,9.92
Myanmar,MMR,2000,45290.8,Air minum,Tidak layak,Total,17.82
Myanmar,MMR,2000,45290.8,Air minum,Air permukaan,Perdesaan,20.24
Myanmar,MMR,2000,45290.8,Air minum,Air permukaan,Perkotaan,6.43
Myanmar,MMR,2000,45290.8,Air minum,Air permukaan,Total,16.51
Myanmar,MMR,2000,45290.8,Air minum,Perpipaan,Perdesaan,4.22
Myanmar,MMR,2000,45290.8,Air minum,Perpipaan,Perkotaan,24.3
Myanmar,MMR,2000,45290.8,Air minum,Perpipaan,Total,9.64
Myanmar,MMR,2001,45771.1,Air minum,Dikelola aman,Perdesaan,19.74
Myanmar,MMR,2001,45771.1,Air minum,Dikelola aman,Perkotaan,52.47
Myanmar,MMR,2001,45771.1,Air minum,Dikelola aman,Total,28.64
Myanmar,MMR,2001,45771.1,Air minum,Minimal dasar,Perdesaan,40.53
Myanmar,MMR,2001,45771.1,Air minum,Minimal dasar,Perkotaan,70.21
Myanmar,MMR,2001,45771.1,Air minum,Minimal dasar,Total,48.61
Myanmar,MMR,2001,45771.1,Air minum,Terbatas,Perdesaan,19.56
Myanmar,MMR,2001,45771.1,Air minum,Terbatas,Perkotaan,14.04
Myanmar,MMR,2001,45771.1,Air minum,Terbatas,Total,18.06
Myanmar,MMR,2001,45771.1,Air minum,Tidak layak,Perdesaan,20.04
Myanmar,MMR,2001,45771.1,Air minum,Tidak layak,Perkotaan,9.51
Myanmar,MMR,2001,45771.1,Air minum,Tidak layak,Total,17.17
Myanmar,MMR,2001,45771.1,Air minum,Air permukaan,Perdesaan,19.87
Myanmar,MMR,2001,45771.1,Air minum,Air permukaan,Perkotaan,6.24
Myanmar,MMR,2001,45771.1,Air minum,Air permukaan,Total,16.16
Myanmar,MMR,2001,45771.1,Air minum,Perpipaan,Perdesaan,4.91
Myanmar,MMR,2001,45771.1,Air minum,Perpipaan,Perkotaan,26.4
Myanmar,MMR,2001,45771.1,Air minum,Perpipaan,Total,10.76
Myanmar,MMR,2002,46232.7,Air minum,Dikelola aman,Perdesaan,21.13
Myanmar,MMR,2002,46232.7,Air minum,Dikelola aman,Perkotaan,54.17
Myanmar,MMR,2002,46232.7,Air minum,Dikelola aman,Total,30.18
Myanmar,MMR,2002,46232.7,Air minum,Minimal dasar,Perdesaan,42.22
Myanmar,MMR,2002,46232.7,Air minum,Minimal dasar,Perkotaan,71.44
Myanmar,MMR,2002,46232.7,Air minum,Minimal dasar,Total,50.23
Myanmar,MMR,2002,46232.7,Air minum,Terbatas,Perdesaan,18.96
Myanmar,MMR,2002,46232.7,Air minum,Terbatas,Perkotaan,13.39
Myanmar,MMR,2002,46232.7,Air minum,Terbatas,Total,17.44
Myanmar,MMR,2002,46232.7,Air minum,Tidak layak,Perdesaan,19.33
Myanmar,MMR,2002,46232.7,Air minum,Tidak layak,Perkotaan,9.11
Myanmar,MMR,2002,46232.7,Air minum,Tidak layak,Total,16.53
Myanmar,MMR,2002,46232.7,Air minum,Air permukaan,Perdesaan,19.49
Myanmar,MMR,2002,46232.7,Air minum,Air permukaan,Perkotaan,6.06
Myanmar,MMR,2002,46232.7,Air minum,Air permukaan,Total,15.81
Myanmar,MMR,2002,46232.7,Air minum,Perpipaan,Perdesaan,5.61
Myanmar,MMR,2002,46232.7,Air minum,Perpipaan,Perkotaan,28.49
Myanmar,MMR,2002,46232.7,Air minum,Perpipaan,Total,11.88
Myanmar,MMR,2003,46667.2,Air minum,Dikelola aman,Perdesaan,22.57
Myanmar,MMR,2003,46667.2,Air minum,Dikelola aman,Perkotaan,55.9
Myanmar,MMR,2003,46667.2,Air minum,Dikelola aman,Total,31.76
Myanmar,MMR,2003,46667.2,Air minum,Minimal dasar,Perdesaan,43.94
Myanmar,MMR,2003,46667.2,Air minum,Minimal dasar,Perkotaan,72.69
Myanmar,MMR,2003,46667.2,Air minum,Minimal dasar,Total,51.87
Myanmar,MMR,2003,46667.2,Air minum,Terbatas,Perdesaan,18.33
Myanmar,MMR,2003,46667.2,Air minum,Terbatas,Perkotaan,12.73
Myanmar,MMR,2003,46667.2,Air minum,Terbatas,Total,16.78
Myanmar,MMR,2003,46667.2,Air minum,Tidak layak,Perdesaan,18.62
Myanmar,MMR,2003,46667.2,Air minum,Tidak layak,Perkotaan,8.7
Myanmar,MMR,2003,46667.2,Air minum,Tidak layak,Total,15.89
Myanmar,MMR,2003,46667.2,Air minum,Air permukaan,Perdesaan,19.11
Myanmar,MMR,2003,46667.2,Air minum,Air permukaan,Perkotaan,5.87
Myanmar,MMR,2003,46667.2,Air minum,Air permukaan,Total,15.46
Myanmar,MMR,2003,46667.2,Air minum,Perpipaan,Perdesaan,6.3
Myanmar,MMR,2003,46667.2,Air minum,Perpipaan,Perkotaan,30.59
Myanmar,MMR,2003,46667.2,Air minum,Perpipaan,Total,13.0
Myanmar,MMR,2004,47068.8,Air minum,Dikelola aman,Perdesaan,24.04
Myanmar,MMR,2004,47068.8,Air minum,Dikelola aman,Perkotaan,57.64
Myanmar,MMR,2004,47068.8,Air minum,Dikelola aman,Total,33.37
Myanmar,MMR,2004,47068.8,Air minum,Minimal dasar,Perdesaan,45.7
Myanmar,MMR,2004,47068.8,Air minum,Minimal dasar,Perkotaan,73.95
Myanmar,MMR,2004,47068.8,Air minum,Minimal dasar,Total,53.54
Myanmar,MMR,2004,47068.8,Air minum,Terbatas,Perdesaan,17.65
Myanmar,MMR,2004,47068.8,Air minum,Terbatas,Perkotaan,12.06
Myanmar,MMR,2004,47068.8,Air minum,Terbatas,Total,16.1
Myanmar,MMR,2004,47068.8,Air minum,Tidak layak,Perdesaan,17.92
Myanmar,MMR,2004,47068.8,Air minum,Tidak layak,Perkotaan,8.3
Myanmar,MMR,2004,47068.8,Air minum,Tidak layak,Total,15.25
Myanmar,MMR,2004,47068.8,Air minum,Air permukaan,Perdesaan,18.73
Myanmar,MMR,2004,47068.8,Air minum,Air permukaan,Perkotaan,5.69
Myanmar,MMR,2004,47068.8,Air minum,Air permukaan,Total,15.11
Myanmar,MMR,2004,47068.8,Air minum,Perpipaan,Perdesaan,7.0
Myanmar,MMR,2004,47068.8,Air minum,Perpipaan,Perkotaan,32.69
Myanmar,MMR,2004,47068.8,Air minum,Perpipaan,Total,14.13
Myanmar,MMR,2005,47438.4,Air minum,Dikelola aman,Perdesaan,25.55
Myanmar,MMR,2005,47438.4,Air minum,Dikelola aman,Perkotaan,59.4
Myanmar,MMR,2005,47438.4,Air minum,Dikelola aman,Total,35.01
Myanmar,MMR,2005,47438.4,Air minum,Minimal dasar,Perdesaan,47.49
Myanmar,MMR,2005,47438.4,Air minum,Minimal dasar,Perkotaan,75.22
Myanmar,MMR,2005,47438.4,Air minum,Minimal dasar,Total,55.24
Myanmar,MMR,2005,47438.4,Air minum,Terbatas,Perdesaan,16.95
Myanmar,MMR,2005,47438.4,Air minum,Terbatas,Perkotaan,11.38
Myanmar,MMR,2005,47438.4,Air minum,Terbatas,Total,15.39
Myanmar,MMR,2005,47438.4,Air minum,Tidak layak,Perdesaan,17.21
Myanmar,MMR,2005,47438.4,Air minum,Tidak layak,Perkotaan,7.9
Myanmar,MMR,2005,47438.4,Air minum,Tidak layak,Total,14.61
Myanmar,MMR,2005,47438.4,Air minum,Air permukaan,Perdesaan,18.35
Myanmar,MMR,2005,47438.4,Air minum,Air permukaan,Perkotaan,5.51
Myanmar,MMR,2005,47438.4,Air minum,Air permukaan,Total,14.76
Myanmar,MMR,2005,47438.4,Air minum,Perpipaan,Perdesaan,7.7
Myanmar,MMR,2005,47438.4,Air minum,Perpipaan,Perkotaan,34.78
Myanmar,MMR,2005,47438.4,Air minum,Perpipaan,Total,15.27
Myanmar,MMR,2006,47785.1,Air minum,Dikelola aman,Perdesaan,27.1
Myanmar,MMR,2006,47785.1,Air minum,Dikelola aman,Perkotaan,61.18
Myanmar,MMR,2006,47785.1,Air minum,Dikelola aman,Total,36.68
Myanmar,MMR,2006,47785.1,Air minum,Minimal dasar,Perdesaan,49.31
Myanmar,MMR,2006,47785.1,Air minum,Minimal dasar,Perkotaan,76.5
Myanmar,MMR,2006,47785.1,Air minum,Minimal dasar,Total,56.96
Myanmar,MMR,2006,47785.1,Air minum,Terbatas,Perdesaan,16.21
Myanmar,MMR,2006,47785.1,Air minum,Terbatas,Perkotaan,10.69
Myanmar,MMR,2006,47785.1,Air minum,Terbatas,Total,14.66
Myanmar,MMR,2006,47785.1,Air minum,Tidak layak,Perdesaan,16.51
Myanmar,MMR,2006,47785.1,Air minum,Tidak layak,Perkotaan,7.49
Myanmar,MMR,2006,47785.1,Air minum,Tidak layak,Total,13.97
Myanmar,MMR,2006,47785.1,Air minum,Air permukaan,Perdesaan,17.97
Myanmar,MMR,2006,47785.1,Air minum,Air permukaan,Perkotaan,5.32
Myanmar,MMR,2006,47785.1,Air minum,Air permukaan,Total,14.41
Myanmar,MMR,2006,47785.1,Air minum,Perpipaan,Perdesaan,8.39
Myanmar,MMR,2006,47785.1,Air minum,Perpipaan,Perkotaan,36.88
Myanmar,MMR,2006,47785.1,Air minum,Perpipaan,Total,16.41
Myanmar,MMR,2007,48125.0,Air minum,Dikelola aman,Perdesaan,28.68
Myanmar,MMR,2007,48125.0,Air minum,Dikelola aman,Perkotaan,62.98
Myanmar,MMR,2007,48125.0,Air minum,Dikelola aman,Total,38.39
Myanmar,MMR,2007,48125.0,Air minum,Minimal dasar,Perdesaan,51.17
Myanmar,MMR,2007,48125.0,Air minum,Minimal dasar,Perkotaan,77.79
Myanmar,MMR,2007,48125.0,Air minum,Minimal dasar,Total,58.71
Myanmar,MMR,2007,48125.0,Air minum,Terbatas,Perdesaan,15.44
Myanmar,MMR,2007,48125.0,Air minum,Terbatas,Perkotaan,9.99
Myanmar,MMR,2007,48125.0,Air minum,Terbatas,Total,13.9
Myanmar,MMR,2007,48125.0,Air minum,Tidak layak,Perdesaan,15.8
Myanmar,MMR,2007,48125.0,Air minum,Tidak layak,Perkotaan,7.09
Myanmar,MMR,2007,48125.0,Air minum,Tidak layak,Total,13.33
Myanmar,MMR,2007,48125.0,Air minum,Air permukaan,Perdesaan,17.59
Myanmar,MMR,2007,48125.0,Air minum,Air permukaan,Perkotaan,5.14
Myanmar,MMR,2007,48125.0,Air minum,Air permukaan,Total,14.07
Myanmar,MMR,2007,48125.0,Air minum,Perpipaan,Perdesaan,9.09
Myanmar,MMR,2007,48125.0,Air minum,Perpipaan,Perkotaan,38.98
Myanmar,MMR,2007,48125.0,Air minum,Perpipaan,Total,17.55
Myanmar,MMR,2008,48390.8,Air minum,Dikelola aman,Perdesaan,30.3
Myanmar,MMR,2008,48390.8,Air minum,Dikelola aman,Perkotaan,64.79
Myanmar,MMR,2008,48390.8,Air minum,Dikelola aman,Total,40.13
Myanmar,MMR,2008,48390.8,Air minum,Minimal dasar,Perdesaan,53.06
Myanmar,MMR,2008,48390.8,Air minum,Minimal dasar,Perkotaan,79.09
Myanmar,MMR,2008,48390.8,Air minum,Minimal dasar,Total,60.48
Myanmar,MMR,2008,48390.8,Air minum,Terbatas,Perdesaan,14.63
Myanmar,MMR,2008,48390.8,Air minum,Terbatas,Perkotaan,9.27
Myanmar,MMR,2008,48390.8,Air minum,Terbatas,Total,13.11
Myanmar,MMR,2008,48390.8,Air minum,Tidak layak,Perdesaan,15.09
Myanmar,MMR,2008,48390.8,Air minum,Tidak layak,Perkotaan,6.69
Myanmar,MMR,2008,48390.8,Air minum,Tidak layak,Total,12.7
Myanmar,MMR,2008,48390.8,Air minum,Air permukaan,Perdesaan,17.21
Myanmar,MMR,2008,48390.8,Air minum,Air permukaan,Perkotaan,4.95
Myanmar,MMR,2008,48390.8,Air minum,Air permukaan,Total,13.72
Myanmar,MMR,2008,48390.8,Air minum,Perpipaan,Perdesaan,9.78
Myanmar,MMR,2008,48390.8,Air minum,Perpipaan,Perkotaan,41.08
Myanmar,MMR,2008,48390.8,Air minum,Perpipaan,Total,18.7
Myanmar,MMR,2009,48660.5,Air minum,Dikelola aman,Perdesaan,31.95
Myanmar,MMR,2009,48660.5,Air minum,Dikelola aman,Perkotaan,66.63
Myanmar,MMR,2009,48660.5,Air minum,Dikelola aman,Total,41.9
Myanmar,MMR,2009,48660.5,Air minum,Minimal dasar,Perdesaan,54.98
Myanmar,MMR,2009,48660.5,Air minum,Minimal dasar,Perkotaan,80.4
Myanmar,MMR,2009,48660.5,Air minum,Minimal dasar,Total,62.28
Myanmar,MMR,2009,48660.5,Air minum,Terbatas,Perdesaan,13.79
Myanmar,MMR,2009,48660.5,Air minum,Terbatas,Perkotaan,8.55
Myanmar,MMR,2009,48660.5,Air minum,Terbatas,Total,12.29
Myanmar,MMR,2009,48660.5,Air minum,Tidak layak,Perdesaan,14.39
Myanmar,MMR,2009,48660.5,Air minum,Tidak layak,Perkotaan,6.28
Myanmar,MMR,2009,48660.5,Air minum,Tidak layak,Total,12.06
Myanmar,MMR,2009,48660.5,Air minum,Air permukaan,Perdesaan,16.83
Myanmar,MMR,2009,48660.5,Air minum,Air permukaan,Perkotaan,4.77
Myanmar,MMR,2009,48660.5,Air minum,Air permukaan,Total,13.37
Myanmar,MMR,2009,48660.5,Air minum,Perpipaan,Perdesaan,10.48
Myanmar,MMR,2009,48660.5,Air minum,Perpipaan,Perkotaan,43.17
Myanmar,MMR,2009,48660.5,Air minum,Perpipaan,Total,19.86
Myanmar,MMR,2010,49024.4,Air minum,Dikelola aman,Perdesaan,33.65
Myanmar,MMR,2010,49024.4,Air minum,Dikelola aman,Perkotaan,68.48
Myanmar,MMR,2010,49024.4,Air minum,Dikelola aman,Total,43.71
Myanmar,MMR,2010,49024.4,Air minum,Minimal dasar,Perdesaan,56.94
Myanmar,MMR,2010,49024.4,Air minum,Minimal dasar,Perkotaan,81.72
Myanmar,MMR,2010,49024.4,Air minum,Minimal dasar,Total,64.1
Myanmar,MMR,2010,49024.4,Air minum,Terbatas,Perdesaan,12.92
Myanmar,MMR,2010,49024.4,Air minum,Terbatas,Perkotaan,7.82
Myanmar,MMR,2010,49024.4,Air minum,Terbatas,Total,11.45
Myanmar,MMR,2010,49024.4,Air minum,Tidak layak,Perdesaan,13.68
Myanmar,MMR,2010,49024.4,Air minum,Tidak layak,Perkotaan,5.88
Myanmar,MMR,2010,49024.4,Air minum,Tidak layak,Total,11.43
Myanmar,MMR,2010,49024.4,Air minum,Air permukaan,Perdesaan,16.46
Myanmar,MMR,2010,49024.4,Air minum,Air permukaan,Perkotaan,4.58
Myanmar,MMR,2010,49024.4,Air minum,Air permukaan,Total,13.03
Myanmar,MMR,2010,49024.4,Air minum,Perpipaan,Perdesaan,11.18
Myanmar,MMR,2010,49024.4,Air minum,Perpipaan,Perkotaan,45.27
Myanmar,MMR,2010,49024.4,Air minum,Perpipaan,Total,21.02
Myanmar,MMR,2011,49419.8,Air minum,Dikelola aman,Perdesaan,35.38
Myanmar,MMR,2011,49419.8,Air minum,Dikelola aman,Perkotaan,69.67
Myanmar,MMR,2011,49419.8,Air minum,Dikelola aman,Total,45.35
Myanmar,MMR,2011,49419.8,Air minum,Minimal dasar,Perdesaan,58.94
Myanmar,MMR,2011,49419.8,Air minum,Minimal dasar,Perkotaan,83.05
Myanmar,MMR,2011,49419.8,Air minum,Minimal dasar,Total,65.95
Myanmar,MMR,2011,49419.8,Air minum,Terbatas,Perdesaan,12.01
Myanmar,MMR,2011,49419.8,Air minum,Terbatas,Perkotaan,7.08
Myanmar,MMR,2011,49419.8,Air minum,Terbatas,Total,10.58
Myanmar,MMR,2011,49419.8,Air minum,Tidak layak,Perdesaan,12.97
Myanmar,MMR,2011,49419.8,Air minum,Tidak layak,Perkotaan,5.48
Myanmar,MMR,2011,49419.8,Air minum,Tidak layak,Total,10.79
Myanmar,MMR,2011,49419.8,Air minum,Air permukaan,Perdesaan,16.08
Myanmar,MMR,2011,49419.8,Air minum,Air permukaan,Perkotaan,4.4
Myanmar,MMR,2011,49419.8,Air minum,Air permukaan,Total,12.68
Myanmar,MMR,2011,49419.8,Air minum,Perpipaan,Perdesaan,11.87
Myanmar,MMR,2011,49419.8,Air minum,Perpipaan,Perkotaan,47.37
Myanmar,MMR,2011,49419.8,Air minum,Perpipaan,Total,22.19
Myanmar,MMR,2012,49837.4,Air minum,Dikelola aman,Perdesaan,37.15
Myanmar,MMR,2012,49837.4,Air minum,Dikelola aman,Perkotaan,70.12
Myanmar,MMR,2012,49837.4,Air minum,Dikelola aman,Total,46.8
Myanmar,MMR,2012,49837.4,Air minum,Minimal dasar,Perdesaan,60.96
Myanmar,MMR,2012,49837.4,Air minum,Minimal dasar,Perkotaan,84.39
Myanmar,MMR,2012,49837.4,Air minum,Minimal dasar,Total,67.82
Myanmar,MMR,2012,49837.4,Air minum,Terbatas,Perdesaan,11.07
Myanmar,MMR,2012,49837.4,Air minum,Terbatas,Perkotaan,6.32
Myanmar,MMR,2012,49837.4,Air minum,Terbatas,Total,9.68
Myanmar,MMR,2012,49837.4,Air minum,Tidak layak,Perdesaan,12.27
Myanmar,MMR,2012,49837.4,Air minum,Tidak layak,Perkotaan,5.07
Myanmar,MMR,2012,49837.4,Air minum,Tidak layak,Total,10.16
Myanmar,MMR,2012,49837.4,Air minum,Air permukaan,Perdesaan,15.7
Myanmar,MMR,2012,49837.4,Air minum,Air permukaan,Perkotaan,4.22
Myanmar,MMR,2012,49837.4,Air minum,Air permukaan,Total,12.34
Myanmar,MMR,2012,49837.4,Air minum,Perpipaan,Perdesaan,12.57
Myanmar,MMR,2012,49837.4,Air minum,Perpipaan,Perkotaan,49.46
Myanmar,MMR,2012,49837.4,Air minum,Perpipaan,Total,23.37
Myanmar,MMR,2013,50262.7,Air minum,Dikelola aman,Perdesaan,38.95
Myanmar,MMR,2013,50262.7,Air minum,Dikelola aman,Perkotaan,70.57
Myanmar,MMR,2013,50262.7,Air minum,Dikelola aman,Total,48.27
Myanmar,MMR,2013,50262.7,Air minum,Minimal dasar,Perdesaan,63.02
Myanmar,MMR,2013,50262.7,Air minum,Minimal dasar,Perkotaan,85.74
Myanmar,MMR,2013,50262.7,Air minum,Minimal dasar,Total,69.71
Myanmar,MMR,2013,50262.7,Air minum,Terbatas,Perdesaan,10.09
Myanmar,MMR,2013,50262.7,Air minum,Terbatas,Perkotaan,5.56
Myanmar,MMR,2013,50262.7,Air minum,Terbatas,Total,8.76
Myanmar,MMR,2013,50262.7,Air minum,Tidak layak,Perdesaan,11.56
Myanmar,MMR,2013,50262.7,Air minum,Tidak layak,Perkotaan,4.67
Myanmar,MMR,2013,50262.7,Air minum,Tidak layak,Total,9.53
Myanmar,MMR,2013,50262.7,Air minum,Air permukaan,Perdesaan,15.32
Myanmar,MMR,2013,50262.7,Air minum,Air permukaan,Perkotaan,4.03
Myanmar,MMR,2013,50262.7,Air minum,Air permukaan,Total,11.99
Myanmar,MMR,2013,50262.7,Air minum,Perpipaan,Perdesaan,13.26
Myanmar,MMR,2013,50262.7,Air minum,Perpipaan,Perkotaan,51.56
Myanmar,MMR,2013,50262.7,Air minum,Perpipaan,Total,24.54
Myanmar,MMR,2014,50681.6,Air minum,Dikelola aman,Perdesaan,40.79
Myanmar,MMR,2014,50681.6,Air minum,Dikelola aman,Perkotaan,71.03
Myanmar,MMR,2014,50681.6,Air minum,Dikelola aman,Total,49.76
Myanmar,MMR,2014,50681.6,Air minum,Minimal dasar,Perdesaan,65.12
Myanmar,MMR,2014,50681.6,Air minum,Minimal dasar,Perkotaan,87.1
Myanmar,MMR,2014,50681.6,Air minum,Minimal dasar,Total,71.64
Myanmar,MMR,2014,50681.6,Air minum,Terbatas,Perdesaan,9.09
Myanmar,MMR,2014,50681.6,Air minum,Terbatas,Perkotaan,4.78
Myanmar,MMR,2014,50681.6,Air minum,Terbatas,Total,7.81
Myanmar,MMR,2014,50681.6,Air minum,Tidak layak,Perdesaan,10.86
Myanmar,MMR,2014,50681.6,Air minum,Tidak layak,Perkotaan,4.27
Myanmar,MMR,2014,50681.6,Air minum,Tidak layak,Total,8.9
Myanmar,MMR,2014,50681.6,Air minum,Air permukaan,Perdesaan,14.94
Myanmar,MMR,2014,50681.6,Air minum,Air permukaan,Perkotaan,3.85
Myanmar,MMR,2014,50681.6,Air minum,Air permukaan,Total,11.65
Myanmar,MMR,2014,50681.6,Air minum,Perpipaan,Perdesaan,13.96
Myanmar,MMR,2014,50681.6,Air minum,Perpipaan,Perkotaan,53.66
Myanmar,MMR,2014,50681.6,Air minum,Perpipaan,Total,25.73
Myanmar,MMR,2015,51089.1,Air minum,Dikelola aman,Perdesaan,42.67
Myanmar,MMR,2015,51089.1,Air minum,Dikelola aman,Perkotaan,71.48
Myanmar,MMR,2015,51089.1,Air minum,Dikelola aman,Total,51.27
Myanmar,MMR,2015,51089.1,Air minum,Minimal dasar,Perdesaan,67.25
Myanmar,MMR,2015,51089.1,Air minum,Minimal dasar,Perkotaan,88.47
Myanmar,MMR,2015,51089.1,Air minum,Minimal dasar,Total,73.58
Myanmar,MMR,2015,51089.1,Air minum,Terbatas,Perdesaan,8.04
Myanmar,MMR,2015,51089.1,Air minum,Terbatas,Perkotaan,4.0
Myanmar,MMR,2015,51089.1,Air minum,Terbatas,Total,6.84
Myanmar,MMR,2015,51089.1,Air minum,Tidak layak,Perdesaan,10.15
Myanmar,MMR,2015,51089.1,Air minum,Tidak layak,Perkotaan,3.86
Myanmar,MMR,2015,51089.1,Air minum,Tidak layak,Total,8.27
Myanmar,MMR,2015,51089.1,Air minum,Air permukaan,Perdesaan,14.56
Myanmar,MMR,2015,51089.1,Air minum,Air permukaan,Perkotaan,3.66
Myanmar,MMR,2015,51089.1,Air minum,Air permukaan,Total,11.31
Myanmar,MMR,2015,51089.1,Air minum,Perpipaan,Perdesaan,14.65
Myanmar,MMR,2015,51089.1,Air minum,Perpipaan,Perkotaan,55.75
Myanmar,MMR,2015,51089.1,Air minum,Perpipaan,Total,26.93
Myanmar,MMR,2016,51495.7,Air minum,Dikelola aman,Perdesaan,44.59
Myanmar,MMR,2016,51495.7,Air minum,Dikelola aman,Perkotaan,71.94
Myanmar,MMR,2016,51495.7,Air minum,Dikelola aman,Total,52.81
Myanmar,MMR,2016,51495.7,Air minum,Minimal dasar,Perdesaan,69.41
Myanmar,MMR,2016,51495.7,Air minum,Minimal dasar,Perkotaan,89.86
Myanmar,MMR,2016,51495.7,Air minum,Minimal dasar,Total,75.56
Myanmar,MMR,2016,51495.7,Air minum,Terbatas,Perdesaan,6.96
Myanmar,MMR,2016,51495.7,Air minum,Terbatas,Perkotaan,3.21
Myanmar,MMR,2016,51495.7,Air minum,Terbatas,Total,5.83
Myanmar,MMR,2016,51495.7,Air minum,Tidak layak,Perdesaan,9.44
Myanmar,MMR,2016,51495.7,Air minum,Tidak layak,Perkotaan,3.46
Myanmar,MMR,2016,51495.7,Air minum,Tidak layak,Total,7.64
Myanmar,MMR,2016,51495.7,Air minum,Air permukaan,Perdesaan,14.18
Myanmar,MMR,2016,51495.7,Air minum,Air permukaan,Perkotaan,3.48
Myanmar,MMR,2016,51495.7,Air minum,Air permukaan,Total,10.96
Myanmar,MMR,2016,51495.7,Air minum,Perpipaan,Perdesaan,15.35
Myanmar,MMR,2016,51495.7,Air minum,Perpipaan,Perkotaan,57.85
Myanmar,MMR,2016,51495.7,Air minum,Perpipaan,Total,28.14
Myanmar,MMR,2017,51894.9,Air minum,Dikelola aman,Perdesaan,46.54
Myanmar,MMR,2017,51894.9,Air minum,Dikelola aman,Perkotaan,72.39
Myanmar,MMR,2017,51894.9,Air minum,Dikelola aman,Total,54.38
Myanmar,MMR,2017,51894.9,Air minum,Minimal dasar,Perdesaan,71.6
Myanmar,MMR,2017,51894.9,Air minum,Minimal dasar,Perkotaan,91.25
Myanmar,MMR,2017,51894.9,Air minum,Minimal dasar,Total,77.56
Myanmar,MMR,2017,51894.9,Air minum,Terbatas,Perdesaan,5.85
Myanmar,MMR,2017,51894.9,Air minum,Terbatas,Perkotaan,2.4
Myanmar,MMR,2017,51894.9,Air minum,Terbatas,Total,4.81
Myanmar,MMR,2017,51894.9,Air minum,Tidak layak,Perdesaan,8.74
Myanmar,MMR,2017,51894.9,Air minum,Tidak layak,Perkotaan,3.05
Myanmar,MMR,2017,51894.9,Air minum,Tidak layak,Total,7.01
Myanmar,MMR,2017,51894.9,Air minum,Air permukaan,Perdesaan,13.8
Myanmar,MMR,2017,51894.9,Air minum,Air permukaan,Perkotaan,3.29
Myanmar,MMR,2017,51894.9,Air minum,Air permukaan,Total,10.62
Myanmar,MMR,2017,51894.9,Air minum,Perpipaan,Perdesaan,16.05
Myanmar,MMR,2017,51894.9,Air minum,Perpipaan,Perkotaan,59.95
Myanmar,MMR,2017,51894.9,Air minum,Perpipaan,Total,29.36
Myanmar,MMR,2018,52272.2,Air minum,Dikelola aman,Perdesaan,48.53
Myanmar,MMR,2018,52272.2,Air minum,Dikelola aman,Perkotaan,72.85
Myanmar,MMR,2018,52272.2,Air minum,Dikelola aman,Total,55.96
Myanmar,MMR,2018,52272.2,Air minum,Minimal dasar,Perdesaan,73.83
Myanmar,MMR,2018,52272.2,Air minum,Minimal dasar,Perkotaan,92.65
Myanmar,MMR,2018,52272.2,Air minum,Minimal dasar,Total,79.59
Myanmar,MMR,2018,52272.2,Air minum,Terbatas,Perdesaan,4.71
Myanmar,MMR,2018,52272.2,Air minum,Terbatas,Perkotaan,1.59
Myanmar,MMR,2018,52272.2,Air minum,Terbatas,Total,3.75
Myanmar,MMR,2018,52272.2,Air minum,Tidak layak,Perdesaan,8.03
Myanmar,MMR,2018,52272.2,Air minum,Tidak layak,Perkotaan,2.65
Myanmar,MMR,2018,52272.2,Air minum,Tidak layak,Total,6.39
Myanmar,MMR,2018,52272.2,Air minum,Air permukaan,Perdesaan,13.43
Myanmar,MMR,2018,52272.2,Air minum,Air permukaan,Perkotaan,3.11
Myanmar,MMR,2018,52272.2,Air minum,Air permukaan,Total,10.27
Myanmar,MMR,2018,52272.2,Air minum,Perpipaan,Perdesaan,16.74
Myanmar,MMR,2018,52272.2,Air minum,Perpipaan,Perkotaan,62.04
Myanmar,MMR,2018,52272.2,Air minum,Perpipaan,Total,30.6
Myanmar,MMR,2019,52640.7,Air minum,Dikelola aman,Perdesaan,50.55
Myanmar,MMR,2019,52640.7,Air minum,Dikelola aman,Perkotaan,73.3
Myanmar,MMR,2019,52640.7,Air minum,Dikelola aman,Total,57.57
Myanmar,MMR,2019,52640.7,Air minum,Minimal dasar,Perdesaan,76.1
Myanmar,MMR,2019,52640.7,Air minum,Minimal dasar,Perkotaan,94.07
Myanmar,MMR,2019,52640.7,Air minum,Minimal dasar,Total,81.64
Myanmar,MMR,2019,52640.7,Air minum,Terbatas,Perdesaan,3.53
Myanmar,MMR,2019,52640.7,Air minum,Terbatas,Perkotaan,0.76
Myanmar,MMR,2019,52640.7,Air minum,Terbatas,Total,2.67
Myanmar,MMR,2019,52640.7,Air minum,Tidak layak,Perdesaan,7.33
Myanmar,MMR,2019,52640.7,Air minum,Tidak layak,Perkotaan,2.25
Myanmar,MMR,2019,52640.7,Air minum,Tidak layak,Total,5.76
Myanmar,MMR,2019,52640.7,Air minum,Air permukaan,Perdesaan,13.05
Myanmar,MMR,2019,52640.7,Air minum,Air permukaan,Perkotaan,2.93
Myanmar,MMR,2019,52640.7,Air minum,Air permukaan,Total,9.92
Myanmar,MMR,2019,52640.7,Air minum,Perpipaan,Perdesaan,17.44
Myanmar,MMR,2019,52640.7,Air minum,Perpipaan,Perkotaan,64.14
Myanmar,MMR,2019,52640.7,Air minum,Perpipaan,Total,31.85
Myanmar,MMR,2020,53016.5,Air minum,Dikelola aman,Perdesaan,52.06
Myanmar,MMR,2020,53016.5,Air minum,Dikelola aman,Perkotaan,73.76
Myanmar,MMR,2020,53016.5,Air minum,Dikelola aman,Total,58.82
Myanmar,MMR,2020,53016.5,Air minum,Minimal dasar,Perdesaan,78.4
Myanmar,MMR,2020,53016.5,Air minum,Minimal dasar,Perkotaan,95.41
Myanmar,MMR,2020,53016.5,Air minum,Minimal dasar,Total,83.7
Myanmar,MMR,2020,53016.5,Air minum,Terbatas,Perdesaan,2.32
Myanmar,MMR,2020,53016.5,Air minum,Terbatas,Perkotaan,0.0
Myanmar,MMR,2020,53016.5,Air minum,Terbatas,Total,1.59
Myanmar,MMR,2020,53016.5,Air minum,Tidak layak,Perdesaan,6.62
Myanmar,MMR,2020,53016.5,Air minum,Tidak layak,Perkotaan,1.84
Myanmar,MMR,2020,53016.5,Air minum,Tidak layak,Total,5.13
Myanmar,MMR,2020,53016.5,Air minum,Air permukaan,Perdesaan,12.67
Myanmar,MMR,2020,53016.5,Air minum,Air permukaan,Perkotaan,2.74
Myanmar,MMR,2020,53016.5,Air minum,Air permukaan,Total,9.58
Myanmar,MMR,2020,53016.5,Air minum,Perpipaan,Perdesaan,18.13
Myanmar,MMR,2020,53016.5,Air minum,Perpipaan,Perkotaan,66.24
Myanmar,MMR,2020,53016.5,Air minum,Perpipaan,Total,33.11
Myanmar,MMR,2021,53387.1,Air minum,Dikelola aman,Perdesaan,52.76
Myanmar,MMR,2021,53387.1,Air minum,Dikelola aman,Perkotaan,74.21
Myanmar,MMR,2021,53387.1,Air minum,Dikelola aman,Total,59.5
Myanmar,MMR,2021,53387.1,Air minum,Minimal dasar,Perdesaan,80.73
Myanmar,MMR,2021,53387.1,Air minum,Minimal dasar,Perkotaan,96.0
Myanmar,MMR,2021,53387.1,Air minum,Minimal dasar,Total,85.53
Myanmar,MMR,2021,53387.1,Air minum,Terbatas,Perdesaan,1.07
Myanmar,MMR,2021,53387.1,Air minum,Terbatas,Perkotaan,0.0
Myanmar,MMR,2021,53387.1,Air minum,Terbatas,Total,0.73
Myanmar,MMR,2021,53387.1,Air minum,Tidak layak,Perdesaan,5.91
Myanmar,MMR,2021,53387.1,Air minum,Tidak layak,Perkotaan,1.44
Myanmar,MMR,2021,53387.1,Air minum,Tidak layak,Total,4.51
Myanmar,MMR,2021,53387.1,Air minum,Air permukaan,Perdesaan,12.29
Myanmar,MMR,2021,53387.1,Air minum,Air permukaan,Perkotaan,2.56
Myanmar,MMR,2021,53387.1,Air minum,Air permukaan,Total,9.23
Myanmar,MMR,2021,53387.1,Air minum,Perpipaan,Perdesaan,18.83
Myanmar,MMR,2021,53387.1,Air minum,Perpipaan,Perkotaan,68.34
Myanmar,MMR,2021,53387.1,Air minum,Perpipaan,Total,34.4
Myanmar,MMR,2022,53756.8,Air minum,Dikelola aman,Perdesaan,52.76
Myanmar,MMR,2022,53756.8,Air minum,Dikelola aman,Perkotaan,74.21
Myanmar,MMR,2022,53756.8,Air minum,Dikelola aman,Total,59.57
Myanmar,MMR,2022,53756.8,Air minum,Minimal dasar,Perdesaan,80.73
Myanmar,MMR,2022,53756.8,Air minum,Minimal dasar,Perkotaan,96.0
Myanmar,MMR,2022,53756.8,Air minum,Minimal dasar,Total,85.58
Myanmar,MMR,2022,53756.8,Air minum,Terbatas,Perdesaan,1.07
Myanmar,MMR,2022,53756.8,Air minum,Terbatas,Perkotaan,0.0
Myanmar,MMR,2022,53756.8,Air minum,Terbatas,Total,0.73
Myanmar,MMR,2022,53756.8,Air minum,Tidak layak,Perdesaan,5.91
Myanmar,MMR,2022,53756.8,Air minum,Tidak layak,Perkotaan,1.44
Myanmar,MMR,2022,53756.8,Air minum,Tidak layak,Total,4.49
Myanmar,MMR,2022,53756.8,Air minum,Air permukaan,Perdesaan,12.29
Myanmar,MMR,2022,53756.8,Air minum,Air permukaan,Perkotaan,2.56
Myanmar,MMR,2022,53756.8,Air minum,Air permukaan,Total,9.2
Myanmar,MMR,2022,53756.8,Air minum,Perpipaan,Perdesaan,18.83
Myanmar,MMR,2022,53756.8,Air minum,Perpipaan,Perkotaan,68.34
Myanmar,MMR,2022,53756.8,Air minum,Perpipaan,Total,34.56
Myanmar,MMR,2023,54133.8,Air minum,Dikelola aman,Perdesaan,52.76
Myanmar,MMR,2023,54133.8,Air minum,Dikelola aman,Perkotaan,74.21
Myanmar,MMR,2023,54133.8,Air minum,Dikelola aman,Total,59.65
Myanmar,MMR,2023,54133.8,Air minum,Minimal dasar,Perdesaan,80.73
Myanmar,MMR,2023,54133.8,Air minum,Minimal dasar,Perkotaan,96.0
Myanmar,MMR,2023,54133.8,Air minum,Minimal dasar,Total,85.63
Myanmar,MMR,2023,54133.8,Air minum,Terbatas,Perdesaan,1.07
Myanmar,MMR,2023,54133.8,Air minum,Terbatas,Perkotaan,0.0
Myanmar,MMR,2023,54133.8,Air minum,Terbatas,Total,0.73
Myanmar,MMR,2023,54133.8,Air minum,Tidak layak,Perdesaan,5.91
Myanmar,MMR,2023,54133.8,Air minum,Tidak layak,Perkotaan,1.44
Myanmar,MMR,2023,54133.8,Air minum,Tidak layak,Total,4.48
Myanmar,MMR,2023,54133.8,Air minum,Air permukaan,Perdesaan,12.29
Myanmar,MMR,2023,54133.8,Air minum,Air permukaan,Perkotaan,2.56
Myanmar,MMR,2023,54133.8,Air minum,Air permukaan,Total,9.16
Myanmar,MMR,2023,54133.8,Air minum,Perpipaan,Perdesaan,18.83
Myanmar,MMR,2023,54133.8,Air minum,Perpipaan,Perkotaan,68.34
Myanmar,MMR,2023,54133.8,Air minum,Perpipaan,Total,34.73
Myanmar,MMR,2024,54500.1,Air minum,Dikelola aman,Perdesaan,52.76
Myanmar,MMR,2024,54500.1,Air minum,Dikelola aman,Perkotaan,74.21
Myanmar,MMR,2024,54500.1,Air minum,Dikelola aman,Total,59.72
Myanmar,MMR,2024,54500.1,Air minum,Minimal dasar,Perdesaan,80.73
Myanmar,MMR,2024,54500.1,Air minum,Minimal dasar,Perkotaan,96.0
Myanmar,MMR,2024,54500.1,Air minum,Minimal dasar,Total,85.69
Myanmar,MMR,2024,54500.1,Air minum,Terbatas,Perdesaan,1.07
Myanmar,MMR,2024,54500.1,Air minum,Terbatas,Perkotaan,0.0
Myanmar,MMR,2024,54500.1,Air minum,Terbatas,Total,0.72
Myanmar,MMR,2024,54500.1,Air minum,Tidak layak,Perdesaan,5.91
Myanmar,MMR,2024,54500.1,Air minum,Tidak layak,Perkotaan,1.44
Myanmar,MMR,2024,54500.1,Air minum,Tidak layak,Total,4.46
Myanmar,MMR,2024,54500.1,Air minum,Air permukaan,Perdesaan,12.29
Myanmar,MMR,2024,54500.1,Air minum,Air permukaan,Perkotaan,2.56
Myanmar,MMR,2024,54500.1,Air minum,Air permukaan,Total,9.13
Myanmar,MMR,2024,54500.1,Air minum,Perpipaan,Perdesaan,18.83
Myanmar,MMR,2024,54500.1,Air minum,Perpipaan,Perkotaan,68.34
Myanmar,MMR,2024,54500.1,Air minum,Perpipaan,Total,34.9
Filipina,PHL,2000,79625.4,Air minum,Dikelola aman,Perdesaan,26.07
Filipina,PHL,2000,79625.4,Air minum,Dikelola aman,Perkotaan,60.02
Filipina,PHL,2000,79625.4,Air minum,Dikelola aman,Total,41.73
Filipina,PHL,2000,79625.4,Air minum,Minimal dasar,Perdesaan,80.3
Filipina,PHL,2000,79625.4,Air minum,Minimal dasar,Perkotaan,93.77
Filipina,PHL,2000,79625.4,Air minum,Minimal dasar,Total,86.51
Filipina,PHL,2000,79625.4,Air minum,Terbatas,Perdesaan,3.51
Filipina,PHL,2000,79625.4,Air minum,Terbatas,Perkotaan,2.49
Filipina,PHL,2000,79625.4,Air minum,Terbatas,Total,3.04
Filipina,PHL,2000,79625.4,Air minum,Tidak layak,Perdesaan,11.42
Filipina,PHL,2000,79625.4,Air minum,Tidak layak,Perkotaan,2.95
Filipina,PHL,2000,79625.4,Air minum,Tidak layak,Total,7.52
Filipina,PHL,2000,79625.4,Air minum,Air permukaan,Perdesaan,4.77
Filipina,PHL,2000,79625.4,Air minum,Air permukaan,Perkotaan,0.78
Filipina,PHL,2000,79625.4,Air minum,Air permukaan,Total,2.93
Filipina,PHL,2000,79625.4,Air minum,Perpipaan,Perdesaan,28.35
Filipina,PHL,2000,79625.4,Air minum,Perpipaan,Perkotaan,62.9
Filipina,PHL,2000,79625.4,Air minum,Perpipaan,Total,44.29
Filipina,PHL,2001,81401.5,Air minum,Dikelola aman,Perdesaan,26.24
Filipina,PHL,2001,81401.5,Air minum,Dikelola aman,Perkotaan,60.11
Filipina,PHL,2001,81401.5,Air minum,Dikelola aman,Total,41.84
Filipina,PHL,2001,81401.5,Air minum,Minimal dasar,Perdesaan,80.85
Filipina,PHL,2001,81401.5,Air minum,Minimal dasar,Perkotaan,93.91
Filipina,PHL,2001,81401.5,Air minum,Minimal dasar,Total,86.87
Filipina,PHL,2001,81401.5,Air minum,Terbatas,Perdesaan,3.53
Filipina,PHL,2001,81401.5,Air minum,Terbatas,Perkotaan,2.5
Filipina,PHL,2001,81401.5,Air minum,Terbatas,Total,3.06
Filipina,PHL,2001,81401.5,Air minum,Tidak layak,Perdesaan,11.09
Filipina,PHL,2001,81401.5,Air minum,Tidak layak,Perkotaan,2.85
Filipina,PHL,2001,81401.5,Air minum,Tidak layak,Total,7.29
Filipina,PHL,2001,81401.5,Air minum,Air permukaan,Perdesaan,4.53
Filipina,PHL,2001,81401.5,Air minum,Air permukaan,Perkotaan,0.74
Filipina,PHL,2001,81401.5,Air minum,Air permukaan,Total,2.78
Filipina,PHL,2001,81401.5,Air minum,Perpipaan,Perdesaan,29.48
Filipina,PHL,2001,81401.5,Air minum,Perpipaan,Perkotaan,63.85
Filipina,PHL,2001,81401.5,Air minum,Perpipaan,Total,45.31
Filipina,PHL,2002,83068.9,Air minum,Dikelola aman,Perdesaan,28.27
Filipina,PHL,2002,83068.9,Air minum,Dikelola aman,Perkotaan,60.2
Filipina,PHL,2002,83068.9,Air minum,Dikelola aman,Total,42.95
Filipina,PHL,2002,83068.9,Air minum,Minimal dasar,Perdesaan,81.41
Filipina,PHL,2002,83068.9,Air minum,Minimal dasar,Perkotaan,94.1
Filipina,PHL,2002,83068.9,Air minum,Minimal dasar,Total,87.24
Filipina,PHL,2002,83068.9,Air minum,Terbatas,Perdesaan,3.56
Filipina,PHL,2002,83068.9,Air minum,Terbatas,Perkotaan,2.46
Filipina,PHL,2002,83068.9,Air minum,Terbatas,Total,3.05
Filipina,PHL,2002,83068.9,Air minum,Tidak layak,Perdesaan,10.75
Filipina,PHL,2002,83068.9,Air minum,Tidak layak,Perkotaan,2.74
Filipina,PHL,2002,83068.9,Air minum,Tidak layak,Total,7.07
Filipina,PHL,2002,83068.9,Air minum,Air permukaan,Perdesaan,4.29
Filipina,PHL,2002,83068.9,Air minum,Air permukaan,Perkotaan,0.7
Filipina,PHL,2002,83068.9,Air minum,Air permukaan,Total,2.64
Filipina,PHL,2002,83068.9,Air minum,Perpipaan,Perdesaan,30.6
Filipina,PHL,2002,83068.9,Air minum,Perpipaan,Perkotaan,64.8
Filipina,PHL,2002,83068.9,Air minum,Perpipaan,Total,46.32
Filipina,PHL,2003,84731.8,Air minum,Dikelola aman,Perdesaan,30.32
Filipina,PHL,2003,84731.8,Air minum,Dikelola aman,Perkotaan,60.29
Filipina,PHL,2003,84731.8,Air minum,Dikelola aman,Total,44.07
Filipina,PHL,2003,84731.8,Air minum,Minimal dasar,Perdesaan,81.96
Filipina,PHL,2003,84731.8,Air minum,Minimal dasar,Perkotaan,94.29
Filipina,PHL,2003,84731.8,Air minum,Minimal dasar,Total,87.62
Filipina,PHL,2003,84731.8,Air minum,Terbatas,Perdesaan,3.58
Filipina,PHL,2003,84731.8,Air minum,Terbatas,Perkotaan,2.42
Filipina,PHL,2003,84731.8,Air minum,Terbatas,Total,3.05
Filipina,PHL,2003,84731.8,Air minum,Tidak layak,Perdesaan,10.41
Filipina,PHL,2003,84731.8,Air minum,Tidak layak,Perkotaan,2.63
Filipina,PHL,2003,84731.8,Air minum,Tidak layak,Total,6.84
Filipina,PHL,2003,84731.8,Air minum,Air permukaan,Perdesaan,4.05
Filipina,PHL,2003,84731.8,Air minum,Air permukaan,Perkotaan,0.66
Filipina,PHL,2003,84731.8,Air minum,Air permukaan,Total,2.5
Filipina,PHL,2003,84731.8,Air minum,Perpipaan,Perdesaan,31.72
Filipina,PHL,2003,84731.8,Air minum,Perpipaan,Perkotaan,65.75
Filipina,PHL,2003,84731.8,Air minum,Perpipaan,Total,47.33
Filipina,PHL,2004,86394.5,Air minum,Dikelola aman,Perdesaan,31.31
Filipina,PHL,2004,86394.5,Air minum,Dikelola aman,Perkotaan,60.38
Filipina,PHL,2004,86394.5,Air minum,Dikelola aman,Total,44.62
Filipina,PHL,2004,86394.5,Air minum,Minimal dasar,Perdesaan,82.51
Filipina,PHL,2004,86394.5,Air minum,Minimal dasar,Perkotaan,94.48
Filipina,PHL,2004,86394.5,Air minum,Minimal dasar,Total,87.99
Filipina,PHL,2004,86394.5,Air minum,Terbatas,Perdesaan,3.6
Filipina,PHL,2004,86394.5,Air minum,Terbatas,Perkotaan,2.38
Filipina,PHL,2004,86394.5,Air minum,Terbatas,Total,3.04
Filipina,PHL,2004,86394.5,Air minum,Tidak layak,Perdesaan,10.07
Filipina,PHL,2004,86394.5,Air minum,Tidak layak,Perkotaan,2.53
Filipina,PHL,2004,86394.5,Air minum,Tidak layak,Total,6.62
Filipina,PHL,2004,86394.5,Air minum,Air permukaan,Perdesaan,3.82
Filipina,PHL,2004,86394.5,Air minum,Air permukaan,Perkotaan,0.62
Filipina,PHL,2004,86394.5,Air minum,Air permukaan,Total,2.35
Filipina,PHL,2004,86394.5,Air minum,Perpipaan,Perdesaan,32.85
Filipina,PHL,2004,86394.5,Air minum,Perpipaan,Perkotaan,66.7
Filipina,PHL,2004,86394.5,Air minum,Perpipaan,Total,48.35
Filipina,PHL,2005,88016.0,Air minum,Dikelola aman,Perdesaan,31.52
Filipina,PHL,2005,88016.0,Air minum,Dikelola aman,Perkotaan,60.47
Filipina,PHL,2005,88016.0,Air minum,Dikelola aman,Total,44.75
Filipina,PHL,2005,88016.0,Air minum,Minimal dasar,Perdesaan,83.07
Filipina,PHL,2005,88016.0,Air minum,Minimal dasar,Perkotaan,94.66
Filipina,PHL,2005,88016.0,Air minum,Minimal dasar,Total,88.37
Filipina,PHL,2005,88016.0,Air minum,Terbatas,Perdesaan,3.62
Filipina,PHL,2005,88016.0,Air minum,Terbatas,Perkotaan,2.34
Filipina,PHL,2005,88016.0,Air minum,Terbatas,Total,3.03
Filipina,PHL,2005,88016.0,Air minum,Tidak layak,Perdesaan,9.73
Filipina,PHL,2005,88016.0,Air minum,Tidak layak,Perkotaan,2.42
Filipina,PHL,2005,88016.0,Air minum,Tidak layak,Total,6.39
Filipina,PHL,2005,88016.0,Air minum,Air permukaan,Perdesaan,3.58
Filipina,PHL,2005,88016.0,Air minum,Air permukaan,Perkotaan,0.58
Filipina,PHL,2005,88016.0,Air minum,Air permukaan,Total,2.21
Filipina,PHL,2005,88016.0,Air minum,Perpipaan,Perdesaan,33.97
Filipina,PHL,2005,88016.0,Air minum,Perpipaan,Perkotaan,67.65
Filipina,PHL,2005,88016.0,Air minum,Perpipaan,Total,49.36
Filipina,PHL,2006,89509.0,Air minum,Dikelola aman,Perdesaan,31.72
Filipina,PHL,2006,89509.0,Air minum,Dikelola aman,Perkotaan,60.57
Filipina,PHL,2006,89509.0,Air minum,Dikelola aman,Total,44.88
Filipina,PHL,2006,89509.0,Air minum,Minimal dasar,Perdesaan,83.62
Filipina,PHL,2006,89509.0,Air minum,Minimal dasar,Perkotaan,94.85
Filipina,PHL,2006,89509.0,Air minum,Minimal dasar,Total,88.74
Filipina,PHL,2006,89509.0,Air minum,Terbatas,Perdesaan,3.64
Filipina,PHL,2006,89509.0,Air minum,Terbatas,Perkotaan,2.3
Filipina,PHL,2006,89509.0,Air minum,Terbatas,Total,3.03
Filipina,PHL,2006,89509.0,Air minum,Tidak layak,Perdesaan,9.39
Filipina,PHL,2006,89509.0,Air minum,Tidak layak,Perkotaan,2.31
Filipina,PHL,2006,89509.0,Air minum,Tidak layak,Total,6.16
Filipina,PHL,2006,89509.0,Air minum,Air permukaan,Perdesaan,3.34
Filipina,PHL,2006,89509.0,Air minum,Air permukaan,Perkotaan,0.54
Filipina,PHL,2006,89509.0,Air minum,Air permukaan,Total,2.06
Filipina,PHL,2006,89509.0,Air minum,Perpipaan,Perdesaan,35.09
Filipina,PHL,2006,89509.0,Air minum,Perpipaan,Perkotaan,68.6
Filipina,PHL,2006,89509.0,Air minum,Perpipaan,Total,50.38
Filipina,PHL,2007,91075.2,Air minum,Dikelola aman,Perdesaan,31.93
Filipina,PHL,2007,91075.2,Air minum,Dikelola aman,Perkotaan,60.66
Filipina,PHL,2007,91075.2,Air minum,Dikelola aman,Total,45.01
Filipina,PHL,2007,91075.2,Air minum,Minimal dasar,Perdesaan,84.17
Filipina,PHL,2007,91075.2,Air minum,Minimal dasar,Perkotaan,95.04
Filipina,PHL,2007,91075.2,Air minum,Minimal dasar,Total,89.12
Filipina,PHL,2007,91075.2,Air minum,Terbatas,Perdesaan,3.67
Filipina,PHL,2007,91075.2,Air minum,Terbatas,Perkotaan,2.25
Filipina,PHL,2007,91075.2,Air minum,Terbatas,Total,3.02
Filipina,PHL,2007,91075.2,Air minum,Tidak layak,Perdesaan,9.05
Filipina,PHL,2007,91075.2,Air minum,Tidak layak,Perkotaan,2.2
Filipina,PHL,2007,91075.2,Air minum,Tidak layak,Total,5.93
Filipina,PHL,2007,91075.2,Air minum,Air permukaan,Perdesaan,3.11
Filipina,PHL,2007,91075.2,Air minum,Air permukaan,Perkotaan,0.5
Filipina,PHL,2007,91075.2,Air minum,Air permukaan,Total,1.92
Filipina,PHL,2007,91075.2,Air minum,Perpipaan,Perdesaan,36.22
Filipina,PHL,2007,91075.2,Air minum,Perpipaan,Perkotaan,69.55
Filipina,PHL,2007,91075.2,Air minum,Perpipaan,Total,51.4
Filipina,PHL,2008,92699.1,Air minum,Dikelola aman,Perdesaan,32.14
Filipina,PHL,2008,92699.1,Air minum,Dikelola aman,Perkotaan,60.75
Filipina,PHL,2008,92699.1,Air minum,Dikelola aman,Total,45.15
Filipina,PHL,2008,92699.1,Air minum,Minimal dasar,Perdesaan,84.73
Filipina,PHL,2008,92699.1,Air minum,Minimal dasar,Perkotaan,95.23
Filipina,PHL,2008,92699.1,Air minum,Minimal dasar,Total,89.5
Filipina,PHL,2008,92699.1,Air minum,Terbatas,Perdesaan,3.69
Filipina,PHL,2008,92699.1,Air minum,Terbatas,Perkotaan,2.21
Filipina,PHL,2008,92699.1,Air minum,Terbatas,Total,3.02
Filipina,PHL,2008,92699.1,Air minum,Tidak layak,Perdesaan,8.72
Filipina,PHL,2008,92699.1,Air minum,Tidak layak,Perkotaan,2.1
Filipina,PHL,2008,92699.1,Air minum,Tidak layak,Total,5.71
Filipina,PHL,2008,92699.1,Air minum,Air permukaan,Perdesaan,2.87
Filipina,PHL,2008,92699.1,Air minum,Air permukaan,Perkotaan,0.46
Filipina,PHL,2008,92699.1,Air minum,Air permukaan,Total,1.77
Filipina,PHL,2008,92699.1,Air minum,Perpipaan,Perdesaan,37.34
Filipina,PHL,2008,92699.1,Air minum,Perpipaan,Perkotaan,70.5
Filipina,PHL,2008,92699.1,Air minum,Perpipaan,Total,52.41
Filipina,PHL,2009,94384.2,Air minum,Dikelola aman,Perdesaan,32.35
Filipina,PHL,2009,94384.2,Air minum,Dikelola aman,Perkotaan,60.84
Filipina,PHL,2009,94384.2,Air minum,Dikelola aman,Total,45.28
Filipina,PHL,2009,94384.2,Air minum,Minimal dasar,Perdesaan,85.28
Filipina,PHL,2009,94384.2,Air minum,Minimal dasar,Perkotaan,95.42
Filipina,PHL,2009,94384.2,Air minum,Minimal dasar,Total,89.88
Filipina,PHL,2009,94384.2,Air minum,Terbatas,Perdesaan,3.71
Filipina,PHL,2009,94384.2,Air minum,Terbatas,Perkotaan,2.17
Filipina,PHL,2009,94384.2,Air minum,Terbatas,Total,3.01
Filipina,PHL,2009,94384.2,Air minum,Tidak layak,Perdesaan,8.38
Filipina,PHL,2009,94384.2,Air minum,Tidak layak,Perkotaan,1.99
Filipina,PHL,2009,94384.2,Air minum,Tidak layak,Total,5.48
Filipina,PHL,2009,94384.2,Air minum,Air permukaan,Perdesaan,2.63
Filipina,PHL,2009,94384.2,Air minum,Air permukaan,Perkotaan,0.42
Filipina,PHL,2009,94384.2,Air minum,Air permukaan,Total,1.63
Filipina,PHL,2009,94384.2,Air minum,Perpipaan,Perdesaan,38.47
Filipina,PHL,2009,94384.2,Air minum,Perpipaan,Perkotaan,71.44
Filipina,PHL,2009,94384.2,Air minum,Perpipaan,Total,53.43
Filipina,PHL,2010,96337.1,Air minum,Dikelola aman,Perdesaan,32.56
Filipina,PHL,2010,96337.1,Air minum,Dikelola aman,Perkotaan,60.93
Filipina,PHL,2010,96337.1,Air minum,Dikelola aman,Total,45.42
Filipina,PHL,2010,96337.1,Air minum,Minimal dasar,Perdesaan,85.84
Filipina,PHL,2010,96337.1,Air minum,Minimal dasar,Perkotaan,95.6
Filipina,PHL,2010,96337.1,Air minum,Minimal dasar,Total,90.26
Filipina,PHL,2010,96337.1,Air minum,Terbatas,Perdesaan,3.73
Filipina,PHL,2010,96337.1,Air minum,Terbatas,Perkotaan,2.13
Filipina,PHL,2010,96337.1,Air minum,Terbatas,Total,3.01
Filipina,PHL,2010,96337.1,Air minum,Tidak layak,Perdesaan,8.04
Filipina,PHL,2010,96337.1,Air minum,Tidak layak,Perkotaan,1.88
Filipina,PHL,2010,96337.1,Air minum,Tidak layak,Total,5.25
Filipina,PHL,2010,96337.1,Air minum,Air permukaan,Perdesaan,2.39
Filipina,PHL,2010,96337.1,Air minum,Air permukaan,Perkotaan,0.38
Filipina,PHL,2010,96337.1,Air minum,Air permukaan,Total,1.48
Filipina,PHL,2010,96337.1,Air minum,Perpipaan,Perdesaan,39.59
Filipina,PHL,2010,96337.1,Air minum,Perpipaan,Perkotaan,72.39
Filipina,PHL,2010,96337.1,Air minum,Perpipaan,Total,54.46
Filipina,PHL,2011,98248.6,Air minum,Dikelola aman,Perdesaan,32.77
Filipina,PHL,2011,98248.6,Air minum,Dikelola aman,Perkotaan,61.02
Filipina,PHL,2011,98248.6,Air minum,Dikelola aman,Total,45.63
Filipina,PHL,2011,98248.6,Air minum,Minimal dasar,Perdesaan,86.39
Filipina,PHL,2011,98248.6,Air minum,Minimal dasar,Perkotaan,95.79
Filipina,PHL,2011,98248.6,Air minum,Minimal dasar,Total,90.67
Filipina,PHL,2011,98248.6,Air minum,Terbatas,Perdesaan,3.75
Filipina,PHL,2011,98248.6,Air minum,Terbatas,Perkotaan,2.09
Filipina,PHL,2011,98248.6,Air minum,Terbatas,Total,3.0
Filipina,PHL,2011,98248.6,Air minum,Tidak layak,Perdesaan,7.7
Filipina,PHL,2011,98248.6,Air minum,Tidak layak,Perkotaan,1.78
Filipina,PHL,2011,98248.6,Air minum,Tidak layak,Total,5.0
Filipina,PHL,2011,98248.6,Air minum,Air permukaan,Perdesaan,2.16
Filipina,PHL,2011,98248.6,Air minum,Air permukaan,Perkotaan,0.34
Filipina,PHL,2011,98248.6,Air minum,Air permukaan,Total,1.33
Filipina,PHL,2011,98248.6,Air minum,Perpipaan,Perdesaan,40.71
Filipina,PHL,2011,98248.6,Air minum,Perpipaan,Perkotaan,73.34
Filipina,PHL,2011,98248.6,Air minum,Perpipaan,Total,55.57
Filipina,PHL,2012,100175.5,Air minum,Dikelola aman,Perdesaan,32.98
Filipina,PHL,2012,100175.5,Air minum,Dikelola aman,Perkotaan,61.12
Filipina,PHL,2012,100175.5,Air minum,Dikelola aman,Total,45.84
Filipina,PHL,2012,100175.5,Air minum,Minimal dasar,Perdesaan,86.94
Filipina,PHL,2012,100175.5,Air minum,Minimal dasar,Perkotaan,95.98
Filipina,PHL,2012,100175.5,Air minum,Minimal dasar,Total,91.07
Filipina,PHL,2012,100175.5,Air minum,Terbatas,Perdesaan,3.78
Filipina,PHL,2012,100175.5,Air minum,Terbatas,Perkotaan,2.05
Filipina,PHL,2012,100175.5,Air minum,Terbatas,Total,2.99
Filipina,PHL,2012,100175.5,Air minum,Tidak layak,Perdesaan,7.36
Filipina,PHL,2012,100175.5,Air minum,Tidak layak,Perkotaan,1.67
Filipina,PHL,2012,100175.5,Air minum,Tidak layak,Total,4.76
Filipina,PHL,2012,100175.5,Air minum,Air permukaan,Perdesaan,1.92
Filipina,PHL,2012,100175.5,Air minum,Air permukaan,Perkotaan,0.3
Filipina,PHL,2012,100175.5,Air minum,Air permukaan,Total,1.18
Filipina,PHL,2012,100175.5,Air minum,Perpipaan,Perdesaan,41.84
Filipina,PHL,2012,100175.5,Air minum,Perpipaan,Perkotaan,74.29
Filipina,PHL,2012,100175.5,Air minum,Perpipaan,Total,56.67
Filipina,PHL,2013,102076.3,Air minum,Dikelola aman,Perdesaan,33.19
Filipina,PHL,2013,102076.3,Air minum,Dikelola aman,Perkotaan,61.21
Filipina,PHL,2013,102076.3,Air minum,Dikelola aman,Total,46.05
Filipina,PHL,2013,102076.3,Air minum,Minimal dasar,Perdesaan,87.5
Filipina,PHL,2013,102076.3,Air minum,Minimal dasar,Perkotaan,96.17
Filipina,PHL,2013,102076.3,Air minum,Minimal dasar,Total,91.48
Filipina,PHL,2013,102076.3,Air minum,Terbatas,Perdesaan,3.8
Filipina,PHL,2013,102076.3,Air minum,Terbatas,Perkotaan,2.01
Filipina,PHL,2013,102076.3,Air minum,Terbatas,Total,2.97
Filipina,PHL,2013,102076.3,Air minum,Tidak layak,Perdesaan,7.02
Filipina,PHL,2013,102076.3,Air minum,Tidak layak,Perkotaan,1.56
Filipina,PHL,2013,102076.3,Air minum,Tidak layak,Total,4.52
Filipina,PHL,2013,102076.3,Air minum,Air permukaan,Perdesaan,1.68
Filipina,PHL,2013,102076.3,Air minum,Air permukaan,Perkotaan,0.26
Filipina,PHL,2013,102076.3,Air minum,Air permukaan,Total,1.03
Filipina,PHL,2013,102076.3,Air minum,Perpipaan,Perdesaan,42.96
Filipina,PHL,2013,102076.3,Air minum,Perpipaan,Perkotaan,75.24
Filipina,PHL,2013,102076.3,Air minum,Perpipaan,Total,57.78
Filipina,PHL,2014,103767.1,Air minum,Dikelola aman,Perdesaan,33.4
Filipina,PHL,2014,103767.1,Air minum,Dikelola aman,Perkotaan,61.3
Filipina,PHL,2014,103767.1,Air minum,Dikelola aman,Total,46.26
Filipina,PHL,2014,103767.1,Air minum,Minimal dasar,Perdesaan,88.05
Filipina,PHL,2014,103767.1,Air minum,Minimal dasar,Perkotaan,96.36
Filipina,PHL,2014,103767.1,Air minum,Minimal dasar,Total,91.88
Filipina,PHL,2014,103767.1,Air minum,Terbatas,Perdesaan,3.82
Filipina,PHL,2014,103767.1,Air minum,Terbatas,Perkotaan,1.96
Filipina,PHL,2014,103767.1,Air minum,Terbatas,Total,2.96
Filipina,PHL,2014,103767.1,Air minum,Tidak layak,Perdesaan,6.68
Filipina,PHL,2014,103767.1,Air minum,Tidak layak,Perkotaan,1.45
Filipina,PHL,2014,103767.1,Air minum,Tidak layak,Total,4.27
Filipina,PHL,2014,103767.1,Air minum,Air permukaan,Perdesaan,1.45
Filipina,PHL,2014,103767.1,Air minum,Air permukaan,Perkotaan,0.22
Filipina,PHL,2014,103767.1,Air minum,Air permukaan,Total,0.88
Filipina,PHL,2014,103767.1,Air minum,Perpipaan,Perdesaan,44.09
Filipina,PHL,2014,103767.1,Air minum,Perpipaan,Perkotaan,76.19
Filipina,PHL,2014,103767.1,Air minum,Perpipaan,Total,58.88
Filipina,PHL,2015,105313.0,Air minum,Dikelola aman,Perdesaan,33.61
Filipina,PHL,2015,105313.0,Air minum,Dikelola aman,Perkotaan,61.39
Filipina,PHL,2015,105313.0,Air minum,Dikelola aman,Total,46.47
Filipina,PHL,2015,105313.0,Air minum,Minimal dasar,Perdesaan,88.6
Filipina,PHL,2015,105313.0,Air minum,Minimal dasar,Perkotaan,96.55
Filipina,PHL,2015,105313.0,Air minum,Minimal dasar,Total,92.28
Filipina,PHL,2015,105313.0,Air minum,Terbatas,Perdesaan,3.84
Filipina,PHL,2015,105313.0,Air minum,Terbatas,Perkotaan,1.92
Filipina,PHL,2015,105313.0,Air minum,Terbatas,Total,2.95
Filipina,PHL,2015,105313.0,Air minum,Tidak layak,Perdesaan,6.35
Filipina,PHL,2015,105313.0,Air minum,Tidak layak,Perkotaan,1.35
Filipina,PHL,2015,105313.0,Air minum,Tidak layak,Total,4.03
Filipina,PHL,2015,105313.0,Air minum,Air permukaan,Perdesaan,1.21
Filipina,PHL,2015,105313.0,Air minum,Air permukaan,Perkotaan,0.18
Filipina,PHL,2015,105313.0,Air minum,Air permukaan,Total,0.73
Filipina,PHL,2015,105313.0,Air minum,Perpipaan,Perdesaan,45.21
Filipina,PHL,2015,105313.0,Air minum,Perpipaan,Perkotaan,77.14
Filipina,PHL,2015,105313.0,Air minum,Perpipaan,Total,59.99
Filipina,PHL,2016,106735.7,Air minum,Dikelola aman,Perdesaan,33.82
Filipina,PHL,2016,106735.7,Air minum,Dikelola aman,Perkotaan,61.48
Filipina,PHL,2016,106735.7,Air minum,Dikelola aman,Total,46.68
Filipina,PHL,2016,106735.7,Air minum,Minimal dasar,Perdesaan,89.16
Filipina,PHL,2016,106735.7,Air minum,Minimal dasar,Perkotaan,96.74
Filipina,PHL,2016,106735.7,Air minum,Minimal dasar,Total,92.68
Filipina,PHL,2016,106735.7,Air minum,Terbatas,Perdesaan,3.86
Filipina,PHL,2016,106735.7,Air minum,Terbatas,Perkotaan,1.88
Filipina,PHL,2016,106735.7,Air minum,Terbatas,Total,2.94
Filipina,PHL,2016,106735.7,Air minum,Tidak layak,Perdesaan,6.01
Filipina,PHL,2016,106735.7,Air minum,Tidak layak,Perkotaan,1.24
Filipina,PHL,2016,106735.7,Air minum,Tidak layak,Total,3.79
Filipina,PHL,2016,106735.7,Air minum,Air permukaan,Perdesaan,0.97
Filipina,PHL,2016,106735.7,Air minum,Air permukaan,Perkotaan,0.14
Filipina,PHL,2016,106735.7,Air minum,Air permukaan,Total,0.59
Filipina,PHL,2016,106735.7,Air minum,Perpipaan,Perdesaan,46.33
Filipina,PHL,2016,106735.7,Air minum,Perpipaan,Perkotaan,78.09
Filipina,PHL,2016,106735.7,Air minum,Perpipaan,Total,61.09
Filipina,PHL,2017,108119.7,Air minum,Dikelola aman,Perdesaan,34.03
Filipina,PHL,2017,108119.7,Air minum,Dikelola aman,Perkotaan,61.57
Filipina,PHL,2017,108119.7,Air minum,Dikelola aman,Total,46.89
Filipina,PHL,2017,108119.7,Air minum,Minimal dasar,Perdesaan,89.71
Filipina,PHL,2017,108119.7,Air minum,Minimal dasar,Perkotaan,96.93
Filipina,PHL,2017,108119.7,Air minum,Minimal dasar,Total,93.08
Filipina,PHL,2017,108119.7,Air minum,Terbatas,Perdesaan,3.88
Filipina,PHL,2017,108119.7,Air minum,Terbatas,Perkotaan,1.84
Filipina,PHL,2017,108119.7,Air minum,Terbatas,Total,2.93
Filipina,PHL,2017,108119.7,Air minum,Tidak layak,Perdesaan,5.67
Filipina,PHL,2017,108119.7,Air minum,Tidak layak,Perkotaan,1.13
Filipina,PHL,2017,108119.7,Air minum,Tidak layak,Total,3.55
Filipina,PHL,2017,108119.7,Air minum,Air permukaan,Perdesaan,0.73
Filipina,PHL,2017,108119.7,Air minum,Air permukaan,Perkotaan,0.1
Filipina,PHL,2017,108119.7,Air minum,Air permukaan,Total,0.44
Filipina,PHL,2017,108119.7,Air minum,Perpipaan,Perdesaan,47.46
Filipina,PHL,2017,108119.7,Air minum,Perpipaan,Perkotaan,79.04
Filipina,PHL,2017,108119.7,Air minum,Perpipaan,Total,62.2
Filipina,PHL,2018,109465.3,Air minum,Dikelola aman,Perdesaan,34.24
Filipina,PHL,2018,109465.3,Air minum,Dikelola aman,Perkotaan,61.67
Filipina,PHL,2018,109465.3,Air minum,Dikelola aman,Total,47.1
Filipina,PHL,2018,109465.3,Air minum,Minimal dasar,Perdesaan,90.27
Filipina,PHL,2018,109465.3,Air minum,Minimal dasar,Perkotaan,97.12
Filipina,PHL,2018,109465.3,Air minum,Minimal dasar,Total,93.48
Filipina,PHL,2018,109465.3,Air minum,Terbatas,Perdesaan,3.91
Filipina,PHL,2018,109465.3,Air minum,Terbatas,Perkotaan,1.8
Filipina,PHL,2018,109465.3,Air minum,Terbatas,Total,2.92
Filipina,PHL,2018,109465.3,Air minum,Tidak layak,Perdesaan,5.33
Filipina,PHL,2018,109465.3,Air minum,Tidak layak,Perkotaan,1.02
Filipina,PHL,2018,109465.3,Air minum,Tidak layak,Total,3.31
Filipina,PHL,2018,109465.3,Air minum,Air permukaan,Perdesaan,0.5
Filipina,PHL,2018,109465.3,Air minum,Air permukaan,Perkotaan,0.06
Filipina,PHL,2018,109465.3,Air minum,Air permukaan,Total,0.29
Filipina,PHL,2018,109465.3,Air minum,Perpipaan,Perdesaan,48.58
Filipina,PHL,2018,109465.3,Air minum,Perpipaan,Perkotaan,79.98
Filipina,PHL,2018,109465.3,Air minum,Perpipaan,Total,63.31
Filipina,PHL,2019,110804.7,Air minum,Dikelola aman,Perdesaan,34.45
Filipina,PHL,2019,110804.7,Air minum,Dikelola aman,Perkotaan,61.76
Filipina,PHL,2019,110804.7,Air minum,Dikelola aman,Total,47.32
Filipina,PHL,2019,110804.7,Air minum,Minimal dasar,Perdesaan,90.82
Filipina,PHL,2019,110804.7,Air minum,Minimal dasar,Perkotaan,97.31
Filipina,PHL,2019,110804.7,Air minum,Minimal dasar,Total,93.88
Filipina,PHL,2019,110804.7,Air minum,Terbatas,Perdesaan,3.93
Filipina,PHL,2019,110804.7,Air minum,Terbatas,Perkotaan,1.75
Filipina,PHL,2019,110804.7,Air minum,Terbatas,Total,2.9
Filipina,PHL,2019,110804.7,Air minum,Tidak layak,Perdesaan,4.99
Filipina,PHL,2019,110804.7,Air minum,Tidak layak,Perkotaan,0.92
Filipina,PHL,2019,110804.7,Air minum,Tidak layak,Total,3.07
Filipina,PHL,2019,110804.7,Air minum,Air permukaan,Perdesaan,0.26
Filipina,PHL,2019,110804.7,Air minum,Air permukaan,Perkotaan,0.02
Filipina,PHL,2019,110804.7,Air minum,Air permukaan,Total,0.15
Filipina,PHL,2019,110804.7,Air minum,Perpipaan,Perdesaan,49.71
Filipina,PHL,2019,110804.7,Air minum,Perpipaan,Perkotaan,80.93
Filipina,PHL,2019,110804.7,Air minum,Perpipaan,Total,64.43
Filipina,PHL,2020,112081.3,Air minum,Dikelola aman,Perdesaan,34.65
Filipina,PHL,2020,112081.3,Air minum,Dikelola aman,Perkotaan,61.85
Filipina,PHL,2020,112081.3,Air minum,Dikelola aman,Total,47.55
Filipina,PHL,2020,112081.3,Air minum,Minimal dasar,Perdesaan,91.37
Filipina,PHL,2020,112081.3,Air minum,Minimal dasar,Perkotaan,97.5
Filipina,PHL,2020,112081.3,Air minum,Minimal dasar,Total,94.28
Filipina,PHL,2020,112081.3,Air minum,Terbatas,Perdesaan,3.95
Filipina,PHL,2020,112081.3,Air minum,Terbatas,Perkotaan,1.71
Filipina,PHL,2020,112081.3,Air minum,Terbatas,Total,2.89
Filipina,PHL,2020,112081.3,Air minum,Tidak layak,Perdesaan,4.65
Filipina,PHL,2020,112081.3,Air minum,Tidak layak,Perkotaan,0.79
Filipina,PHL,2020,112081.3,Air minum,Tidak layak,Total,2.82
Filipina,PHL,2020,112081.3,Air minum,Air permukaan,Perdesaan,0.02
Filipina,PHL,2020,112081.3,Air minum,Air permukaan,Perkotaan,0.0
Filipina,PHL,2020,112081.3,Air minum,Air permukaan,Total,0.01
Filipina,PHL,2020,112081.3,Air minum,Perpipaan,Perdesaan,50.83
Filipina,PHL,2020,112081.3,Air minum,Perpipaan,Perkotaan,81.88
Filipina,PHL,2020,112081.3,Air minum,Perpipaan,Total,65.55
Filipina,PHL,2021,113100.9,Air minum,Dikelola aman,Perdesaan,34.86
Filipina,PHL,2021,113100.9,Air minum,Dikelola aman,Perkotaan,61.94
Filipina,PHL,2021,113100.9,Air minum,Dikelola aman,Total,47.78
Filipina,PHL,2021,113100.9,Air minum,Minimal dasar,Perdesaan,91.93
Filipina,PHL,2021,113100.9,Air minum,Minimal dasar,Perkotaan,97.69
Filipina,PHL,2021,113100.9,Air minum,Minimal dasar,Total,94.67
Filipina,PHL,2021,113100.9,Air minum,Terbatas,Perdesaan,3.97
Filipina,PHL,2021,113100.9,Air minum,Terbatas,Perkotaan,1.67
Filipina,PHL,2021,113100.9,Air minum,Terbatas,Total,2.87
Filipina,PHL,2021,113100.9,Air minum,Tidak layak,Perdesaan,4.1
Filipina,PHL,2021,113100.9,Air minum,Tidak layak,Perkotaan,0.65
Filipina,PHL,2021,113100.9,Air minum,Tidak layak,Total,2.45
Filipina,PHL,2021,113100.9,Air minum,Air permukaan,Perdesaan,0.0
Filipina,PHL,2021,113100.9,Air minum,Air permukaan,Perkotaan,0.0
Filipina,PHL,2021,113100.9,Air minum,Air permukaan,Total,0.0
Filipina,PHL,2021,113100.9,Air minum,Perpipaan,Perdesaan,51.95
Filipina,PHL,2021,113100.9,Air minum,Perpipaan,Perkotaan,82.83
Filipina,PHL,2021,113100.9,Air minum,Perpipaan,Total,66.68
Filipina,PHL,2022,113964.3,Air minum,Dikelola aman,Perdesaan,35.07
Filipina,PHL,2022,113964.3,Air minum,Dikelola aman,Perkotaan,62.03
Filipina,PHL,2022,113964.3,Air minum,Dikelola aman,Total,48.01
Filipina,PHL,2022,113964.3,Air minum,Minimal dasar,Perdesaan,92.48
Filipina,PHL,2022,113964.3,Air minum,Minimal dasar,Perkotaan,97.88
Filipina,PHL,2022,113964.3,Air minum,Minimal dasar,Total,95.07
Filipina,PHL,2022,113964.3,Air minum,Terbatas,Perdesaan,3.99
Filipina,PHL,2022,113964.3,Air minum,Terbatas,Perkotaan,1.62
Filipina,PHL,2022,113964.3,Air minum,Terbatas,Total,2.86
Filipina,PHL,2022,113964.3,Air minum,Tidak layak,Perdesaan,3.52
Filipina,PHL,2022,113964.3,Air minum,Tidak layak,Perkotaan,0.5
Filipina,PHL,2022,113964.3,Air minum,Tidak layak,Total,2.07
Filipina,PHL,2022,113964.3,Air minum,Air permukaan,Perdesaan,0.0
Filipina,PHL,2022,113964.3,Air minum,Air permukaan,Perkotaan,0.0
Filipina,PHL,2022,113964.3,Air minum,Air permukaan,Total,0.0
Filipina,PHL,2022,113964.3,Air minum,Perpipaan,Perdesaan,53.08
Filipina,PHL,2022,113964.3,Air minum,Perpipaan,Perkotaan,83.78
Filipina,PHL,2022,113964.3,Air minum,Perpipaan,Total,67.81
Filipina,PHL,2023,114891.2,Air minum,Dikelola aman,Perdesaan,35.28
Filipina,PHL,2023,114891.2,Air minum,Dikelola aman,Perkotaan,62.13
Filipina,PHL,2023,114891.2,Air minum,Dikelola aman,Total,48.24
Filipina,PHL,2023,114891.2,Air minum,Minimal dasar,Perdesaan,93.04
Filipina,PHL,2023,114891.2,Air minum,Minimal dasar,Perkotaan,98.07
Filipina,PHL,2023,114891.2,Air minum,Minimal dasar,Total,95.47
Filipina,PHL,2023,114891.2,Air minum,Terbatas,Perdesaan,4.01
Filipina,PHL,2023,114891.2,Air minum,Terbatas,Perkotaan,1.58
Filipina,PHL,2023,114891.2,Air minum,Terbatas,Total,2.84
Filipina,PHL,2023,114891.2,Air minum,Tidak layak,Perdesaan,2.95
Filipina,PHL,2023,114891.2,Air minum,Tidak layak,Perkotaan,0.35
Filipina,PHL,2023,114891.2,Air minum,Tidak layak,Total,1.7
Filipina,PHL,2023,114891.2,Air minum,Air permukaan,Perdesaan,0.0
Filipina,PHL,2023,114891.2,Air minum,Air permukaan,Perkotaan,0.0
Filipina,PHL,2023,114891.2,Air minum,Air permukaan,Total,0.0
Filipina,PHL,2023,114891.2,Air minum,Perpipaan,Perdesaan,54.2
Filipina,PHL,2023,114891.2,Air minum,Perpipaan,Perkotaan,84.73
Filipina,PHL,2023,114891.2,Air minum,Perpipaan,Total,68.94
Filipina,PHL,2024,115843.7,Air minum,Dikelola aman,Perdesaan,35.49
Filipina,PHL,2024,115843.7,Air minum,Dikelola aman,Perkotaan,62.22
Filipina,PHL,2024,115843.7,Air minum,Dikelola aman,Total,48.48
Filipina,PHL,2024,115843.7,Air minum,Minimal dasar,Perdesaan,93.59
Filipina,PHL,2024,115843.7,Air minum,Minimal dasar,Perkotaan,98.26
Filipina,PHL,2024,115843.7,Air minum,Minimal dasar,Total,95.86
Filipina,PHL,2024,115843.7,Air minum,Terbatas,Perdesaan,4.04
Filipina,PHL,2024,115843.7,Air minum,Terbatas,Perkotaan,1.54
Filipina,PHL,2024,115843.7,Air minum,Terbatas,Total,2.82
Filipina,PHL,2024,115843.7,Air minum,Tidak layak,Perdesaan,2.37
Filipina,PHL,2024,115843.7,Air minum,Tidak layak,Perkotaan,0.2
Filipina,PHL,2024,115843.7,Air minum,Tidak layak,Total,1.32
Filipina,PHL,2024,115843.7,Air minum,Air permukaan,Perdesaan,0.0
Filipina,PHL,2024,115843.7,Air minum,Air permukaan,Perkotaan,0.0
Filipina,PHL,2024,115843.7,Air minum,Air permukaan,Total,0.0
Filipina,PHL,2024,115843.7,Air minum,Perpipaan,Perdesaan,55.33
Filipina,PHL,2024,115843.7,Air minum,Perpipaan,Perkotaan,85.68
Filipina,PHL,2024,115843.7,Air minum,Perpipaan,Total,70.08
Singapura,SGP,2000,4035.2,Air minum,Dikelola aman,Perkotaan,100.0
Singapura,SGP,2000,4035.2,Air minum,Dikelola aman,Total,100.0
Singapura,SGP,2000,4035.2,Air minum,Minimal dasar,Perkotaan,100.0
Singapura,SGP,2000,4035.2,Air minum,Minimal dasar,Total,100.0
Singapura,SGP,2000,4035.2,Air minum,Terbatas,Perkotaan,0.0
Singapura,SGP,2000,4035.2,Air minum,Terbatas,Total,0.0
Singapura,SGP,2000,4035.2,Air minum,Tidak layak,Perkotaan,0.0
Singapura,SGP,2000,4035.2,Air minum,Tidak layak,Total,0.0
Singapura,SGP,2000,4035.2,Air minum,Air permukaan,Perkotaan,0.0
Singapura,SGP,2000,4035.2,Air minum,Air permukaan,Total,0.0
Singapura,SGP,2000,4035.2,Air minum,Perpipaan,Perkotaan,100.0
Singapura,SGP,2000,4035.2,Air minum,Perpipaan,Total,100.0
Singapura,SGP,2001,4116.2,Air minum,Dikelola aman,Perkotaan,100.0
Singapura,SGP,2001,4116.2,Air minum,Dikelola aman,Total,100.0
Singapura,SGP,2001,4116.2,Air minum,Minimal dasar,Perkotaan,100.0
Singapura,SGP,2001,4116.2,Air minum,Minimal dasar,Total,100.0
Singapura,SGP,2001,4116.2,Air minum,Terbatas,Perkotaan,0.0
Singapura,SGP,2001,4116.2,Air minum,Terbatas,Total,0.0
Singapura,SGP,2001,4116.2,Air minum,Tidak layak,Perkotaan,0.0
Singapura,SGP,2001,4116.2,Air minum,Tidak layak,Total,0.0
Singapura,SGP,2001,4116.2,Air minum,Air permukaan,Perkotaan,0.0
Singapura,SGP,2001,4116.2,Air minum,Air permukaan,Total,0.0
Singapura,SGP,2001,4116.2,Air minum,Perpipaan,Perkotaan,100.0
Singapura,SGP,2001,4116.2,Air minum,Perpipaan,Total,100.0
Singapura,SGP,2002,4146.9,Air minum,Dikelola aman,Perkotaan,100.0
Singapura,SGP,2002,4146.9,Air minum,Dikelola aman,Total,100.0
Singapura,SGP,2002,4146.9,Air minum,Minimal dasar,Perkotaan,100.0
Singapura,SGP,2002,4146.9,Air minum,Minimal dasar,Total,100.0
Singapura,SGP,2002,4146.9,Air minum,Terbatas,Perkotaan,0.0
Singapura,SGP,2002,4146.9,Air minum,Terbatas,Total,0.0
Singapura,SGP,2002,4146.9,Air minum,Tidak layak,Perkotaan,0.0
Singapura,SGP,2002,4146.9,Air minum,Tidak layak,Total,0.0
Singapura,SGP,2002,4146.9,Air minum,Air permukaan,Perkotaan,0.0
Singapura,SGP,2002,4146.9,Air minum,Air permukaan,Total,0.0
Singapura,SGP,2002,4146.9,Air minum,Perpipaan,Perkotaan,100.0
Singapura,SGP,2002,4146.9,Air minum,Perpipaan,Total,100.0
Singapura,SGP,2003,4138.2,Air minum,Dikelola aman,Perkotaan,100.0
Singapura,SGP,2003,4138.2,Air minum,Dikelola aman,Total,100.0
Singapura,SGP,2003,4138.2,Air minum,Minimal dasar,Perkotaan,100.0
Singapura,SGP,2003,4138.2,Air minum,Minimal dasar,Total,100.0
Singapura,SGP,2003,4138.2,Air minum,Terbatas,Perkotaan,0.0
Singapura,SGP,2003,4138.2,Air minum,Terbatas,Total,0.0
Singapura,SGP,2003,4138.2,Air minum,Tidak layak,Perkotaan,0.0
Singapura,SGP,2003,4138.2,Air minum,Tidak layak,Total,0.0
Singapura,SGP,2003,4138.2,Air minum,Air permukaan,Perkotaan,0.0
Singapura,SGP,2003,4138.2,Air minum,Air permukaan,Total,0.0
Singapura,SGP,2003,4138.2,Air minum,Perpipaan,Perkotaan,100.0
Singapura,SGP,2003,4138.2,Air minum,Perpipaan,Total,100.0
Singapura,SGP,2004,4172.8,Air minum,Dikelola aman,Perkotaan,100.0
Singapura,SGP,2004,4172.8,Air minum,Dikelola aman,Total,100.0
Singapura,SGP,2004,4172.8,Air minum,Minimal dasar,Perkotaan,100.0
Singapura,SGP,2004,4172.8,Air minum,Minimal dasar,Total,100.0
Singapura,SGP,2004,4172.8,Air minum,Terbatas,Perkotaan,0.0
Singapura,SGP,2004,4172.8,Air minum,Terbatas,Total,0.0
Singapura,SGP,2004,4172.8,Air minum,Tidak layak,Perkotaan,0.0
Singapura,SGP,2004,4172.8,Air minum,Tidak layak,Total,0.0
Singapura,SGP,2004,4172.8,Air minum,Air permukaan,Perkotaan,0.0
Singapura,SGP,2004,4172.8,Air minum,Air permukaan,Total,0.0
Singapura,SGP,2004,4172.8,Air minum,Perpipaan,Perkotaan,100.0
Singapura,SGP,2004,4172.8,Air minum,Perpipaan,Total,100.0
Singapura,SGP,2005,4268.4,Air minum,Dikelola aman,Perkotaan,100.0
Singapura,SGP,2005,4268.4,Air minum,Dikelola aman,Total,100.0
Singapura,SGP,2005,4268.4,Air minum,Minimal dasar,Perkotaan,100.0
Singapura,SGP,2005,4268.4,Air minum,Minimal dasar,Total,100.0
Singapura,SGP,2005,4268.4,Air minum,Terbatas,Perkotaan,0.0
Singapura,SGP,2005,4268.4,Air minum,Terbatas,Total,0.0
Singapura,SGP,2005,4268.4,Air minum,Tidak layak,Perkotaan,0.0
Singapura,SGP,2005,4268.4,Air minum,Tidak layak,Total,0.0
Singapura,SGP,2005,4268.4,Air minum,Air permukaan,Perkotaan,0.0
Singapura,SGP,2005,4268.4,Air minum,Air permukaan,Total,0.0
Singapura,SGP,2005,4268.4,Air minum,Perpipaan,Perkotaan,100.0
Singapura,SGP,2005,4268.4,Air minum,Perpipaan,Total,100.0
Singapura,SGP,2006,4407.1,Air minum,Dikelola aman,Perkotaan,100.0
Singapura,SGP,2006,4407.1,Air minum,Dikelola aman,Total,100.0
Singapura,SGP,2006,4407.1,Air minum,Minimal dasar,Perkotaan,100.0
Singapura,SGP,2006,4407.1,Air minum,Minimal dasar,Total,100.0
Singapura,SGP,2006,4407.1,Air minum,Terbatas,Perkotaan,0.0
Singapura,SGP,2006,4407.1,Air minum,Terbatas,Total,0.0
Singapura,SGP,2006,4407.1,Air minum,Tidak layak,Perkotaan,0.0
Singapura,SGP,2006,4407.1,Air minum,Tidak layak,Total,0.0
Singapura,SGP,2006,4407.1,Air minum,Air permukaan,Perkotaan,0.0
Singapura,SGP,2006,4407.1,Air minum,Air permukaan,Total,0.0
Singapura,SGP,2006,4407.1,Air minum,Perpipaan,Perkotaan,100.0
Singapura,SGP,2006,4407.1,Air minum,Perpipaan,Total,100.0
Singapura,SGP,2007,4596.5,Air minum,Dikelola aman,Perkotaan,100.0
Singapura,SGP,2007,4596.5,Air minum,Dikelola aman,Total,100.0
Singapura,SGP,2007,4596.5,Air minum,Minimal dasar,Perkotaan,100.0
Singapura,SGP,2007,4596.5,Air minum,Minimal dasar,Total,100.0
Singapura,SGP,2007,4596.5,Air minum,Terbatas,Perkotaan,0.0
Singapura,SGP,2007,4596.5,Air minum,Terbatas,Total,0.0
Singapura,SGP,2007,4596.5,Air minum,Tidak layak,Perkotaan,0.0
Singapura,SGP,2007,4596.5,Air minum,Tidak layak,Total,0.0
Singapura,SGP,2007,4596.5,Air minum,Air permukaan,Perkotaan,0.0
Singapura,SGP,2007,4596.5,Air minum,Air permukaan,Total,0.0
Singapura,SGP,2007,4596.5,Air minum,Perpipaan,Perkotaan,100.0
Singapura,SGP,2007,4596.5,Air minum,Perpipaan,Total,100.0
Singapura,SGP,2008,4806.7,Air minum,Dikelola aman,Perkotaan,100.0
Singapura,SGP,2008,4806.7,Air minum,Dikelola aman,Total,100.0
Singapura,SGP,2008,4806.7,Air minum,Minimal dasar,Perkotaan,100.0
Singapura,SGP,2008,4806.7,Air minum,Minimal dasar,Total,100.0
Singapura,SGP,2008,4806.7,Air minum,Terbatas,Perkotaan,0.0
Singapura,SGP,2008,4806.7,Air minum,Terbatas,Total,0.0
Singapura,SGP,2008,4806.7,Air minum,Tidak layak,Perkotaan,0.0
Singapura,SGP,2008,4806.7,Air minum,Tidak layak,Total,0.0
Singapura,SGP,2008,4806.7,Air minum,Air permukaan,Perkotaan,0.0
Singapura,SGP,2008,4806.7,Air minum,Air permukaan,Total,0.0
Singapura,SGP,2008,4806.7,Air minum,Perpipaan,Perkotaan,100.0
Singapura,SGP,2008,4806.7,Air minum,Perpipaan,Total,100.0
Singapura,SGP,2009,4968.6,Air minum,Dikelola aman,Perkotaan,100.0
Singapura,SGP,2009,4968.6,Air minum,Dikelola aman,Total,100.0
Singapura,SGP,2009,4968.6,Air minum,Minimal dasar,Perkotaan,100.0
Singapura,SGP,2009,4968.6,Air minum,Minimal dasar,Total,100.0
Singapura,SGP,2009,4968.6,Air minum,Terbatas,Perkotaan,0.0
Singapura,SGP,2009,4968.6,Air minum,Terbatas,Total,0.0
Singapura,SGP,2009,4968.6,Air minum,Tidak layak,Perkotaan,0.0
Singapura,SGP,2009,4968.6,Air minum,Tidak layak,Total,0.0
Singapura,SGP,2009,4968.6,Air minum,Air permukaan,Perkotaan,0.0
Singapura,SGP,2009,4968.6,Air minum,Air permukaan,Total,0.0
Singapura,SGP,2009,4968.6,Air minum,Perpipaan,Perkotaan,100.0
Singapura,SGP,2009,4968.6,Air minum,Perpipaan,Total,100.0
Singapura,SGP,2010,5077.0,Air minum,Dikelola aman,Perkotaan,100.0
Singapura,SGP,2010,5077.0,Air minum,Dikelola aman,Total,100.0
Singapura,SGP,2010,5077.0,Air minum,Minimal dasar,Perkotaan,100.0
Singapura,SGP,2010,5077.0,Air minum,Minimal dasar,Total,100.0
Singapura,SGP,2010,5077.0,Air minum,Terbatas,Perkotaan,0.0
Singapura,SGP,2010,5077.0,Air minum,Terbatas,Total,0.0
Singapura,SGP,2010,5077.0,Air minum,Tidak layak,Perkotaan,0.0
Singapura,SGP,2010,5077.0,Air minum,Tidak layak,Total,0.0
Singapura,SGP,2010,5077.0,Air minum,Air permukaan,Perkotaan,0.0
Singapura,SGP,2010,5077.0,Air minum,Air permukaan,Total,0.0
Singapura,SGP,2010,5077.0,Air minum,Perpipaan,Perkotaan,100.0
Singapura,SGP,2010,5077.0,Air minum,Perpipaan,Total,100.0
Singapura,SGP,2011,5182.2,Air minum,Dikelola aman,Perkotaan,100.0
Singapura,SGP,2011,5182.2,Air minum,Dikelola aman,Total,100.0
Singapura,SGP,2011,5182.2,Air minum,Minimal dasar,Perkotaan,100.0
Singapura,SGP,2011,5182.2,Air minum,Minimal dasar,Total,100.0
Singapura,SGP,2011,5182.2,Air minum,Terbatas,Perkotaan,0.0
Singapura,SGP,2011,5182.2,Air minum,Terbatas,Total,0.0
Singapura,SGP,2011,5182.2,Air minum,Tidak layak,Perkotaan,0.0
Singapura,SGP,2011,5182.2,Air minum,Tidak layak,Total,0.0
Singapura,SGP,2011,5182.2,Air minum,Air permukaan,Perkotaan,0.0
Singapura,SGP,2011,5182.2,Air minum,Air permukaan,Total,0.0
Singapura,SGP,2011,5182.2,Air minum,Perpipaan,Perkotaan,100.0
Singapura,SGP,2011,5182.2,Air minum,Perpipaan,Total,100.0
Singapura,SGP,2012,5293.3,Air minum,Dikelola aman,Perkotaan,100.0
Singapura,SGP,2012,5293.3,Air minum,Dikelola aman,Total,100.0
Singapura,SGP,2012,5293.3,Air minum,Minimal dasar,Perkotaan,100.0
Singapura,SGP,2012,5293.3,Air minum,Minimal dasar,Total,100.0
Singapura,SGP,2012,5293.3,Air minum,Terbatas,Perkotaan,0.0
Singapura,SGP,2012,5293.3,Air minum,Terbatas,Total,0.0
Singapura,SGP,2012,5293.3,Air minum,Tidak layak,Perkotaan,0.0
Singapura,SGP,2012,5293.3,Air minum,Tidak layak,Total,0.0
Singapura,SGP,2012,5293.3,Air minum,Air permukaan,Perkotaan,0.0
Singapura,SGP,2012,5293.3,Air minum,Air permukaan,Total,0.0
Singapura,SGP,2012,5293.3,Air minum,Perpipaan,Perkotaan,100.0
Singapura,SGP,2012,5293.3,Air minum,Perpipaan,Total,100.0
Singapura,SGP,2013,5385.6,Air minum,Dikelola aman,Perkotaan,100.0
Singapura,SGP,2013,5385.6,Air minum,Dikelola aman,Total,100.0
Singapura,SGP,2013,5385.6,Air minum,Minimal dasar,Perkotaan,100.0
Singapura,SGP,2013,5385.6,Air minum,Minimal dasar,Total,100.0
Singapura,SGP,2013,5385.6,Air minum,Terbatas,Perkotaan,0.0
Singapura,SGP,2013,5385.6,Air minum,Terbatas,Total,0.0
Singapura,SGP,2013,5385.6,Air minum,Tidak layak,Perkotaan,0.0
Singapura,SGP,2013,5385.6,Air minum,Tidak layak,Total,0.0
Singapura,SGP,2013,5385.6,Air minum,Air permukaan,Perkotaan,0.0
Singapura,SGP,2013,5385.6,Air minum,Air permukaan,Total,0.0
Singapura,SGP,2013,5385.6,Air minum,Perpipaan,Perkotaan,100.0
Singapura,SGP,2013,5385.6,Air minum,Perpipaan,Total,100.0
Singapura,SGP,2014,5457.9,Air minum,Dikelola aman,Perkotaan,100.0
Singapura,SGP,2014,5457.9,Air minum,Dikelola aman,Total,100.0
Singapura,SGP,2014,5457.9,Air minum,Minimal dasar,Perkotaan,100.0
Singapura,SGP,2014,5457.9,Air minum,Minimal dasar,Total,100.0
Singapura,SGP,2014,5457.9,Air minum,Terbatas,Perkotaan,0.0
Singapura,SGP,2014,5457.9,Air minum,Terbatas,Total,0.0
Singapura,SGP,2014,5457.9,Air minum,Tidak layak,Perkotaan,0.0
Singapura,SGP,2014,5457.9,Air minum,Tidak layak,Total,0.0
Singapura,SGP,2014,5457.9,Air minum,Air permukaan,Perkotaan,0.0
Singapura,SGP,2014,5457.9,Air minum,Air permukaan,Total,0.0
Singapura,SGP,2014,5457.9,Air minum,Perpipaan,Perkotaan,100.0
Singapura,SGP,2014,5457.9,Air minum,Perpipaan,Total,100.0
Singapura,SGP,2015,5525.3,Air minum,Dikelola aman,Perkotaan,100.0
Singapura,SGP,2015,5525.3,Air minum,Dikelola aman,Total,100.0
Singapura,SGP,2015,5525.3,Air minum,Minimal dasar,Perkotaan,100.0
Singapura,SGP,2015,5525.3,Air minum,Minimal dasar,Total,100.0
Singapura,SGP,2015,5525.3,Air minum,Terbatas,Perkotaan,0.0
Singapura,SGP,2015,5525.3,Air minum,Terbatas,Total,0.0
Singapura,SGP,2015,5525.3,Air minum,Tidak layak,Perkotaan,0.0
Singapura,SGP,2015,5525.3,Air minum,Tidak layak,Total,0.0
Singapura,SGP,2015,5525.3,Air minum,Air permukaan,Perkotaan,0.0
Singapura,SGP,2015,5525.3,Air minum,Air permukaan,Total,0.0
Singapura,SGP,2015,5525.3,Air minum,Perpipaan,Perkotaan,100.0
Singapura,SGP,2015,5525.3,Air minum,Perpipaan,Total,100.0
Singapura,SGP,2016,5577.9,Air minum,Dikelola aman,Perkotaan,100.0
Singapura,SGP,2016,5577.9,Air minum,Dikelola aman,Total,100.0
Singapura,SGP,2016,5577.9,Air minum,Minimal dasar,Perkotaan,100.0
Singapura,SGP,2016,5577.9,Air minum,Minimal dasar,Total,100.0
Singapura,SGP,2016,5577.9,Air minum,Terbatas,Perkotaan,0.0
Singapura,SGP,2016,5577.9,Air minum,Terbatas,Total,0.0
Singapura,SGP,2016,5577.9,Air minum,Tidak layak,Perkotaan,0.0
Singapura,SGP,2016,5577.9,Air minum,Tidak layak,Total,0.0
Singapura,SGP,2016,5577.9,Air minum,Air permukaan,Perkotaan,0.0
Singapura,SGP,2016,5577.9,Air minum,Air permukaan,Total,0.0
Singapura,SGP,2016,5577.9,Air minum,Perpipaan,Perkotaan,100.0
Singapura,SGP,2016,5577.9,Air minum,Perpipaan,Total,100.0
Singapura,SGP,2017,5604.1,Air minum,Dikelola aman,Perkotaan,100.0
Singapura,SGP,2017,5604.1,Air minum,Dikelola aman,Total,100.0
Singapura,SGP,2017,5604.1,Air minum,Minimal dasar,Perkotaan,100.0
Singapura,SGP,2017,5604.1,Air minum,Minimal dasar,Total,100.0
Singapura,SGP,2017,5604.1,Air minum,Terbatas,Perkotaan,0.0
Singapura,SGP,2017,5604.1,Air minum,Terbatas,Total,0.0
Singapura,SGP,2017,5604.1,Air minum,Tidak layak,Perkotaan,0.0
Singapura,SGP,2017,5604.1,Air minum,Tidak layak,Total,0.0
Singapura,SGP,2017,5604.1,Air minum,Air permukaan,Perkotaan,0.0
Singapura,SGP,2017,5604.1,Air minum,Air permukaan,Total,0.0
Singapura,SGP,2017,5604.1,Air minum,Perpipaan,Perkotaan,100.0
Singapura,SGP,2017,5604.1,Air minum,Perpipaan,Total,100.0
Singapura,SGP,2018,5634.4,Air minum,Dikelola aman,Perkotaan,100.0
Singapura,SGP,2018,5634.4,Air minum,Dikelola aman,Total,100.0
Singapura,SGP,2018,5634.4,Air minum,Minimal dasar,Perkotaan,100.0
Singapura,SGP,2018,5634.4,Air minum,Minimal dasar,Total,100.0
Singapura,SGP,2018,5634.4,Air minum,Terbatas,Perkotaan,0.0
Singapura,SGP,2018,5634.4,Air minum,Terbatas,Total,0.0
Singapura,SGP,2018,5634.4,Air minum,Tidak layak,Perkotaan,0.0
Singapura,SGP,2018,5634.4,Air minum,Tidak layak,Total,0.0
Singapura,SGP,2018,5634.4,Air minum,Air permukaan,Perkotaan,0.0
Singapura,SGP,2018,5634.4,Air minum,Air permukaan,Total,0.0
Singapura,SGP,2018,5634.4,Air minum,Perpipaan,Perkotaan,100.0
Singapura,SGP,2018,5634.4,Air minum,Perpipaan,Total,100.0
Singapura,SGP,2019,5669.6,Air minum,Dikelola aman,Perkotaan,100.0
Singapura,SGP,2019,5669.6,Air minum,Dikelola aman,Total,100.0
Singapura,SGP,2019,5669.6,Air minum,Minimal dasar,Perkotaan,100.0
Singapura,SGP,2019,5669.6,Air minum,Minimal dasar,Total,100.0
Singapura,SGP,2019,5669.6,Air minum,Terbatas,Perkotaan,0.0
Singapura,SGP,2019,5669.6,Air minum,Terbatas,Total,0.0
Singapura,SGP,2019,5669.6,Air minum,Tidak layak,Perkotaan,0.0
Singapura,SGP,2019,5669.6,Air minum,Tidak layak,Total,0.0
Singapura,SGP,2019,5669.6,Air minum,Air permukaan,Perkotaan,0.0
Singapura,SGP,2019,5669.6,Air minum,Air permukaan,Total,0.0
Singapura,SGP,2019,5669.6,Air minum,Perpipaan,Perkotaan,100.0
Singapura,SGP,2019,5669.6,Air minum,Perpipaan,Total,100.0
Singapura,SGP,2020,5620.1,Air minum,Dikelola aman,Perkotaan,100.0
Singapura,SGP,2020,5620.1,Air minum,Dikelola aman,Total,100.0
Singapura,SGP,2020,5620.1,Air minum,Minimal dasar,Perkotaan,100.0
Singapura,SGP,2020,5620.1,Air minum,Minimal dasar,Total,100.0
Singapura,SGP,2020,5620.1,Air minum,Terbatas,Perkotaan,0.0
Singapura,SGP,2020,5620.1,Air minum,Terbatas,Total,0.0
Singapura,SGP,2020,5620.1,Air minum,Tidak layak,Perkotaan,0.0
Singapura,SGP,2020,5620.1,Air minum,Tidak layak,Total,0.0
Singapura,SGP,2020,5620.1,Air minum,Air permukaan,Perkotaan,0.0
Singapura,SGP,2020,5620.1,Air minum,Air permukaan,Total,0.0
Singapura,SGP,2020,5620.1,Air minum,Perpipaan,Perkotaan,100.0
Singapura,SGP,2020,5620.1,Air minum,Perpipaan,Total,100.0
Singapura,SGP,2021,5546.3,Air minum,Dikelola aman,Perkotaan,100.0
Singapura,SGP,2021,5546.3,Air minum,Dikelola aman,Total,100.0
Singapura,SGP,2021,5546.3,Air minum,Minimal dasar,Perkotaan,100.0
Singapura,SGP,2021,5546.3,Air minum,Minimal dasar,Total,100.0
Singapura,SGP,2021,5546.3,Air minum,Terbatas,Perkotaan,0.0
Singapura,SGP,2021,5546.3,Air minum,Terbatas,Total,0.0
Singapura,SGP,2021,5546.3,Air minum,Tidak layak,Perkotaan,0.0
Singapura,SGP,2021,5546.3,Air minum,Tidak layak,Total,0.0
Singapura,SGP,2021,5546.3,Air minum,Air permukaan,Perkotaan,0.0
Singapura,SGP,2021,5546.3,Air minum,Air permukaan,Total,0.0
Singapura,SGP,2021,5546.3,Air minum,Perpipaan,Perkotaan,100.0
Singapura,SGP,2021,5546.3,Air minum,Perpipaan,Total,100.0
Singapura,SGP,2022,5649.9,Air minum,Dikelola aman,Perkotaan,100.0
Singapura,SGP,2022,5649.9,Air minum,Dikelola aman,Total,100.0
Singapura,SGP,2022,5649.9,Air minum,Minimal dasar,Perkotaan,100.0
Singapura,SGP,2022,5649.9,Air minum,Minimal dasar,Total,100.0
Singapura,SGP,2022,5649.9,Air minum,Terbatas,Perkotaan,0.0
Singapura,SGP,2022,5649.9,Air minum,Terbatas,Total,0.0
Singapura,SGP,2022,5649.9,Air minum,Tidak layak,Perkotaan,0.0
Singapura,SGP,2022,5649.9,Air minum,Tidak layak,Total,0.0
Singapura,SGP,2022,5649.9,Air minum,Air permukaan,Perkotaan,0.0
Singapura,SGP,2022,5649.9,Air minum,Air permukaan,Total,0.0
Singapura,SGP,2022,5649.9,Air minum,Perpipaan,Perkotaan,100.0
Singapura,SGP,2022,5649.9,Air minum,Perpipaan,Total,100.0
Singapura,SGP,2023,5789.1,Air minum,Dikelola aman,Perkotaan,100.0
Singapura,SGP,2023,5789.1,Air minum,Dikelola aman,Total,100.0
Singapura,SGP,2023,5789.1,Air minum,Minimal dasar,Perkotaan,100.0
Singapura,SGP,2023,5789.1,Air minum,Minimal dasar,Total,100.0
Singapura,SGP,2023,5789.1,Air minum,Terbatas,Perkotaan,0.0
Singapura,SGP,2023,5789.1,Air minum,Terbatas,Total,0.0
Singapura,SGP,2023,5789.1,Air minum,Tidak layak,Perkotaan,0.0
Singapura,SGP,2023,5789.1,Air minum,Tidak layak,Total,0.0
Singapura,SGP,2023,5789.1,Air minum,Air permukaan,Perkotaan,0.0
Singapura,SGP,2023,5789.1,Air minum,Air permukaan,Total,0.0
Singapura,SGP,2023,5789.1,Air minum,Perpipaan,Perkotaan,100.0
Singapura,SGP,2023,5789.1,Air minum,Perpipaan,Total,100.0
Singapura,SGP,2024,5832.4,Air minum,Dikelola aman,Perkotaan,100.0
Singapura,SGP,2024,5832.4,Air minum,Dikelola aman,Total,100.0
Singapura,SGP,2024,5832.4,Air minum,Minimal dasar,Perkotaan,100.0
Singapura,SGP,2024,5832.4,Air minum,Minimal dasar,Total,100.0
Singapura,SGP,2024,5832.4,Air minum,Terbatas,Perkotaan,0.0
Singapura,SGP,2024,5832.4,Air minum,Terbatas,Total,0.0
Singapura,SGP,2024,5832.4,Air minum,Tidak layak,Perkotaan,0.0
Singapura,SGP,2024,5832.4,Air minum,Tidak layak,Total,0.0
Singapura,SGP,2024,5832.4,Air minum,Air permukaan,Perkotaan,0.0
Singapura,SGP,2024,5832.4,Air minum,Air permukaan,Total,0.0
Singapura,SGP,2024,5832.4,Air minum,Perpipaan,Perkotaan,100.0
Singapura,SGP,2024,5832.4,Air minum,Perpipaan,Total,100.0
Thailand,THA,2000,63007.8,Air minum,Minimal dasar,Perdesaan,92.01
Thailand,THA,2000,63007.8,Air minum,Minimal dasar,Perkotaan,97.64
Thailand,THA,2000,63007.8,Air minum,Minimal dasar,Total,93.78
Thailand,THA,2000,63007.8,Air minum,Terbatas,Perdesaan,0.22
Thailand,THA,2000,63007.8,Air minum,Terbatas,Perkotaan,0.01
Thailand,THA,2000,63007.8,Air minum,Terbatas,Total,0.15
Thailand,THA,2000,63007.8,Air minum,Tidak layak,Perdesaan,6.6
Thailand,THA,2000,63007.8,Air minum,Tidak layak,Perkotaan,2.08
Thailand,THA,2000,63007.8,Air minum,Tidak layak,Total,5.18
Thailand,THA,2000,63007.8,Air minum,Air permukaan,Perdesaan,1.17
Thailand,THA,2000,63007.8,Air minum,Air permukaan,Perkotaan,0.28
Thailand,THA,2000,63007.8,Air minum,Air permukaan,Total,0.89
Thailand,THA,2000,63007.8,Air minum,Perpipaan,Perdesaan,19.37
Thailand,THA,2000,63007.8,Air minum,Perpipaan,Perkotaan,76.07
Thailand,THA,2000,63007.8,Air minum,Perpipaan,Total,37.17
Thailand,THA,2001,63651.1,Air minum,Minimal dasar,Perdesaan,92.39
Thailand,THA,2001,63651.1,Air minum,Minimal dasar,Perkotaan,97.77
Thailand,THA,2001,63651.1,Air minum,Minimal dasar,Total,94.14
Thailand,THA,2001,63651.1,Air minum,Terbatas,Perdesaan,0.22
Thailand,THA,2001,63651.1,Air minum,Terbatas,Perkotaan,0.01
Thailand,THA,2001,63651.1,Air minum,Terbatas,Total,0.15
Thailand,THA,2001,63651.1,Air minum,Tidak layak,Perdesaan,6.25
Thailand,THA,2001,63651.1,Air minum,Tidak layak,Perkotaan,1.96
Thailand,THA,2001,63651.1,Air minum,Tidak layak,Total,4.85
Thailand,THA,2001,63651.1,Air minum,Air permukaan,Perdesaan,1.14
Thailand,THA,2001,63651.1,Air minum,Air permukaan,Perkotaan,0.27
Thailand,THA,2001,63651.1,Air minum,Air permukaan,Total,0.85
Thailand,THA,2001,63651.1,Air minum,Perpipaan,Perdesaan,19.37
Thailand,THA,2001,63651.1,Air minum,Perpipaan,Perkotaan,76.07
Thailand,THA,2001,63651.1,Air minum,Perpipaan,Total,37.83
Thailand,THA,2002,64266.4,Air minum,Minimal dasar,Perdesaan,92.77
Thailand,THA,2002,64266.4,Air minum,Minimal dasar,Perkotaan,97.89
Thailand,THA,2002,64266.4,Air minum,Minimal dasar,Total,94.5
Thailand,THA,2002,64266.4,Air minum,Terbatas,Perdesaan,0.22
Thailand,THA,2002,64266.4,Air minum,Terbatas,Perkotaan,0.01
Thailand,THA,2002,64266.4,Air minum,Terbatas,Total,0.15
Thailand,THA,2002,64266.4,Air minum,Tidak layak,Perdesaan,5.9
Thailand,THA,2002,64266.4,Air minum,Tidak layak,Perkotaan,1.84
Thailand,THA,2002,64266.4,Air minum,Tidak layak,Total,4.53
Thailand,THA,2002,64266.4,Air minum,Air permukaan,Perdesaan,1.11
Thailand,THA,2002,64266.4,Air minum,Air permukaan,Perkotaan,0.26
Thailand,THA,2002,64266.4,Air minum,Air permukaan,Total,0.82
Thailand,THA,2002,64266.4,Air minum,Perpipaan,Perdesaan,19.37
Thailand,THA,2002,64266.4,Air minum,Perpipaan,Perkotaan,76.07
Thailand,THA,2002,64266.4,Air minum,Perpipaan,Total,38.5
Thailand,THA,2003,64868.2,Air minum,Minimal dasar,Perdesaan,93.15
Thailand,THA,2003,64868.2,Air minum,Minimal dasar,Perkotaan,98.02
Thailand,THA,2003,64868.2,Air minum,Minimal dasar,Total,94.85
Thailand,THA,2003,64868.2,Air minum,Terbatas,Perdesaan,0.22
Thailand,THA,2003,64868.2,Air minum,Terbatas,Perkotaan,0.01
Thailand,THA,2003,64868.2,Air minum,Terbatas,Total,0.15
Thailand,THA,2003,64868.2,Air minum,Tidak layak,Perdesaan,5.55
Thailand,THA,2003,64868.2,Air minum,Tidak layak,Perkotaan,1.73
Thailand,THA,2003,64868.2,Air minum,Tidak layak,Total,4.21
Thailand,THA,2003,64868.2,Air minum,Air permukaan,Perdesaan,1.08
Thailand,THA,2003,64868.2,Air minum,Air permukaan,Perkotaan,0.24
Thailand,THA,2003,64868.2,Air minum,Air permukaan,Total,0.79
Thailand,THA,2003,64868.2,Air minum,Perpipaan,Perdesaan,19.37
Thailand,THA,2003,64868.2,Air minum,Perpipaan,Perkotaan,76.07
Thailand,THA,2003,64868.2,Air minum,Perpipaan,Total,39.18
Thailand,THA,2004,65452.0,Air minum,Minimal dasar,Perdesaan,93.53
Thailand,THA,2004,65452.0,Air minum,Minimal dasar,Perkotaan,98.15
Thailand,THA,2004,65452.0,Air minum,Minimal dasar,Total,95.2
Thailand,THA,2004,65452.0,Air minum,Terbatas,Perdesaan,0.22
Thailand,THA,2004,65452.0,Air minum,Terbatas,Perkotaan,0.01
Thailand,THA,2004,65452.0,Air minum,Terbatas,Total,0.15
Thailand,THA,2004,65452.0,Air minum,Tidak layak,Perdesaan,5.19
Thailand,THA,2004,65452.0,Air minum,Tidak layak,Perkotaan,1.61
Thailand,THA,2004,65452.0,Air minum,Tidak layak,Total,3.9
Thailand,THA,2004,65452.0,Air minum,Air permukaan,Perdesaan,1.05
Thailand,THA,2004,65452.0,Air minum,Air permukaan,Perkotaan,0.23
Thailand,THA,2004,65452.0,Air minum,Air permukaan,Total,0.75
Thailand,THA,2004,65452.0,Air minum,Perpipaan,Perdesaan,19.37
Thailand,THA,2004,65452.0,Air minum,Perpipaan,Perkotaan,76.07
Thailand,THA,2004,65452.0,Air minum,Perpipaan,Total,39.88
Thailand,THA,2005,66017.4,Air minum,Minimal dasar,Perdesaan,93.91
Thailand,THA,2005,66017.4,Air minum,Minimal dasar,Perkotaan,98.27
Thailand,THA,2005,66017.4,Air minum,Minimal dasar,Total,95.54
Thailand,THA,2005,66017.4,Air minum,Terbatas,Perdesaan,0.23
Thailand,THA,2005,66017.4,Air minum,Terbatas,Perkotaan,0.02
Thailand,THA,2005,66017.4,Air minum,Terbatas,Total,0.15
Thailand,THA,2005,66017.4,Air minum,Tidak layak,Perdesaan,4.84
Thailand,THA,2005,66017.4,Air minum,Tidak layak,Perkotaan,1.49
Thailand,THA,2005,66017.4,Air minum,Tidak layak,Total,3.59
Thailand,THA,2005,66017.4,Air minum,Air permukaan,Perdesaan,1.02
Thailand,THA,2005,66017.4,Air minum,Air permukaan,Perkotaan,0.22
Thailand,THA,2005,66017.4,Air minum,Air permukaan,Total,0.72
Thailand,THA,2005,66017.4,Air minum,Perpipaan,Perdesaan,23.02
Thailand,THA,2005,66017.4,Air minum,Perpipaan,Perkotaan,76.94
Thailand,THA,2005,66017.4,Air minum,Perpipaan,Total,43.19
Thailand,THA,2006,66567.7,Air minum,Minimal dasar,Perdesaan,94.28
Thailand,THA,2006,66567.7,Air minum,Minimal dasar,Perkotaan,98.38
Thailand,THA,2006,66567.7,Air minum,Minimal dasar,Total,95.87
Thailand,THA,2006,66567.7,Air minum,Terbatas,Perdesaan,0.24
Thailand,THA,2006,66567.7,Air minum,Terbatas,Perkotaan,0.04
Thailand,THA,2006,66567.7,Air minum,Terbatas,Total,0.16
Thailand,THA,2006,66567.7,Air minum,Tidak layak,Perdesaan,4.49
Thailand,THA,2006,66567.7,Air minum,Tidak layak,Perkotaan,1.37
Thailand,THA,2006,66567.7,Air minum,Tidak layak,Total,3.28
Thailand,THA,2006,66567.7,Air minum,Air permukaan,Perdesaan,0.99
Thailand,THA,2006,66567.7,Air minum,Air permukaan,Perkotaan,0.21
Thailand,THA,2006,66567.7,Air minum,Air permukaan,Total,0.69
Thailand,THA,2006,66567.7,Air minum,Perpipaan,Perdesaan,26.66
Thailand,THA,2006,66567.7,Air minum,Perpipaan,Perkotaan,77.81
Thailand,THA,2006,66567.7,Air minum,Perpipaan,Total,46.44
Thailand,THA,2007,67102.4,Air minum,Minimal dasar,Perdesaan,94.66
Thailand,THA,2007,67102.4,Air minum,Minimal dasar,Perkotaan,98.5
Thailand,THA,2007,67102.4,Air minum,Minimal dasar,Total,96.19
Thailand,THA,2007,67102.4,Air minum,Terbatas,Perdesaan,0.24
Thailand,THA,2007,67102.4,Air minum,Terbatas,Perkotaan,0.05
Thailand,THA,2007,67102.4,Air minum,Terbatas,Total,0.17
Thailand,THA,2007,67102.4,Air minum,Tidak layak,Perdesaan,4.14
Thailand,THA,2007,67102.4,Air minum,Tidak layak,Perkotaan,1.25
Thailand,THA,2007,67102.4,Air minum,Tidak layak,Total,2.99
Thailand,THA,2007,67102.4,Air minum,Air permukaan,Perdesaan,0.96
Thailand,THA,2007,67102.4,Air minum,Air permukaan,Perkotaan,0.2
Thailand,THA,2007,67102.4,Air minum,Air permukaan,Total,0.66
Thailand,THA,2007,67102.4,Air minum,Perpipaan,Perdesaan,30.3
Thailand,THA,2007,67102.4,Air minum,Perpipaan,Perkotaan,78.68
Thailand,THA,2007,67102.4,Air minum,Perpipaan,Total,49.63
Thailand,THA,2008,67619.8,Air minum,Minimal dasar,Perdesaan,95.03
Thailand,THA,2008,67619.8,Air minum,Minimal dasar,Perkotaan,98.61
Thailand,THA,2008,67619.8,Air minum,Minimal dasar,Total,96.51
Thailand,THA,2008,67619.8,Air minum,Terbatas,Perdesaan,0.25
Thailand,THA,2008,67619.8,Air minum,Terbatas,Perkotaan,0.06
Thailand,THA,2008,67619.8,Air minum,Terbatas,Total,0.17
Thailand,THA,2008,67619.8,Air minum,Tidak layak,Perdesaan,3.79
Thailand,THA,2008,67619.8,Air minum,Tidak layak,Perkotaan,1.14
Thailand,THA,2008,67619.8,Air minum,Tidak layak,Total,2.69
Thailand,THA,2008,67619.8,Air minum,Air permukaan,Perdesaan,0.93
Thailand,THA,2008,67619.8,Air minum,Air permukaan,Perkotaan,0.19
Thailand,THA,2008,67619.8,Air minum,Air permukaan,Total,0.62
Thailand,THA,2008,67619.8,Air minum,Perpipaan,Perdesaan,33.95
Thailand,THA,2008,67619.8,Air minum,Perpipaan,Perkotaan,79.55
Thailand,THA,2008,67619.8,Air minum,Perpipaan,Total,52.76
Thailand,THA,2009,68121.1,Air minum,Minimal dasar,Perdesaan,95.41
Thailand,THA,2009,68121.1,Air minum,Minimal dasar,Perkotaan,98.73
Thailand,THA,2009,68121.1,Air minum,Minimal dasar,Total,96.82
Thailand,THA,2009,68121.1,Air minum,Terbatas,Perdesaan,0.25
Thailand,THA,2009,68121.1,Air minum,Terbatas,Perkotaan,0.08
Thailand,THA,2009,68121.1,Air minum,Terbatas,Total,0.18
Thailand,THA,2009,68121.1,Air minum,Tidak layak,Perdesaan,3.44
Thailand,THA,2009,68121.1,Air minum,Tidak layak,Perkotaan,1.02
Thailand,THA,2009,68121.1,Air minum,Tidak layak,Total,2.41
Thailand,THA,2009,68121.1,Air minum,Air permukaan,Perdesaan,0.9
Thailand,THA,2009,68121.1,Air minum,Air permukaan,Perkotaan,0.18
Thailand,THA,2009,68121.1,Air minum,Air permukaan,Total,0.59
Thailand,THA,2009,68121.1,Air minum,Perpipaan,Perdesaan,37.59
Thailand,THA,2009,68121.1,Air minum,Perpipaan,Perkotaan,80.42
Thailand,THA,2009,68121.1,Air minum,Perpipaan,Total,55.81
Thailand,THA,2010,68579.4,Air minum,Minimal dasar,Perdesaan,95.78
Thailand,THA,2010,68579.4,Air minum,Minimal dasar,Perkotaan,98.84
Thailand,THA,2010,68579.4,Air minum,Minimal dasar,Total,97.12
Thailand,THA,2010,68579.4,Air minum,Terbatas,Perdesaan,0.26
Thailand,THA,2010,68579.4,Air minum,Terbatas,Perkotaan,0.09
Thailand,THA,2010,68579.4,Air minum,Terbatas,Total,0.19
Thailand,THA,2010,68579.4,Air minum,Tidak layak,Perdesaan,3.09
Thailand,THA,2010,68579.4,Air minum,Tidak layak,Perkotaan,0.9
Thailand,THA,2010,68579.4,Air minum,Tidak layak,Total,2.13
Thailand,THA,2010,68579.4,Air minum,Air permukaan,Perdesaan,0.87
Thailand,THA,2010,68579.4,Air minum,Air permukaan,Perkotaan,0.17
Thailand,THA,2010,68579.4,Air minum,Air permukaan,Total,0.56
Thailand,THA,2010,68579.4,Air minum,Perpipaan,Perdesaan,41.23
Thailand,THA,2010,68579.4,Air minum,Perpipaan,Perkotaan,81.29
Thailand,THA,2010,68579.4,Air minum,Perpipaan,Total,58.8
Thailand,THA,2011,69007.2,Air minum,Minimal dasar,Perdesaan,96.16
Thailand,THA,2011,69007.2,Air minum,Minimal dasar,Perkotaan,98.96
Thailand,THA,2011,69007.2,Air minum,Minimal dasar,Total,97.41
Thailand,THA,2011,69007.2,Air minum,Terbatas,Perdesaan,0.27
Thailand,THA,2011,69007.2,Air minum,Terbatas,Perkotaan,0.11
Thailand,THA,2011,69007.2,Air minum,Terbatas,Total,0.2
Thailand,THA,2011,69007.2,Air minum,Tidak layak,Perdesaan,2.73
Thailand,THA,2011,69007.2,Air minum,Tidak layak,Perkotaan,0.78
Thailand,THA,2011,69007.2,Air minum,Tidak layak,Total,1.86
Thailand,THA,2011,69007.2,Air minum,Air permukaan,Perdesaan,0.84
Thailand,THA,2011,69007.2,Air minum,Air permukaan,Perkotaan,0.15
Thailand,THA,2011,69007.2,Air minum,Air permukaan,Total,0.53
Thailand,THA,2011,69007.2,Air minum,Perpipaan,Perdesaan,44.88
Thailand,THA,2011,69007.2,Air minum,Perpipaan,Perkotaan,82.16
Thailand,THA,2011,69007.2,Air minum,Perpipaan,Total,61.54
Thailand,THA,2012,69436.1,Air minum,Minimal dasar,Perdesaan,96.53
Thailand,THA,2012,69436.1,Air minum,Minimal dasar,Perkotaan,99.07
Thailand,THA,2012,69436.1,Air minum,Minimal dasar,Total,97.69
Thailand,THA,2012,69436.1,Air minum,Terbatas,Perdesaan,0.27
Thailand,THA,2012,69436.1,Air minum,Terbatas,Perkotaan,0.12
Thailand,THA,2012,69436.1,Air minum,Terbatas,Total,0.21
Thailand,THA,2012,69436.1,Air minum,Tidak layak,Perdesaan,2.38
Thailand,THA,2012,69436.1,Air minum,Tidak layak,Perkotaan,0.66
Thailand,THA,2012,69436.1,Air minum,Tidak layak,Total,1.6
Thailand,THA,2012,69436.1,Air minum,Air permukaan,Perdesaan,0.81
Thailand,THA,2012,69436.1,Air minum,Air permukaan,Perkotaan,0.14
Thailand,THA,2012,69436.1,Air minum,Air permukaan,Total,0.51
Thailand,THA,2012,69436.1,Air minum,Perpipaan,Perdesaan,48.52
Thailand,THA,2012,69436.1,Air minum,Perpipaan,Perkotaan,83.03
Thailand,THA,2012,69436.1,Air minum,Perpipaan,Total,64.2
Thailand,THA,2013,69845.1,Air minum,Minimal dasar,Perdesaan,96.91
Thailand,THA,2013,69845.1,Air minum,Minimal dasar,Perkotaan,99.18
Thailand,THA,2013,69845.1,Air minum,Minimal dasar,Total,97.96
Thailand,THA,2013,69845.1,Air minum,Terbatas,Perdesaan,0.28
Thailand,THA,2013,69845.1,Air minum,Terbatas,Perkotaan,0.14
Thailand,THA,2013,69845.1,Air minum,Terbatas,Total,0.22
Thailand,THA,2013,69845.1,Air minum,Tidak layak,Perdesaan,2.03
Thailand,THA,2013,69845.1,Air minum,Tidak layak,Perkotaan,0.54
Thailand,THA,2013,69845.1,Air minum,Tidak layak,Total,1.34
Thailand,THA,2013,69845.1,Air minum,Air permukaan,Perdesaan,0.78
Thailand,THA,2013,69845.1,Air minum,Air permukaan,Perkotaan,0.13
Thailand,THA,2013,69845.1,Air minum,Air permukaan,Total,0.48
Thailand,THA,2013,69845.1,Air minum,Perpipaan,Perdesaan,52.16
Thailand,THA,2013,69845.1,Air minum,Perpipaan,Perkotaan,83.9
Thailand,THA,2013,69845.1,Air minum,Perpipaan,Total,66.83
Thailand,THA,2014,70216.4,Air minum,Minimal dasar,Perdesaan,97.28
Thailand,THA,2014,70216.4,Air minum,Minimal dasar,Perkotaan,99.3
Thailand,THA,2014,70216.4,Air minum,Minimal dasar,Total,98.23
Thailand,THA,2014,70216.4,Air minum,Terbatas,Perdesaan,0.29
Thailand,THA,2014,70216.4,Air minum,Terbatas,Perkotaan,0.15
Thailand,THA,2014,70216.4,Air minum,Terbatas,Total,0.22
Thailand,THA,2014,70216.4,Air minum,Tidak layak,Perdesaan,1.68
Thailand,THA,2014,70216.4,Air minum,Tidak layak,Perkotaan,0.43
Thailand,THA,2014,70216.4,Air minum,Tidak layak,Total,1.09
Thailand,THA,2014,70216.4,Air minum,Air permukaan,Perdesaan,0.75
Thailand,THA,2014,70216.4,Air minum,Air permukaan,Perkotaan,0.12
Thailand,THA,2014,70216.4,Air minum,Air permukaan,Total,0.46
Thailand,THA,2014,70216.4,Air minum,Perpipaan,Perdesaan,55.81
Thailand,THA,2014,70216.4,Air minum,Perpipaan,Perkotaan,84.78
Thailand,THA,2014,70216.4,Air minum,Perpipaan,Total,69.41
Thailand,THA,2015,70540.8,Air minum,Minimal dasar,Perdesaan,97.66
Thailand,THA,2015,70540.8,Air minum,Minimal dasar,Perkotaan,99.41
Thailand,THA,2015,70540.8,Air minum,Minimal dasar,Total,98.49
Thailand,THA,2015,70540.8,Air minum,Terbatas,Perdesaan,0.29
Thailand,THA,2015,70540.8,Air minum,Terbatas,Perkotaan,0.17
Thailand,THA,2015,70540.8,Air minum,Terbatas,Total,0.23
Thailand,THA,2015,70540.8,Air minum,Tidak layak,Perdesaan,1.33
Thailand,THA,2015,70540.8,Air minum,Tidak layak,Perkotaan,0.31
Thailand,THA,2015,70540.8,Air minum,Tidak layak,Total,0.84
Thailand,THA,2015,70540.8,Air minum,Air permukaan,Perdesaan,0.72
Thailand,THA,2015,70540.8,Air minum,Air permukaan,Perkotaan,0.11
Thailand,THA,2015,70540.8,Air minum,Air permukaan,Total,0.43
Thailand,THA,2015,70540.8,Air minum,Perpipaan,Perdesaan,59.45
Thailand,THA,2015,70540.8,Air minum,Perpipaan,Perkotaan,85.65
Thailand,THA,2015,70540.8,Air minum,Perpipaan,Total,71.94
Thailand,THA,2016,70859.8,Air minum,Minimal dasar,Perdesaan,98.03
Thailand,THA,2016,70859.8,Air minum,Minimal dasar,Perkotaan,99.53
Thailand,THA,2016,70859.8,Air minum,Minimal dasar,Total,98.76
Thailand,THA,2016,70859.8,Air minum,Terbatas,Perdesaan,0.3
Thailand,THA,2016,70859.8,Air minum,Terbatas,Perkotaan,0.18
Thailand,THA,2016,70859.8,Air minum,Terbatas,Total,0.24
Thailand,THA,2016,70859.8,Air minum,Tidak layak,Perdesaan,0.98
Thailand,THA,2016,70859.8,Air minum,Tidak layak,Perkotaan,0.19
Thailand,THA,2016,70859.8,Air minum,Tidak layak,Total,0.6
Thailand,THA,2016,70859.8,Air minum,Air permukaan,Perdesaan,0.69
Thailand,THA,2016,70859.8,Air minum,Air permukaan,Perkotaan,0.1
Thailand,THA,2016,70859.8,Air minum,Air permukaan,Total,0.4
Thailand,THA,2016,70859.8,Air minum,Perpipaan,Perdesaan,63.09
Thailand,THA,2016,70859.8,Air minum,Perpipaan,Perkotaan,86.52
Thailand,THA,2016,70859.8,Air minum,Perpipaan,Total,74.44
Thailand,THA,2017,71160.2,Air minum,Minimal dasar,Perdesaan,98.41
Thailand,THA,2017,71160.2,Air minum,Minimal dasar,Perkotaan,99.64
Thailand,THA,2017,71160.2,Air minum,Minimal dasar,Total,99.01
Thailand,THA,2017,71160.2,Air minum,Terbatas,Perdesaan,0.31
Thailand,THA,2017,71160.2,Air minum,Terbatas,Perkotaan,0.2
Thailand,THA,2017,71160.2,Air minum,Terbatas,Total,0.25
Thailand,THA,2017,71160.2,Air minum,Tidak layak,Perdesaan,0.62
Thailand,THA,2017,71160.2,Air minum,Tidak layak,Perkotaan,0.07
Thailand,THA,2017,71160.2,Air minum,Tidak layak,Total,0.35
Thailand,THA,2017,71160.2,Air minum,Air permukaan,Perdesaan,0.66
Thailand,THA,2017,71160.2,Air minum,Air permukaan,Perkotaan,0.09
Thailand,THA,2017,71160.2,Air minum,Air permukaan,Total,0.38
Thailand,THA,2017,71160.2,Air minum,Perpipaan,Perdesaan,66.74
Thailand,THA,2017,71160.2,Air minum,Perpipaan,Perkotaan,87.39
Thailand,THA,2017,71160.2,Air minum,Perpipaan,Total,76.9
Thailand,THA,2018,71376.1,Air minum,Minimal dasar,Perdesaan,98.78
Thailand,THA,2018,71376.1,Air minum,Minimal dasar,Perkotaan,99.71
Thailand,THA,2018,71376.1,Air minum,Minimal dasar,Total,99.25
Thailand,THA,2018,71376.1,Air minum,Terbatas,Perdesaan,0.31
Thailand,THA,2018,71376.1,Air minum,Terbatas,Perkotaan,0.22
Thailand,THA,2018,71376.1,Air minum,Terbatas,Total,0.26
Thailand,THA,2018,71376.1,Air minum,Tidak layak,Perdesaan,0.27
Thailand,THA,2018,71376.1,Air minum,Tidak layak,Perkotaan,0.0
Thailand,THA,2018,71376.1,Air minum,Tidak layak,Total,0.14
Thailand,THA,2018,71376.1,Air minum,Air permukaan,Perdesaan,0.63
Thailand,THA,2018,71376.1,Air minum,Air permukaan,Perkotaan,0.07
Thailand,THA,2018,71376.1,Air minum,Air permukaan,Total,0.35
Thailand,THA,2018,71376.1,Air minum,Perpipaan,Perdesaan,70.38
Thailand,THA,2018,71376.1,Air minum,Perpipaan,Perkotaan,88.26
Thailand,THA,2018,71376.1,Air minum,Perpipaan,Total,79.31
Thailand,THA,2019,71522.3,Air minum,Minimal dasar,Perdesaan,99.08
Thailand,THA,2019,71522.3,Air minum,Minimal dasar,Perkotaan,99.77
Thailand,THA,2019,71522.3,Air minum,Minimal dasar,Total,99.43
Thailand,THA,2019,71522.3,Air minum,Terbatas,Perdesaan,0.32
Thailand,THA,2019,71522.3,Air minum,Terbatas,Perkotaan,0.23
Thailand,THA,2019,71522.3,Air minum,Terbatas,Total,0.27
Thailand,THA,2019,71522.3,Air minum,Tidak layak,Perdesaan,0.0
Thailand,THA,2019,71522.3,Air minum,Tidak layak,Perkotaan,0.0
Thailand,THA,2019,71522.3,Air minum,Tidak layak,Total,0.0
Thailand,THA,2019,71522.3,Air minum,Air permukaan,Perdesaan,0.6
Thailand,THA,2019,71522.3,Air minum,Air permukaan,Perkotaan,0.0
Thailand,THA,2019,71522.3,Air minum,Air permukaan,Total,0.3
Thailand,THA,2019,71522.3,Air minum,Perpipaan,Perdesaan,74.02
Thailand,THA,2019,71522.3,Air minum,Perpipaan,Perkotaan,89.13
Thailand,THA,2019,71522.3,Air minum,Perpipaan,Total,81.68
Thailand,THA,2020,71641.5,Air minum,Minimal dasar,Perdesaan,99.17
Thailand,THA,2020,71641.5,Air minum,Minimal dasar,Perkotaan,99.79
Thailand,THA,2020,71641.5,Air minum,Minimal dasar,Total,99.49
Thailand,THA,2020,71641.5,Air minum,Terbatas,Perdesaan,0.26
Thailand,THA,2020,71641.5,Air minum,Terbatas,Perkotaan,0.21
Thailand,THA,2020,71641.5,Air minum,Terbatas,Total,0.23
Thailand,THA,2020,71641.5,Air minum,Tidak layak,Perdesaan,0.0
Thailand,THA,2020,71641.5,Air minum,Tidak layak,Perkotaan,0.0
Thailand,THA,2020,71641.5,Air minum,Tidak layak,Total,0.0
Thailand,THA,2020,71641.5,Air minum,Air permukaan,Perdesaan,0.57
Thailand,THA,2020,71641.5,Air minum,Air permukaan,Perkotaan,0.0
Thailand,THA,2020,71641.5,Air minum,Air permukaan,Total,0.28
Thailand,THA,2020,71641.5,Air minum,Perpipaan,Perdesaan,77.67
Thailand,THA,2020,71641.5,Air minum,Perpipaan,Perkotaan,90.0
Thailand,THA,2020,71641.5,Air minum,Perpipaan,Total,84.01
Thailand,THA,2021,71727.3,Air minum,Minimal dasar,Perdesaan,100.0
Thailand,THA,2021,71727.3,Air minum,Minimal dasar,Perkotaan,99.91
Thailand,THA,2021,71727.3,Air minum,Minimal dasar,Total,99.95
Thailand,THA,2021,71727.3,Air minum,Terbatas,Perdesaan,0.0
Thailand,THA,2021,71727.3,Air minum,Terbatas,Perkotaan,0.09
Thailand,THA,2021,71727.3,Air minum,Terbatas,Total,0.05
Thailand,THA,2021,71727.3,Air minum,Tidak layak,Perdesaan,0.0
Thailand,THA,2021,71727.3,Air minum,Tidak layak,Perkotaan,0.0
Thailand,THA,2021,71727.3,Air minum,Tidak layak,Total,0.0
Thailand,THA,2021,71727.3,Air minum,Air permukaan,Perdesaan,0.0
Thailand,THA,2021,71727.3,Air minum,Air permukaan,Perkotaan,0.0
Thailand,THA,2021,71727.3,Air minum,Air permukaan,Total,0.0
Thailand,THA,2021,71727.3,Air minum,Perpipaan,Perdesaan,81.31
Thailand,THA,2021,71727.3,Air minum,Perpipaan,Perkotaan,90.87
Thailand,THA,2021,71727.3,Air minum,Perpipaan,Total,86.29
Thailand,THA,2022,71735.3,Air minum,Minimal dasar,Perdesaan,100.0
Thailand,THA,2022,71735.3,Air minum,Minimal dasar,Perkotaan,100.0
Thailand,THA,2022,71735.3,Air minum,Minimal dasar,Total,100.0
Thailand,THA,2022,71735.3,Air minum,Terbatas,Perdesaan,0.0
Thailand,THA,2022,71735.3,Air minum,Terbatas,Perkotaan,0.0
Thailand,THA,2022,71735.3,Air minum,Terbatas,Total,0.0
Thailand,THA,2022,71735.3,Air minum,Tidak layak,Perdesaan,0.0
Thailand,THA,2022,71735.3,Air minum,Tidak layak,Perkotaan,0.0
Thailand,THA,2022,71735.3,Air minum,Tidak layak,Total,0.0
Thailand,THA,2022,71735.3,Air minum,Air permukaan,Perdesaan,0.0
Thailand,THA,2022,71735.3,Air minum,Air permukaan,Perkotaan,0.0
Thailand,THA,2022,71735.3,Air minum,Air permukaan,Total,0.0
Thailand,THA,2022,71735.3,Air minum,Perpipaan,Perdesaan,84.95
Thailand,THA,2022,71735.3,Air minum,Perpipaan,Perkotaan,91.74
Thailand,THA,2022,71735.3,Air minum,Perpipaan,Total,88.54
Thailand,THA,2023,71702.4,Air minum,Minimal dasar,Perdesaan,100.0
Thailand,THA,2023,71702.4,Air minum,Minimal dasar,Perkotaan,100.0
Thailand,THA,2023,71702.4,Air minum,Minimal dasar,Total,100.0
Thailand,THA,2023,71702.4,Air minum,Terbatas,Perdesaan,0.0
Thailand,THA,2023,71702.4,Air minum,Terbatas,Perkotaan,0.0
Thailand,THA,2023,71702.4,Air minum,Terbatas,Total,0.0
Thailand,THA,2023,71702.4,Air minum,Tidak layak,Perdesaan,0.0
Thailand,THA,2023,71702.4,Air minum,Tidak layak,Perkotaan,0.0
Thailand,THA,2023,71702.4,Air minum,Tidak layak,Total,0.0
Thailand,THA,2023,71702.4,Air minum,Air permukaan,Perdesaan,0.0
Thailand,THA,2023,71702.4,Air minum,Air permukaan,Perkotaan,0.0
Thailand,THA,2023,71702.4,Air minum,Air permukaan,Total,0.0
Thailand,THA,2023,71702.4,Air minum,Perpipaan,Perdesaan,88.6
Thailand,THA,2023,71702.4,Air minum,Perpipaan,Perkotaan,92.61
Thailand,THA,2023,71702.4,Air minum,Perpipaan,Total,90.75
Thailand,THA,2024,71668.0,Air minum,Minimal dasar,Perdesaan,100.0
Thailand,THA,2024,71668.0,Air minum,Minimal dasar,Perkotaan,100.0
Thailand,THA,2024,71668.0,Air minum,Minimal dasar,Total,100.0
Thailand,THA,2024,71668.0,Air minum,Terbatas,Perdesaan,0.0
Thailand,THA,2024,71668.0,Air minum,Terbatas,Perkotaan,0.0
Thailand,THA,2024,71668.0,Air minum,Terbatas,Total,0.0
Thailand,THA,2024,71668.0,Air minum,Tidak layak,Perdesaan,0.0
Thailand,THA,2024,71668.0,Air minum,Tidak layak,Perkotaan,0.0
Thailand,THA,2024,71668.0,Air minum,Tidak layak,Total,0.0
Thailand,THA,2024,71668.0,Air minum,Air permukaan,Perdesaan,0.0
Thailand,THA,2024,71668.0,Air minum,Air permukaan,Perkotaan,0.0
Thailand,THA,2024,71668.0,Air minum,Air permukaan,Total,0.0
Thailand,THA,2024,71668.0,Air minum,Perpipaan,Perdesaan,92.24
Thailand,THA,2024,71668.0,Air minum,Perpipaan,Perkotaan,93.48
Thailand,THA,2024,71668.0,Air minum,Perpipaan,Total,92.91
Vietnam,VNM,2000,77154.0,Air minum,Dikelola aman,Perdesaan,36.75
Vietnam,VNM,2000,77154.0,Air minum,Dikelola aman,Perkotaan,73.3
Vietnam,VNM,2000,77154.0,Air minum,Dikelola aman,Total,45.66
Vietnam,VNM,2000,77154.0,Air minum,Minimal dasar,Perdesaan,76.1
Vietnam,VNM,2000,77154.0,Air minum,Minimal dasar,Perkotaan,94.75
Vietnam,VNM,2000,77154.0,Air minum,Minimal dasar,Total,80.65
Vietnam,VNM,2000,77154.0,Air minum,Terbatas,Perdesaan,0.91
Vietnam,VNM,2000,77154.0,Air minum,Terbatas,Perkotaan,1.13
Vietnam,VNM,2000,77154.0,Air minum,Terbatas,Total,0.96
Vietnam,VNM,2000,77154.0,Air minum,Tidak layak,Perdesaan,11.84
Vietnam,VNM,2000,77154.0,Air minum,Tidak layak,Perkotaan,2.48
Vietnam,VNM,2000,77154.0,Air minum,Tidak layak,Total,9.56
Vietnam,VNM,2000,77154.0,Air minum,Air permukaan,Perdesaan,11.14
Vietnam,VNM,2000,77154.0,Air minum,Air permukaan,Perkotaan,1.64
Vietnam,VNM,2000,77154.0,Air minum,Air permukaan,Total,8.83
Vietnam,VNM,2000,77154.0,Air minum,Perpipaan,Perdesaan,0.0
Vietnam,VNM,2000,77154.0,Air minum,Perpipaan,Perkotaan,50.74
Vietnam,VNM,2000,77154.0,Air minum,Perpipaan,Total,12.37
Vietnam,VNM,2001,77969.4,Air minum,Dikelola aman,Perdesaan,37.18
Vietnam,VNM,2001,77969.4,Air minum,Dikelola aman,Perkotaan,73.4
Vietnam,VNM,2001,77969.4,Air minum,Dikelola aman,Total,46.21
Vietnam,VNM,2001,77969.4,Air minum,Minimal dasar,Perdesaan,77.02
Vietnam,VNM,2001,77969.4,Air minum,Minimal dasar,Perkotaan,94.91
Vietnam,VNM,2001,77969.4,Air minum,Minimal dasar,Total,81.48
Vietnam,VNM,2001,77969.4,Air minum,Terbatas,Perdesaan,0.89
Vietnam,VNM,2001,77969.4,Air minum,Terbatas,Perkotaan,1.1
Vietnam,VNM,2001,77969.4,Air minum,Terbatas,Total,0.94
Vietnam,VNM,2001,77969.4,Air minum,Tidak layak,Perdesaan,11.53
Vietnam,VNM,2001,77969.4,Air minum,Tidak layak,Perkotaan,2.44
Vietnam,VNM,2001,77969.4,Air minum,Tidak layak,Total,9.26
Vietnam,VNM,2001,77969.4,Air minum,Air permukaan,Perdesaan,10.56
Vietnam,VNM,2001,77969.4,Air minum,Air permukaan,Perkotaan,1.55
Vietnam,VNM,2001,77969.4,Air minum,Air permukaan,Total,8.31
Vietnam,VNM,2001,77969.4,Air minum,Perpipaan,Perdesaan,0.58
Vietnam,VNM,2001,77969.4,Air minum,Perpipaan,Perkotaan,52.3
Vietnam,VNM,2001,77969.4,Air minum,Perpipaan,Total,13.47
Vietnam,VNM,2002,78772.2,Air minum,Dikelola aman,Perdesaan,37.6
Vietnam,VNM,2002,78772.2,Air minum,Dikelola aman,Perkotaan,73.51
Vietnam,VNM,2002,78772.2,Air minum,Dikelola aman,Total,46.76
Vietnam,VNM,2002,78772.2,Air minum,Minimal dasar,Perdesaan,77.94
Vietnam,VNM,2002,78772.2,Air minum,Minimal dasar,Perkotaan,95.08
Vietnam,VNM,2002,78772.2,Air minum,Minimal dasar,Total,82.31
Vietnam,VNM,2002,78772.2,Air minum,Terbatas,Perdesaan,0.87
Vietnam,VNM,2002,78772.2,Air minum,Terbatas,Perkotaan,1.07
Vietnam,VNM,2002,78772.2,Air minum,Terbatas,Total,0.92
Vietnam,VNM,2002,78772.2,Air minum,Tidak layak,Perdesaan,11.22
Vietnam,VNM,2002,78772.2,Air minum,Tidak layak,Perkotaan,2.39
Vietnam,VNM,2002,78772.2,Air minum,Tidak layak,Total,8.97
Vietnam,VNM,2002,78772.2,Air minum,Air permukaan,Perdesaan,9.97
Vietnam,VNM,2002,78772.2,Air minum,Air permukaan,Perkotaan,1.46
Vietnam,VNM,2002,78772.2,Air minum,Air permukaan,Total,7.8
Vietnam,VNM,2002,78772.2,Air minum,Perpipaan,Perdesaan,2.09
Vietnam,VNM,2002,78772.2,Air minum,Perpipaan,Perkotaan,53.87
Vietnam,VNM,2002,78772.2,Air minum,Perpipaan,Total,15.3
Vietnam,VNM,2003,79563.8,Air minum,Dikelola aman,Perdesaan,38.03
Vietnam,VNM,2003,79563.8,Air minum,Dikelola aman,Perkotaan,73.61
Vietnam,VNM,2003,79563.8,Air minum,Dikelola aman,Total,47.31
Vietnam,VNM,2003,79563.8,Air minum,Minimal dasar,Perdesaan,78.85
Vietnam,VNM,2003,79563.8,Air minum,Minimal dasar,Perkotaan,95.25
Vietnam,VNM,2003,79563.8,Air minum,Minimal dasar,Total,83.13
Vietnam,VNM,2003,79563.8,Air minum,Terbatas,Perdesaan,0.85
Vietnam,VNM,2003,79563.8,Air minum,Terbatas,Perkotaan,1.04
Vietnam,VNM,2003,79563.8,Air minum,Terbatas,Total,0.9
Vietnam,VNM,2003,79563.8,Air minum,Tidak layak,Perdesaan,10.91
Vietnam,VNM,2003,79563.8,Air minum,Tidak layak,Perkotaan,2.35
Vietnam,VNM,2003,79563.8,Air minum,Tidak layak,Total,8.68
Vietnam,VNM,2003,79563.8,Air minum,Air permukaan,Perdesaan,9.39
Vietnam,VNM,2003,79563.8,Air minum,Air permukaan,Perkotaan,1.37
Vietnam,VNM,2003,79563.8,Air minum,Air permukaan,Total,7.29
Vietnam,VNM,2003,79563.8,Air minum,Perpipaan,Perdesaan,3.61
Vietnam,VNM,2003,79563.8,Air minum,Perpipaan,Perkotaan,55.43
Vietnam,VNM,2003,79563.8,Air minum,Perpipaan,Total,17.13
Vietnam,VNM,2004,80339.0,Air minum,Dikelola aman,Perdesaan,38.46
Vietnam,VNM,2004,80339.0,Air minum,Dikelola aman,Perkotaan,73.72
Vietnam,VNM,2004,80339.0,Air minum,Dikelola aman,Total,47.87
Vietnam,VNM,2004,80339.0,Air minum,Minimal dasar,Perdesaan,79.77
Vietnam,VNM,2004,80339.0,Air minum,Minimal dasar,Perkotaan,95.41
Vietnam,VNM,2004,80339.0,Air minum,Minimal dasar,Total,83.94
Vietnam,VNM,2004,80339.0,Air minum,Terbatas,Perdesaan,0.83
Vietnam,VNM,2004,80339.0,Air minum,Terbatas,Perkotaan,1.01
Vietnam,VNM,2004,80339.0,Air minum,Terbatas,Total,0.87
Vietnam,VNM,2004,80339.0,Air minum,Tidak layak,Perdesaan,10.6
Vietnam,VNM,2004,80339.0,Air minum,Tidak layak,Perkotaan,2.3
Vietnam,VNM,2004,80339.0,Air minum,Tidak layak,Total,8.39
Vietnam,VNM,2004,80339.0,Air minum,Air permukaan,Perdesaan,8.8
Vietnam,VNM,2004,80339.0,Air minum,Air permukaan,Perkotaan,1.28
Vietnam,VNM,2004,80339.0,Air minum,Air permukaan,Total,6.79
Vietnam,VNM,2004,80339.0,Air minum,Perpipaan,Perdesaan,5.12
Vietnam,VNM,2004,80339.0,Air minum,Perpipaan,Perkotaan,57.0
Vietnam,VNM,2004,80339.0,Air minum,Perpipaan,Total,18.96
Vietnam,VNM,2005,81088.3,Air minum,Dikelola aman,Perdesaan,38.88
Vietnam,VNM,2005,81088.3,Air minum,Dikelola aman,Perkotaan,73.83
Vietnam,VNM,2005,81088.3,Air minum,Dikelola aman,Total,48.42
Vietnam,VNM,2005,81088.3,Air minum,Minimal dasar,Perdesaan,80.69
Vietnam,VNM,2005,81088.3,Air minum,Minimal dasar,Perkotaan,95.58
Vietnam,VNM,2005,81088.3,Air minum,Minimal dasar,Total,84.75
Vietnam,VNM,2005,81088.3,Air minum,Terbatas,Perdesaan,0.8
Vietnam,VNM,2005,81088.3,Air minum,Terbatas,Perkotaan,0.98
Vietnam,VNM,2005,81088.3,Air minum,Terbatas,Total,0.85
Vietnam,VNM,2005,81088.3,Air minum,Tidak layak,Perdesaan,10.29
Vietnam,VNM,2005,81088.3,Air minum,Tidak layak,Perkotaan,2.26
Vietnam,VNM,2005,81088.3,Air minum,Tidak layak,Total,8.1
Vietnam,VNM,2005,81088.3,Air minum,Air permukaan,Perdesaan,8.22
Vietnam,VNM,2005,81088.3,Air minum,Air permukaan,Perkotaan,1.18
Vietnam,VNM,2005,81088.3,Air minum,Air permukaan,Total,6.3
Vietnam,VNM,2005,81088.3,Air minum,Perpipaan,Perdesaan,6.64
Vietnam,VNM,2005,81088.3,Air minum,Perpipaan,Perkotaan,58.56
Vietnam,VNM,2005,81088.3,Air minum,Perpipaan,Total,20.8
Vietnam,VNM,2006,82167.9,Air minum,Dikelola aman,Perdesaan,39.31
Vietnam,VNM,2006,82167.9,Air minum,Dikelola aman,Perkotaan,73.93
Vietnam,VNM,2006,82167.9,Air minum,Dikelola aman,Total,48.96
Vietnam,VNM,2006,82167.9,Air minum,Minimal dasar,Perdesaan,81.61
Vietnam,VNM,2006,82167.9,Air minum,Minimal dasar,Perkotaan,95.75
Vietnam,VNM,2006,82167.9,Air minum,Minimal dasar,Total,85.55
Vietnam,VNM,2006,82167.9,Air minum,Terbatas,Perdesaan,0.78
Vietnam,VNM,2006,82167.9,Air minum,Terbatas,Perkotaan,0.95
Vietnam,VNM,2006,82167.9,Air minum,Terbatas,Total,0.83
Vietnam,VNM,2006,82167.9,Air minum,Tidak layak,Perdesaan,9.98
Vietnam,VNM,2006,82167.9,Air minum,Tidak layak,Perkotaan,2.21
Vietnam,VNM,2006,82167.9,Air minum,Tidak layak,Total,7.82
Vietnam,VNM,2006,82167.9,Air minum,Air permukaan,Perdesaan,7.63
Vietnam,VNM,2006,82167.9,Air minum,Air permukaan,Perkotaan,1.09
Vietnam,VNM,2006,82167.9,Air minum,Air permukaan,Total,5.81
Vietnam,VNM,2006,82167.9,Air minum,Perpipaan,Perdesaan,8.15
Vietnam,VNM,2006,82167.9,Air minum,Perpipaan,Perkotaan,60.13
Vietnam,VNM,2006,82167.9,Air minum,Perpipaan,Total,22.65
Vietnam,VNM,2007,83633.4,Air minum,Dikelola aman,Perdesaan,39.74
Vietnam,VNM,2007,83633.4,Air minum,Dikelola aman,Perkotaan,74.04
Vietnam,VNM,2007,83633.4,Air minum,Dikelola aman,Total,49.51
Vietnam,VNM,2007,83633.4,Air minum,Minimal dasar,Perdesaan,82.53
Vietnam,VNM,2007,83633.4,Air minum,Minimal dasar,Perkotaan,95.92
Vietnam,VNM,2007,83633.4,Air minum,Minimal dasar,Total,86.34
Vietnam,VNM,2007,83633.4,Air minum,Terbatas,Perdesaan,0.75
Vietnam,VNM,2007,83633.4,Air minum,Terbatas,Perkotaan,0.92
Vietnam,VNM,2007,83633.4,Air minum,Terbatas,Total,0.8
Vietnam,VNM,2007,83633.4,Air minum,Tidak layak,Perdesaan,9.67
Vietnam,VNM,2007,83633.4,Air minum,Tidak layak,Perkotaan,2.16
Vietnam,VNM,2007,83633.4,Air minum,Tidak layak,Total,7.53
Vietnam,VNM,2007,83633.4,Air minum,Air permukaan,Perdesaan,7.05
Vietnam,VNM,2007,83633.4,Air minum,Air permukaan,Perkotaan,1.0
Vietnam,VNM,2007,83633.4,Air minum,Air permukaan,Total,5.32
Vietnam,VNM,2007,83633.4,Air minum,Perpipaan,Perdesaan,9.67
Vietnam,VNM,2007,83633.4,Air minum,Perpipaan,Perkotaan,61.69
Vietnam,VNM,2007,83633.4,Air minum,Perpipaan,Total,24.5
Vietnam,VNM,2008,85175.8,Air minum,Dikelola aman,Perdesaan,40.16
Vietnam,VNM,2008,85175.8,Air minum,Dikelola aman,Perkotaan,74.14
Vietnam,VNM,2008,85175.8,Air minum,Dikelola aman,Total,50.06
Vietnam,VNM,2008,85175.8,Air minum,Minimal dasar,Perdesaan,83.45
Vietnam,VNM,2008,85175.8,Air minum,Minimal dasar,Perkotaan,96.08
Vietnam,VNM,2008,85175.8,Air minum,Minimal dasar,Total,87.13
Vietnam,VNM,2008,85175.8,Air minum,Terbatas,Perdesaan,0.73
Vietnam,VNM,2008,85175.8,Air minum,Terbatas,Perkotaan,0.89
Vietnam,VNM,2008,85175.8,Air minum,Terbatas,Total,0.77
Vietnam,VNM,2008,85175.8,Air minum,Tidak layak,Perdesaan,9.36
Vietnam,VNM,2008,85175.8,Air minum,Tidak layak,Perkotaan,2.12
Vietnam,VNM,2008,85175.8,Air minum,Tidak layak,Total,7.25
Vietnam,VNM,2008,85175.8,Air minum,Air permukaan,Perdesaan,6.46
Vietnam,VNM,2008,85175.8,Air minum,Air permukaan,Perkotaan,0.91
Vietnam,VNM,2008,85175.8,Air minum,Air permukaan,Total,4.85
Vietnam,VNM,2008,85175.8,Air minum,Perpipaan,Perdesaan,11.19
Vietnam,VNM,2008,85175.8,Air minum,Perpipaan,Perkotaan,63.26
Vietnam,VNM,2008,85175.8,Air minum,Perpipaan,Total,26.35
Vietnam,VNM,2009,86460.0,Air minum,Dikelola aman,Perdesaan,40.59
Vietnam,VNM,2009,86460.0,Air minum,Dikelola aman,Perkotaan,74.25
Vietnam,VNM,2009,86460.0,Air minum,Dikelola aman,Total,50.61
Vietnam,VNM,2009,86460.0,Air minum,Minimal dasar,Perdesaan,84.37
Vietnam,VNM,2009,86460.0,Air minum,Minimal dasar,Perkotaan,96.25
Vietnam,VNM,2009,86460.0,Air minum,Minimal dasar,Total,87.9
Vietnam,VNM,2009,86460.0,Air minum,Terbatas,Perdesaan,0.7
Vietnam,VNM,2009,86460.0,Air minum,Terbatas,Perkotaan,0.86
Vietnam,VNM,2009,86460.0,Air minum,Terbatas,Total,0.75
Vietnam,VNM,2009,86460.0,Air minum,Tidak layak,Perdesaan,9.05
Vietnam,VNM,2009,86460.0,Air minum,Tidak layak,Perkotaan,2.07
Vietnam,VNM,2009,86460.0,Air minum,Tidak layak,Total,6.98
Vietnam,VNM,2009,86460.0,Air minum,Air permukaan,Perdesaan,5.88
Vietnam,VNM,2009,86460.0,Air minum,Air permukaan,Perkotaan,0.82
Vietnam,VNM,2009,86460.0,Air minum,Air permukaan,Total,4.37
Vietnam,VNM,2009,86460.0,Air minum,Perpipaan,Perdesaan,12.7
Vietnam,VNM,2009,86460.0,Air minum,Perpipaan,Perkotaan,64.83
Vietnam,VNM,2009,86460.0,Air minum,Perpipaan,Total,28.22
Vietnam,VNM,2010,87455.2,Air minum,Dikelola aman,Perdesaan,41.02
Vietnam,VNM,2010,87455.2,Air minum,Dikelola aman,Perkotaan,74.35
Vietnam,VNM,2010,87455.2,Air minum,Dikelola aman,Total,51.16
Vietnam,VNM,2010,87455.2,Air minum,Minimal dasar,Perdesaan,85.29
Vietnam,VNM,2010,87455.2,Air minum,Minimal dasar,Perkotaan,96.42
Vietnam,VNM,2010,87455.2,Air minum,Minimal dasar,Total,88.67
Vietnam,VNM,2010,87455.2,Air minum,Terbatas,Perdesaan,0.67
Vietnam,VNM,2010,87455.2,Air minum,Terbatas,Perkotaan,0.83
Vietnam,VNM,2010,87455.2,Air minum,Terbatas,Total,0.72
Vietnam,VNM,2010,87455.2,Air minum,Tidak layak,Perdesaan,8.74
Vietnam,VNM,2010,87455.2,Air minum,Tidak layak,Perkotaan,2.03
Vietnam,VNM,2010,87455.2,Air minum,Tidak layak,Total,6.7
Vietnam,VNM,2010,87455.2,Air minum,Air permukaan,Perdesaan,5.29
Vietnam,VNM,2010,87455.2,Air minum,Air permukaan,Perkotaan,0.72
Vietnam,VNM,2010,87455.2,Air minum,Air permukaan,Total,3.9
Vietnam,VNM,2010,87455.2,Air minum,Perpipaan,Perdesaan,14.22
Vietnam,VNM,2010,87455.2,Air minum,Perpipaan,Perkotaan,66.39
Vietnam,VNM,2010,87455.2,Air minum,Perpipaan,Total,30.09
Vietnam,VNM,2011,88468.3,Air minum,Dikelola aman,Perdesaan,41.44
Vietnam,VNM,2011,88468.3,Air minum,Dikelola aman,Perkotaan,74.46
Vietnam,VNM,2011,88468.3,Air minum,Dikelola aman,Total,51.7
Vietnam,VNM,2011,88468.3,Air minum,Minimal dasar,Perdesaan,86.21
Vietnam,VNM,2011,88468.3,Air minum,Minimal dasar,Perkotaan,96.59
Vietnam,VNM,2011,88468.3,Air minum,Minimal dasar,Total,89.43
Vietnam,VNM,2011,88468.3,Air minum,Terbatas,Perdesaan,0.65
Vietnam,VNM,2011,88468.3,Air minum,Terbatas,Perkotaan,0.8
Vietnam,VNM,2011,88468.3,Air minum,Terbatas,Total,0.69
Vietnam,VNM,2011,88468.3,Air minum,Tidak layak,Perdesaan,8.44
Vietnam,VNM,2011,88468.3,Air minum,Tidak layak,Perkotaan,1.98
Vietnam,VNM,2011,88468.3,Air minum,Tidak layak,Total,6.43
Vietnam,VNM,2011,88468.3,Air minum,Air permukaan,Perdesaan,4.71
Vietnam,VNM,2011,88468.3,Air minum,Air permukaan,Perkotaan,0.63
Vietnam,VNM,2011,88468.3,Air minum,Air permukaan,Total,3.44
Vietnam,VNM,2011,88468.3,Air minum,Perpipaan,Perdesaan,15.73
Vietnam,VNM,2011,88468.3,Air minum,Perpipaan,Perkotaan,67.96
Vietnam,VNM,2011,88468.3,Air minum,Perpipaan,Total,31.96
Vietnam,VNM,2012,89510.4,Air minum,Dikelola aman,Perdesaan,41.87
Vietnam,VNM,2012,89510.4,Air minum,Dikelola aman,Perkotaan,74.56
Vietnam,VNM,2012,89510.4,Air minum,Dikelola aman,Total,52.25
Vietnam,VNM,2012,89510.4,Air minum,Minimal dasar,Perdesaan,87.13
Vietnam,VNM,2012,89510.4,Air minum,Minimal dasar,Perkotaan,96.75
Vietnam,VNM,2012,89510.4,Air minum,Minimal dasar,Total,90.19
Vietnam,VNM,2012,89510.4,Air minum,Terbatas,Perdesaan,0.62
Vietnam,VNM,2012,89510.4,Air minum,Terbatas,Perkotaan,0.77
Vietnam,VNM,2012,89510.4,Air minum,Terbatas,Total,0.67
Vietnam,VNM,2012,89510.4,Air minum,Tidak layak,Perdesaan,8.13
Vietnam,VNM,2012,89510.4,Air minum,Tidak layak,Perkotaan,1.94
Vietnam,VNM,2012,89510.4,Air minum,Tidak layak,Total,6.16
Vietnam,VNM,2012,89510.4,Air minum,Air permukaan,Perdesaan,4.12
Vietnam,VNM,2012,89510.4,Air minum,Air permukaan,Perkotaan,0.54
Vietnam,VNM,2012,89510.4,Air minum,Air permukaan,Total,2.99
Vietnam,VNM,2012,89510.4,Air minum,Perpipaan,Perdesaan,17.25
Vietnam,VNM,2012,89510.4,Air minum,Perpipaan,Perkotaan,69.52
Vietnam,VNM,2012,89510.4,Air minum,Perpipaan,Total,33.85
Vietnam,VNM,2013,90573.1,Air minum,Dikelola aman,Perdesaan,42.3
Vietnam,VNM,2013,90573.1,Air minum,Dikelola aman,Perkotaan,74.67
Vietnam,VNM,2013,90573.1,Air minum,Dikelola aman,Total,52.79
Vietnam,VNM,2013,90573.1,Air minum,Minimal dasar,Perdesaan,88.06
Vietnam,VNM,2013,90573.1,Air minum,Minimal dasar,Perkotaan,96.92
Vietnam,VNM,2013,90573.1,Air minum,Minimal dasar,Total,90.93
Vietnam,VNM,2013,90573.1,Air minum,Terbatas,Perdesaan,0.59
Vietnam,VNM,2013,90573.1,Air minum,Terbatas,Perkotaan,0.74
Vietnam,VNM,2013,90573.1,Air minum,Terbatas,Total,0.64
Vietnam,VNM,2013,90573.1,Air minum,Tidak layak,Perdesaan,7.82
Vietnam,VNM,2013,90573.1,Air minum,Tidak layak,Perkotaan,1.89
Vietnam,VNM,2013,90573.1,Air minum,Tidak layak,Total,5.89
Vietnam,VNM,2013,90573.1,Air minum,Air permukaan,Perdesaan,3.54
Vietnam,VNM,2013,90573.1,Air minum,Air permukaan,Perkotaan,0.45
Vietnam,VNM,2013,90573.1,Air minum,Air permukaan,Total,2.54
Vietnam,VNM,2013,90573.1,Air minum,Perpipaan,Perdesaan,18.77
Vietnam,VNM,2013,90573.1,Air minum,Perpipaan,Perkotaan,71.09
Vietnam,VNM,2013,90573.1,Air minum,Perpipaan,Total,35.73
Vietnam,VNM,2014,91679.6,Air minum,Dikelola aman,Perdesaan,42.72
Vietnam,VNM,2014,91679.6,Air minum,Dikelola aman,Perkotaan,74.77
Vietnam,VNM,2014,91679.6,Air minum,Dikelola aman,Total,53.34
Vietnam,VNM,2014,91679.6,Air minum,Minimal dasar,Perdesaan,88.98
Vietnam,VNM,2014,91679.6,Air minum,Minimal dasar,Perkotaan,97.09
Vietnam,VNM,2014,91679.6,Air minum,Minimal dasar,Total,91.67
Vietnam,VNM,2014,91679.6,Air minum,Terbatas,Perdesaan,0.56
Vietnam,VNM,2014,91679.6,Air minum,Terbatas,Perkotaan,0.71
Vietnam,VNM,2014,91679.6,Air minum,Terbatas,Total,0.61
Vietnam,VNM,2014,91679.6,Air minum,Tidak layak,Perdesaan,7.51
Vietnam,VNM,2014,91679.6,Air minum,Tidak layak,Perkotaan,1.84
Vietnam,VNM,2014,91679.6,Air minum,Tidak layak,Total,5.63
Vietnam,VNM,2014,91679.6,Air minum,Air permukaan,Perdesaan,2.96
Vietnam,VNM,2014,91679.6,Air minum,Air permukaan,Perkotaan,0.36
Vietnam,VNM,2014,91679.6,Air minum,Air permukaan,Total,2.09
Vietnam,VNM,2014,91679.6,Air minum,Perpipaan,Perdesaan,20.28
Vietnam,VNM,2014,91679.6,Air minum,Perpipaan,Perkotaan,72.65
Vietnam,VNM,2014,91679.6,Air minum,Perpipaan,Total,37.62
Vietnam,VNM,2015,92823.3,Air minum,Dikelola aman,Perdesaan,43.15
Vietnam,VNM,2015,92823.3,Air minum,Dikelola aman,Perkotaan,74.88
Vietnam,VNM,2015,92823.3,Air minum,Dikelola aman,Total,53.88
Vietnam,VNM,2015,92823.3,Air minum,Minimal dasar,Perdesaan,89.91
Vietnam,VNM,2015,92823.3,Air minum,Minimal dasar,Perkotaan,97.26
Vietnam,VNM,2015,92823.3,Air minum,Minimal dasar,Total,92.39
Vietnam,VNM,2015,92823.3,Air minum,Terbatas,Perdesaan,0.53
Vietnam,VNM,2015,92823.3,Air minum,Terbatas,Perkotaan,0.68
Vietnam,VNM,2015,92823.3,Air minum,Terbatas,Total,0.58
Vietnam,VNM,2015,92823.3,Air minum,Tidak layak,Perdesaan,7.2
Vietnam,VNM,2015,92823.3,Air minum,Tidak layak,Perkotaan,1.8
Vietnam,VNM,2015,92823.3,Air minum,Tidak layak,Total,5.37
Vietnam,VNM,2015,92823.3,Air minum,Air permukaan,Perdesaan,2.37
Vietnam,VNM,2015,92823.3,Air minum,Air permukaan,Perkotaan,0.26
Vietnam,VNM,2015,92823.3,Air minum,Air permukaan,Total,1.66
Vietnam,VNM,2015,92823.3,Air minum,Perpipaan,Perdesaan,21.8
Vietnam,VNM,2015,92823.3,Air minum,Perpipaan,Perkotaan,74.22
Vietnam,VNM,2015,92823.3,Air minum,Perpipaan,Total,39.52
Vietnam,VNM,2016,94000.1,Air minum,Dikelola aman,Perdesaan,43.58
Vietnam,VNM,2016,94000.1,Air minum,Dikelola aman,Perkotaan,74.98
Vietnam,VNM,2016,94000.1,Air minum,Dikelola aman,Total,54.42
Vietnam,VNM,2016,94000.1,Air minum,Minimal dasar,Perdesaan,90.83
Vietnam,VNM,2016,94000.1,Air minum,Minimal dasar,Perkotaan,97.43
Vietnam,VNM,2016,94000.1,Air minum,Minimal dasar,Total,93.11
Vietnam,VNM,2016,94000.1,Air minum,Terbatas,Perdesaan,0.5
Vietnam,VNM,2016,94000.1,Air minum,Terbatas,Perkotaan,0.65
Vietnam,VNM,2016,94000.1,Air minum,Terbatas,Total,0.55
Vietnam,VNM,2016,94000.1,Air minum,Tidak layak,Perdesaan,6.89
Vietnam,VNM,2016,94000.1,Air minum,Tidak layak,Perkotaan,1.75
Vietnam,VNM,2016,94000.1,Air minum,Tidak layak,Total,5.11
Vietnam,VNM,2016,94000.1,Air minum,Air permukaan,Perdesaan,1.79
Vietnam,VNM,2016,94000.1,Air minum,Air permukaan,Perkotaan,0.17
Vietnam,VNM,2016,94000.1,Air minum,Air permukaan,Total,1.23
Vietnam,VNM,2016,94000.1,Air minum,Perpipaan,Perdesaan,23.31
Vietnam,VNM,2016,94000.1,Air minum,Perpipaan,Perkotaan,75.78
Vietnam,VNM,2016,94000.1,Air minum,Perpipaan,Total,41.42
Vietnam,VNM,2017,95177.0,Air minum,Dikelola aman,Perdesaan,44.0
Vietnam,VNM,2017,95177.0,Air minum,Dikelola aman,Perkotaan,75.09
Vietnam,VNM,2017,95177.0,Air minum,Dikelola aman,Total,54.95
Vietnam,VNM,2017,95177.0,Air minum,Minimal dasar,Perdesaan,91.76
Vietnam,VNM,2017,95177.0,Air minum,Minimal dasar,Perkotaan,97.59
Vietnam,VNM,2017,95177.0,Air minum,Minimal dasar,Total,93.81
Vietnam,VNM,2017,95177.0,Air minum,Terbatas,Perdesaan,0.46
Vietnam,VNM,2017,95177.0,Air minum,Terbatas,Perkotaan,0.62
Vietnam,VNM,2017,95177.0,Air minum,Terbatas,Total,0.52
Vietnam,VNM,2017,95177.0,Air minum,Tidak layak,Perdesaan,6.58
Vietnam,VNM,2017,95177.0,Air minum,Tidak layak,Perkotaan,1.71
Vietnam,VNM,2017,95177.0,Air minum,Tidak layak,Total,4.86
Vietnam,VNM,2017,95177.0,Air minum,Air permukaan,Perdesaan,1.2
Vietnam,VNM,2017,95177.0,Air minum,Air permukaan,Perkotaan,0.08
Vietnam,VNM,2017,95177.0,Air minum,Air permukaan,Total,0.81
Vietnam,VNM,2017,95177.0,Air minum,Perpipaan,Perdesaan,24.83
Vietnam,VNM,2017,95177.0,Air minum,Perpipaan,Perkotaan,77.35
Vietnam,VNM,2017,95177.0,Air minum,Perpipaan,Total,43.32
Vietnam,VNM,2018,96237.3,Air minum,Dikelola aman,Perdesaan,44.43
Vietnam,VNM,2018,96237.3,Air minum,Dikelola aman,Perkotaan,75.19
Vietnam,VNM,2018,96237.3,Air minum,Dikelola aman,Total,55.48
Vietnam,VNM,2018,96237.3,Air minum,Minimal dasar,Perdesaan,93.1
Vietnam,VNM,2018,96237.3,Air minum,Minimal dasar,Perkotaan,97.92
Vietnam,VNM,2018,96237.3,Air minum,Minimal dasar,Total,94.83
Vietnam,VNM,2018,96237.3,Air minum,Terbatas,Perdesaan,0.01
Vietnam,VNM,2018,96237.3,Air minum,Terbatas,Perkotaan,0.43
Vietnam,VNM,2018,96237.3,Air minum,Terbatas,Total,0.16
Vietnam,VNM,2018,96237.3,Air minum,Tidak layak,Perdesaan,6.27
Vietnam,VNM,2018,96237.3,Air minum,Tidak layak,Perkotaan,1.65
Vietnam,VNM,2018,96237.3,Air minum,Tidak layak,Total,4.61
Vietnam,VNM,2018,96237.3,Air minum,Air permukaan,Perdesaan,0.62
Vietnam,VNM,2018,96237.3,Air minum,Air permukaan,Perkotaan,0.0
Vietnam,VNM,2018,96237.3,Air minum,Air permukaan,Total,0.4
Vietnam,VNM,2018,96237.3,Air minum,Perpipaan,Perdesaan,26.34
Vietnam,VNM,2018,96237.3,Air minum,Perpipaan,Perkotaan,78.91
Vietnam,VNM,2018,96237.3,Air minum,Perpipaan,Total,45.23
Vietnam,VNM,2019,97173.8,Air minum,Dikelola aman,Perdesaan,44.86
Vietnam,VNM,2019,97173.8,Air minum,Dikelola aman,Perkotaan,75.3
Vietnam,VNM,2019,97173.8,Air minum,Dikelola aman,Total,56.01
Vietnam,VNM,2019,97173.8,Air minum,Minimal dasar,Perdesaan,94.01
Vietnam,VNM,2019,97173.8,Air minum,Minimal dasar,Perkotaan,98.44
Vietnam,VNM,2019,97173.8,Air minum,Minimal dasar,Total,95.63
Vietnam,VNM,2019,97173.8,Air minum,Terbatas,Perdesaan,0.0
Vietnam,VNM,2019,97173.8,Air minum,Terbatas,Perkotaan,0.04
Vietnam,VNM,2019,97173.8,Air minum,Terbatas,Total,0.02
Vietnam,VNM,2019,97173.8,Air minum,Tidak layak,Perdesaan,5.96
Vietnam,VNM,2019,97173.8,Air minum,Tidak layak,Perkotaan,1.51
Vietnam,VNM,2019,97173.8,Air minum,Tidak layak,Total,4.33
Vietnam,VNM,2019,97173.8,Air minum,Air permukaan,Perdesaan,0.03
Vietnam,VNM,2019,97173.8,Air minum,Air permukaan,Perkotaan,0.0
Vietnam,VNM,2019,97173.8,Air minum,Air permukaan,Total,0.02
Vietnam,VNM,2019,97173.8,Air minum,Perpipaan,Perdesaan,27.86
Vietnam,VNM,2019,97173.8,Air minum,Perpipaan,Perkotaan,80.48
Vietnam,VNM,2019,97173.8,Air minum,Perpipaan,Total,47.13
Vietnam,VNM,2020,98079.2,Air minum,Dikelola aman,Perdesaan,45.28
Vietnam,VNM,2020,98079.2,Air minum,Dikelola aman,Perkotaan,75.4
Vietnam,VNM,2020,98079.2,Air minum,Dikelola aman,Total,56.53
Vietnam,VNM,2020,98079.2,Air minum,Minimal dasar,Perdesaan,94.9
Vietnam,VNM,2020,98079.2,Air minum,Minimal dasar,Perkotaan,98.63
Vietnam,VNM,2020,98079.2,Air minum,Minimal dasar,Total,96.29
Vietnam,VNM,2020,98079.2,Air minum,Terbatas,Perdesaan,0.0
Vietnam,VNM,2020,98079.2,Air minum,Terbatas,Perkotaan,0.0
Vietnam,VNM,2020,98079.2,Air minum,Terbatas,Total,0.0
Vietnam,VNM,2020,98079.2,Air minum,Tidak layak,Perdesaan,5.1
Vietnam,VNM,2020,98079.2,Air minum,Tidak layak,Perkotaan,1.37
Vietnam,VNM,2020,98079.2,Air minum,Tidak layak,Total,3.71
Vietnam,VNM,2020,98079.2,Air minum,Air permukaan,Perdesaan,0.0
Vietnam,VNM,2020,98079.2,Air minum,Air permukaan,Perkotaan,0.0
Vietnam,VNM,2020,98079.2,Air minum,Air permukaan,Total,0.0
Vietnam,VNM,2020,98079.2,Air minum,Perpipaan,Perdesaan,29.38
Vietnam,VNM,2020,98079.2,Air minum,Perpipaan,Perkotaan,82.05
Vietnam,VNM,2020,98079.2,Air minum,Perpipaan,Total,49.04
Vietnam,VNM,2021,98935.1,Air minum,Dikelola aman,Perdesaan,45.71
Vietnam,VNM,2021,98935.1,Air minum,Dikelola aman,Perkotaan,75.51
Vietnam,VNM,2021,98935.1,Air minum,Dikelola aman,Total,57.05
Vietnam,VNM,2021,98935.1,Air minum,Minimal dasar,Perdesaan,95.8
Vietnam,VNM,2021,98935.1,Air minum,Minimal dasar,Perkotaan,98.76
Vietnam,VNM,2021,98935.1,Air minum,Minimal dasar,Total,96.93
Vietnam,VNM,2021,98935.1,Air minum,Terbatas,Perdesaan,0.0
Vietnam,VNM,2021,98935.1,Air minum,Terbatas,Perkotaan,0.0
Vietnam,VNM,2021,98935.1,Air minum,Terbatas,Total,0.0
Vietnam,VNM,2021,98935.1,Air minum,Tidak layak,Perdesaan,4.2
Vietnam,VNM,2021,98935.1,Air minum,Tidak layak,Perkotaan,1.24
Vietnam,VNM,2021,98935.1,Air minum,Tidak layak,Total,3.07
Vietnam,VNM,2021,98935.1,Air minum,Air permukaan,Perdesaan,0.0
Vietnam,VNM,2021,98935.1,Air minum,Air permukaan,Perkotaan,0.0
Vietnam,VNM,2021,98935.1,Air minum,Air permukaan,Total,0.0
Vietnam,VNM,2021,98935.1,Air minum,Perpipaan,Perdesaan,30.89
Vietnam,VNM,2021,98935.1,Air minum,Perpipaan,Perkotaan,83.61
Vietnam,VNM,2021,98935.1,Air minum,Perpipaan,Total,50.95
Vietnam,VNM,2022,99680.7,Air minum,Dikelola aman,Perdesaan,46.14
Vietnam,VNM,2022,99680.7,Air minum,Dikelola aman,Perkotaan,75.61
Vietnam,VNM,2022,99680.7,Air minum,Dikelola aman,Total,57.56
Vietnam,VNM,2022,99680.7,Air minum,Minimal dasar,Perdesaan,96.69
Vietnam,VNM,2022,99680.7,Air minum,Minimal dasar,Perkotaan,98.9
Vietnam,VNM,2022,99680.7,Air minum,Minimal dasar,Total,97.55
Vietnam,VNM,2022,99680.7,Air minum,Terbatas,Perdesaan,0.0
Vietnam,VNM,2022,99680.7,Air minum,Terbatas,Perkotaan,0.0
Vietnam,VNM,2022,99680.7,Air minum,Terbatas,Total,0.0
Vietnam,VNM,2022,99680.7,Air minum,Tidak layak,Perdesaan,3.31
Vietnam,VNM,2022,99680.7,Air minum,Tidak layak,Perkotaan,1.1
Vietnam,VNM,2022,99680.7,Air minum,Tidak layak,Total,2.45
Vietnam,VNM,2022,99680.7,Air minum,Air permukaan,Perdesaan,0.0
Vietnam,VNM,2022,99680.7,Air minum,Air permukaan,Perkotaan,0.0
Vietnam,VNM,2022,99680.7,Air minum,Air permukaan,Total,0.0
Vietnam,VNM,2022,99680.7,Air minum,Perpipaan,Perdesaan,32.41
Vietnam,VNM,2022,99680.7,Air minum,Perpipaan,Perkotaan,85.18
Vietnam,VNM,2022,99680.7,Air minum,Perpipaan,Total,52.86
Vietnam,VNM,2023,100352.2,Air minum,Dikelola aman,Perdesaan,46.56
Vietnam,VNM,2023,100352.2,Air minum,Dikelola aman,Perkotaan,75.72
Vietnam,VNM,2023,100352.2,Air minum,Dikelola aman,Total,58.07
Vietnam,VNM,2023,100352.2,Air minum,Minimal dasar,Perdesaan,97.59
Vietnam,VNM,2023,100352.2,Air minum,Minimal dasar,Perkotaan,99.04
Vietnam,VNM,2023,100352.2,Air minum,Minimal dasar,Total,98.16
Vietnam,VNM,2023,100352.2,Air minum,Terbatas,Perdesaan,0.0
Vietnam,VNM,2023,100352.2,Air minum,Terbatas,Perkotaan,0.0
Vietnam,VNM,2023,100352.2,Air minum,Terbatas,Total,0.0
Vietnam,VNM,2023,100352.2,Air minum,Tidak layak,Perdesaan,2.41
Vietnam,VNM,2023,100352.2,Air minum,Tidak layak,Perkotaan,0.96
Vietnam,VNM,2023,100352.2,Air minum,Tidak layak,Total,1.84
Vietnam,VNM,2023,100352.2,Air minum,Air permukaan,Perdesaan,0.0
Vietnam,VNM,2023,100352.2,Air minum,Air permukaan,Perkotaan,0.0
Vietnam,VNM,2023,100352.2,Air minum,Air permukaan,Total,0.0
Vietnam,VNM,2023,100352.2,Air minum,Perpipaan,Perdesaan,33.92
Vietnam,VNM,2023,100352.2,Air minum,Perpipaan,Perkotaan,86.74
Vietnam,VNM,2023,100352.2,Air minum,Perpipaan,Total,54.78
Vietnam,VNM,2024,100987.7,Air minum,Dikelola aman,Perdesaan,46.99
Vietnam,VNM,2024,100987.7,Air minum,Dikelola aman,Perkotaan,75.82
Vietnam,VNM,2024,100987.7,Air minum,Dikelola aman,Total,58.58
Vietnam,VNM,2024,100987.7,Air minum,Minimal dasar,Perdesaan,98.48
Vietnam,VNM,2024,100987.7,Air minum,Minimal dasar,Perkotaan,99.18
Vietnam,VNM,2024,100987.7,Air minum,Minimal dasar,Total,98.76
Vietnam,VNM,2024,100987.7,Air minum,Terbatas,Perdesaan,0.0
Vietnam,VNM,2024,100987.7,Air minum,Terbatas,Perkotaan,0.0
Vietnam,VNM,2024,100987.7,Air minum,Terbatas,Total,0.0
Vietnam,VNM,2024,100987.7,Air minum,Tidak layak,Perdesaan,1.52
Vietnam,VNM,2024,100987.7,Air minum,Tidak layak,Perkotaan,0.82
Vietnam,VNM,2024,100987.7,Air minum,Tidak layak,Total,1.24
Vietnam,VNM,2024,100987.7,Air minum,Air permukaan,Perdesaan,0.0
Vietnam,VNM,2024,100987.7,Air minum,Air permukaan,Perkotaan,0.0
Vietnam,VNM,2024,100987.7,Air minum,Air permukaan,Total,0.0
Vietnam,VNM,2024,100987.7,Air minum,Perpipaan,Perdesaan,35.44
Vietnam,VNM,2024,100987.7,Air minum,Perpipaan,Perkotaan,88.31
Vietnam,VNM,2024,100987.7,Air minum,Perpipaan,Total,56.69
Brunei Darussalam,BRN,2000,326.4,Sanitasi,Minimal dasar,Total,72.71
Brunei Darussalam,BRN,2000,326.4,Sanitasi,Terbatas,Total,0.0
Brunei Darussalam,BRN,2000,326.4,Sanitasi,Tidak layak,Total,27.29
Brunei Darussalam,BRN,2001,333.3,Sanitasi,Minimal dasar,Total,73.93
Brunei Darussalam,BRN,2001,333.3,Sanitasi,Terbatas,Total,0.0
Brunei Darussalam,BRN,2001,333.3,Sanitasi,Tidak layak,Total,26.07
Brunei Darussalam,BRN,2002,340.1,Sanitasi,Minimal dasar,Total,75.15
Brunei Darussalam,BRN,2002,340.1,Sanitasi,Terbatas,Total,0.0
Brunei Darussalam,BRN,2002,340.1,Sanitasi,Tidak layak,Total,24.85
Brunei Darussalam,BRN,2003,346.6,Sanitasi,Minimal dasar,Total,76.36
Brunei Darussalam,BRN,2003,346.6,Sanitasi,Terbatas,Total,0.0
Brunei Darussalam,BRN,2003,346.6,Sanitasi,Tidak layak,Total,23.64
Brunei Darussalam,BRN,2004,352.9,Sanitasi,Minimal dasar,Total,77.58
Brunei Darussalam,BRN,2004,352.9,Sanitasi,Terbatas,Total,0.0
Brunei Darussalam,BRN,2004,352.9,Sanitasi,Tidak layak,Total,22.42
Brunei Darussalam,BRN,2005,358.9,Sanitasi,Minimal dasar,Total,78.8
Brunei Darussalam,BRN,2005,358.9,Sanitasi,Terbatas,Total,0.0
Brunei Darussalam,BRN,2005,358.9,Sanitasi,Tidak layak,Total,18.08
Brunei Darussalam,BRN,2005,358.9,Sanitasi,BAB terbuka,Total,3.12
Brunei Darussalam,BRN,2006,364.7,Sanitasi,Minimal dasar,Total,80.01
Brunei Darussalam,BRN,2006,364.7,Sanitasi,Terbatas,Total,0.0
Brunei Darussalam,BRN,2006,364.7,Sanitasi,Tidak layak,Total,16.87
Brunei Darussalam,BRN,2006,364.7,Sanitasi,BAB terbuka,Total,3.12
Brunei Darussalam,BRN,2007,370.9,Sanitasi,Minimal dasar,Total,81.23
Brunei Darussalam,BRN,2007,370.9,Sanitasi,Terbatas,Total,0.0
Brunei Darussalam,BRN,2007,370.9,Sanitasi,Tidak layak,Total,15.65
Brunei Darussalam,BRN,2007,370.9,Sanitasi,BAB terbuka,Total,3.12
Brunei Darussalam,BRN,2008,377.8,Sanitasi,Minimal dasar,Total,82.45
Brunei Darussalam,BRN,2008,377.8,Sanitasi,Terbatas,Total,0.0
Brunei Darussalam,BRN,2008,377.8,Sanitasi,Tidak layak,Total,14.43
Brunei Darussalam,BRN,2008,377.8,Sanitasi,BAB terbuka,Total,3.12
Brunei Darussalam,BRN,2009,385.0,Sanitasi,Minimal dasar,Total,83.66
Brunei Darussalam,BRN,2009,385.0,Sanitasi,Terbatas,Total,0.0
Brunei Darussalam,BRN,2009,385.0,Sanitasi,Tidak layak,Total,13.22
Brunei Darussalam,BRN,2009,385.0,Sanitasi,BAB terbuka,Total,3.12
Brunei Darussalam,BRN,2010,392.3,Sanitasi,Minimal dasar,Total,84.88
Brunei Darussalam,BRN,2010,392.3,Sanitasi,Terbatas,Total,0.0
Brunei Darussalam,BRN,2010,392.3,Sanitasi,Tidak layak,Total,12.26
Brunei Darussalam,BRN,2010,392.3,Sanitasi,BAB terbuka,Total,2.86
Brunei Darussalam,BRN,2011,399.4,Sanitasi,Minimal dasar,Total,86.1
Brunei Darussalam,BRN,2011,399.4,Sanitasi,Terbatas,Total,0.0
Brunei Darussalam,BRN,2011,399.4,Sanitasi,Tidak layak,Total,11.3
Brunei Darussalam,BRN,2011,399.4,Sanitasi,BAB terbuka,Total,2.6
Brunei Darussalam,BRN,2012,405.6,Sanitasi,Minimal dasar,Total,87.31
Brunei Darussalam,BRN,2012,405.6,Sanitasi,Terbatas,Total,0.0
Brunei Darussalam,BRN,2012,405.6,Sanitasi,Tidak layak,Total,10.35
Brunei Darussalam,BRN,2012,405.6,Sanitasi,BAB terbuka,Total,2.34
Brunei Darussalam,BRN,2013,411.2,Sanitasi,Minimal dasar,Total,88.53
Brunei Darussalam,BRN,2013,411.2,Sanitasi,Terbatas,Total,0.0
Brunei Darussalam,BRN,2013,411.2,Sanitasi,Tidak layak,Total,9.39
Brunei Darussalam,BRN,2013,411.2,Sanitasi,BAB terbuka,Total,2.08
Brunei Darussalam,BRN,2014,416.8,Sanitasi,Minimal dasar,Total,89.75
Brunei Darussalam,BRN,2014,416.8,Sanitasi,Terbatas,Total,0.0
Brunei Darussalam,BRN,2014,416.8,Sanitasi,Tidak layak,Total,8.43
Brunei Darussalam,BRN,2014,416.8,Sanitasi,BAB terbuka,Total,1.82
Brunei Darussalam,BRN,2015,422.2,Sanitasi,Minimal dasar,Total,90.96
Brunei Darussalam,BRN,2015,422.2,Sanitasi,Terbatas,Total,0.0
Brunei Darussalam,BRN,2015,422.2,Sanitasi,Tidak layak,Total,7.48
Brunei Darussalam,BRN,2015,422.2,Sanitasi,BAB terbuka,Total,1.56
Brunei Darussalam,BRN,2016,427.6,Sanitasi,Minimal dasar,Total,92.18
Brunei Darussalam,BRN,2016,427.6,Sanitasi,Terbatas,Total,0.0
Brunei Darussalam,BRN,2016,427.6,Sanitasi,Tidak layak,Total,6.52
Brunei Darussalam,BRN,2016,427.6,Sanitasi,BAB terbuka,Total,1.3
Brunei Darussalam,BRN,2017,432.8,Sanitasi,Minimal dasar,Total,93.4
Brunei Darussalam,BRN,2017,432.8,Sanitasi,Terbatas,Total,0.0
Brunei Darussalam,BRN,2017,432.8,Sanitasi,Tidak layak,Total,5.56
Brunei Darussalam,BRN,2017,432.8,Sanitasi,BAB terbuka,Total,1.04
Brunei Darussalam,BRN,2018,437.8,Sanitasi,Minimal dasar,Total,94.61
Brunei Darussalam,BRN,2018,437.8,Sanitasi,Terbatas,Total,0.0
Brunei Darussalam,BRN,2018,437.8,Sanitasi,Tidak layak,Total,4.61
Brunei Darussalam,BRN,2018,437.8,Sanitasi,BAB terbuka,Total,0.78
Brunei Darussalam,BRN,2019,442.7,Sanitasi,Minimal dasar,Total,95.83
Brunei Darussalam,BRN,2019,442.7,Sanitasi,Terbatas,Total,0.0
Brunei Darussalam,BRN,2019,442.7,Sanitasi,Tidak layak,Total,3.65
Brunei Darussalam,BRN,2019,442.7,Sanitasi,BAB terbuka,Total,0.52
Brunei Darussalam,BRN,2020,447.4,Sanitasi,Minimal dasar,Total,97.05
Brunei Darussalam,BRN,2020,447.4,Sanitasi,Terbatas,Total,0.0
Brunei Darussalam,BRN,2020,447.4,Sanitasi,Tidak layak,Total,2.69
Brunei Darussalam,BRN,2020,447.4,Sanitasi,BAB terbuka,Total,0.26
Brunei Darussalam,BRN,2021,451.7,Sanitasi,Minimal dasar,Total,98.26
Brunei Darussalam,BRN,2021,451.7,Sanitasi,Terbatas,Total,0.0
Brunei Darussalam,BRN,2021,451.7,Sanitasi,Tidak layak,Total,1.74
Brunei Darussalam,BRN,2021,451.7,Sanitasi,BAB terbuka,Total,0.0
Brunei Darussalam,BRN,2022,455.4,Sanitasi,Minimal dasar,Total,99.48
Brunei Darussalam,BRN,2022,455.4,Sanitasi,Terbatas,Total,0.0
Brunei Darussalam,BRN,2022,455.4,Sanitasi,Tidak layak,Total,0.52
Brunei Darussalam,BRN,2022,455.4,Sanitasi,BAB terbuka,Total,0.0
Brunei Darussalam,BRN,2023,458.9,Sanitasi,Minimal dasar,Total,100.0
Brunei Darussalam,BRN,2023,458.9,Sanitasi,Terbatas,Total,0.0
Brunei Darussalam,BRN,2023,458.9,Sanitasi,Tidak layak,Total,0.0
Brunei Darussalam,BRN,2023,458.9,Sanitasi,BAB terbuka,Total,0.0
Brunei Darussalam,BRN,2024,462.7,Sanitasi,Minimal dasar,Total,100.0
Brunei Darussalam,BRN,2024,462.7,Sanitasi,Terbatas,Total,0.0
Brunei Darussalam,BRN,2024,462.7,Sanitasi,Tidak layak,Total,0.0
Brunei Darussalam,BRN,2024,462.7,Sanitasi,BAB terbuka,Total,0.0
Kamboja,KHM,2000,12462.3,Sanitasi,Dikelola aman,Perkotaan,30.06
Kamboja,KHM,2000,12462.3,Sanitasi,Minimal dasar,Perdesaan,0.0
Kamboja,KHM,2000,12462.3,Sanitasi,Minimal dasar,Perkotaan,56.21
Kamboja,KHM,2000,12462.3,Sanitasi,Minimal dasar,Total,10.45
Kamboja,KHM,2000,12462.3,Sanitasi,Terbatas,Perdesaan,0.0
Kamboja,KHM,2000,12462.3,Sanitasi,Terbatas,Perkotaan,7.66
Kamboja,KHM,2000,12462.3,Sanitasi,Terbatas,Total,1.42
Kamboja,KHM,2000,12462.3,Sanitasi,Tidak layak,Perdesaan,0.0
Kamboja,KHM,2000,12462.3,Sanitasi,Tidak layak,Perkotaan,3.3
Kamboja,KHM,2000,12462.3,Sanitasi,Tidak layak,Total,0.61
Kamboja,KHM,2000,12462.3,Sanitasi,BAB terbuka,Perdesaan,100.0
Kamboja,KHM,2000,12462.3,Sanitasi,BAB terbuka,Perkotaan,32.83
Kamboja,KHM,2000,12462.3,Sanitasi,BAB terbuka,Total,87.51
Kamboja,KHM,2000,12462.3,Sanitasi,Tersambung selokan,Perdesaan,0.0
Kamboja,KHM,2000,12462.3,Sanitasi,Tersambung selokan,Perkotaan,43.26
Kamboja,KHM,2000,12462.3,Sanitasi,Tersambung selokan,Total,8.04
Kamboja,KHM,2001,12658.5,Sanitasi,Dikelola aman,Perkotaan,30.99
Kamboja,KHM,2001,12658.5,Sanitasi,Minimal dasar,Perdesaan,0.0
Kamboja,KHM,2001,12658.5,Sanitasi,Minimal dasar,Perkotaan,57.72
Kamboja,KHM,2001,12658.5,Sanitasi,Minimal dasar,Total,10.8
Kamboja,KHM,2001,12658.5,Sanitasi,Terbatas,Perdesaan,0.0
Kamboja,KHM,2001,12658.5,Sanitasi,Terbatas,Perkotaan,7.71
Kamboja,KHM,2001,12658.5,Sanitasi,Terbatas,Total,1.44
Kamboja,KHM,2001,12658.5,Sanitasi,Tidak layak,Perdesaan,3.29
Kamboja,KHM,2001,12658.5,Sanitasi,Tidak layak,Perkotaan,3.21
Kamboja,KHM,2001,12658.5,Sanitasi,Tidak layak,Total,3.27
Kamboja,KHM,2001,12658.5,Sanitasi,BAB terbuka,Perdesaan,96.71
Kamboja,KHM,2001,12658.5,Sanitasi,BAB terbuka,Perkotaan,31.36
Kamboja,KHM,2001,12658.5,Sanitasi,BAB terbuka,Total,84.49
Kamboja,KHM,2001,12658.5,Sanitasi,Tersambung selokan,Perdesaan,0.0
Kamboja,KHM,2001,12658.5,Sanitasi,Tersambung selokan,Perkotaan,43.03
Kamboja,KHM,2001,12658.5,Sanitasi,Tersambung selokan,Total,8.05
Kamboja,KHM,2002,12855.2,Sanitasi,Dikelola aman,Perdesaan,1.57
Kamboja,KHM,2002,12855.2,Sanitasi,Dikelola aman,Perkotaan,31.93
Kamboja,KHM,2002,12855.2,Sanitasi,Dikelola aman,Total,7.28
Kamboja,KHM,2002,12855.2,Sanitasi,Minimal dasar,Perdesaan,2.92
Kamboja,KHM,2002,12855.2,Sanitasi,Minimal dasar,Perkotaan,59.24
Kamboja,KHM,2002,12855.2,Sanitasi,Minimal dasar,Total,13.52
Kamboja,KHM,2002,12855.2,Sanitasi,Terbatas,Perdesaan,0.66
Kamboja,KHM,2002,12855.2,Sanitasi,Terbatas,Perkotaan,7.75
Kamboja,KHM,2002,12855.2,Sanitasi,Terbatas,Total,1.99
Kamboja,KHM,2002,12855.2,Sanitasi,Tidak layak,Perdesaan,3.61
Kamboja,KHM,2002,12855.2,Sanitasi,Tidak layak,Perkotaan,3.12
Kamboja,KHM,2002,12855.2,Sanitasi,Tidak layak,Total,3.52
Kamboja,KHM,2002,12855.2,Sanitasi,BAB terbuka,Perdesaan,92.81
Kamboja,KHM,2002,12855.2,Sanitasi,BAB terbuka,Perkotaan,29.89
Kamboja,KHM,2002,12855.2,Sanitasi,BAB terbuka,Total,80.97
Kamboja,KHM,2002,12855.2,Sanitasi,Tersambung selokan,Perdesaan,2.66
Kamboja,KHM,2002,12855.2,Sanitasi,Tersambung selokan,Perkotaan,42.8
Kamboja,KHM,2002,12855.2,Sanitasi,Tersambung selokan,Total,10.21
Kamboja,KHM,2003,13051.0,Sanitasi,Dikelola aman,Perdesaan,3.65
Kamboja,KHM,2003,13051.0,Sanitasi,Dikelola aman,Perkotaan,32.87
Kamboja,KHM,2003,13051.0,Sanitasi,Dikelola aman,Total,9.19
Kamboja,KHM,2003,13051.0,Sanitasi,Minimal dasar,Perdesaan,6.15
Kamboja,KHM,2003,13051.0,Sanitasi,Minimal dasar,Perkotaan,60.77
Kamboja,KHM,2003,13051.0,Sanitasi,Minimal dasar,Total,16.5
Kamboja,KHM,2003,13051.0,Sanitasi,Terbatas,Perdesaan,1.35
Kamboja,KHM,2003,13051.0,Sanitasi,Terbatas,Perkotaan,7.79
Kamboja,KHM,2003,13051.0,Sanitasi,Terbatas,Total,2.57
Kamboja,KHM,2003,13051.0,Sanitasi,Tidak layak,Perdesaan,3.58
Kamboja,KHM,2003,13051.0,Sanitasi,Tidak layak,Perkotaan,3.03
Kamboja,KHM,2003,13051.0,Sanitasi,Tidak layak,Total,3.47
Kamboja,KHM,2003,13051.0,Sanitasi,BAB terbuka,Perdesaan,88.92
Kamboja,KHM,2003,13051.0,Sanitasi,BAB terbuka,Perkotaan,28.42
Kamboja,KHM,2003,13051.0,Sanitasi,BAB terbuka,Total,77.46
Kamboja,KHM,2003,13051.0,Sanitasi,Tersambung selokan,Perdesaan,2.71
Kamboja,KHM,2003,13051.0,Sanitasi,Tersambung selokan,Perkotaan,42.57
Kamboja,KHM,2003,13051.0,Sanitasi,Tersambung selokan,Total,10.26
Kamboja,KHM,2004,13244.7,Sanitasi,Dikelola aman,Perdesaan,5.75
Kamboja,KHM,2004,13244.7,Sanitasi,Dikelola aman,Perkotaan,33.81
Kamboja,KHM,2004,13244.7,Sanitasi,Dikelola aman,Total,11.1
Kamboja,KHM,2004,13244.7,Sanitasi,Minimal dasar,Perdesaan,9.41
Kamboja,KHM,2004,13244.7,Sanitasi,Minimal dasar,Perkotaan,62.3
Kamboja,KHM,2004,13244.7,Sanitasi,Minimal dasar,Total,19.49
Kamboja,KHM,2004,13244.7,Sanitasi,Terbatas,Perdesaan,2.03
Kamboja,KHM,2004,13244.7,Sanitasi,Terbatas,Perkotaan,7.81
Kamboja,KHM,2004,13244.7,Sanitasi,Terbatas,Total,3.13
Kamboja,KHM,2004,13244.7,Sanitasi,Tidak layak,Perdesaan,3.54
Kamboja,KHM,2004,13244.7,Sanitasi,Tidak layak,Perkotaan,2.94
Kamboja,KHM,2004,13244.7,Sanitasi,Tidak layak,Total,3.43
Kamboja,KHM,2004,13244.7,Sanitasi,BAB terbuka,Perdesaan,85.02
Kamboja,KHM,2004,13244.7,Sanitasi,BAB terbuka,Perkotaan,26.95
Kamboja,KHM,2004,13244.7,Sanitasi,BAB terbuka,Total,73.95
Kamboja,KHM,2004,13244.7,Sanitasi,Tersambung selokan,Perdesaan,2.77
Kamboja,KHM,2004,13244.7,Sanitasi,Tersambung selokan,Perkotaan,42.34
Kamboja,KHM,2004,13244.7,Sanitasi,Tersambung selokan,Total,10.31
Kamboja,KHM,2005,13439.2,Sanitasi,Dikelola aman,Perdesaan,7.87
Kamboja,KHM,2005,13439.2,Sanitasi,Dikelola aman,Perkotaan,34.76
Kamboja,KHM,2005,13439.2,Sanitasi,Dikelola aman,Total,13.02
Kamboja,KHM,2005,13439.2,Sanitasi,Minimal dasar,Perdesaan,12.69
Kamboja,KHM,2005,13439.2,Sanitasi,Minimal dasar,Perkotaan,63.84
Kamboja,KHM,2005,13439.2,Sanitasi,Minimal dasar,Total,22.5
Kamboja,KHM,2005,13439.2,Sanitasi,Terbatas,Perdesaan,2.67
Kamboja,KHM,2005,13439.2,Sanitasi,Terbatas,Perkotaan,7.84
Kamboja,KHM,2005,13439.2,Sanitasi,Terbatas,Total,3.66
Kamboja,KHM,2005,13439.2,Sanitasi,Tidak layak,Perdesaan,3.51
Kamboja,KHM,2005,13439.2,Sanitasi,Tidak layak,Perkotaan,2.85
Kamboja,KHM,2005,13439.2,Sanitasi,Tidak layak,Total,3.38
Kamboja,KHM,2005,13439.2,Sanitasi,BAB terbuka,Perdesaan,81.12
Kamboja,KHM,2005,13439.2,Sanitasi,BAB terbuka,Perkotaan,25.48
Kamboja,KHM,2005,13439.2,Sanitasi,BAB terbuka,Total,70.45
Kamboja,KHM,2005,13439.2,Sanitasi,Tersambung selokan,Perdesaan,2.83
Kamboja,KHM,2005,13439.2,Sanitasi,Tersambung selokan,Perkotaan,42.11
Kamboja,KHM,2005,13439.2,Sanitasi,Tersambung selokan,Total,10.36
Kamboja,KHM,2006,13639.0,Sanitasi,Dikelola aman,Perdesaan,10.0
Kamboja,KHM,2006,13639.0,Sanitasi,Dikelola aman,Perkotaan,35.71
Kamboja,KHM,2006,13639.0,Sanitasi,Dikelola aman,Total,14.96
Kamboja,KHM,2006,13639.0,Sanitasi,Minimal dasar,Perdesaan,16.0
Kamboja,KHM,2006,13639.0,Sanitasi,Minimal dasar,Perkotaan,65.38
Kamboja,KHM,2006,13639.0,Sanitasi,Minimal dasar,Total,25.53
Kamboja,KHM,2006,13639.0,Sanitasi,Terbatas,Perdesaan,3.29
Kamboja,KHM,2006,13639.0,Sanitasi,Terbatas,Perkotaan,7.85
Kamboja,KHM,2006,13639.0,Sanitasi,Terbatas,Total,4.17
Kamboja,KHM,2006,13639.0,Sanitasi,Tidak layak,Perdesaan,3.48
Kamboja,KHM,2006,13639.0,Sanitasi,Tidak layak,Perkotaan,2.76
Kamboja,KHM,2006,13639.0,Sanitasi,Tidak layak,Total,3.34
Kamboja,KHM,2006,13639.0,Sanitasi,BAB terbuka,Perdesaan,77.23
Kamboja,KHM,2006,13639.0,Sanitasi,BAB terbuka,Perkotaan,24.01
Kamboja,KHM,2006,13639.0,Sanitasi,BAB terbuka,Total,66.96
Kamboja,KHM,2006,13639.0,Sanitasi,Tersambung selokan,Perdesaan,2.88
Kamboja,KHM,2006,13639.0,Sanitasi,Tersambung selokan,Perkotaan,41.88
Kamboja,KHM,2006,13639.0,Sanitasi,Tersambung selokan,Total,10.41
Kamboja,KHM,2007,13841.8,Sanitasi,Dikelola aman,Perdesaan,12.15
Kamboja,KHM,2007,13841.8,Sanitasi,Dikelola aman,Perkotaan,36.67
Kamboja,KHM,2007,13841.8,Sanitasi,Dikelola aman,Total,16.91
Kamboja,KHM,2007,13841.8,Sanitasi,Minimal dasar,Perdesaan,19.33
Kamboja,KHM,2007,13841.8,Sanitasi,Minimal dasar,Perkotaan,66.93
Kamboja,KHM,2007,13841.8,Sanitasi,Minimal dasar,Total,28.58
Kamboja,KHM,2007,13841.8,Sanitasi,Terbatas,Perdesaan,3.89
Kamboja,KHM,2007,13841.8,Sanitasi,Terbatas,Perkotaan,7.86
Kamboja,KHM,2007,13841.8,Sanitasi,Terbatas,Total,4.66
Kamboja,KHM,2007,13841.8,Sanitasi,Tidak layak,Perdesaan,3.45
Kamboja,KHM,2007,13841.8,Sanitasi,Tidak layak,Perkotaan,2.67
Kamboja,KHM,2007,13841.8,Sanitasi,Tidak layak,Total,3.3
Kamboja,KHM,2007,13841.8,Sanitasi,BAB terbuka,Perdesaan,73.33
Kamboja,KHM,2007,13841.8,Sanitasi,BAB terbuka,Perkotaan,22.54
Kamboja,KHM,2007,13841.8,Sanitasi,BAB terbuka,Total,63.47
Kamboja,KHM,2007,13841.8,Sanitasi,Tersambung selokan,Perdesaan,2.94
Kamboja,KHM,2007,13841.8,Sanitasi,Tersambung selokan,Perkotaan,41.65
Kamboja,KHM,2007,13841.8,Sanitasi,Tersambung selokan,Total,10.45
Kamboja,KHM,2008,14053.5,Sanitasi,Dikelola aman,Perdesaan,14.31
Kamboja,KHM,2008,14053.5,Sanitasi,Dikelola aman,Perkotaan,37.63
Kamboja,KHM,2008,14053.5,Sanitasi,Dikelola aman,Total,18.87
Kamboja,KHM,2008,14053.5,Sanitasi,Minimal dasar,Perdesaan,22.69
Kamboja,KHM,2008,14053.5,Sanitasi,Minimal dasar,Perkotaan,68.49
Kamboja,KHM,2008,14053.5,Sanitasi,Minimal dasar,Total,31.66
Kamboja,KHM,2008,14053.5,Sanitasi,Terbatas,Perdesaan,4.46
Kamboja,KHM,2008,14053.5,Sanitasi,Terbatas,Perkotaan,7.86
Kamboja,KHM,2008,14053.5,Sanitasi,Terbatas,Total,5.12
Kamboja,KHM,2008,14053.5,Sanitasi,Tidak layak,Perdesaan,3.42
Kamboja,KHM,2008,14053.5,Sanitasi,Tidak layak,Perkotaan,2.58
Kamboja,KHM,2008,14053.5,Sanitasi,Tidak layak,Total,3.25
Kamboja,KHM,2008,14053.5,Sanitasi,BAB terbuka,Perdesaan,69.43
Kamboja,KHM,2008,14053.5,Sanitasi,BAB terbuka,Perkotaan,21.07
Kamboja,KHM,2008,14053.5,Sanitasi,BAB terbuka,Total,59.97
Kamboja,KHM,2008,14053.5,Sanitasi,Tersambung selokan,Perdesaan,3.0
Kamboja,KHM,2008,14053.5,Sanitasi,Tersambung selokan,Perkotaan,41.42
Kamboja,KHM,2008,14053.5,Sanitasi,Tersambung selokan,Total,10.52
Kamboja,KHM,2009,14276.8,Sanitasi,Dikelola aman,Perdesaan,16.49
Kamboja,KHM,2009,14276.8,Sanitasi,Dikelola aman,Perkotaan,38.59
Kamboja,KHM,2009,14276.8,Sanitasi,Dikelola aman,Total,20.9
Kamboja,KHM,2009,14276.8,Sanitasi,Minimal dasar,Perdesaan,26.08
Kamboja,KHM,2009,14276.8,Sanitasi,Minimal dasar,Perkotaan,70.06
Kamboja,KHM,2009,14276.8,Sanitasi,Minimal dasar,Total,34.84
Kamboja,KHM,2009,14276.8,Sanitasi,Terbatas,Perdesaan,5.0
Kamboja,KHM,2009,14276.8,Sanitasi,Terbatas,Perkotaan,7.85
Kamboja,KHM,2009,14276.8,Sanitasi,Terbatas,Total,5.57
Kamboja,KHM,2009,14276.8,Sanitasi,Tidak layak,Perdesaan,3.38
Kamboja,KHM,2009,14276.8,Sanitasi,Tidak layak,Perkotaan,2.48
Kamboja,KHM,2009,14276.8,Sanitasi,Tidak layak,Total,3.2
Kamboja,KHM,2009,14276.8,Sanitasi,BAB terbuka,Perdesaan,65.54
Kamboja,KHM,2009,14276.8,Sanitasi,BAB terbuka,Perkotaan,19.6
Kamboja,KHM,2009,14276.8,Sanitasi,BAB terbuka,Total,56.38
Kamboja,KHM,2009,14276.8,Sanitasi,Tersambung selokan,Perdesaan,3.05
Kamboja,KHM,2009,14276.8,Sanitasi,Tersambung selokan,Perkotaan,41.19
Kamboja,KHM,2009,14276.8,Sanitasi,Tersambung selokan,Total,10.65
Kamboja,KHM,2010,14500.7,Sanitasi,Dikelola aman,Perdesaan,18.69
Kamboja,KHM,2010,14500.7,Sanitasi,Dikelola aman,Perkotaan,39.56
Kamboja,KHM,2010,14500.7,Sanitasi,Dikelola aman,Total,22.92
Kamboja,KHM,2010,14500.7,Sanitasi,Minimal dasar,Perdesaan,29.49
Kamboja,KHM,2010,14500.7,Sanitasi,Minimal dasar,Perkotaan,71.63
Kamboja,KHM,2010,14500.7,Sanitasi,Minimal dasar,Total,38.04
Kamboja,KHM,2010,14500.7,Sanitasi,Terbatas,Perdesaan,5.52
Kamboja,KHM,2010,14500.7,Sanitasi,Terbatas,Perkotaan,7.84
Kamboja,KHM,2010,14500.7,Sanitasi,Terbatas,Total,5.99
Kamboja,KHM,2010,14500.7,Sanitasi,Tidak layak,Perdesaan,3.35
Kamboja,KHM,2010,14500.7,Sanitasi,Tidak layak,Perkotaan,2.39
Kamboja,KHM,2010,14500.7,Sanitasi,Tidak layak,Total,3.16
Kamboja,KHM,2010,14500.7,Sanitasi,BAB terbuka,Perdesaan,61.64
Kamboja,KHM,2010,14500.7,Sanitasi,BAB terbuka,Perkotaan,18.14
Kamboja,KHM,2010,14500.7,Sanitasi,BAB terbuka,Total,52.81
Kamboja,KHM,2010,14500.7,Sanitasi,Tersambung selokan,Perdesaan,3.11
Kamboja,KHM,2010,14500.7,Sanitasi,Tersambung selokan,Perkotaan,40.96
Kamboja,KHM,2010,14500.7,Sanitasi,Tersambung selokan,Total,10.79
Kamboja,KHM,2011,14722.6,Sanitasi,Dikelola aman,Perdesaan,20.9
Kamboja,KHM,2011,14722.6,Sanitasi,Dikelola aman,Perkotaan,40.53
Kamboja,KHM,2011,14722.6,Sanitasi,Dikelola aman,Total,24.96
Kamboja,KHM,2011,14722.6,Sanitasi,Minimal dasar,Perdesaan,32.92
Kamboja,KHM,2011,14722.6,Sanitasi,Minimal dasar,Perkotaan,73.21
Kamboja,KHM,2011,14722.6,Sanitasi,Minimal dasar,Total,41.25
Kamboja,KHM,2011,14722.6,Sanitasi,Terbatas,Perdesaan,6.01
Kamboja,KHM,2011,14722.6,Sanitasi,Terbatas,Perkotaan,7.82
Kamboja,KHM,2011,14722.6,Sanitasi,Terbatas,Total,6.39
Kamboja,KHM,2011,14722.6,Sanitasi,Tidak layak,Perdesaan,3.32
Kamboja,KHM,2011,14722.6,Sanitasi,Tidak layak,Perkotaan,2.3
Kamboja,KHM,2011,14722.6,Sanitasi,Tidak layak,Total,3.11
Kamboja,KHM,2011,14722.6,Sanitasi,BAB terbuka,Perdesaan,57.74
Kamboja,KHM,2011,14722.6,Sanitasi,BAB terbuka,Perkotaan,16.67
Kamboja,KHM,2011,14722.6,Sanitasi,BAB terbuka,Total,49.26
Kamboja,KHM,2011,14722.6,Sanitasi,Tersambung selokan,Perdesaan,3.17
Kamboja,KHM,2011,14722.6,Sanitasi,Tersambung selokan,Perkotaan,40.73
Kamboja,KHM,2011,14722.6,Sanitasi,Tersambung selokan,Total,10.93
Kamboja,KHM,2012,14945.1,Sanitasi,Dikelola aman,Perdesaan,23.13
Kamboja,KHM,2012,14945.1,Sanitasi,Dikelola aman,Perkotaan,41.51
Kamboja,KHM,2012,14945.1,Sanitasi,Dikelola aman,Total,27.0
Kamboja,KHM,2012,14945.1,Sanitasi,Minimal dasar,Perdesaan,36.38
Kamboja,KHM,2012,14945.1,Sanitasi,Minimal dasar,Perkotaan,74.79
Kamboja,KHM,2012,14945.1,Sanitasi,Minimal dasar,Total,44.46
Kamboja,KHM,2012,14945.1,Sanitasi,Terbatas,Perdesaan,6.48
Kamboja,KHM,2012,14945.1,Sanitasi,Terbatas,Perkotaan,7.8
Kamboja,KHM,2012,14945.1,Sanitasi,Terbatas,Total,6.76
Kamboja,KHM,2012,14945.1,Sanitasi,Tidak layak,Perdesaan,3.29
Kamboja,KHM,2012,14945.1,Sanitasi,Tidak layak,Perkotaan,2.21
Kamboja,KHM,2012,14945.1,Sanitasi,Tidak layak,Total,3.06
Kamboja,KHM,2012,14945.1,Sanitasi,BAB terbuka,Perdesaan,53.85
Kamboja,KHM,2012,14945.1,Sanitasi,BAB terbuka,Perkotaan,15.2
Kamboja,KHM,2012,14945.1,Sanitasi,BAB terbuka,Total,45.72
Kamboja,KHM,2012,14945.1,Sanitasi,Tersambung selokan,Perdesaan,3.22
Kamboja,KHM,2012,14945.1,Sanitasi,Tersambung selokan,Perkotaan,40.49
Kamboja,KHM,2012,14945.1,Sanitasi,Tersambung selokan,Total,11.06
Kamboja,KHM,2013,15170.2,Sanitasi,Dikelola aman,Perdesaan,25.38
Kamboja,KHM,2013,15170.2,Sanitasi,Dikelola aman,Perkotaan,42.49
Kamboja,KHM,2013,15170.2,Sanitasi,Dikelola aman,Total,29.04
Kamboja,KHM,2013,15170.2,Sanitasi,Minimal dasar,Perdesaan,39.87
Kamboja,KHM,2013,15170.2,Sanitasi,Minimal dasar,Perkotaan,76.38
Kamboja,KHM,2013,15170.2,Sanitasi,Minimal dasar,Total,47.69
Kamboja,KHM,2013,15170.2,Sanitasi,Terbatas,Perdesaan,6.93
Kamboja,KHM,2013,15170.2,Sanitasi,Terbatas,Perkotaan,7.76
Kamboja,KHM,2013,15170.2,Sanitasi,Terbatas,Total,7.1
Kamboja,KHM,2013,15170.2,Sanitasi,Tidak layak,Perdesaan,3.26
Kamboja,KHM,2013,15170.2,Sanitasi,Tidak layak,Perkotaan,2.12
Kamboja,KHM,2013,15170.2,Sanitasi,Tidak layak,Total,3.01
Kamboja,KHM,2013,15170.2,Sanitasi,BAB terbuka,Perdesaan,49.95
Kamboja,KHM,2013,15170.2,Sanitasi,BAB terbuka,Perkotaan,13.73
Kamboja,KHM,2013,15170.2,Sanitasi,BAB terbuka,Total,42.19
Kamboja,KHM,2013,15170.2,Sanitasi,Tersambung selokan,Perdesaan,3.28
Kamboja,KHM,2013,15170.2,Sanitasi,Tersambung selokan,Perkotaan,40.26
Kamboja,KHM,2013,15170.2,Sanitasi,Tersambung selokan,Total,11.2
Kamboja,KHM,2014,15396.8,Sanitasi,Dikelola aman,Perdesaan,27.64
Kamboja,KHM,2014,15396.8,Sanitasi,Dikelola aman,Perkotaan,43.48
Kamboja,KHM,2014,15396.8,Sanitasi,Dikelola aman,Total,31.09
Kamboja,KHM,2014,15396.8,Sanitasi,Minimal dasar,Perdesaan,43.38
Kamboja,KHM,2014,15396.8,Sanitasi,Minimal dasar,Perkotaan,77.98
Kamboja,KHM,2014,15396.8,Sanitasi,Minimal dasar,Total,50.92
Kamboja,KHM,2014,15396.8,Sanitasi,Terbatas,Perdesaan,7.34
Kamboja,KHM,2014,15396.8,Sanitasi,Terbatas,Perkotaan,7.73
Kamboja,KHM,2014,15396.8,Sanitasi,Terbatas,Total,7.43
Kamboja,KHM,2014,15396.8,Sanitasi,Tidak layak,Perdesaan,3.22
Kamboja,KHM,2014,15396.8,Sanitasi,Tidak layak,Perkotaan,2.03
Kamboja,KHM,2014,15396.8,Sanitasi,Tidak layak,Total,2.96
Kamboja,KHM,2014,15396.8,Sanitasi,BAB terbuka,Perdesaan,46.05
Kamboja,KHM,2014,15396.8,Sanitasi,BAB terbuka,Perkotaan,12.26
Kamboja,KHM,2014,15396.8,Sanitasi,BAB terbuka,Total,38.69
Kamboja,KHM,2014,15396.8,Sanitasi,Tersambung selokan,Perdesaan,3.34
Kamboja,KHM,2014,15396.8,Sanitasi,Tersambung selokan,Perkotaan,40.03
Kamboja,KHM,2014,15396.8,Sanitasi,Tersambung selokan,Total,11.34
Kamboja,KHM,2015,15623.3,Sanitasi,Dikelola aman,Perdesaan,29.92
Kamboja,KHM,2015,15623.3,Sanitasi,Dikelola aman,Perkotaan,44.47
Kamboja,KHM,2015,15623.3,Sanitasi,Dikelola aman,Total,33.15
Kamboja,KHM,2015,15623.3,Sanitasi,Minimal dasar,Perdesaan,46.92
Kamboja,KHM,2015,15623.3,Sanitasi,Minimal dasar,Perkotaan,79.59
Kamboja,KHM,2015,15623.3,Sanitasi,Minimal dasar,Total,54.17
Kamboja,KHM,2015,15623.3,Sanitasi,Terbatas,Perdesaan,7.73
Kamboja,KHM,2015,15623.3,Sanitasi,Terbatas,Perkotaan,7.68
Kamboja,KHM,2015,15623.3,Sanitasi,Terbatas,Total,7.72
Kamboja,KHM,2015,15623.3,Sanitasi,Tidak layak,Perdesaan,3.19
Kamboja,KHM,2015,15623.3,Sanitasi,Tidak layak,Perkotaan,1.94
Kamboja,KHM,2015,15623.3,Sanitasi,Tidak layak,Total,2.91
Kamboja,KHM,2015,15623.3,Sanitasi,BAB terbuka,Perdesaan,42.16
Kamboja,KHM,2015,15623.3,Sanitasi,BAB terbuka,Perkotaan,10.79
Kamboja,KHM,2015,15623.3,Sanitasi,BAB terbuka,Total,35.2
Kamboja,KHM,2015,15623.3,Sanitasi,Tersambung selokan,Perdesaan,3.39
Kamboja,KHM,2015,15623.3,Sanitasi,Tersambung selokan,Perkotaan,39.8
Kamboja,KHM,2015,15623.3,Sanitasi,Tersambung selokan,Total,11.47
Kamboja,KHM,2016,15852.8,Sanitasi,Dikelola aman,Perdesaan,32.21
Kamboja,KHM,2016,15852.8,Sanitasi,Dikelola aman,Perkotaan,45.47
Kamboja,KHM,2016,15852.8,Sanitasi,Dikelola aman,Total,35.21
Kamboja,KHM,2016,15852.8,Sanitasi,Minimal dasar,Perdesaan,50.48
Kamboja,KHM,2016,15852.8,Sanitasi,Minimal dasar,Perkotaan,81.2
Kamboja,KHM,2016,15852.8,Sanitasi,Minimal dasar,Total,57.42
Kamboja,KHM,2016,15852.8,Sanitasi,Terbatas,Perdesaan,8.1
Kamboja,KHM,2016,15852.8,Sanitasi,Terbatas,Perkotaan,7.63
Kamboja,KHM,2016,15852.8,Sanitasi,Terbatas,Total,7.99
Kamboja,KHM,2016,15852.8,Sanitasi,Tidak layak,Perdesaan,3.16
Kamboja,KHM,2016,15852.8,Sanitasi,Tidak layak,Perkotaan,1.85
Kamboja,KHM,2016,15852.8,Sanitasi,Tidak layak,Total,2.86
Kamboja,KHM,2016,15852.8,Sanitasi,BAB terbuka,Perdesaan,38.26
Kamboja,KHM,2016,15852.8,Sanitasi,BAB terbuka,Perkotaan,9.32
Kamboja,KHM,2016,15852.8,Sanitasi,BAB terbuka,Total,31.73
Kamboja,KHM,2016,15852.8,Sanitasi,Tersambung selokan,Perdesaan,3.45
Kamboja,KHM,2016,15852.8,Sanitasi,Tersambung selokan,Perkotaan,39.57
Kamboja,KHM,2016,15852.8,Sanitasi,Tersambung selokan,Total,11.61
Kamboja,KHM,2017,16073.4,Sanitasi,Dikelola aman,Perdesaan,34.53
Kamboja,KHM,2017,16073.4,Sanitasi,Dikelola aman,Perkotaan,46.46
Kamboja,KHM,2017,16073.4,Sanitasi,Dikelola aman,Total,37.27
Kamboja,KHM,2017,16073.4,Sanitasi,Minimal dasar,Perdesaan,54.07
Kamboja,KHM,2017,16073.4,Sanitasi,Minimal dasar,Perkotaan,82.82
Kamboja,KHM,2017,16073.4,Sanitasi,Minimal dasar,Total,60.67
Kamboja,KHM,2017,16073.4,Sanitasi,Terbatas,Perdesaan,8.44
Kamboja,KHM,2017,16073.4,Sanitasi,Terbatas,Perkotaan,7.57
Kamboja,KHM,2017,16073.4,Sanitasi,Terbatas,Total,8.24
Kamboja,KHM,2017,16073.4,Sanitasi,Tidak layak,Perdesaan,3.13
Kamboja,KHM,2017,16073.4,Sanitasi,Tidak layak,Perkotaan,1.76
Kamboja,KHM,2017,16073.4,Sanitasi,Tidak layak,Total,2.81
Kamboja,KHM,2017,16073.4,Sanitasi,BAB terbuka,Perdesaan,34.36
Kamboja,KHM,2017,16073.4,Sanitasi,BAB terbuka,Perkotaan,7.85
Kamboja,KHM,2017,16073.4,Sanitasi,BAB terbuka,Total,28.27
Kamboja,KHM,2017,16073.4,Sanitasi,Tersambung selokan,Perdesaan,3.51
Kamboja,KHM,2017,16073.4,Sanitasi,Tersambung selokan,Perkotaan,39.34
Kamboja,KHM,2017,16073.4,Sanitasi,Tersambung selokan,Total,11.74
Kamboja,KHM,2018,16274.5,Sanitasi,Dikelola aman,Perdesaan,36.85
Kamboja,KHM,2018,16274.5,Sanitasi,Dikelola aman,Perkotaan,47.47
Kamboja,KHM,2018,16274.5,Sanitasi,Dikelola aman,Total,39.34
Kamboja,KHM,2018,16274.5,Sanitasi,Minimal dasar,Perdesaan,57.68
Kamboja,KHM,2018,16274.5,Sanitasi,Minimal dasar,Perkotaan,84.44
Kamboja,KHM,2018,16274.5,Sanitasi,Minimal dasar,Total,63.94
Kamboja,KHM,2018,16274.5,Sanitasi,Terbatas,Perdesaan,8.76
Kamboja,KHM,2018,16274.5,Sanitasi,Terbatas,Perkotaan,7.51
Kamboja,KHM,2018,16274.5,Sanitasi,Terbatas,Total,8.46
Kamboja,KHM,2018,16274.5,Sanitasi,Tidak layak,Perdesaan,3.09
Kamboja,KHM,2018,16274.5,Sanitasi,Tidak layak,Perkotaan,1.67
Kamboja,KHM,2018,16274.5,Sanitasi,Tidak layak,Total,2.76
Kamboja,KHM,2018,16274.5,Sanitasi,BAB terbuka,Perdesaan,30.47
Kamboja,KHM,2018,16274.5,Sanitasi,BAB terbuka,Perkotaan,6.38
Kamboja,KHM,2018,16274.5,Sanitasi,BAB terbuka,Total,24.83
Kamboja,KHM,2018,16274.5,Sanitasi,Tersambung selokan,Perdesaan,3.56
Kamboja,KHM,2018,16274.5,Sanitasi,Tersambung selokan,Perkotaan,39.11
Kamboja,KHM,2018,16274.5,Sanitasi,Tersambung selokan,Total,11.88
Kamboja,KHM,2019,16481.3,Sanitasi,Dikelola aman,Perdesaan,39.2
Kamboja,KHM,2019,16481.3,Sanitasi,Dikelola aman,Perkotaan,48.47
Kamboja,KHM,2019,16481.3,Sanitasi,Dikelola aman,Total,41.41
Kamboja,KHM,2019,16481.3,Sanitasi,Minimal dasar,Perdesaan,61.32
Kamboja,KHM,2019,16481.3,Sanitasi,Minimal dasar,Perkotaan,86.07
Kamboja,KHM,2019,16481.3,Sanitasi,Minimal dasar,Total,67.21
Kamboja,KHM,2019,16481.3,Sanitasi,Terbatas,Perdesaan,9.05
Kamboja,KHM,2019,16481.3,Sanitasi,Terbatas,Perkotaan,7.43
Kamboja,KHM,2019,16481.3,Sanitasi,Terbatas,Total,8.66
Kamboja,KHM,2019,16481.3,Sanitasi,Tidak layak,Perdesaan,3.06
Kamboja,KHM,2019,16481.3,Sanitasi,Tidak layak,Perkotaan,1.58
Kamboja,KHM,2019,16481.3,Sanitasi,Tidak layak,Total,2.71
Kamboja,KHM,2019,16481.3,Sanitasi,BAB terbuka,Perdesaan,26.57
Kamboja,KHM,2019,16481.3,Sanitasi,BAB terbuka,Perkotaan,4.92
Kamboja,KHM,2019,16481.3,Sanitasi,BAB terbuka,Total,21.42
Kamboja,KHM,2019,16481.3,Sanitasi,Tersambung selokan,Perdesaan,3.62
Kamboja,KHM,2019,16481.3,Sanitasi,Tersambung selokan,Perkotaan,38.88
Kamboja,KHM,2019,16481.3,Sanitasi,Tersambung selokan,Total,12.01
Kamboja,KHM,2020,16725.5,Sanitasi,Dikelola aman,Perdesaan,41.56
Kamboja,KHM,2020,16725.5,Sanitasi,Dikelola aman,Perkotaan,49.48
Kamboja,KHM,2020,16725.5,Sanitasi,Dikelola aman,Total,43.48
Kamboja,KHM,2020,16725.5,Sanitasi,Minimal dasar,Perdesaan,64.98
Kamboja,KHM,2020,16725.5,Sanitasi,Minimal dasar,Perkotaan,87.71
Kamboja,KHM,2020,16725.5,Sanitasi,Minimal dasar,Total,70.49
Kamboja,KHM,2020,16725.5,Sanitasi,Terbatas,Perdesaan,9.31
Kamboja,KHM,2020,16725.5,Sanitasi,Terbatas,Perkotaan,7.35
Kamboja,KHM,2020,16725.5,Sanitasi,Terbatas,Total,8.84
Kamboja,KHM,2020,16725.5,Sanitasi,Tidak layak,Perdesaan,3.03
Kamboja,KHM,2020,16725.5,Sanitasi,Tidak layak,Perkotaan,1.49
Kamboja,KHM,2020,16725.5,Sanitasi,Tidak layak,Total,2.66
Kamboja,KHM,2020,16725.5,Sanitasi,BAB terbuka,Perdesaan,22.67
Kamboja,KHM,2020,16725.5,Sanitasi,BAB terbuka,Perkotaan,3.45
Kamboja,KHM,2020,16725.5,Sanitasi,BAB terbuka,Total,18.01
Kamboja,KHM,2020,16725.5,Sanitasi,Tersambung selokan,Perdesaan,3.68
Kamboja,KHM,2020,16725.5,Sanitasi,Tersambung selokan,Perkotaan,38.65
Kamboja,KHM,2020,16725.5,Sanitasi,Tersambung selokan,Total,12.15
Kamboja,KHM,2021,16974.3,Sanitasi,Dikelola aman,Perdesaan,43.94
Kamboja,KHM,2021,16974.3,Sanitasi,Dikelola aman,Perkotaan,50.5
Kamboja,KHM,2021,16974.3,Sanitasi,Dikelola aman,Total,45.56
Kamboja,KHM,2021,16974.3,Sanitasi,Minimal dasar,Perdesaan,68.67
Kamboja,KHM,2021,16974.3,Sanitasi,Minimal dasar,Perkotaan,89.36
Kamboja,KHM,2021,16974.3,Sanitasi,Minimal dasar,Total,73.78
Kamboja,KHM,2021,16974.3,Sanitasi,Terbatas,Perdesaan,9.55
Kamboja,KHM,2021,16974.3,Sanitasi,Terbatas,Perkotaan,7.27
Kamboja,KHM,2021,16974.3,Sanitasi,Terbatas,Total,8.99
Kamboja,KHM,2021,16974.3,Sanitasi,Tidak layak,Perdesaan,3.0
Kamboja,KHM,2021,16974.3,Sanitasi,Tidak layak,Perkotaan,1.4
Kamboja,KHM,2021,16974.3,Sanitasi,Tidak layak,Total,2.6
Kamboja,KHM,2021,16974.3,Sanitasi,BAB terbuka,Perdesaan,18.78
Kamboja,KHM,2021,16974.3,Sanitasi,BAB terbuka,Perkotaan,1.98
Kamboja,KHM,2021,16974.3,Sanitasi,BAB terbuka,Total,14.63
Kamboja,KHM,2021,16974.3,Sanitasi,Tersambung selokan,Perdesaan,3.73
Kamboja,KHM,2021,16974.3,Sanitasi,Tersambung selokan,Perkotaan,38.42
Kamboja,KHM,2021,16974.3,Sanitasi,Tersambung selokan,Total,12.29
Kamboja,KHM,2022,17201.7,Sanitasi,Dikelola aman,Perdesaan,46.33
Kamboja,KHM,2022,17201.7,Sanitasi,Dikelola aman,Perkotaan,51.52
Kamboja,KHM,2022,17201.7,Sanitasi,Dikelola aman,Total,47.63
Kamboja,KHM,2022,17201.7,Sanitasi,Minimal dasar,Perdesaan,72.39
Kamboja,KHM,2022,17201.7,Sanitasi,Minimal dasar,Perkotaan,91.01
Kamboja,KHM,2022,17201.7,Sanitasi,Minimal dasar,Total,77.06
Kamboja,KHM,2022,17201.7,Sanitasi,Terbatas,Perdesaan,9.76
Kamboja,KHM,2022,17201.7,Sanitasi,Terbatas,Perkotaan,7.18
Kamboja,KHM,2022,17201.7,Sanitasi,Terbatas,Total,9.12
Kamboja,KHM,2022,17201.7,Sanitasi,Tidak layak,Perdesaan,2.97
Kamboja,KHM,2022,17201.7,Sanitasi,Tidak layak,Perkotaan,1.3
Kamboja,KHM,2022,17201.7,Sanitasi,Tidak layak,Total,2.55
Kamboja,KHM,2022,17201.7,Sanitasi,BAB terbuka,Perdesaan,14.88
Kamboja,KHM,2022,17201.7,Sanitasi,BAB terbuka,Perkotaan,0.51
Kamboja,KHM,2022,17201.7,Sanitasi,BAB terbuka,Total,11.27
Kamboja,KHM,2022,17201.7,Sanitasi,Tersambung selokan,Perdesaan,3.79
Kamboja,KHM,2022,17201.7,Sanitasi,Tersambung selokan,Perkotaan,38.19
Kamboja,KHM,2022,17201.7,Sanitasi,Tersambung selokan,Total,12.43
Kamboja,KHM,2023,17423.9,Sanitasi,Dikelola aman,Perdesaan,48.74
Kamboja,KHM,2023,17423.9,Sanitasi,Dikelola aman,Perkotaan,52.54
Kamboja,KHM,2023,17423.9,Sanitasi,Dikelola aman,Total,49.71
Kamboja,KHM,2023,17423.9,Sanitasi,Minimal dasar,Perdesaan,76.13
Kamboja,KHM,2023,17423.9,Sanitasi,Minimal dasar,Perkotaan,92.67
Kamboja,KHM,2023,17423.9,Sanitasi,Minimal dasar,Total,80.36
Kamboja,KHM,2023,17423.9,Sanitasi,Terbatas,Perdesaan,9.95
Kamboja,KHM,2023,17423.9,Sanitasi,Terbatas,Perkotaan,7.08
Kamboja,KHM,2023,17423.9,Sanitasi,Terbatas,Total,9.22
Kamboja,KHM,2023,17423.9,Sanitasi,Tidak layak,Perdesaan,2.93
Kamboja,KHM,2023,17423.9,Sanitasi,Tidak layak,Perkotaan,0.25
Kamboja,KHM,2023,17423.9,Sanitasi,Tidak layak,Total,2.25
Kamboja,KHM,2023,17423.9,Sanitasi,BAB terbuka,Perdesaan,10.98
Kamboja,KHM,2023,17423.9,Sanitasi,BAB terbuka,Perkotaan,0.0
Kamboja,KHM,2023,17423.9,Sanitasi,BAB terbuka,Total,8.18
Kamboja,KHM,2023,17423.9,Sanitasi,Tersambung selokan,Perdesaan,3.85
Kamboja,KHM,2023,17423.9,Sanitasi,Tersambung selokan,Perkotaan,37.96
Kamboja,KHM,2023,17423.9,Sanitasi,Tersambung selokan,Total,12.57
Kamboja,KHM,2024,17638.8,Sanitasi,Dikelola aman,Perdesaan,51.17
Kamboja,KHM,2024,17638.8,Sanitasi,Dikelola aman,Perkotaan,52.83
Kamboja,KHM,2024,17638.8,Sanitasi,Dikelola aman,Total,51.6
Kamboja,KHM,2024,17638.8,Sanitasi,Minimal dasar,Perdesaan,79.89
Kamboja,KHM,2024,17638.8,Sanitasi,Minimal dasar,Perkotaan,93.12
Kamboja,KHM,2024,17638.8,Sanitasi,Minimal dasar,Total,83.34
Kamboja,KHM,2024,17638.8,Sanitasi,Terbatas,Perdesaan,10.12
Kamboja,KHM,2024,17638.8,Sanitasi,Terbatas,Perkotaan,6.88
Kamboja,KHM,2024,17638.8,Sanitasi,Terbatas,Total,9.27
Kamboja,KHM,2024,17638.8,Sanitasi,Tidak layak,Perdesaan,2.9
Kamboja,KHM,2024,17638.8,Sanitasi,Tidak layak,Perkotaan,0.0
Kamboja,KHM,2024,17638.8,Sanitasi,Tidak layak,Total,2.15
Kamboja,KHM,2024,17638.8,Sanitasi,BAB terbuka,Perdesaan,7.09
Kamboja,KHM,2024,17638.8,Sanitasi,BAB terbuka,Perkotaan,0.0
Kamboja,KHM,2024,17638.8,Sanitasi,BAB terbuka,Total,5.24
Kamboja,KHM,2024,17638.8,Sanitasi,Tersambung selokan,Perdesaan,3.9
Kamboja,KHM,2024,17638.8,Sanitasi,Tersambung selokan,Perkotaan,37.73
Kamboja,KHM,2024,17638.8,Sanitasi,Tersambung selokan,Total,12.71
Indonesia,IDN,2000,216077.8,Sanitasi,Minimal dasar,Perdesaan,26.01
Indonesia,IDN,2000,216077.8,Sanitasi,Minimal dasar,Perkotaan,63.08
Indonesia,IDN,2000,216077.8,Sanitasi,Minimal dasar,Total,41.58
Indonesia,IDN,2000,216077.8,Sanitasi,Terbatas,Perdesaan,10.08
Indonesia,IDN,2000,216077.8,Sanitasi,Terbatas,Perkotaan,18.24
Indonesia,IDN,2000,216077.8,Sanitasi,Terbatas,Total,13.5
Indonesia,IDN,2000,216077.8,Sanitasi,Tidak layak,Perdesaan,17.93
Indonesia,IDN,2000,216077.8,Sanitasi,Tidak layak,Perkotaan,5.1
Indonesia,IDN,2000,216077.8,Sanitasi,Tidak layak,Total,12.54
Indonesia,IDN,2000,216077.8,Sanitasi,BAB terbuka,Perdesaan,45.98
Indonesia,IDN,2000,216077.8,Sanitasi,BAB terbuka,Perkotaan,13.58
Indonesia,IDN,2000,216077.8,Sanitasi,BAB terbuka,Total,32.37
Indonesia,IDN,2000,216077.8,Sanitasi,Tersambung selokan,Perdesaan,0.32
Indonesia,IDN,2000,216077.8,Sanitasi,Tersambung selokan,Perkotaan,1.06
Indonesia,IDN,2000,216077.8,Sanitasi,Tersambung selokan,Total,0.63
Indonesia,IDN,2001,219097.9,Sanitasi,Minimal dasar,Perdesaan,28.09
Indonesia,IDN,2001,219097.9,Sanitasi,Minimal dasar,Perkotaan,64.19
Indonesia,IDN,2001,219097.9,Sanitasi,Minimal dasar,Total,43.53
Indonesia,IDN,2001,219097.9,Sanitasi,Terbatas,Perdesaan,10.38
Indonesia,IDN,2001,219097.9,Sanitasi,Terbatas,Perkotaan,17.73
Indonesia,IDN,2001,219097.9,Sanitasi,Terbatas,Total,13.53
Indonesia,IDN,2001,219097.9,Sanitasi,Tidak layak,Perdesaan,17.3
Indonesia,IDN,2001,219097.9,Sanitasi,Tidak layak,Perkotaan,5.01
Indonesia,IDN,2001,219097.9,Sanitasi,Tidak layak,Total,12.04
Indonesia,IDN,2001,219097.9,Sanitasi,BAB terbuka,Perdesaan,44.23
Indonesia,IDN,2001,219097.9,Sanitasi,BAB terbuka,Perkotaan,13.07
Indonesia,IDN,2001,219097.9,Sanitasi,BAB terbuka,Total,30.9
Indonesia,IDN,2001,219097.9,Sanitasi,Tersambung selokan,Perdesaan,0.32
Indonesia,IDN,2001,219097.9,Sanitasi,Tersambung selokan,Perkotaan,1.06
Indonesia,IDN,2001,219097.9,Sanitasi,Tersambung selokan,Total,0.64
Indonesia,IDN,2002,222088.5,Sanitasi,Minimal dasar,Perdesaan,30.21
Indonesia,IDN,2002,222088.5,Sanitasi,Minimal dasar,Perkotaan,65.31
Indonesia,IDN,2002,222088.5,Sanitasi,Minimal dasar,Total,45.5
Indonesia,IDN,2002,222088.5,Sanitasi,Terbatas,Perdesaan,10.64
Indonesia,IDN,2002,222088.5,Sanitasi,Terbatas,Perkotaan,17.22
Indonesia,IDN,2002,222088.5,Sanitasi,Terbatas,Total,13.51
Indonesia,IDN,2002,222088.5,Sanitasi,Tidak layak,Perdesaan,16.68
Indonesia,IDN,2002,222088.5,Sanitasi,Tidak layak,Perkotaan,4.92
Indonesia,IDN,2002,222088.5,Sanitasi,Tidak layak,Total,11.56
Indonesia,IDN,2002,222088.5,Sanitasi,BAB terbuka,Perdesaan,42.47
Indonesia,IDN,2002,222088.5,Sanitasi,BAB terbuka,Perkotaan,12.55
Indonesia,IDN,2002,222088.5,Sanitasi,BAB terbuka,Total,29.44
Indonesia,IDN,2002,222088.5,Sanitasi,Tersambung selokan,Perdesaan,0.32
Indonesia,IDN,2002,222088.5,Sanitasi,Tersambung selokan,Perkotaan,1.06
Indonesia,IDN,2002,222088.5,Sanitasi,Tersambung selokan,Total,0.64
Indonesia,IDN,2003,225048.0,Sanitasi,Minimal dasar,Perdesaan,32.37
Indonesia,IDN,2003,225048.0,Sanitasi,Minimal dasar,Perkotaan,66.44
Indonesia,IDN,2003,225048.0,Sanitasi,Minimal dasar,Total,47.48
Indonesia,IDN,2003,225048.0,Sanitasi,Terbatas,Perdesaan,10.86
Indonesia,IDN,2003,225048.0,Sanitasi,Terbatas,Perkotaan,16.7
Indonesia,IDN,2003,225048.0,Sanitasi,Terbatas,Total,13.45
Indonesia,IDN,2003,225048.0,Sanitasi,Tidak layak,Perdesaan,16.06
Indonesia,IDN,2003,225048.0,Sanitasi,Tidak layak,Perkotaan,4.82
Indonesia,IDN,2003,225048.0,Sanitasi,Tidak layak,Total,11.08
Indonesia,IDN,2003,225048.0,Sanitasi,BAB terbuka,Perdesaan,40.71
Indonesia,IDN,2003,225048.0,Sanitasi,BAB terbuka,Perkotaan,12.04
Indonesia,IDN,2003,225048.0,Sanitasi,BAB terbuka,Total,27.99
Indonesia,IDN,2003,225048.0,Sanitasi,Tersambung selokan,Perdesaan,0.32
Indonesia,IDN,2003,225048.0,Sanitasi,Tersambung selokan,Perkotaan,1.06
Indonesia,IDN,2003,225048.0,Sanitasi,Tersambung selokan,Total,0.65
Indonesia,IDN,2004,227926.6,Sanitasi,Minimal dasar,Perdesaan,34.58
Indonesia,IDN,2004,227926.6,Sanitasi,Minimal dasar,Perkotaan,67.58
Indonesia,IDN,2004,227926.6,Sanitasi,Minimal dasar,Total,49.48
Indonesia,IDN,2004,227926.6,Sanitasi,Terbatas,Perdesaan,11.03
Indonesia,IDN,2004,227926.6,Sanitasi,Terbatas,Perkotaan,16.17
Indonesia,IDN,2004,227926.6,Sanitasi,Terbatas,Total,13.35
Indonesia,IDN,2004,227926.6,Sanitasi,Tidak layak,Perdesaan,15.44
Indonesia,IDN,2004,227926.6,Sanitasi,Tidak layak,Perkotaan,4.73
Indonesia,IDN,2004,227926.6,Sanitasi,Tidak layak,Total,10.6
Indonesia,IDN,2004,227926.6,Sanitasi,BAB terbuka,Perdesaan,38.96
Indonesia,IDN,2004,227926.6,Sanitasi,BAB terbuka,Perkotaan,11.52
Indonesia,IDN,2004,227926.6,Sanitasi,BAB terbuka,Total,26.57
Indonesia,IDN,2004,227926.6,Sanitasi,Tersambung selokan,Perdesaan,0.32
Indonesia,IDN,2004,227926.6,Sanitasi,Tersambung selokan,Perkotaan,1.06
Indonesia,IDN,2004,227926.6,Sanitasi,Tersambung selokan,Total,0.65
Indonesia,IDN,2005,230871.6,Sanitasi,Minimal dasar,Perdesaan,36.83
Indonesia,IDN,2005,230871.6,Sanitasi,Minimal dasar,Perkotaan,68.72
Indonesia,IDN,2005,230871.6,Sanitasi,Minimal dasar,Total,51.48
Indonesia,IDN,2005,230871.6,Sanitasi,Terbatas,Perdesaan,11.15
Indonesia,IDN,2005,230871.6,Sanitasi,Terbatas,Perkotaan,15.63
Indonesia,IDN,2005,230871.6,Sanitasi,Terbatas,Total,13.21
Indonesia,IDN,2005,230871.6,Sanitasi,Tidak layak,Perdesaan,14.81
Indonesia,IDN,2005,230871.6,Sanitasi,Tidak layak,Perkotaan,4.64
Indonesia,IDN,2005,230871.6,Sanitasi,Tidak layak,Total,10.14
Indonesia,IDN,2005,230871.6,Sanitasi,BAB terbuka,Perdesaan,37.2
Indonesia,IDN,2005,230871.6,Sanitasi,BAB terbuka,Perkotaan,11.01
Indonesia,IDN,2005,230871.6,Sanitasi,BAB terbuka,Total,25.17
Indonesia,IDN,2005,230871.6,Sanitasi,Tersambung selokan,Perdesaan,0.32
Indonesia,IDN,2005,230871.6,Sanitasi,Tersambung selokan,Perkotaan,1.06
Indonesia,IDN,2005,230871.6,Sanitasi,Tersambung selokan,Total,0.66
Indonesia,IDN,2006,233951.7,Sanitasi,Minimal dasar,Perdesaan,39.13
Indonesia,IDN,2006,233951.7,Sanitasi,Minimal dasar,Perkotaan,69.88
Indonesia,IDN,2006,233951.7,Sanitasi,Minimal dasar,Total,53.5
Indonesia,IDN,2006,233951.7,Sanitasi,Terbatas,Perdesaan,11.23
Indonesia,IDN,2006,233951.7,Sanitasi,Terbatas,Perkotaan,15.08
Indonesia,IDN,2006,233951.7,Sanitasi,Terbatas,Total,13.03
Indonesia,IDN,2006,233951.7,Sanitasi,Tidak layak,Perdesaan,14.19
Indonesia,IDN,2006,233951.7,Sanitasi,Tidak layak,Perkotaan,4.55
Indonesia,IDN,2006,233951.7,Sanitasi,Tidak layak,Total,9.69
Indonesia,IDN,2006,233951.7,Sanitasi,BAB terbuka,Perdesaan,35.45
Indonesia,IDN,2006,233951.7,Sanitasi,BAB terbuka,Perkotaan,10.49
Indonesia,IDN,2006,233951.7,Sanitasi,BAB terbuka,Total,23.78
Indonesia,IDN,2006,233951.7,Sanitasi,Tersambung selokan,Perdesaan,0.32
Indonesia,IDN,2006,233951.7,Sanitasi,Tersambung selokan,Perkotaan,1.06
Indonesia,IDN,2006,233951.7,Sanitasi,Tersambung selokan,Total,0.67
Indonesia,IDN,2007,237062.3,Sanitasi,Minimal dasar,Perdesaan,41.47
Indonesia,IDN,2007,237062.3,Sanitasi,Minimal dasar,Perkotaan,71.05
Indonesia,IDN,2007,237062.3,Sanitasi,Minimal dasar,Total,55.53
Indonesia,IDN,2007,237062.3,Sanitasi,Terbatas,Perdesaan,11.27
Indonesia,IDN,2007,237062.3,Sanitasi,Terbatas,Perkotaan,14.52
Indonesia,IDN,2007,237062.3,Sanitasi,Terbatas,Total,12.81
Indonesia,IDN,2007,237062.3,Sanitasi,Tidak layak,Perdesaan,13.57
Indonesia,IDN,2007,237062.3,Sanitasi,Tidak layak,Perkotaan,4.46
Indonesia,IDN,2007,237062.3,Sanitasi,Tidak layak,Total,9.24
Indonesia,IDN,2007,237062.3,Sanitasi,BAB terbuka,Perdesaan,33.69
Indonesia,IDN,2007,237062.3,Sanitasi,BAB terbuka,Perkotaan,9.98
Indonesia,IDN,2007,237062.3,Sanitasi,BAB terbuka,Total,22.42
Indonesia,IDN,2007,237062.3,Sanitasi,Tersambung selokan,Perdesaan,0.32
Indonesia,IDN,2007,237062.3,Sanitasi,Tersambung selokan,Perkotaan,1.06
Indonesia,IDN,2007,237062.3,Sanitasi,Tersambung selokan,Total,0.67
Indonesia,IDN,2008,240157.9,Sanitasi,Minimal dasar,Perdesaan,43.86
Indonesia,IDN,2008,240157.9,Sanitasi,Minimal dasar,Perkotaan,72.22
Indonesia,IDN,2008,240157.9,Sanitasi,Minimal dasar,Total,57.57
Indonesia,IDN,2008,240157.9,Sanitasi,Terbatas,Perdesaan,11.26
Indonesia,IDN,2008,240157.9,Sanitasi,Terbatas,Perkotaan,13.95
Indonesia,IDN,2008,240157.9,Sanitasi,Terbatas,Total,12.56
Indonesia,IDN,2008,240157.9,Sanitasi,Tidak layak,Perdesaan,12.95
Indonesia,IDN,2008,240157.9,Sanitasi,Tidak layak,Perkotaan,4.37
Indonesia,IDN,2008,240157.9,Sanitasi,Tidak layak,Total,8.8
Indonesia,IDN,2008,240157.9,Sanitasi,BAB terbuka,Perdesaan,31.93
Indonesia,IDN,2008,240157.9,Sanitasi,BAB terbuka,Perkotaan,9.46
Indonesia,IDN,2008,240157.9,Sanitasi,BAB terbuka,Total,21.07
Indonesia,IDN,2008,240157.9,Sanitasi,Tersambung selokan,Perdesaan,0.32
Indonesia,IDN,2008,240157.9,Sanitasi,Tersambung selokan,Perkotaan,1.06
Indonesia,IDN,2008,240157.9,Sanitasi,Tersambung selokan,Total,0.68
Indonesia,IDN,2009,243220.0,Sanitasi,Minimal dasar,Perdesaan,46.29
Indonesia,IDN,2009,243220.0,Sanitasi,Minimal dasar,Perkotaan,73.41
Indonesia,IDN,2009,243220.0,Sanitasi,Minimal dasar,Total,59.61
Indonesia,IDN,2009,243220.0,Sanitasi,Terbatas,Perdesaan,11.21
Indonesia,IDN,2009,243220.0,Sanitasi,Terbatas,Perkotaan,13.37
Indonesia,IDN,2009,243220.0,Sanitasi,Terbatas,Total,12.27
Indonesia,IDN,2009,243220.0,Sanitasi,Tidak layak,Perdesaan,12.33
Indonesia,IDN,2009,243220.0,Sanitasi,Tidak layak,Perkotaan,4.28
Indonesia,IDN,2009,243220.0,Sanitasi,Tidak layak,Total,8.37
Indonesia,IDN,2009,243220.0,Sanitasi,BAB terbuka,Perdesaan,30.18
Indonesia,IDN,2009,243220.0,Sanitasi,BAB terbuka,Perkotaan,8.95
Indonesia,IDN,2009,243220.0,Sanitasi,BAB terbuka,Total,19.75
Indonesia,IDN,2009,243220.0,Sanitasi,Tersambung selokan,Perdesaan,0.32
Indonesia,IDN,2009,243220.0,Sanitasi,Tersambung selokan,Perkotaan,1.06
Indonesia,IDN,2009,243220.0,Sanitasi,Tersambung selokan,Total,0.68
Indonesia,IDN,2010,246305.3,Sanitasi,Minimal dasar,Perdesaan,48.76
Indonesia,IDN,2010,246305.3,Sanitasi,Minimal dasar,Perkotaan,74.6
Indonesia,IDN,2010,246305.3,Sanitasi,Minimal dasar,Total,61.66
Indonesia,IDN,2010,246305.3,Sanitasi,Terbatas,Perdesaan,11.11
Indonesia,IDN,2010,246305.3,Sanitasi,Terbatas,Perkotaan,12.78
Indonesia,IDN,2010,246305.3,Sanitasi,Terbatas,Total,11.94
Indonesia,IDN,2010,246305.3,Sanitasi,Tidak layak,Perdesaan,11.7
Indonesia,IDN,2010,246305.3,Sanitasi,Tidak layak,Perkotaan,4.19
Indonesia,IDN,2010,246305.3,Sanitasi,Tidak layak,Total,7.95
Indonesia,IDN,2010,246305.3,Sanitasi,BAB terbuka,Perdesaan,28.42
Indonesia,IDN,2010,246305.3,Sanitasi,BAB terbuka,Perkotaan,8.43
Indonesia,IDN,2010,246305.3,Sanitasi,BAB terbuka,Total,18.44
Indonesia,IDN,2010,246305.3,Sanitasi,Tersambung selokan,Perdesaan,0.32
Indonesia,IDN,2010,246305.3,Sanitasi,Tersambung selokan,Perkotaan,1.06
Indonesia,IDN,2010,246305.3,Sanitasi,Tersambung selokan,Total,0.69
Indonesia,IDN,2011,249470.0,Sanitasi,Minimal dasar,Perdesaan,51.28
Indonesia,IDN,2011,249470.0,Sanitasi,Minimal dasar,Perkotaan,75.81
Indonesia,IDN,2011,249470.0,Sanitasi,Minimal dasar,Total,63.69
Indonesia,IDN,2011,249470.0,Sanitasi,Terbatas,Perdesaan,10.97
Indonesia,IDN,2011,249470.0,Sanitasi,Terbatas,Perkotaan,12.18
Indonesia,IDN,2011,249470.0,Sanitasi,Terbatas,Total,11.58
Indonesia,IDN,2011,249470.0,Sanitasi,Tidak layak,Perdesaan,11.08
Indonesia,IDN,2011,249470.0,Sanitasi,Tidak layak,Perkotaan,4.09
Indonesia,IDN,2011,249470.0,Sanitasi,Tidak layak,Total,7.55
Indonesia,IDN,2011,249470.0,Sanitasi,BAB terbuka,Perdesaan,26.67
Indonesia,IDN,2011,249470.0,Sanitasi,BAB terbuka,Perkotaan,7.92
Indonesia,IDN,2011,249470.0,Sanitasi,BAB terbuka,Total,17.18
Indonesia,IDN,2011,249470.0,Sanitasi,Tersambung selokan,Perdesaan,0.32
Indonesia,IDN,2011,249470.0,Sanitasi,Tersambung selokan,Perkotaan,1.06
Indonesia,IDN,2011,249470.0,Sanitasi,Tersambung selokan,Total,0.69
Indonesia,IDN,2012,252698.5,Sanitasi,Minimal dasar,Perdesaan,53.85
Indonesia,IDN,2012,252698.5,Sanitasi,Minimal dasar,Perkotaan,77.02
Indonesia,IDN,2012,252698.5,Sanitasi,Minimal dasar,Total,65.73
Indonesia,IDN,2012,252698.5,Sanitasi,Terbatas,Perdesaan,10.78
Indonesia,IDN,2012,252698.5,Sanitasi,Terbatas,Perkotaan,11.58
Indonesia,IDN,2012,252698.5,Sanitasi,Terbatas,Total,11.19
Indonesia,IDN,2012,252698.5,Sanitasi,Tidak layak,Perdesaan,10.46
Indonesia,IDN,2012,252698.5,Sanitasi,Tidak layak,Perkotaan,4.0
Indonesia,IDN,2012,252698.5,Sanitasi,Tidak layak,Total,7.15
Indonesia,IDN,2012,252698.5,Sanitasi,BAB terbuka,Perdesaan,24.91
Indonesia,IDN,2012,252698.5,Sanitasi,BAB terbuka,Perkotaan,7.4
Indonesia,IDN,2012,252698.5,Sanitasi,BAB terbuka,Total,15.93
Indonesia,IDN,2012,252698.5,Sanitasi,Tersambung selokan,Perdesaan,0.32
Indonesia,IDN,2012,252698.5,Sanitasi,Tersambung selokan,Perkotaan,1.06
Indonesia,IDN,2012,252698.5,Sanitasi,Tersambung selokan,Total,0.7
Indonesia,IDN,2013,255852.5,Sanitasi,Minimal dasar,Perdesaan,56.46
Indonesia,IDN,2013,255852.5,Sanitasi,Minimal dasar,Perkotaan,78.24
Indonesia,IDN,2013,255852.5,Sanitasi,Minimal dasar,Total,67.78
Indonesia,IDN,2013,255852.5,Sanitasi,Terbatas,Perdesaan,10.55
Indonesia,IDN,2013,255852.5,Sanitasi,Terbatas,Perkotaan,10.96
Indonesia,IDN,2013,255852.5,Sanitasi,Terbatas,Total,10.76
Indonesia,IDN,2013,255852.5,Sanitasi,Tidak layak,Perdesaan,9.84
Indonesia,IDN,2013,255852.5,Sanitasi,Tidak layak,Perkotaan,3.91
Indonesia,IDN,2013,255852.5,Sanitasi,Tidak layak,Total,6.76
Indonesia,IDN,2013,255852.5,Sanitasi,BAB terbuka,Perdesaan,23.15
Indonesia,IDN,2013,255852.5,Sanitasi,BAB terbuka,Perkotaan,6.88
Indonesia,IDN,2013,255852.5,Sanitasi,BAB terbuka,Total,14.7
Indonesia,IDN,2013,255852.5,Sanitasi,Tersambung selokan,Perdesaan,0.32
Indonesia,IDN,2013,255852.5,Sanitasi,Tersambung selokan,Perkotaan,1.06
Indonesia,IDN,2013,255852.5,Sanitasi,Tersambung selokan,Total,0.7
Indonesia,IDN,2014,258877.4,Sanitasi,Minimal dasar,Perdesaan,59.11
Indonesia,IDN,2014,258877.4,Sanitasi,Minimal dasar,Perkotaan,79.48
Indonesia,IDN,2014,258877.4,Sanitasi,Minimal dasar,Total,69.83
Indonesia,IDN,2014,258877.4,Sanitasi,Terbatas,Perdesaan,10.27
Indonesia,IDN,2014,258877.4,Sanitasi,Terbatas,Perkotaan,10.34
Indonesia,IDN,2014,258877.4,Sanitasi,Terbatas,Total,10.31
Indonesia,IDN,2014,258877.4,Sanitasi,Tidak layak,Perdesaan,9.22
Indonesia,IDN,2014,258877.4,Sanitasi,Tidak layak,Perkotaan,3.82
Indonesia,IDN,2014,258877.4,Sanitasi,Tidak layak,Total,6.38
Indonesia,IDN,2014,258877.4,Sanitasi,BAB terbuka,Perdesaan,21.4
Indonesia,IDN,2014,258877.4,Sanitasi,BAB terbuka,Perkotaan,6.37
Indonesia,IDN,2014,258877.4,Sanitasi,BAB terbuka,Total,13.49
Indonesia,IDN,2014,258877.4,Sanitasi,Tersambung selokan,Perdesaan,0.32
Indonesia,IDN,2014,258877.4,Sanitasi,Tersambung selokan,Perkotaan,1.06
Indonesia,IDN,2014,258877.4,Sanitasi,Tersambung selokan,Total,0.71
Indonesia,IDN,2015,261799.2,Sanitasi,Minimal dasar,Perdesaan,61.81
Indonesia,IDN,2015,261799.2,Sanitasi,Minimal dasar,Perkotaan,80.72
Indonesia,IDN,2015,261799.2,Sanitasi,Minimal dasar,Total,71.89
Indonesia,IDN,2015,261799.2,Sanitasi,Terbatas,Perdesaan,9.95
Indonesia,IDN,2015,261799.2,Sanitasi,Terbatas,Perkotaan,9.7
Indonesia,IDN,2015,261799.2,Sanitasi,Terbatas,Total,9.82
Indonesia,IDN,2015,261799.2,Sanitasi,Tidak layak,Perdesaan,8.59
Indonesia,IDN,2015,261799.2,Sanitasi,Tidak layak,Perkotaan,3.73
Indonesia,IDN,2015,261799.2,Sanitasi,Tidak layak,Total,6.0
Indonesia,IDN,2015,261799.2,Sanitasi,BAB terbuka,Perdesaan,19.64
Indonesia,IDN,2015,261799.2,Sanitasi,BAB terbuka,Perkotaan,5.85
Indonesia,IDN,2015,261799.2,Sanitasi,BAB terbuka,Total,12.29
Indonesia,IDN,2015,261799.2,Sanitasi,Tersambung selokan,Perdesaan,0.32
Indonesia,IDN,2015,261799.2,Sanitasi,Tersambung selokan,Perkotaan,1.06
Indonesia,IDN,2015,261799.2,Sanitasi,Tersambung selokan,Total,0.71
Indonesia,IDN,2016,264627.4,Sanitasi,Minimal dasar,Perdesaan,64.55
Indonesia,IDN,2016,264627.4,Sanitasi,Minimal dasar,Perkotaan,81.97
Indonesia,IDN,2016,264627.4,Sanitasi,Minimal dasar,Total,73.96
Indonesia,IDN,2016,264627.4,Sanitasi,Terbatas,Perdesaan,9.59
Indonesia,IDN,2016,264627.4,Sanitasi,Terbatas,Perkotaan,9.06
Indonesia,IDN,2016,264627.4,Sanitasi,Terbatas,Total,9.3
Indonesia,IDN,2016,264627.4,Sanitasi,Tidak layak,Perdesaan,7.97
Indonesia,IDN,2016,264627.4,Sanitasi,Tidak layak,Perkotaan,3.64
Indonesia,IDN,2016,264627.4,Sanitasi,Tidak layak,Total,5.63
Indonesia,IDN,2016,264627.4,Sanitasi,BAB terbuka,Perdesaan,17.89
Indonesia,IDN,2016,264627.4,Sanitasi,BAB terbuka,Perkotaan,5.34
Indonesia,IDN,2016,264627.4,Sanitasi,BAB terbuka,Total,11.11
Indonesia,IDN,2016,264627.4,Sanitasi,Tersambung selokan,Perdesaan,0.32
Indonesia,IDN,2016,264627.4,Sanitasi,Tersambung selokan,Perkotaan,1.06
Indonesia,IDN,2016,264627.4,Sanitasi,Tersambung selokan,Total,0.72
Indonesia,IDN,2017,267346.7,Sanitasi,Minimal dasar,Perdesaan,67.34
Indonesia,IDN,2017,267346.7,Sanitasi,Minimal dasar,Perkotaan,83.23
Indonesia,IDN,2017,267346.7,Sanitasi,Minimal dasar,Total,76.03
Indonesia,IDN,2017,267346.7,Sanitasi,Terbatas,Perdesaan,9.18
Indonesia,IDN,2017,267346.7,Sanitasi,Terbatas,Perkotaan,8.4
Indonesia,IDN,2017,267346.7,Sanitasi,Terbatas,Total,8.75
Indonesia,IDN,2017,267346.7,Sanitasi,Tidak layak,Perdesaan,7.35
Indonesia,IDN,2017,267346.7,Sanitasi,Tidak layak,Perkotaan,3.55
Indonesia,IDN,2017,267346.7,Sanitasi,Tidak layak,Total,5.27
Indonesia,IDN,2017,267346.7,Sanitasi,BAB terbuka,Perdesaan,16.13
Indonesia,IDN,2017,267346.7,Sanitasi,BAB terbuka,Perkotaan,4.82
Indonesia,IDN,2017,267346.7,Sanitasi,BAB terbuka,Total,9.95
Indonesia,IDN,2017,267346.7,Sanitasi,Tersambung selokan,Perdesaan,0.32
Indonesia,IDN,2017,267346.7,Sanitasi,Tersambung selokan,Perkotaan,1.06
Indonesia,IDN,2017,267346.7,Sanitasi,Tersambung selokan,Total,0.72
Indonesia,IDN,2018,269951.8,Sanitasi,Minimal dasar,Perdesaan,70.17
Indonesia,IDN,2018,269951.8,Sanitasi,Minimal dasar,Perkotaan,84.5
Indonesia,IDN,2018,269951.8,Sanitasi,Minimal dasar,Total,78.1
Indonesia,IDN,2018,269951.8,Sanitasi,Terbatas,Perdesaan,8.73
Indonesia,IDN,2018,269951.8,Sanitasi,Terbatas,Perkotaan,7.74
Indonesia,IDN,2018,269951.8,Sanitasi,Terbatas,Total,8.18
Indonesia,IDN,2018,269951.8,Sanitasi,Tidak layak,Perdesaan,6.73
Indonesia,IDN,2018,269951.8,Sanitasi,Tidak layak,Perkotaan,3.45
Indonesia,IDN,2018,269951.8,Sanitasi,Tidak layak,Total,4.92
Indonesia,IDN,2018,269951.8,Sanitasi,BAB terbuka,Perdesaan,14.37
Indonesia,IDN,2018,269951.8,Sanitasi,BAB terbuka,Perkotaan,4.31
Indonesia,IDN,2018,269951.8,Sanitasi,BAB terbuka,Total,8.8
Indonesia,IDN,2018,269951.8,Sanitasi,Tersambung selokan,Perdesaan,0.32
Indonesia,IDN,2018,269951.8,Sanitasi,Tersambung selokan,Perkotaan,1.06
Indonesia,IDN,2018,269951.8,Sanitasi,Tersambung selokan,Total,0.73
Indonesia,IDN,2019,272489.4,Sanitasi,Minimal dasar,Perdesaan,73.05
Indonesia,IDN,2019,272489.4,Sanitasi,Minimal dasar,Perkotaan,85.78
Indonesia,IDN,2019,272489.4,Sanitasi,Minimal dasar,Total,80.18
Indonesia,IDN,2019,272489.4,Sanitasi,Terbatas,Perdesaan,8.23
Indonesia,IDN,2019,272489.4,Sanitasi,Terbatas,Perkotaan,7.06
Indonesia,IDN,2019,272489.4,Sanitasi,Terbatas,Total,7.58
Indonesia,IDN,2019,272489.4,Sanitasi,Tidak layak,Perdesaan,6.1
Indonesia,IDN,2019,272489.4,Sanitasi,Tidak layak,Perkotaan,3.36
Indonesia,IDN,2019,272489.4,Sanitasi,Tidak layak,Total,4.57
Indonesia,IDN,2019,272489.4,Sanitasi,BAB terbuka,Perdesaan,12.62
Indonesia,IDN,2019,272489.4,Sanitasi,BAB terbuka,Perkotaan,3.79
Indonesia,IDN,2019,272489.4,Sanitasi,BAB terbuka,Total,7.68
Indonesia,IDN,2019,272489.4,Sanitasi,Tersambung selokan,Perdesaan,0.32
Indonesia,IDN,2019,272489.4,Sanitasi,Tersambung selokan,Perkotaan,1.06
Indonesia,IDN,2019,272489.4,Sanitasi,Tersambung selokan,Total,0.73
Indonesia,IDN,2020,274814.9,Sanitasi,Minimal dasar,Perdesaan,75.97
Indonesia,IDN,2020,274814.9,Sanitasi,Minimal dasar,Perkotaan,87.07
Indonesia,IDN,2020,274814.9,Sanitasi,Minimal dasar,Total,82.26
Indonesia,IDN,2020,274814.9,Sanitasi,Terbatas,Perdesaan,7.68
Indonesia,IDN,2020,274814.9,Sanitasi,Terbatas,Perkotaan,6.38
Indonesia,IDN,2020,274814.9,Sanitasi,Terbatas,Total,6.95
Indonesia,IDN,2020,274814.9,Sanitasi,Tidak layak,Perdesaan,5.48
Indonesia,IDN,2020,274814.9,Sanitasi,Tidak layak,Perkotaan,3.27
Indonesia,IDN,2020,274814.9,Sanitasi,Tidak layak,Total,4.23
Indonesia,IDN,2020,274814.9,Sanitasi,BAB terbuka,Perdesaan,10.86
Indonesia,IDN,2020,274814.9,Sanitasi,BAB terbuka,Perkotaan,3.28
Indonesia,IDN,2020,274814.9,Sanitasi,BAB terbuka,Total,6.57
Indonesia,IDN,2020,274814.9,Sanitasi,Tersambung selokan,Perdesaan,0.32
Indonesia,IDN,2020,274814.9,Sanitasi,Tersambung selokan,Perkotaan,1.06
Indonesia,IDN,2020,274814.9,Sanitasi,Tersambung selokan,Total,0.74
Indonesia,IDN,2021,276758.1,Sanitasi,Minimal dasar,Perdesaan,78.94
Indonesia,IDN,2021,276758.1,Sanitasi,Minimal dasar,Perkotaan,88.37
Indonesia,IDN,2021,276758.1,Sanitasi,Minimal dasar,Total,84.34
Indonesia,IDN,2021,276758.1,Sanitasi,Terbatas,Perdesaan,7.1
Indonesia,IDN,2021,276758.1,Sanitasi,Terbatas,Perkotaan,5.69
Indonesia,IDN,2021,276758.1,Sanitasi,Terbatas,Total,6.29
Indonesia,IDN,2021,276758.1,Sanitasi,Tidak layak,Perdesaan,4.86
Indonesia,IDN,2021,276758.1,Sanitasi,Tidak layak,Perkotaan,3.18
Indonesia,IDN,2021,276758.1,Sanitasi,Tidak layak,Total,3.9
Indonesia,IDN,2021,276758.1,Sanitasi,BAB terbuka,Perdesaan,9.11
Indonesia,IDN,2021,276758.1,Sanitasi,BAB terbuka,Perkotaan,2.76
Indonesia,IDN,2021,276758.1,Sanitasi,BAB terbuka,Total,5.47
Indonesia,IDN,2021,276758.1,Sanitasi,Tersambung selokan,Perdesaan,0.32
Indonesia,IDN,2021,276758.1,Sanitasi,Tersambung selokan,Perkotaan,1.06
Indonesia,IDN,2021,276758.1,Sanitasi,Tersambung selokan,Total,0.74
Indonesia,IDN,2022,278830.5,Sanitasi,Minimal dasar,Perdesaan,81.12
Indonesia,IDN,2022,278830.5,Sanitasi,Minimal dasar,Perkotaan,88.94
Indonesia,IDN,2022,278830.5,Sanitasi,Minimal dasar,Total,85.65
Indonesia,IDN,2022,278830.5,Sanitasi,Terbatas,Perdesaan,7.29
Indonesia,IDN,2022,278830.5,Sanitasi,Terbatas,Perkotaan,5.73
Indonesia,IDN,2022,278830.5,Sanitasi,Terbatas,Total,6.39
Indonesia,IDN,2022,278830.5,Sanitasi,Tidak layak,Perdesaan,4.24
Indonesia,IDN,2022,278830.5,Sanitasi,Tidak layak,Perkotaan,3.09
Indonesia,IDN,2022,278830.5,Sanitasi,Tidak layak,Total,3.57
Indonesia,IDN,2022,278830.5,Sanitasi,BAB terbuka,Perdesaan,7.35
Indonesia,IDN,2022,278830.5,Sanitasi,BAB terbuka,Perkotaan,2.25
Indonesia,IDN,2022,278830.5,Sanitasi,BAB terbuka,Total,4.39
Indonesia,IDN,2022,278830.5,Sanitasi,Tersambung selokan,Perdesaan,0.32
Indonesia,IDN,2022,278830.5,Sanitasi,Tersambung selokan,Perkotaan,1.06
Indonesia,IDN,2022,278830.5,Sanitasi,Tersambung selokan,Total,0.75
Indonesia,IDN,2023,281190.1,Sanitasi,Minimal dasar,Perdesaan,83.3
Indonesia,IDN,2023,281190.1,Sanitasi,Minimal dasar,Perkotaan,89.51
Indonesia,IDN,2023,281190.1,Sanitasi,Minimal dasar,Total,86.94
Indonesia,IDN,2023,281190.1,Sanitasi,Terbatas,Perdesaan,7.49
Indonesia,IDN,2023,281190.1,Sanitasi,Terbatas,Perkotaan,5.76
Indonesia,IDN,2023,281190.1,Sanitasi,Terbatas,Total,6.48
Indonesia,IDN,2023,281190.1,Sanitasi,Tidak layak,Perdesaan,3.62
Indonesia,IDN,2023,281190.1,Sanitasi,Tidak layak,Perkotaan,3.0
Indonesia,IDN,2023,281190.1,Sanitasi,Tidak layak,Total,3.25
Indonesia,IDN,2023,281190.1,Sanitasi,BAB terbuka,Perdesaan,5.59
Indonesia,IDN,2023,281190.1,Sanitasi,BAB terbuka,Perkotaan,1.73
Indonesia,IDN,2023,281190.1,Sanitasi,BAB terbuka,Total,3.33
Indonesia,IDN,2023,281190.1,Sanitasi,Tersambung selokan,Perdesaan,0.32
Indonesia,IDN,2023,281190.1,Sanitasi,Tersambung selokan,Perkotaan,1.06
Indonesia,IDN,2023,281190.1,Sanitasi,Tersambung selokan,Total,0.75
Indonesia,IDN,2024,283487.9,Sanitasi,Minimal dasar,Perdesaan,85.48
Indonesia,IDN,2024,283487.9,Sanitasi,Minimal dasar,Perkotaan,90.08
Indonesia,IDN,2024,283487.9,Sanitasi,Minimal dasar,Total,88.2
Indonesia,IDN,2024,283487.9,Sanitasi,Terbatas,Perdesaan,7.69
Indonesia,IDN,2024,283487.9,Sanitasi,Terbatas,Perkotaan,5.8
Indonesia,IDN,2024,283487.9,Sanitasi,Terbatas,Total,6.57
Indonesia,IDN,2024,283487.9,Sanitasi,Tidak layak,Perdesaan,2.99
Indonesia,IDN,2024,283487.9,Sanitasi,Tidak layak,Perkotaan,2.91
Indonesia,IDN,2024,283487.9,Sanitasi,Tidak layak,Total,2.94
Indonesia,IDN,2024,283487.9,Sanitasi,BAB terbuka,Perdesaan,3.84
Indonesia,IDN,2024,283487.9,Sanitasi,BAB terbuka,Perkotaan,1.22
Indonesia,IDN,2024,283487.9,Sanitasi,BAB terbuka,Total,2.29
Indonesia,IDN,2024,283487.9,Sanitasi,Tersambung selokan,Perdesaan,0.32
Indonesia,IDN,2024,283487.9,Sanitasi,Tersambung selokan,Perkotaan,1.06
Indonesia,IDN,2024,283487.9,Sanitasi,Tersambung selokan,Total,0.76
Laos,LAO,2000,5431.2,Sanitasi,Dikelola aman,Perdesaan,14.68
Laos,LAO,2000,5431.2,Sanitasi,Dikelola aman,Perkotaan,44.14
Laos,LAO,2000,5431.2,Sanitasi,Dikelola aman,Total,21.15
Laos,LAO,2000,5431.2,Sanitasi,Minimal dasar,Perdesaan,17.36
Laos,LAO,2000,5431.2,Sanitasi,Minimal dasar,Perkotaan,68.4
Laos,LAO,2000,5431.2,Sanitasi,Minimal dasar,Total,28.58
Laos,LAO,2000,5431.2,Sanitasi,Terbatas,Perdesaan,0.45
Laos,LAO,2000,5431.2,Sanitasi,Terbatas,Perkotaan,3.87
Laos,LAO,2000,5431.2,Sanitasi,Terbatas,Total,1.2
Laos,LAO,2000,5431.2,Sanitasi,Tidak layak,Perdesaan,9.35
Laos,LAO,2000,5431.2,Sanitasi,Tidak layak,Perkotaan,7.52
Laos,LAO,2000,5431.2,Sanitasi,Tidak layak,Total,8.95
Laos,LAO,2000,5431.2,Sanitasi,BAB terbuka,Perdesaan,72.83
Laos,LAO,2000,5431.2,Sanitasi,BAB terbuka,Perkotaan,20.21
Laos,LAO,2000,5431.2,Sanitasi,BAB terbuka,Total,61.27
Laos,LAO,2000,5431.2,Sanitasi,Tersambung selokan,Perdesaan,0.0
Laos,LAO,2000,5431.2,Sanitasi,Tersambung selokan,Perkotaan,2.94
Laos,LAO,2000,5431.2,Sanitasi,Tersambung selokan,Total,0.65
Laos,LAO,2001,5521.5,Sanitasi,Dikelola aman,Perdesaan,17.3
Laos,LAO,2001,5521.5,Sanitasi,Dikelola aman,Perkotaan,45.15
Laos,LAO,2001,5521.5,Sanitasi,Dikelola aman,Total,23.7
Laos,LAO,2001,5521.5,Sanitasi,Minimal dasar,Perdesaan,20.13
Laos,LAO,2001,5521.5,Sanitasi,Minimal dasar,Perkotaan,69.63
Laos,LAO,2001,5521.5,Sanitasi,Minimal dasar,Total,31.51
Laos,LAO,2001,5521.5,Sanitasi,Terbatas,Perdesaan,0.52
Laos,LAO,2001,5521.5,Sanitasi,Terbatas,Perkotaan,3.94
Laos,LAO,2001,5521.5,Sanitasi,Terbatas,Total,1.31
Laos,LAO,2001,5521.5,Sanitasi,Tidak layak,Perdesaan,8.96
Laos,LAO,2001,5521.5,Sanitasi,Tidak layak,Perkotaan,7.17
Laos,LAO,2001,5521.5,Sanitasi,Tidak layak,Total,8.55
Laos,LAO,2001,5521.5,Sanitasi,BAB terbuka,Perdesaan,70.4
Laos,LAO,2001,5521.5,Sanitasi,BAB terbuka,Perkotaan,19.26
Laos,LAO,2001,5521.5,Sanitasi,BAB terbuka,Total,58.64
Laos,LAO,2001,5521.5,Sanitasi,Tersambung selokan,Perdesaan,0.0
Laos,LAO,2001,5521.5,Sanitasi,Tersambung selokan,Perkotaan,2.97
Laos,LAO,2001,5521.5,Sanitasi,Tersambung selokan,Total,0.68
Laos,LAO,2002,5610.9,Sanitasi,Dikelola aman,Perdesaan,19.76
Laos,LAO,2002,5610.9,Sanitasi,Dikelola aman,Perkotaan,46.14
Laos,LAO,2002,5610.9,Sanitasi,Dikelola aman,Total,26.11
Laos,LAO,2002,5610.9,Sanitasi,Minimal dasar,Perdesaan,22.89
Laos,LAO,2002,5610.9,Sanitasi,Minimal dasar,Perkotaan,70.87
Laos,LAO,2002,5610.9,Sanitasi,Minimal dasar,Total,34.43
Laos,LAO,2002,5610.9,Sanitasi,Terbatas,Perdesaan,0.59
Laos,LAO,2002,5610.9,Sanitasi,Terbatas,Perkotaan,4.01
Laos,LAO,2002,5610.9,Sanitasi,Terbatas,Total,1.41
Laos,LAO,2002,5610.9,Sanitasi,Tidak layak,Perdesaan,8.56
Laos,LAO,2002,5610.9,Sanitasi,Tidak layak,Perkotaan,6.82
Laos,LAO,2002,5610.9,Sanitasi,Tidak layak,Total,8.14
Laos,LAO,2002,5610.9,Sanitasi,BAB terbuka,Perdesaan,67.96
Laos,LAO,2002,5610.9,Sanitasi,BAB terbuka,Perkotaan,18.3
Laos,LAO,2002,5610.9,Sanitasi,BAB terbuka,Total,56.02
Laos,LAO,2002,5610.9,Sanitasi,Tersambung selokan,Perdesaan,0.0
Laos,LAO,2002,5610.9,Sanitasi,Tersambung selokan,Perkotaan,3.0
Laos,LAO,2002,5610.9,Sanitasi,Tersambung selokan,Total,0.72
Laos,LAO,2003,5697.9,Sanitasi,Dikelola aman,Perdesaan,22.2
Laos,LAO,2003,5697.9,Sanitasi,Dikelola aman,Perkotaan,47.12
Laos,LAO,2003,5697.9,Sanitasi,Dikelola aman,Total,28.46
Laos,LAO,2003,5697.9,Sanitasi,Minimal dasar,Perdesaan,25.66
Laos,LAO,2003,5697.9,Sanitasi,Minimal dasar,Perkotaan,72.1
Laos,LAO,2003,5697.9,Sanitasi,Minimal dasar,Total,37.33
Laos,LAO,2003,5697.9,Sanitasi,Terbatas,Perdesaan,0.66
Laos,LAO,2003,5697.9,Sanitasi,Terbatas,Perkotaan,4.08
Laos,LAO,2003,5697.9,Sanitasi,Terbatas,Total,1.52
Laos,LAO,2003,5697.9,Sanitasi,Tidak layak,Perdesaan,8.16
Laos,LAO,2003,5697.9,Sanitasi,Tidak layak,Perkotaan,6.48
Laos,LAO,2003,5697.9,Sanitasi,Tidak layak,Total,7.74
Laos,LAO,2003,5697.9,Sanitasi,BAB terbuka,Perdesaan,65.52
Laos,LAO,2003,5697.9,Sanitasi,BAB terbuka,Perkotaan,17.35
Laos,LAO,2003,5697.9,Sanitasi,BAB terbuka,Total,53.42
Laos,LAO,2003,5697.9,Sanitasi,Tersambung selokan,Perdesaan,0.07
Laos,LAO,2003,5697.9,Sanitasi,Tersambung selokan,Perkotaan,3.03
Laos,LAO,2003,5697.9,Sanitasi,Tersambung selokan,Total,0.82
Laos,LAO,2004,5781.6,Sanitasi,Dikelola aman,Perdesaan,24.64
Laos,LAO,2004,5781.6,Sanitasi,Dikelola aman,Perkotaan,48.11
Laos,LAO,2004,5781.6,Sanitasi,Dikelola aman,Total,30.8
Laos,LAO,2004,5781.6,Sanitasi,Minimal dasar,Perdesaan,28.42
Laos,LAO,2004,5781.6,Sanitasi,Minimal dasar,Perkotaan,73.34
Laos,LAO,2004,5781.6,Sanitasi,Minimal dasar,Total,40.21
Laos,LAO,2004,5781.6,Sanitasi,Terbatas,Perdesaan,0.74
Laos,LAO,2004,5781.6,Sanitasi,Terbatas,Perkotaan,4.15
Laos,LAO,2004,5781.6,Sanitasi,Terbatas,Total,1.63
Laos,LAO,2004,5781.6,Sanitasi,Tidak layak,Perdesaan,7.76
Laos,LAO,2004,5781.6,Sanitasi,Tidak layak,Perkotaan,6.13
Laos,LAO,2004,5781.6,Sanitasi,Tidak layak,Total,7.33
Laos,LAO,2004,5781.6,Sanitasi,BAB terbuka,Perdesaan,63.08
Laos,LAO,2004,5781.6,Sanitasi,BAB terbuka,Perkotaan,16.39
Laos,LAO,2004,5781.6,Sanitasi,BAB terbuka,Total,50.83
Laos,LAO,2004,5781.6,Sanitasi,Tersambung selokan,Perdesaan,0.14
Laos,LAO,2004,5781.6,Sanitasi,Tersambung selokan,Perkotaan,3.06
Laos,LAO,2004,5781.6,Sanitasi,Tersambung selokan,Total,0.91
Laos,LAO,2005,5869.5,Sanitasi,Dikelola aman,Perdesaan,27.06
Laos,LAO,2005,5869.5,Sanitasi,Dikelola aman,Perkotaan,49.19
Laos,LAO,2005,5869.5,Sanitasi,Dikelola aman,Total,33.08
Laos,LAO,2005,5869.5,Sanitasi,Minimal dasar,Perdesaan,31.16
Laos,LAO,2005,5869.5,Sanitasi,Minimal dasar,Perkotaan,74.72
Laos,LAO,2005,5869.5,Sanitasi,Minimal dasar,Total,43.01
Laos,LAO,2005,5869.5,Sanitasi,Terbatas,Perdesaan,0.83
Laos,LAO,2005,5869.5,Sanitasi,Terbatas,Perkotaan,4.06
Laos,LAO,2005,5869.5,Sanitasi,Terbatas,Total,1.71
Laos,LAO,2005,5869.5,Sanitasi,Tidak layak,Perdesaan,7.36
Laos,LAO,2005,5869.5,Sanitasi,Tidak layak,Perkotaan,5.78
Laos,LAO,2005,5869.5,Sanitasi,Tidak layak,Total,6.93
Laos,LAO,2005,5869.5,Sanitasi,BAB terbuka,Perdesaan,60.64
Laos,LAO,2005,5869.5,Sanitasi,BAB terbuka,Perkotaan,15.43
Laos,LAO,2005,5869.5,Sanitasi,BAB terbuka,Total,48.35
Laos,LAO,2005,5869.5,Sanitasi,Tersambung selokan,Perdesaan,0.21
Laos,LAO,2005,5869.5,Sanitasi,Tersambung selokan,Perkotaan,3.09
Laos,LAO,2005,5869.5,Sanitasi,Tersambung selokan,Total,0.99
Laos,LAO,2006,5963.2,Sanitasi,Dikelola aman,Perdesaan,29.48
Laos,LAO,2006,5963.2,Sanitasi,Dikelola aman,Perkotaan,50.28
Laos,LAO,2006,5963.2,Sanitasi,Dikelola aman,Total,35.25
Laos,LAO,2006,5963.2,Sanitasi,Minimal dasar,Perdesaan,33.91
Laos,LAO,2006,5963.2,Sanitasi,Minimal dasar,Perkotaan,76.12
Laos,LAO,2006,5963.2,Sanitasi,Minimal dasar,Total,45.62
Laos,LAO,2006,5963.2,Sanitasi,Terbatas,Perdesaan,0.92
Laos,LAO,2006,5963.2,Sanitasi,Terbatas,Perkotaan,3.97
Laos,LAO,2006,5963.2,Sanitasi,Terbatas,Total,1.77
Laos,LAO,2006,5963.2,Sanitasi,Tidak layak,Perdesaan,6.97
Laos,LAO,2006,5963.2,Sanitasi,Tidak layak,Perkotaan,5.43
Laos,LAO,2006,5963.2,Sanitasi,Tidak layak,Total,6.54
Laos,LAO,2006,5963.2,Sanitasi,BAB terbuka,Perdesaan,58.2
Laos,LAO,2006,5963.2,Sanitasi,BAB terbuka,Perkotaan,14.48
Laos,LAO,2006,5963.2,Sanitasi,BAB terbuka,Total,46.07
Laos,LAO,2006,5963.2,Sanitasi,Tersambung selokan,Perdesaan,0.28
Laos,LAO,2006,5963.2,Sanitasi,Tersambung selokan,Perkotaan,3.12
Laos,LAO,2006,5963.2,Sanitasi,Tersambung selokan,Total,1.07
Laos,LAO,2007,6056.2,Sanitasi,Dikelola aman,Perdesaan,31.89
Laos,LAO,2007,6056.2,Sanitasi,Dikelola aman,Perkotaan,51.38
Laos,LAO,2007,6056.2,Sanitasi,Dikelola aman,Total,37.41
Laos,LAO,2007,6056.2,Sanitasi,Minimal dasar,Perdesaan,36.64
Laos,LAO,2007,6056.2,Sanitasi,Minimal dasar,Perkotaan,77.51
Laos,LAO,2007,6056.2,Sanitasi,Minimal dasar,Total,48.22
Laos,LAO,2007,6056.2,Sanitasi,Terbatas,Perdesaan,1.02
Laos,LAO,2007,6056.2,Sanitasi,Terbatas,Perkotaan,3.88
Laos,LAO,2007,6056.2,Sanitasi,Terbatas,Total,1.83
Laos,LAO,2007,6056.2,Sanitasi,Tidak layak,Perdesaan,6.57
Laos,LAO,2007,6056.2,Sanitasi,Tidak layak,Perkotaan,5.09
Laos,LAO,2007,6056.2,Sanitasi,Tidak layak,Total,6.15
Laos,LAO,2007,6056.2,Sanitasi,BAB terbuka,Perdesaan,55.77
Laos,LAO,2007,6056.2,Sanitasi,BAB terbuka,Perkotaan,13.52
Laos,LAO,2007,6056.2,Sanitasi,BAB terbuka,Total,43.8
Laos,LAO,2007,6056.2,Sanitasi,Tersambung selokan,Perdesaan,0.35
Laos,LAO,2007,6056.2,Sanitasi,Tersambung selokan,Perkotaan,3.15
Laos,LAO,2007,6056.2,Sanitasi,Tersambung selokan,Total,1.14
Laos,LAO,2008,6149.0,Sanitasi,Dikelola aman,Perdesaan,34.3
Laos,LAO,2008,6149.0,Sanitasi,Dikelola aman,Perkotaan,52.47
Laos,LAO,2008,6149.0,Sanitasi,Dikelola aman,Total,39.55
Laos,LAO,2008,6149.0,Sanitasi,Minimal dasar,Perdesaan,39.38
Laos,LAO,2008,6149.0,Sanitasi,Minimal dasar,Perkotaan,78.92
Laos,LAO,2008,6149.0,Sanitasi,Minimal dasar,Total,50.8
Laos,LAO,2008,6149.0,Sanitasi,Terbatas,Perdesaan,1.12
Laos,LAO,2008,6149.0,Sanitasi,Terbatas,Perkotaan,3.78
Laos,LAO,2008,6149.0,Sanitasi,Terbatas,Total,1.89
Laos,LAO,2008,6149.0,Sanitasi,Tidak layak,Perdesaan,6.17
Laos,LAO,2008,6149.0,Sanitasi,Tidak layak,Perkotaan,4.74
Laos,LAO,2008,6149.0,Sanitasi,Tidak layak,Total,5.76
Laos,LAO,2008,6149.0,Sanitasi,BAB terbuka,Perdesaan,53.33
Laos,LAO,2008,6149.0,Sanitasi,BAB terbuka,Perkotaan,12.57
Laos,LAO,2008,6149.0,Sanitasi,BAB terbuka,Total,41.55
Laos,LAO,2008,6149.0,Sanitasi,Tersambung selokan,Perdesaan,0.42
Laos,LAO,2008,6149.0,Sanitasi,Tersambung selokan,Perkotaan,3.18
Laos,LAO,2008,6149.0,Sanitasi,Tersambung selokan,Total,1.22
Laos,LAO,2009,6241.6,Sanitasi,Dikelola aman,Perdesaan,36.71
Laos,LAO,2009,6241.6,Sanitasi,Dikelola aman,Perkotaan,53.58
Laos,LAO,2009,6241.6,Sanitasi,Dikelola aman,Total,41.68
Laos,LAO,2009,6241.6,Sanitasi,Minimal dasar,Perdesaan,42.11
Laos,LAO,2009,6241.6,Sanitasi,Minimal dasar,Perkotaan,80.33
Laos,LAO,2009,6241.6,Sanitasi,Minimal dasar,Total,53.37
Laos,LAO,2009,6241.6,Sanitasi,Terbatas,Perdesaan,1.23
Laos,LAO,2009,6241.6,Sanitasi,Terbatas,Perkotaan,3.67
Laos,LAO,2009,6241.6,Sanitasi,Terbatas,Total,1.95
Laos,LAO,2009,6241.6,Sanitasi,Tidak layak,Perdesaan,5.77
Laos,LAO,2009,6241.6,Sanitasi,Tidak layak,Perkotaan,4.39
Laos,LAO,2009,6241.6,Sanitasi,Tidak layak,Total,5.37
Laos,LAO,2009,6241.6,Sanitasi,BAB terbuka,Perdesaan,50.89
Laos,LAO,2009,6241.6,Sanitasi,BAB terbuka,Perkotaan,11.61
Laos,LAO,2009,6241.6,Sanitasi,BAB terbuka,Total,39.31
Laos,LAO,2009,6241.6,Sanitasi,Tersambung selokan,Perdesaan,0.49
Laos,LAO,2009,6241.6,Sanitasi,Tersambung selokan,Perkotaan,3.2
Laos,LAO,2009,6241.6,Sanitasi,Tersambung selokan,Total,1.29
Laos,LAO,2010,6334.2,Sanitasi,Dikelola aman,Perdesaan,39.11
Laos,LAO,2010,6334.2,Sanitasi,Dikelola aman,Perkotaan,54.68
Laos,LAO,2010,6334.2,Sanitasi,Dikelola aman,Total,43.79
Laos,LAO,2010,6334.2,Sanitasi,Minimal dasar,Perdesaan,44.83
Laos,LAO,2010,6334.2,Sanitasi,Minimal dasar,Perkotaan,81.74
Laos,LAO,2010,6334.2,Sanitasi,Minimal dasar,Total,55.93
Laos,LAO,2010,6334.2,Sanitasi,Terbatas,Perdesaan,1.34
Laos,LAO,2010,6334.2,Sanitasi,Terbatas,Perkotaan,3.56
Laos,LAO,2010,6334.2,Sanitasi,Terbatas,Total,2.01
Laos,LAO,2010,6334.2,Sanitasi,Tidak layak,Perdesaan,5.38
Laos,LAO,2010,6334.2,Sanitasi,Tidak layak,Perkotaan,4.04
Laos,LAO,2010,6334.2,Sanitasi,Tidak layak,Total,4.98
Laos,LAO,2010,6334.2,Sanitasi,BAB terbuka,Perdesaan,48.45
Laos,LAO,2010,6334.2,Sanitasi,BAB terbuka,Perkotaan,10.66
Laos,LAO,2010,6334.2,Sanitasi,BAB terbuka,Total,37.09
Laos,LAO,2010,6334.2,Sanitasi,Tersambung selokan,Perdesaan,0.56
Laos,LAO,2010,6334.2,Sanitasi,Tersambung selokan,Perkotaan,3.23
Laos,LAO,2010,6334.2,Sanitasi,Tersambung selokan,Total,1.37
Laos,LAO,2011,6426.6,Sanitasi,Dikelola aman,Perdesaan,41.51
Laos,LAO,2011,6426.6,Sanitasi,Dikelola aman,Perkotaan,55.79
Laos,LAO,2011,6426.6,Sanitasi,Dikelola aman,Total,45.89
Laos,LAO,2011,6426.6,Sanitasi,Minimal dasar,Perdesaan,47.56
Laos,LAO,2011,6426.6,Sanitasi,Minimal dasar,Perkotaan,83.16
Laos,LAO,2011,6426.6,Sanitasi,Minimal dasar,Total,58.47
Laos,LAO,2011,6426.6,Sanitasi,Terbatas,Perdesaan,1.45
Laos,LAO,2011,6426.6,Sanitasi,Terbatas,Perkotaan,3.45
Laos,LAO,2011,6426.6,Sanitasi,Terbatas,Total,2.06
Laos,LAO,2011,6426.6,Sanitasi,Tidak layak,Perdesaan,4.98
Laos,LAO,2011,6426.6,Sanitasi,Tidak layak,Perkotaan,3.7
Laos,LAO,2011,6426.6,Sanitasi,Tidak layak,Total,4.59
Laos,LAO,2011,6426.6,Sanitasi,BAB terbuka,Perdesaan,46.01
Laos,LAO,2011,6426.6,Sanitasi,BAB terbuka,Perkotaan,9.7
Laos,LAO,2011,6426.6,Sanitasi,BAB terbuka,Total,34.88
Laos,LAO,2011,6426.6,Sanitasi,Tersambung selokan,Perdesaan,0.63
Laos,LAO,2011,6426.6,Sanitasi,Tersambung selokan,Perkotaan,3.26
Laos,LAO,2011,6426.6,Sanitasi,Tersambung selokan,Total,1.44
Laos,LAO,2012,6519.0,Sanitasi,Dikelola aman,Perdesaan,43.91
Laos,LAO,2012,6519.0,Sanitasi,Dikelola aman,Perkotaan,56.91
Laos,LAO,2012,6519.0,Sanitasi,Dikelola aman,Total,47.97
Laos,LAO,2012,6519.0,Sanitasi,Minimal dasar,Perdesaan,50.27
Laos,LAO,2012,6519.0,Sanitasi,Minimal dasar,Perkotaan,84.58
Laos,LAO,2012,6519.0,Sanitasi,Minimal dasar,Total,61.0
Laos,LAO,2012,6519.0,Sanitasi,Terbatas,Perdesaan,1.57
Laos,LAO,2012,6519.0,Sanitasi,Terbatas,Perkotaan,3.33
Laos,LAO,2012,6519.0,Sanitasi,Terbatas,Total,2.12
Laos,LAO,2012,6519.0,Sanitasi,Tidak layak,Perdesaan,4.58
Laos,LAO,2012,6519.0,Sanitasi,Tidak layak,Perkotaan,3.35
Laos,LAO,2012,6519.0,Sanitasi,Tidak layak,Total,4.2
Laos,LAO,2012,6519.0,Sanitasi,BAB terbuka,Perdesaan,43.58
Laos,LAO,2012,6519.0,Sanitasi,BAB terbuka,Perkotaan,8.74
Laos,LAO,2012,6519.0,Sanitasi,BAB terbuka,Total,32.69
Laos,LAO,2012,6519.0,Sanitasi,Tersambung selokan,Perdesaan,0.7
Laos,LAO,2012,6519.0,Sanitasi,Tersambung selokan,Perkotaan,3.29
Laos,LAO,2012,6519.0,Sanitasi,Tersambung selokan,Total,1.51
Laos,LAO,2013,6611.4,Sanitasi,Dikelola aman,Perdesaan,46.3
Laos,LAO,2013,6611.4,Sanitasi,Dikelola aman,Perkotaan,58.02
Laos,LAO,2013,6611.4,Sanitasi,Dikelola aman,Total,50.04
Laos,LAO,2013,6611.4,Sanitasi,Minimal dasar,Perdesaan,52.99
Laos,LAO,2013,6611.4,Sanitasi,Minimal dasar,Perkotaan,86.01
Laos,LAO,2013,6611.4,Sanitasi,Minimal dasar,Total,63.51
Laos,LAO,2013,6611.4,Sanitasi,Terbatas,Perdesaan,1.69
Laos,LAO,2013,6611.4,Sanitasi,Terbatas,Perkotaan,3.2
Laos,LAO,2013,6611.4,Sanitasi,Terbatas,Total,2.17
Laos,LAO,2013,6611.4,Sanitasi,Tidak layak,Perdesaan,4.18
Laos,LAO,2013,6611.4,Sanitasi,Tidak layak,Perkotaan,3.0
Laos,LAO,2013,6611.4,Sanitasi,Tidak layak,Total,3.81
Laos,LAO,2013,6611.4,Sanitasi,BAB terbuka,Perdesaan,41.14
Laos,LAO,2013,6611.4,Sanitasi,BAB terbuka,Perkotaan,7.79
Laos,LAO,2013,6611.4,Sanitasi,BAB terbuka,Total,30.51
Laos,LAO,2013,6611.4,Sanitasi,Tersambung selokan,Perdesaan,0.77
Laos,LAO,2013,6611.4,Sanitasi,Tersambung selokan,Perkotaan,3.32
Laos,LAO,2013,6611.4,Sanitasi,Tersambung selokan,Total,1.59
Laos,LAO,2014,6703.2,Sanitasi,Dikelola aman,Perdesaan,48.69
Laos,LAO,2014,6703.2,Sanitasi,Dikelola aman,Perkotaan,59.15
Laos,LAO,2014,6703.2,Sanitasi,Dikelola aman,Total,52.09
Laos,LAO,2014,6703.2,Sanitasi,Minimal dasar,Perdesaan,55.7
Laos,LAO,2014,6703.2,Sanitasi,Minimal dasar,Perkotaan,87.45
Laos,LAO,2014,6703.2,Sanitasi,Minimal dasar,Total,66.01
Laos,LAO,2014,6703.2,Sanitasi,Terbatas,Perdesaan,1.81
Laos,LAO,2014,6703.2,Sanitasi,Terbatas,Perkotaan,3.07
Laos,LAO,2014,6703.2,Sanitasi,Terbatas,Total,2.22
Laos,LAO,2014,6703.2,Sanitasi,Tidak layak,Perdesaan,3.78
Laos,LAO,2014,6703.2,Sanitasi,Tidak layak,Perkotaan,2.65
Laos,LAO,2014,6703.2,Sanitasi,Tidak layak,Total,3.42
Laos,LAO,2014,6703.2,Sanitasi,BAB terbuka,Perdesaan,38.7
Laos,LAO,2014,6703.2,Sanitasi,BAB terbuka,Perkotaan,6.83
Laos,LAO,2014,6703.2,Sanitasi,BAB terbuka,Total,28.35
Laos,LAO,2014,6703.2,Sanitasi,Tersambung selokan,Perdesaan,0.84
Laos,LAO,2014,6703.2,Sanitasi,Tersambung selokan,Perkotaan,3.35
Laos,LAO,2014,6703.2,Sanitasi,Tersambung selokan,Total,1.66
Laos,LAO,2015,6801.6,Sanitasi,Dikelola aman,Perdesaan,51.08
Laos,LAO,2015,6801.6,Sanitasi,Dikelola aman,Perkotaan,60.27
Laos,LAO,2015,6801.6,Sanitasi,Dikelola aman,Total,54.13
Laos,LAO,2015,6801.6,Sanitasi,Minimal dasar,Perdesaan,58.41
Laos,LAO,2015,6801.6,Sanitasi,Minimal dasar,Perkotaan,88.88
Laos,LAO,2015,6801.6,Sanitasi,Minimal dasar,Total,68.5
Laos,LAO,2015,6801.6,Sanitasi,Terbatas,Perdesaan,1.94
Laos,LAO,2015,6801.6,Sanitasi,Terbatas,Perkotaan,2.93
Laos,LAO,2015,6801.6,Sanitasi,Terbatas,Total,2.27
Laos,LAO,2015,6801.6,Sanitasi,Tidak layak,Perdesaan,3.39
Laos,LAO,2015,6801.6,Sanitasi,Tidak layak,Perkotaan,2.31
Laos,LAO,2015,6801.6,Sanitasi,Tidak layak,Total,3.03
Laos,LAO,2015,6801.6,Sanitasi,BAB terbuka,Perdesaan,36.26
Laos,LAO,2015,6801.6,Sanitasi,BAB terbuka,Perkotaan,5.88
Laos,LAO,2015,6801.6,Sanitasi,BAB terbuka,Total,26.2
Laos,LAO,2015,6801.6,Sanitasi,Tersambung selokan,Perdesaan,0.91
Laos,LAO,2015,6801.6,Sanitasi,Tersambung selokan,Perkotaan,3.38
Laos,LAO,2015,6801.6,Sanitasi,Tersambung selokan,Total,1.73
Laos,LAO,2016,6908.8,Sanitasi,Dikelola aman,Perdesaan,53.5
Laos,LAO,2016,6908.8,Sanitasi,Dikelola aman,Perkotaan,61.75
Laos,LAO,2016,6908.8,Sanitasi,Dikelola aman,Total,56.29
Laos,LAO,2016,6908.8,Sanitasi,Minimal dasar,Perdesaan,61.12
Laos,LAO,2016,6908.8,Sanitasi,Minimal dasar,Perkotaan,90.33
Laos,LAO,2016,6908.8,Sanitasi,Minimal dasar,Total,70.97
Laos,LAO,2016,6908.8,Sanitasi,Terbatas,Perdesaan,2.07
Laos,LAO,2016,6908.8,Sanitasi,Terbatas,Perkotaan,2.79
Laos,LAO,2016,6908.8,Sanitasi,Terbatas,Total,2.32
Laos,LAO,2016,6908.8,Sanitasi,Tidak layak,Perdesaan,2.99
Laos,LAO,2016,6908.8,Sanitasi,Tidak layak,Perkotaan,1.96
Laos,LAO,2016,6908.8,Sanitasi,Tidak layak,Total,2.64
Laos,LAO,2016,6908.8,Sanitasi,BAB terbuka,Perdesaan,33.82
Laos,LAO,2016,6908.8,Sanitasi,BAB terbuka,Perkotaan,4.92
Laos,LAO,2016,6908.8,Sanitasi,BAB terbuka,Total,24.07
Laos,LAO,2016,6908.8,Sanitasi,Tersambung selokan,Perdesaan,0.98
Laos,LAO,2016,6908.8,Sanitasi,Tersambung selokan,Perkotaan,3.41
Laos,LAO,2016,6908.8,Sanitasi,Tersambung selokan,Total,1.8
Laos,LAO,2017,7018.1,Sanitasi,Dikelola aman,Perdesaan,55.93
Laos,LAO,2017,7018.1,Sanitasi,Dikelola aman,Perkotaan,63.03
Laos,LAO,2017,7018.1,Sanitasi,Dikelola aman,Total,58.37
Laos,LAO,2017,7018.1,Sanitasi,Minimal dasar,Perdesaan,63.82
Laos,LAO,2017,7018.1,Sanitasi,Minimal dasar,Perkotaan,91.78
Laos,LAO,2017,7018.1,Sanitasi,Minimal dasar,Total,73.43
Laos,LAO,2017,7018.1,Sanitasi,Terbatas,Perdesaan,2.21
Laos,LAO,2017,7018.1,Sanitasi,Terbatas,Perkotaan,2.65
Laos,LAO,2017,7018.1,Sanitasi,Terbatas,Total,2.36
Laos,LAO,2017,7018.1,Sanitasi,Tidak layak,Perdesaan,2.59
Laos,LAO,2017,7018.1,Sanitasi,Tidak layak,Perkotaan,1.61
Laos,LAO,2017,7018.1,Sanitasi,Tidak layak,Total,2.25
Laos,LAO,2017,7018.1,Sanitasi,BAB terbuka,Perdesaan,31.38
Laos,LAO,2017,7018.1,Sanitasi,BAB terbuka,Perkotaan,3.96
Laos,LAO,2017,7018.1,Sanitasi,BAB terbuka,Total,21.96
Laos,LAO,2017,7018.1,Sanitasi,Tersambung selokan,Perdesaan,1.05
Laos,LAO,2017,7018.1,Sanitasi,Tersambung selokan,Perkotaan,3.44
Laos,LAO,2017,7018.1,Sanitasi,Tersambung selokan,Total,1.87
Laos,LAO,2018,7128.0,Sanitasi,Dikelola aman,Perdesaan,58.35
Laos,LAO,2018,7128.0,Sanitasi,Dikelola aman,Perkotaan,64.31
Laos,LAO,2018,7128.0,Sanitasi,Dikelola aman,Total,60.44
Laos,LAO,2018,7128.0,Sanitasi,Minimal dasar,Perdesaan,66.52
Laos,LAO,2018,7128.0,Sanitasi,Minimal dasar,Perkotaan,93.23
Laos,LAO,2018,7128.0,Sanitasi,Minimal dasar,Total,75.87
Laos,LAO,2018,7128.0,Sanitasi,Terbatas,Perdesaan,2.34
Laos,LAO,2018,7128.0,Sanitasi,Terbatas,Perkotaan,2.5
Laos,LAO,2018,7128.0,Sanitasi,Terbatas,Total,2.4
Laos,LAO,2018,7128.0,Sanitasi,Tidak layak,Perdesaan,2.19
Laos,LAO,2018,7128.0,Sanitasi,Tidak layak,Perkotaan,1.26
Laos,LAO,2018,7128.0,Sanitasi,Tidak layak,Total,1.87
Laos,LAO,2018,7128.0,Sanitasi,BAB terbuka,Perdesaan,28.95
Laos,LAO,2018,7128.0,Sanitasi,BAB terbuka,Perkotaan,3.01
Laos,LAO,2018,7128.0,Sanitasi,BAB terbuka,Total,19.87
Laos,LAO,2018,7128.0,Sanitasi,Tersambung selokan,Perdesaan,1.12
Laos,LAO,2018,7128.0,Sanitasi,Tersambung selokan,Perkotaan,3.47
Laos,LAO,2018,7128.0,Sanitasi,Tersambung selokan,Total,1.94
Laos,LAO,2019,7237.6,Sanitasi,Dikelola aman,Perdesaan,60.77
Laos,LAO,2019,7237.6,Sanitasi,Dikelola aman,Perkotaan,65.61
Laos,LAO,2019,7237.6,Sanitasi,Dikelola aman,Total,62.5
Laos,LAO,2019,7237.6,Sanitasi,Minimal dasar,Perdesaan,69.21
Laos,LAO,2019,7237.6,Sanitasi,Minimal dasar,Perkotaan,94.69
Laos,LAO,2019,7237.6,Sanitasi,Minimal dasar,Total,78.29
Laos,LAO,2019,7237.6,Sanitasi,Terbatas,Perdesaan,2.49
Laos,LAO,2019,7237.6,Sanitasi,Terbatas,Perkotaan,2.34
Laos,LAO,2019,7237.6,Sanitasi,Terbatas,Total,2.43
Laos,LAO,2019,7237.6,Sanitasi,Tidak layak,Perdesaan,1.8
Laos,LAO,2019,7237.6,Sanitasi,Tidak layak,Perkotaan,0.91
Laos,LAO,2019,7237.6,Sanitasi,Tidak layak,Total,1.48
Laos,LAO,2019,7237.6,Sanitasi,BAB terbuka,Perdesaan,26.51
Laos,LAO,2019,7237.6,Sanitasi,BAB terbuka,Perkotaan,2.05
Laos,LAO,2019,7237.6,Sanitasi,BAB terbuka,Total,17.79
Laos,LAO,2019,7237.6,Sanitasi,Tersambung selokan,Perdesaan,1.19
Laos,LAO,2019,7237.6,Sanitasi,Tersambung selokan,Perkotaan,3.5
Laos,LAO,2019,7237.6,Sanitasi,Tersambung selokan,Total,2.01
Laos,LAO,2020,7346.5,Sanitasi,Dikelola aman,Perdesaan,63.19
Laos,LAO,2020,7346.5,Sanitasi,Dikelola aman,Perkotaan,66.92
Laos,LAO,2020,7346.5,Sanitasi,Dikelola aman,Total,64.54
Laos,LAO,2020,7346.5,Sanitasi,Minimal dasar,Perdesaan,71.9
Laos,LAO,2020,7346.5,Sanitasi,Minimal dasar,Perkotaan,96.16
Laos,LAO,2020,7346.5,Sanitasi,Minimal dasar,Total,80.7
Laos,LAO,2020,7346.5,Sanitasi,Terbatas,Perdesaan,2.63
Laos,LAO,2020,7346.5,Sanitasi,Terbatas,Perkotaan,2.18
Laos,LAO,2020,7346.5,Sanitasi,Terbatas,Total,2.47
Laos,LAO,2020,7346.5,Sanitasi,Tidak layak,Perdesaan,1.4
Laos,LAO,2020,7346.5,Sanitasi,Tidak layak,Perkotaan,0.57
Laos,LAO,2020,7346.5,Sanitasi,Tidak layak,Total,1.1
Laos,LAO,2020,7346.5,Sanitasi,BAB terbuka,Perdesaan,24.07
Laos,LAO,2020,7346.5,Sanitasi,BAB terbuka,Perkotaan,1.1
Laos,LAO,2020,7346.5,Sanitasi,BAB terbuka,Total,15.73
Laos,LAO,2020,7346.5,Sanitasi,Tersambung selokan,Perdesaan,1.26
Laos,LAO,2020,7346.5,Sanitasi,Tersambung selokan,Perkotaan,3.53
Laos,LAO,2020,7346.5,Sanitasi,Tersambung selokan,Total,2.08
Laos,LAO,2021,7453.2,Sanitasi,Dikelola aman,Perdesaan,65.61
Laos,LAO,2021,7453.2,Sanitasi,Dikelola aman,Perkotaan,68.24
Laos,LAO,2021,7453.2,Sanitasi,Dikelola aman,Total,66.58
Laos,LAO,2021,7453.2,Sanitasi,Minimal dasar,Perdesaan,74.59
Laos,LAO,2021,7453.2,Sanitasi,Minimal dasar,Perkotaan,97.63
Laos,LAO,2021,7453.2,Sanitasi,Minimal dasar,Total,83.1
Laos,LAO,2021,7453.2,Sanitasi,Terbatas,Perdesaan,2.78
Laos,LAO,2021,7453.2,Sanitasi,Terbatas,Perkotaan,2.01
Laos,LAO,2021,7453.2,Sanitasi,Terbatas,Total,2.5
Laos,LAO,2021,7453.2,Sanitasi,Tidak layak,Perdesaan,1.0
Laos,LAO,2021,7453.2,Sanitasi,Tidak layak,Perkotaan,0.22
Laos,LAO,2021,7453.2,Sanitasi,Tidak layak,Total,0.71
Laos,LAO,2021,7453.2,Sanitasi,BAB terbuka,Perdesaan,21.63
Laos,LAO,2021,7453.2,Sanitasi,BAB terbuka,Perkotaan,0.14
Laos,LAO,2021,7453.2,Sanitasi,BAB terbuka,Total,13.69
Laos,LAO,2021,7453.2,Sanitasi,Tersambung selokan,Perdesaan,1.33
Laos,LAO,2021,7453.2,Sanitasi,Tersambung selokan,Perkotaan,3.55
Laos,LAO,2021,7453.2,Sanitasi,Tersambung selokan,Total,2.15
Laos,LAO,2022,7559.0,Sanitasi,Dikelola aman,Perdesaan,68.04
Laos,LAO,2022,7559.0,Sanitasi,Dikelola aman,Perkotaan,68.78
Laos,LAO,2022,7559.0,Sanitasi,Dikelola aman,Total,68.32
Laos,LAO,2022,7559.0,Sanitasi,Minimal dasar,Perdesaan,77.27
Laos,LAO,2022,7559.0,Sanitasi,Minimal dasar,Perkotaan,98.18
Laos,LAO,2022,7559.0,Sanitasi,Minimal dasar,Total,85.13
Laos,LAO,2022,7559.0,Sanitasi,Terbatas,Perdesaan,2.93
Laos,LAO,2022,7559.0,Sanitasi,Terbatas,Perkotaan,1.82
Laos,LAO,2022,7559.0,Sanitasi,Terbatas,Total,2.52
Laos,LAO,2022,7559.0,Sanitasi,Tidak layak,Perdesaan,0.6
Laos,LAO,2022,7559.0,Sanitasi,Tidak layak,Perkotaan,0.0
Laos,LAO,2022,7559.0,Sanitasi,Tidak layak,Total,0.38
Laos,LAO,2022,7559.0,Sanitasi,BAB terbuka,Perdesaan,19.19
Laos,LAO,2022,7559.0,Sanitasi,BAB terbuka,Perkotaan,0.0
Laos,LAO,2022,7559.0,Sanitasi,BAB terbuka,Total,11.98
Laos,LAO,2022,7559.0,Sanitasi,Tersambung selokan,Perdesaan,1.4
Laos,LAO,2022,7559.0,Sanitasi,Tersambung selokan,Perkotaan,3.58
Laos,LAO,2022,7559.0,Sanitasi,Tersambung selokan,Total,2.22
Laos,LAO,2023,7665.0,Sanitasi,Dikelola aman,Perdesaan,70.46
Laos,LAO,2023,7665.0,Sanitasi,Dikelola aman,Perkotaan,69.02
Laos,LAO,2023,7665.0,Sanitasi,Dikelola aman,Total,69.91
Laos,LAO,2023,7665.0,Sanitasi,Minimal dasar,Perdesaan,79.95
Laos,LAO,2023,7665.0,Sanitasi,Minimal dasar,Perkotaan,98.37
Laos,LAO,2023,7665.0,Sanitasi,Minimal dasar,Total,87.0
Laos,LAO,2023,7665.0,Sanitasi,Terbatas,Perdesaan,3.09
Laos,LAO,2023,7665.0,Sanitasi,Terbatas,Perkotaan,1.63
Laos,LAO,2023,7665.0,Sanitasi,Terbatas,Total,2.53
Laos,LAO,2023,7665.0,Sanitasi,Tidak layak,Perdesaan,0.2
Laos,LAO,2023,7665.0,Sanitasi,Tidak layak,Perkotaan,0.0
Laos,LAO,2023,7665.0,Sanitasi,Tidak layak,Total,0.13
Laos,LAO,2023,7665.0,Sanitasi,BAB terbuka,Perdesaan,16.76
Laos,LAO,2023,7665.0,Sanitasi,BAB terbuka,Perkotaan,0.0
Laos,LAO,2023,7665.0,Sanitasi,BAB terbuka,Total,10.35
Laos,LAO,2023,7665.0,Sanitasi,Tersambung selokan,Perdesaan,1.47
Laos,LAO,2023,7665.0,Sanitasi,Tersambung selokan,Perkotaan,3.61
Laos,LAO,2023,7665.0,Sanitasi,Tersambung selokan,Total,2.29
Laos,LAO,2024,7769.8,Sanitasi,Dikelola aman,Perdesaan,72.73
Laos,LAO,2024,7769.8,Sanitasi,Dikelola aman,Perkotaan,69.27
Laos,LAO,2024,7769.8,Sanitasi,Dikelola aman,Total,71.38
Laos,LAO,2024,7769.8,Sanitasi,Minimal dasar,Perdesaan,82.47
Laos,LAO,2024,7769.8,Sanitasi,Minimal dasar,Perkotaan,98.57
Laos,LAO,2024,7769.8,Sanitasi,Minimal dasar,Total,88.73
Laos,LAO,2024,7769.8,Sanitasi,Terbatas,Perdesaan,3.24
Laos,LAO,2024,7769.8,Sanitasi,Terbatas,Perkotaan,1.43
Laos,LAO,2024,7769.8,Sanitasi,Terbatas,Total,2.54
Laos,LAO,2024,7769.8,Sanitasi,Tidak layak,Perdesaan,0.0
Laos,LAO,2024,7769.8,Sanitasi,Tidak layak,Perkotaan,0.0
Laos,LAO,2024,7769.8,Sanitasi,Tidak layak,Total,0.0
Laos,LAO,2024,7769.8,Sanitasi,BAB terbuka,Perdesaan,14.29
Laos,LAO,2024,7769.8,Sanitasi,BAB terbuka,Perkotaan,0.0
Laos,LAO,2024,7769.8,Sanitasi,BAB terbuka,Total,8.73
Laos,LAO,2024,7769.8,Sanitasi,Tersambung selokan,Perdesaan,1.54
Laos,LAO,2024,7769.8,Sanitasi,Tersambung selokan,Perkotaan,3.64
Laos,LAO,2024,7769.8,Sanitasi,Tersambung selokan,Total,2.36
Malaysia,MYS,2000,22967.8,Sanitasi,Dikelola aman,Total,76.42
Malaysia,MYS,2000,22967.8,Sanitasi,Minimal dasar,Perdesaan,90.71
Malaysia,MYS,2000,22967.8,Sanitasi,Minimal dasar,Perkotaan,94.55
Malaysia,MYS,2000,22967.8,Sanitasi,Minimal dasar,Total,93.09
Malaysia,MYS,2000,22967.8,Sanitasi,Terbatas,Perdesaan,3.9
Malaysia,MYS,2000,22967.8,Sanitasi,Terbatas,Perkotaan,3.88
Malaysia,MYS,2000,22967.8,Sanitasi,Terbatas,Total,3.89
Malaysia,MYS,2000,22967.8,Sanitasi,Tidak layak,Perdesaan,1.94
Malaysia,MYS,2000,22967.8,Sanitasi,Tidak layak,Perkotaan,1.1
Malaysia,MYS,2000,22967.8,Sanitasi,Tidak layak,Total,1.42
Malaysia,MYS,2000,22967.8,Sanitasi,BAB terbuka,Perdesaan,3.46
Malaysia,MYS,2000,22967.8,Sanitasi,BAB terbuka,Perkotaan,0.47
Malaysia,MYS,2000,22967.8,Sanitasi,BAB terbuka,Total,1.61
Malaysia,MYS,2000,22967.8,Sanitasi,Tersambung selokan,Total,69.29
Malaysia,MYS,2001,23526.5,Sanitasi,Dikelola aman,Total,76.6
Malaysia,MYS,2001,23526.5,Sanitasi,Minimal dasar,Perdesaan,90.96
Malaysia,MYS,2001,23526.5,Sanitasi,Minimal dasar,Perkotaan,94.63
Malaysia,MYS,2001,23526.5,Sanitasi,Minimal dasar,Total,93.27
Malaysia,MYS,2001,23526.5,Sanitasi,Terbatas,Perdesaan,3.91
Malaysia,MYS,2001,23526.5,Sanitasi,Terbatas,Perkotaan,3.88
Malaysia,MYS,2001,23526.5,Sanitasi,Terbatas,Total,3.89
Malaysia,MYS,2001,23526.5,Sanitasi,Tidak layak,Perdesaan,1.87
Malaysia,MYS,2001,23526.5,Sanitasi,Tidak layak,Perkotaan,1.04
Malaysia,MYS,2001,23526.5,Sanitasi,Tidak layak,Total,1.35
Malaysia,MYS,2001,23526.5,Sanitasi,BAB terbuka,Perdesaan,3.26
Malaysia,MYS,2001,23526.5,Sanitasi,BAB terbuka,Perkotaan,0.44
Malaysia,MYS,2001,23526.5,Sanitasi,BAB terbuka,Total,1.48
Malaysia,MYS,2001,23526.5,Sanitasi,Tersambung selokan,Total,69.29
Malaysia,MYS,2002,24102.5,Sanitasi,Dikelola aman,Total,76.77
Malaysia,MYS,2002,24102.5,Sanitasi,Minimal dasar,Perdesaan,91.21
Malaysia,MYS,2002,24102.5,Sanitasi,Minimal dasar,Perkotaan,94.72
Malaysia,MYS,2002,24102.5,Sanitasi,Minimal dasar,Total,93.45
Malaysia,MYS,2002,24102.5,Sanitasi,Terbatas,Perdesaan,3.92
Malaysia,MYS,2002,24102.5,Sanitasi,Terbatas,Perkotaan,3.89
Malaysia,MYS,2002,24102.5,Sanitasi,Terbatas,Total,3.9
Malaysia,MYS,2002,24102.5,Sanitasi,Tidak layak,Perdesaan,1.8
Malaysia,MYS,2002,24102.5,Sanitasi,Tidak layak,Perkotaan,0.99
Malaysia,MYS,2002,24102.5,Sanitasi,Tidak layak,Total,1.28
Malaysia,MYS,2002,24102.5,Sanitasi,BAB terbuka,Perdesaan,3.07
Malaysia,MYS,2002,24102.5,Sanitasi,BAB terbuka,Perkotaan,0.4
Malaysia,MYS,2002,24102.5,Sanitasi,BAB terbuka,Total,1.37
Malaysia,MYS,2002,24102.5,Sanitasi,Tersambung selokan,Total,69.29
Malaysia,MYS,2003,24679.6,Sanitasi,Dikelola aman,Total,76.94
Malaysia,MYS,2003,24679.6,Sanitasi,Minimal dasar,Perdesaan,91.47
Malaysia,MYS,2003,24679.6,Sanitasi,Minimal dasar,Perkotaan,94.8
Malaysia,MYS,2003,24679.6,Sanitasi,Minimal dasar,Total,93.62
Malaysia,MYS,2003,24679.6,Sanitasi,Terbatas,Perdesaan,3.93
Malaysia,MYS,2003,24679.6,Sanitasi,Terbatas,Perkotaan,3.89
Malaysia,MYS,2003,24679.6,Sanitasi,Terbatas,Total,3.91
Malaysia,MYS,2003,24679.6,Sanitasi,Tidak layak,Perdesaan,1.73
Malaysia,MYS,2003,24679.6,Sanitasi,Tidak layak,Perkotaan,0.94
Malaysia,MYS,2003,24679.6,Sanitasi,Tidak layak,Total,1.22
Malaysia,MYS,2003,24679.6,Sanitasi,BAB terbuka,Perdesaan,2.87
Malaysia,MYS,2003,24679.6,Sanitasi,BAB terbuka,Perkotaan,0.37
Malaysia,MYS,2003,24679.6,Sanitasi,BAB terbuka,Total,1.25
Malaysia,MYS,2003,24679.6,Sanitasi,Tersambung selokan,Total,69.29
Malaysia,MYS,2004,25256.8,Sanitasi,Dikelola aman,Total,77.1
Malaysia,MYS,2004,25256.8,Sanitasi,Minimal dasar,Perdesaan,91.72
Malaysia,MYS,2004,25256.8,Sanitasi,Minimal dasar,Perkotaan,94.88
Malaysia,MYS,2004,25256.8,Sanitasi,Minimal dasar,Total,93.8
Malaysia,MYS,2004,25256.8,Sanitasi,Terbatas,Perdesaan,3.94
Malaysia,MYS,2004,25256.8,Sanitasi,Terbatas,Perkotaan,3.89
Malaysia,MYS,2004,25256.8,Sanitasi,Terbatas,Total,3.91
Malaysia,MYS,2004,25256.8,Sanitasi,Tidak layak,Perdesaan,1.66
Malaysia,MYS,2004,25256.8,Sanitasi,Tidak layak,Perkotaan,0.89
Malaysia,MYS,2004,25256.8,Sanitasi,Tidak layak,Total,1.15
Malaysia,MYS,2004,25256.8,Sanitasi,BAB terbuka,Perdesaan,2.68
Malaysia,MYS,2004,25256.8,Sanitasi,BAB terbuka,Perkotaan,0.34
Malaysia,MYS,2004,25256.8,Sanitasi,BAB terbuka,Total,1.14
Malaysia,MYS,2004,25256.8,Sanitasi,Tersambung selokan,Total,69.29
Malaysia,MYS,2005,25836.1,Sanitasi,Dikelola aman,Total,77.27
Malaysia,MYS,2005,25836.1,Sanitasi,Minimal dasar,Perdesaan,91.98
Malaysia,MYS,2005,25836.1,Sanitasi,Minimal dasar,Perkotaan,94.96
Malaysia,MYS,2005,25836.1,Sanitasi,Minimal dasar,Total,93.96
Malaysia,MYS,2005,25836.1,Sanitasi,Terbatas,Perdesaan,3.95
Malaysia,MYS,2005,25836.1,Sanitasi,Terbatas,Perkotaan,3.9
Malaysia,MYS,2005,25836.1,Sanitasi,Terbatas,Total,3.92
Malaysia,MYS,2005,25836.1,Sanitasi,Tidak layak,Perdesaan,1.58
Malaysia,MYS,2005,25836.1,Sanitasi,Tidak layak,Perkotaan,0.83
Malaysia,MYS,2005,25836.1,Sanitasi,Tidak layak,Total,1.08
Malaysia,MYS,2005,25836.1,Sanitasi,BAB terbuka,Perdesaan,2.49
Malaysia,MYS,2005,25836.1,Sanitasi,BAB terbuka,Perkotaan,0.31
Malaysia,MYS,2005,25836.1,Sanitasi,BAB terbuka,Total,1.04
Malaysia,MYS,2005,25836.1,Sanitasi,Tersambung selokan,Total,69.29
Malaysia,MYS,2006,26417.9,Sanitasi,Dikelola aman,Total,77.42
Malaysia,MYS,2006,26417.9,Sanitasi,Minimal dasar,Perdesaan,92.23
Malaysia,MYS,2006,26417.9,Sanitasi,Minimal dasar,Perkotaan,95.04
Malaysia,MYS,2006,26417.9,Sanitasi,Minimal dasar,Total,94.13
Malaysia,MYS,2006,26417.9,Sanitasi,Terbatas,Perdesaan,3.96
Malaysia,MYS,2006,26417.9,Sanitasi,Terbatas,Perkotaan,3.9
Malaysia,MYS,2006,26417.9,Sanitasi,Terbatas,Total,3.92
Malaysia,MYS,2006,26417.9,Sanitasi,Tidak layak,Perdesaan,1.51
Malaysia,MYS,2006,26417.9,Sanitasi,Tidak layak,Perkotaan,0.78
Malaysia,MYS,2006,26417.9,Sanitasi,Tidak layak,Total,1.02
Malaysia,MYS,2006,26417.9,Sanitasi,BAB terbuka,Perdesaan,2.29
Malaysia,MYS,2006,26417.9,Sanitasi,BAB terbuka,Perkotaan,0.28
Malaysia,MYS,2006,26417.9,Sanitasi,BAB terbuka,Total,0.93
Malaysia,MYS,2006,26417.9,Sanitasi,Tersambung selokan,Total,69.29
Malaysia,MYS,2007,26998.4,Sanitasi,Dikelola aman,Total,77.58
Malaysia,MYS,2007,26998.4,Sanitasi,Minimal dasar,Perdesaan,92.49
Malaysia,MYS,2007,26998.4,Sanitasi,Minimal dasar,Perkotaan,95.12
Malaysia,MYS,2007,26998.4,Sanitasi,Minimal dasar,Total,94.29
Malaysia,MYS,2007,26998.4,Sanitasi,Terbatas,Perdesaan,3.97
Malaysia,MYS,2007,26998.4,Sanitasi,Terbatas,Perkotaan,3.9
Malaysia,MYS,2007,26998.4,Sanitasi,Terbatas,Total,3.93
Malaysia,MYS,2007,26998.4,Sanitasi,Tidak layak,Perdesaan,1.44
Malaysia,MYS,2007,26998.4,Sanitasi,Tidak layak,Perkotaan,0.73
Malaysia,MYS,2007,26998.4,Sanitasi,Tidak layak,Total,0.95
Malaysia,MYS,2007,26998.4,Sanitasi,BAB terbuka,Perdesaan,2.1
Malaysia,MYS,2007,26998.4,Sanitasi,BAB terbuka,Perkotaan,0.25
Malaysia,MYS,2007,26998.4,Sanitasi,BAB terbuka,Total,0.83
Malaysia,MYS,2007,26998.4,Sanitasi,Tersambung selokan,Total,69.29
Malaysia,MYS,2008,27570.1,Sanitasi,Dikelola aman,Total,77.91
Malaysia,MYS,2008,27570.1,Sanitasi,Minimal dasar,Perdesaan,92.74
Malaysia,MYS,2008,27570.1,Sanitasi,Minimal dasar,Perkotaan,95.2
Malaysia,MYS,2008,27570.1,Sanitasi,Minimal dasar,Total,94.45
Malaysia,MYS,2008,27570.1,Sanitasi,Terbatas,Perdesaan,3.98
Malaysia,MYS,2008,27570.1,Sanitasi,Terbatas,Perkotaan,3.91
Malaysia,MYS,2008,27570.1,Sanitasi,Terbatas,Total,3.93
Malaysia,MYS,2008,27570.1,Sanitasi,Tidak layak,Perdesaan,1.37
Malaysia,MYS,2008,27570.1,Sanitasi,Tidak layak,Perkotaan,0.68
Malaysia,MYS,2008,27570.1,Sanitasi,Tidak layak,Total,0.89
Malaysia,MYS,2008,27570.1,Sanitasi,BAB terbuka,Perdesaan,1.9
Malaysia,MYS,2008,27570.1,Sanitasi,BAB terbuka,Perkotaan,0.21
Malaysia,MYS,2008,27570.1,Sanitasi,BAB terbuka,Total,0.73
Malaysia,MYS,2008,27570.1,Sanitasi,Tersambung selokan,Total,69.29
Malaysia,MYS,2009,28124.8,Sanitasi,Dikelola aman,Total,78.24
Malaysia,MYS,2009,28124.8,Sanitasi,Minimal dasar,Perdesaan,93.0
Malaysia,MYS,2009,28124.8,Sanitasi,Minimal dasar,Perkotaan,95.28
Malaysia,MYS,2009,28124.8,Sanitasi,Minimal dasar,Total,94.6
Malaysia,MYS,2009,28124.8,Sanitasi,Terbatas,Perdesaan,4.0
Malaysia,MYS,2009,28124.8,Sanitasi,Terbatas,Perkotaan,3.91
Malaysia,MYS,2009,28124.8,Sanitasi,Terbatas,Total,3.94
Malaysia,MYS,2009,28124.8,Sanitasi,Tidak layak,Perdesaan,1.3
Malaysia,MYS,2009,28124.8,Sanitasi,Tidak layak,Perkotaan,0.62
Malaysia,MYS,2009,28124.8,Sanitasi,Tidak layak,Total,0.83
Malaysia,MYS,2009,28124.8,Sanitasi,BAB terbuka,Perdesaan,1.71
Malaysia,MYS,2009,28124.8,Sanitasi,BAB terbuka,Perkotaan,0.18
Malaysia,MYS,2009,28124.8,Sanitasi,BAB terbuka,Total,0.64
Malaysia,MYS,2009,28124.8,Sanitasi,Tersambung selokan,Total,69.29
Malaysia,MYS,2010,28655.8,Sanitasi,Dikelola aman,Total,78.72
Malaysia,MYS,2010,28655.8,Sanitasi,Minimal dasar,Perdesaan,93.25
Malaysia,MYS,2010,28655.8,Sanitasi,Minimal dasar,Perkotaan,95.37
Malaysia,MYS,2010,28655.8,Sanitasi,Minimal dasar,Total,94.75
Malaysia,MYS,2010,28655.8,Sanitasi,Terbatas,Perdesaan,4.01
Malaysia,MYS,2010,28655.8,Sanitasi,Terbatas,Perkotaan,3.91
Malaysia,MYS,2010,28655.8,Sanitasi,Terbatas,Total,3.94
Malaysia,MYS,2010,28655.8,Sanitasi,Tidak layak,Perdesaan,1.23
Malaysia,MYS,2010,28655.8,Sanitasi,Tidak layak,Perkotaan,0.57
Malaysia,MYS,2010,28655.8,Sanitasi,Tidak layak,Total,0.76
Malaysia,MYS,2010,28655.8,Sanitasi,BAB terbuka,Perdesaan,1.51
Malaysia,MYS,2010,28655.8,Sanitasi,BAB terbuka,Perkotaan,0.15
Malaysia,MYS,2010,28655.8,Sanitasi,BAB terbuka,Total,0.55
Malaysia,MYS,2010,28655.8,Sanitasi,Tersambung selokan,Total,70.25
Malaysia,MYS,2011,29162.0,Sanitasi,Dikelola aman,Total,79.2
Malaysia,MYS,2011,29162.0,Sanitasi,Minimal dasar,Perdesaan,93.5
Malaysia,MYS,2011,29162.0,Sanitasi,Minimal dasar,Perkotaan,95.45
Malaysia,MYS,2011,29162.0,Sanitasi,Minimal dasar,Total,94.9
Malaysia,MYS,2011,29162.0,Sanitasi,Terbatas,Perdesaan,4.02
Malaysia,MYS,2011,29162.0,Sanitasi,Terbatas,Perkotaan,3.92
Malaysia,MYS,2011,29162.0,Sanitasi,Terbatas,Total,3.95
Malaysia,MYS,2011,29162.0,Sanitasi,Tidak layak,Perdesaan,1.16
Malaysia,MYS,2011,29162.0,Sanitasi,Tidak layak,Perkotaan,0.52
Malaysia,MYS,2011,29162.0,Sanitasi,Tidak layak,Total,0.7
Malaysia,MYS,2011,29162.0,Sanitasi,BAB terbuka,Perdesaan,1.32
Malaysia,MYS,2011,29162.0,Sanitasi,BAB terbuka,Perkotaan,0.12
Malaysia,MYS,2011,29162.0,Sanitasi,BAB terbuka,Total,0.46
Malaysia,MYS,2011,29162.0,Sanitasi,Tersambung selokan,Total,71.2
Malaysia,MYS,2012,29662.8,Sanitasi,Dikelola aman,Total,79.68
Malaysia,MYS,2012,29662.8,Sanitasi,Minimal dasar,Perdesaan,93.76
Malaysia,MYS,2012,29662.8,Sanitasi,Minimal dasar,Perkotaan,95.53
Malaysia,MYS,2012,29662.8,Sanitasi,Minimal dasar,Total,95.04
Malaysia,MYS,2012,29662.8,Sanitasi,Terbatas,Perdesaan,4.03
Malaysia,MYS,2012,29662.8,Sanitasi,Terbatas,Perkotaan,3.92
Malaysia,MYS,2012,29662.8,Sanitasi,Terbatas,Total,3.95
Malaysia,MYS,2012,29662.8,Sanitasi,Tidak layak,Perdesaan,1.09
Malaysia,MYS,2012,29662.8,Sanitasi,Tidak layak,Perkotaan,0.46
Malaysia,MYS,2012,29662.8,Sanitasi,Tidak layak,Total,0.64
Malaysia,MYS,2012,29662.8,Sanitasi,BAB terbuka,Perdesaan,1.12
Malaysia,MYS,2012,29662.8,Sanitasi,BAB terbuka,Perkotaan,0.09
Malaysia,MYS,2012,29662.8,Sanitasi,BAB terbuka,Total,0.37
Malaysia,MYS,2012,29662.8,Sanitasi,Tersambung selokan,Total,72.16
Malaysia,MYS,2013,30174.3,Sanitasi,Dikelola aman,Total,80.16
Malaysia,MYS,2013,30174.3,Sanitasi,Minimal dasar,Perdesaan,94.01
Malaysia,MYS,2013,30174.3,Sanitasi,Minimal dasar,Perkotaan,95.61
Malaysia,MYS,2013,30174.3,Sanitasi,Minimal dasar,Total,95.18
Malaysia,MYS,2013,30174.3,Sanitasi,Terbatas,Perdesaan,4.04
Malaysia,MYS,2013,30174.3,Sanitasi,Terbatas,Perkotaan,3.92
Malaysia,MYS,2013,30174.3,Sanitasi,Terbatas,Total,3.96
Malaysia,MYS,2013,30174.3,Sanitasi,Tidak layak,Perdesaan,0.82
Malaysia,MYS,2013,30174.3,Sanitasi,Tidak layak,Perkotaan,0.38
Malaysia,MYS,2013,30174.3,Sanitasi,Tidak layak,Total,0.5
Malaysia,MYS,2013,30174.3,Sanitasi,BAB terbuka,Perdesaan,1.12
Malaysia,MYS,2013,30174.3,Sanitasi,BAB terbuka,Perkotaan,0.09
Malaysia,MYS,2013,30174.3,Sanitasi,BAB terbuka,Total,0.37
Malaysia,MYS,2013,30174.3,Sanitasi,Tersambung selokan,Total,73.11
Malaysia,MYS,2014,30696.1,Sanitasi,Dikelola aman,Total,80.64
Malaysia,MYS,2014,30696.1,Sanitasi,Minimal dasar,Perdesaan,94.27
Malaysia,MYS,2014,30696.1,Sanitasi,Minimal dasar,Perkotaan,95.69
Malaysia,MYS,2014,30696.1,Sanitasi,Minimal dasar,Total,95.31
Malaysia,MYS,2014,30696.1,Sanitasi,Terbatas,Perdesaan,4.05
Malaysia,MYS,2014,30696.1,Sanitasi,Terbatas,Perkotaan,3.93
Malaysia,MYS,2014,30696.1,Sanitasi,Terbatas,Total,3.96
Malaysia,MYS,2014,30696.1,Sanitasi,Tidak layak,Perdesaan,0.56
Malaysia,MYS,2014,30696.1,Sanitasi,Tidak layak,Perkotaan,0.3
Malaysia,MYS,2014,30696.1,Sanitasi,Tidak layak,Total,0.36
Malaysia,MYS,2014,30696.1,Sanitasi,BAB terbuka,Perdesaan,1.12
Malaysia,MYS,2014,30696.1,Sanitasi,BAB terbuka,Perkotaan,0.09
Malaysia,MYS,2014,30696.1,Sanitasi,BAB terbuka,Total,0.36
Malaysia,MYS,2014,30696.1,Sanitasi,Tersambung selokan,Total,74.07
Malaysia,MYS,2015,31232.8,Sanitasi,Dikelola aman,Total,81.12
Malaysia,MYS,2015,31232.8,Sanitasi,Minimal dasar,Perdesaan,94.52
Malaysia,MYS,2015,31232.8,Sanitasi,Minimal dasar,Perkotaan,95.77
Malaysia,MYS,2015,31232.8,Sanitasi,Minimal dasar,Total,95.45
Malaysia,MYS,2015,31232.8,Sanitasi,Terbatas,Perdesaan,4.06
Malaysia,MYS,2015,31232.8,Sanitasi,Terbatas,Perkotaan,3.93
Malaysia,MYS,2015,31232.8,Sanitasi,Terbatas,Total,3.97
Malaysia,MYS,2015,31232.8,Sanitasi,Tidak layak,Perdesaan,0.29
Malaysia,MYS,2015,31232.8,Sanitasi,Tidak layak,Perkotaan,0.21
Malaysia,MYS,2015,31232.8,Sanitasi,Tidak layak,Total,0.23
Malaysia,MYS,2015,31232.8,Sanitasi,BAB terbuka,Perdesaan,1.12
Malaysia,MYS,2015,31232.8,Sanitasi,BAB terbuka,Perkotaan,0.09
Malaysia,MYS,2015,31232.8,Sanitasi,BAB terbuka,Total,0.35
Malaysia,MYS,2015,31232.8,Sanitasi,Tersambung selokan,Total,75.02
Malaysia,MYS,2016,31789.7,Sanitasi,Dikelola aman,Total,81.61
Malaysia,MYS,2016,31789.7,Sanitasi,Minimal dasar,Perdesaan,94.78
Malaysia,MYS,2016,31789.7,Sanitasi,Minimal dasar,Perkotaan,95.85
Malaysia,MYS,2016,31789.7,Sanitasi,Minimal dasar,Total,95.58
Malaysia,MYS,2016,31789.7,Sanitasi,Terbatas,Perdesaan,4.07
Malaysia,MYS,2016,31789.7,Sanitasi,Terbatas,Perkotaan,3.94
Malaysia,MYS,2016,31789.7,Sanitasi,Terbatas,Total,3.97
Malaysia,MYS,2016,31789.7,Sanitasi,Tidak layak,Perdesaan,0.03
Malaysia,MYS,2016,31789.7,Sanitasi,Tidak layak,Perkotaan,0.13
Malaysia,MYS,2016,31789.7,Sanitasi,Tidak layak,Total,0.1
Malaysia,MYS,2016,31789.7,Sanitasi,BAB terbuka,Perdesaan,1.12
Malaysia,MYS,2016,31789.7,Sanitasi,BAB terbuka,Perkotaan,0.09
Malaysia,MYS,2016,31789.7,Sanitasi,BAB terbuka,Total,0.35
Malaysia,MYS,2016,31789.7,Sanitasi,Tersambung selokan,Total,75.98
Malaysia,MYS,2017,32355.6,Sanitasi,Dikelola aman,Total,82.09
Malaysia,MYS,2017,32355.6,Sanitasi,Minimal dasar,Perdesaan,95.03
Malaysia,MYS,2017,32355.6,Sanitasi,Minimal dasar,Perkotaan,95.93
Malaysia,MYS,2017,32355.6,Sanitasi,Minimal dasar,Total,95.71
Malaysia,MYS,2017,32355.6,Sanitasi,Terbatas,Perdesaan,4.08
Malaysia,MYS,2017,32355.6,Sanitasi,Terbatas,Perkotaan,3.94
Malaysia,MYS,2017,32355.6,Sanitasi,Terbatas,Total,3.97
Malaysia,MYS,2017,32355.6,Sanitasi,Tidak layak,Perdesaan,0.89
Malaysia,MYS,2017,32355.6,Sanitasi,Tidak layak,Perkotaan,0.04
Malaysia,MYS,2017,32355.6,Sanitasi,Tidak layak,Total,0.31
Malaysia,MYS,2017,32355.6,Sanitasi,BAB terbuka,Perkotaan,0.09
Malaysia,MYS,2017,32355.6,Sanitasi,Tersambung selokan,Total,76.93
Malaysia,MYS,2018,32911.0,Sanitasi,Dikelola aman,Total,82.72
Malaysia,MYS,2018,32911.0,Sanitasi,Minimal dasar,Perdesaan,95.29
Malaysia,MYS,2018,32911.0,Sanitasi,Minimal dasar,Perkotaan,95.97
Malaysia,MYS,2018,32911.0,Sanitasi,Minimal dasar,Total,95.81
Malaysia,MYS,2018,32911.0,Sanitasi,Terbatas,Perdesaan,4.09
Malaysia,MYS,2018,32911.0,Sanitasi,Terbatas,Perkotaan,3.94
Malaysia,MYS,2018,32911.0,Sanitasi,Terbatas,Total,3.98
Malaysia,MYS,2018,32911.0,Sanitasi,Tidak layak,Perdesaan,0.62
Malaysia,MYS,2018,32911.0,Sanitasi,Tidak layak,Perkotaan,0.0
Malaysia,MYS,2018,32911.0,Sanitasi,Tidak layak,Total,0.21
Malaysia,MYS,2018,32911.0,Sanitasi,BAB terbuka,Perkotaan,0.09
Malaysia,MYS,2018,32911.0,Sanitasi,Tersambung selokan,Total,77.89
Malaysia,MYS,2019,33440.6,Sanitasi,Dikelola aman,Total,83.41
Malaysia,MYS,2019,33440.6,Sanitasi,Minimal dasar,Perdesaan,95.54
Malaysia,MYS,2019,33440.6,Sanitasi,Minimal dasar,Perkotaan,96.06
Malaysia,MYS,2019,33440.6,Sanitasi,Minimal dasar,Total,95.94
Malaysia,MYS,2019,33440.6,Sanitasi,Terbatas,Perdesaan,4.1
Malaysia,MYS,2019,33440.6,Sanitasi,Terbatas,Perkotaan,3.94
Malaysia,MYS,2019,33440.6,Sanitasi,Terbatas,Total,3.98
Malaysia,MYS,2019,33440.6,Sanitasi,Tidak layak,Perdesaan,0.36
Malaysia,MYS,2019,33440.6,Sanitasi,Tidak layak,Perkotaan,0.0
Malaysia,MYS,2019,33440.6,Sanitasi,Tidak layak,Total,0.08
Malaysia,MYS,2019,33440.6,Sanitasi,BAB terbuka,Perkotaan,0.0
Malaysia,MYS,2019,33440.6,Sanitasi,Tersambung selokan,Total,78.84
Malaysia,MYS,2020,33889.6,Sanitasi,Dikelola aman,Total,84.07
Malaysia,MYS,2020,33889.6,Sanitasi,Minimal dasar,Perdesaan,95.79
Malaysia,MYS,2020,33889.6,Sanitasi,Minimal dasar,Perkotaan,96.06
Malaysia,MYS,2020,33889.6,Sanitasi,Minimal dasar,Total,96.0
Malaysia,MYS,2020,33889.6,Sanitasi,Terbatas,Perdesaan,4.12
Malaysia,MYS,2020,33889.6,Sanitasi,Terbatas,Perkotaan,3.94
Malaysia,MYS,2020,33889.6,Sanitasi,Terbatas,Total,3.98
Malaysia,MYS,2020,33889.6,Sanitasi,Tidak layak,Perdesaan,0.09
Malaysia,MYS,2020,33889.6,Sanitasi,Tidak layak,Perkotaan,0.0
Malaysia,MYS,2020,33889.6,Sanitasi,Tidak layak,Total,0.02
Malaysia,MYS,2020,33889.6,Sanitasi,BAB terbuka,Perkotaan,0.0
Malaysia,MYS,2020,33889.6,Sanitasi,Tersambung selokan,Total,79.8
Malaysia,MYS,2021,34282.4,Sanitasi,Dikelola aman,Total,84.72
Malaysia,MYS,2021,34282.4,Sanitasi,Minimal dasar,Perdesaan,95.88
Malaysia,MYS,2021,34282.4,Sanitasi,Minimal dasar,Perkotaan,96.06
Malaysia,MYS,2021,34282.4,Sanitasi,Minimal dasar,Total,96.02
Malaysia,MYS,2021,34282.4,Sanitasi,Terbatas,Perdesaan,4.12
Malaysia,MYS,2021,34282.4,Sanitasi,Terbatas,Perkotaan,3.94
Malaysia,MYS,2021,34282.4,Sanitasi,Terbatas,Total,3.98
Malaysia,MYS,2021,34282.4,Sanitasi,Tidak layak,Perdesaan,0.0
Malaysia,MYS,2021,34282.4,Sanitasi,Tidak layak,Perkotaan,0.0
Malaysia,MYS,2021,34282.4,Sanitasi,Tidak layak,Total,0.0
Malaysia,MYS,2021,34282.4,Sanitasi,BAB terbuka,Perkotaan,0.0
Malaysia,MYS,2021,34282.4,Sanitasi,Tersambung selokan,Total,80.75
Malaysia,MYS,2022,34695.5,Sanitasi,Dikelola aman,Total,85.37
Malaysia,MYS,2022,34695.5,Sanitasi,Minimal dasar,Perdesaan,95.88
Malaysia,MYS,2022,34695.5,Sanitasi,Minimal dasar,Perkotaan,96.06
Malaysia,MYS,2022,34695.5,Sanitasi,Minimal dasar,Total,96.02
Malaysia,MYS,2022,34695.5,Sanitasi,Terbatas,Perdesaan,4.12
Malaysia,MYS,2022,34695.5,Sanitasi,Terbatas,Perkotaan,3.94
Malaysia,MYS,2022,34695.5,Sanitasi,Terbatas,Total,3.98
Malaysia,MYS,2022,34695.5,Sanitasi,Tidak layak,Perdesaan,0.0
Malaysia,MYS,2022,34695.5,Sanitasi,Tidak layak,Perkotaan,0.0
Malaysia,MYS,2022,34695.5,Sanitasi,Tidak layak,Total,0.0
Malaysia,MYS,2022,34695.5,Sanitasi,BAB terbuka,Perkotaan,0.0
Malaysia,MYS,2022,34695.5,Sanitasi,Tersambung selokan,Total,81.71
Malaysia,MYS,2023,35126.3,Sanitasi,Dikelola aman,Total,85.58
Malaysia,MYS,2023,35126.3,Sanitasi,Minimal dasar,Perdesaan,95.88
Malaysia,MYS,2023,35126.3,Sanitasi,Minimal dasar,Perkotaan,96.06
Malaysia,MYS,2023,35126.3,Sanitasi,Minimal dasar,Total,96.02
Malaysia,MYS,2023,35126.3,Sanitasi,Terbatas,Perdesaan,4.12
Malaysia,MYS,2023,35126.3,Sanitasi,Terbatas,Perkotaan,3.94
Malaysia,MYS,2023,35126.3,Sanitasi,Terbatas,Total,3.98
Malaysia,MYS,2023,35126.3,Sanitasi,Tidak layak,Perdesaan,0.0
Malaysia,MYS,2023,35126.3,Sanitasi,Tidak layak,Perkotaan,0.0
Malaysia,MYS,2023,35126.3,Sanitasi,Tidak layak,Total,0.0
Malaysia,MYS,2023,35126.3,Sanitasi,BAB terbuka,Perkotaan,0.0
Malaysia,MYS,2023,35126.3,Sanitasi,Tersambung selokan,Total,81.71
Malaysia,MYS,2024,35557.7,Sanitasi,Dikelola aman,Total,85.79
Malaysia,MYS,2024,35557.7,Sanitasi,Minimal dasar,Perdesaan,95.88
Malaysia,MYS,2024,35557.7,Sanitasi,Minimal dasar,Perkotaan,96.06
Malaysia,MYS,2024,35557.7,Sanitasi,Minimal dasar,Total,96.02
Malaysia,MYS,2024,35557.7,Sanitasi,Terbatas,Perdesaan,4.12
Malaysia,MYS,2024,35557.7,Sanitasi,Terbatas,Perkotaan,3.94
Malaysia,MYS,2024,35557.7,Sanitasi,Terbatas,Total,3.98
Malaysia,MYS,2024,35557.7,Sanitasi,Tidak layak,Perdesaan,0.0
Malaysia,MYS,2024,35557.7,Sanitasi,Tidak layak,Perkotaan,0.0
Malaysia,MYS,2024,35557.7,Sanitasi,Tidak layak,Total,0.0
Malaysia,MYS,2024,35557.7,Sanitasi,BAB terbuka,Perkotaan,0.0
Malaysia,MYS,2024,35557.7,Sanitasi,Tersambung selokan,Total,81.71
Myanmar,MMR,2000,45290.8,Sanitasi,Dikelola aman,Perdesaan,55.42
Myanmar,MMR,2000,45290.8,Sanitasi,Dikelola aman,Perkotaan,66.39
Myanmar,MMR,2000,45290.8,Sanitasi,Dikelola aman,Total,58.38
Myanmar,MMR,2000,45290.8,Sanitasi,Minimal dasar,Perdesaan,57.62
Myanmar,MMR,2000,45290.8,Sanitasi,Minimal dasar,Perkotaan,79.23
Myanmar,MMR,2000,45290.8,Sanitasi,Minimal dasar,Total,63.46
Myanmar,MMR,2000,45290.8,Sanitasi,Terbatas,Perdesaan,8.59
Myanmar,MMR,2000,45290.8,Sanitasi,Terbatas,Perkotaan,11.6
Myanmar,MMR,2000,45290.8,Sanitasi,Terbatas,Total,9.4
Myanmar,MMR,2000,45290.8,Sanitasi,Tidak layak,Perdesaan,20.46
Myanmar,MMR,2000,45290.8,Sanitasi,Tidak layak,Perkotaan,7.75
Myanmar,MMR,2000,45290.8,Sanitasi,Tidak layak,Total,17.03
Myanmar,MMR,2000,45290.8,Sanitasi,BAB terbuka,Perdesaan,13.33
Myanmar,MMR,2000,45290.8,Sanitasi,BAB terbuka,Perkotaan,1.42
Myanmar,MMR,2000,45290.8,Sanitasi,BAB terbuka,Total,10.11
Myanmar,MMR,2000,45290.8,Sanitasi,Tersambung selokan,Perdesaan,0.22
Myanmar,MMR,2000,45290.8,Sanitasi,Tersambung selokan,Perkotaan,6.72
Myanmar,MMR,2000,45290.8,Sanitasi,Tersambung selokan,Total,1.97
Myanmar,MMR,2001,45771.1,Sanitasi,Dikelola aman,Perdesaan,56.06
Myanmar,MMR,2001,45771.1,Sanitasi,Dikelola aman,Perkotaan,66.59
Myanmar,MMR,2001,45771.1,Sanitasi,Dikelola aman,Total,58.92
Myanmar,MMR,2001,45771.1,Sanitasi,Minimal dasar,Perdesaan,58.28
Myanmar,MMR,2001,45771.1,Sanitasi,Minimal dasar,Perkotaan,79.36
Myanmar,MMR,2001,45771.1,Sanitasi,Minimal dasar,Total,64.01
Myanmar,MMR,2001,45771.1,Sanitasi,Terbatas,Perdesaan,8.68
Myanmar,MMR,2001,45771.1,Sanitasi,Terbatas,Perkotaan,11.62
Myanmar,MMR,2001,45771.1,Sanitasi,Terbatas,Total,9.48
Myanmar,MMR,2001,45771.1,Sanitasi,Tidak layak,Perdesaan,19.89
Myanmar,MMR,2001,45771.1,Sanitasi,Tidak layak,Perkotaan,7.63
Myanmar,MMR,2001,45771.1,Sanitasi,Tidak layak,Total,16.55
Myanmar,MMR,2001,45771.1,Sanitasi,BAB terbuka,Perdesaan,13.15
Myanmar,MMR,2001,45771.1,Sanitasi,BAB terbuka,Perkotaan,1.39
Myanmar,MMR,2001,45771.1,Sanitasi,BAB terbuka,Total,9.95
Myanmar,MMR,2001,45771.1,Sanitasi,Tersambung selokan,Perdesaan,0.23
Myanmar,MMR,2001,45771.1,Sanitasi,Tersambung selokan,Perkotaan,6.5
Myanmar,MMR,2001,45771.1,Sanitasi,Tersambung selokan,Total,1.93
Myanmar,MMR,2002,46232.7,Sanitasi,Dikelola aman,Perdesaan,56.7
Myanmar,MMR,2002,46232.7,Sanitasi,Dikelola aman,Perkotaan,65.99
Myanmar,MMR,2002,46232.7,Sanitasi,Dikelola aman,Total,59.24
Myanmar,MMR,2002,46232.7,Sanitasi,Minimal dasar,Perdesaan,58.93
Myanmar,MMR,2002,46232.7,Sanitasi,Minimal dasar,Perkotaan,79.5
Myanmar,MMR,2002,46232.7,Sanitasi,Minimal dasar,Total,64.57
Myanmar,MMR,2002,46232.7,Sanitasi,Terbatas,Perdesaan,8.78
Myanmar,MMR,2002,46232.7,Sanitasi,Terbatas,Perkotaan,11.64
Myanmar,MMR,2002,46232.7,Sanitasi,Terbatas,Total,9.57
Myanmar,MMR,2002,46232.7,Sanitasi,Tidak layak,Perdesaan,19.31
Myanmar,MMR,2002,46232.7,Sanitasi,Tidak layak,Perkotaan,7.5
Myanmar,MMR,2002,46232.7,Sanitasi,Tidak layak,Total,16.07
Myanmar,MMR,2002,46232.7,Sanitasi,BAB terbuka,Perdesaan,12.98
Myanmar,MMR,2002,46232.7,Sanitasi,BAB terbuka,Perkotaan,1.36
Myanmar,MMR,2002,46232.7,Sanitasi,BAB terbuka,Total,9.79
Myanmar,MMR,2002,46232.7,Sanitasi,Tersambung selokan,Perdesaan,0.23
Myanmar,MMR,2002,46232.7,Sanitasi,Tersambung selokan,Perkotaan,6.28
Myanmar,MMR,2002,46232.7,Sanitasi,Tersambung selokan,Total,1.89
Myanmar,MMR,2003,46667.2,Sanitasi,Dikelola aman,Perdesaan,57.34
Myanmar,MMR,2003,46667.2,Sanitasi,Dikelola aman,Perkotaan,65.38
Myanmar,MMR,2003,46667.2,Sanitasi,Dikelola aman,Total,59.56
Myanmar,MMR,2003,46667.2,Sanitasi,Minimal dasar,Perdesaan,59.59
Myanmar,MMR,2003,46667.2,Sanitasi,Minimal dasar,Perkotaan,79.63
Myanmar,MMR,2003,46667.2,Sanitasi,Minimal dasar,Total,65.12
Myanmar,MMR,2003,46667.2,Sanitasi,Terbatas,Perdesaan,8.88
Myanmar,MMR,2003,46667.2,Sanitasi,Terbatas,Perkotaan,11.66
Myanmar,MMR,2003,46667.2,Sanitasi,Terbatas,Total,9.65
Myanmar,MMR,2003,46667.2,Sanitasi,Tidak layak,Perdesaan,18.73
Myanmar,MMR,2003,46667.2,Sanitasi,Tidak layak,Perkotaan,7.37
Myanmar,MMR,2003,46667.2,Sanitasi,Tidak layak,Total,15.6
Myanmar,MMR,2003,46667.2,Sanitasi,BAB terbuka,Perdesaan,12.8
Myanmar,MMR,2003,46667.2,Sanitasi,BAB terbuka,Perkotaan,1.33
Myanmar,MMR,2003,46667.2,Sanitasi,BAB terbuka,Total,9.64
Myanmar,MMR,2003,46667.2,Sanitasi,Tersambung selokan,Perdesaan,0.24
Myanmar,MMR,2003,46667.2,Sanitasi,Tersambung selokan,Perkotaan,6.06
Myanmar,MMR,2003,46667.2,Sanitasi,Tersambung selokan,Total,1.84
Myanmar,MMR,2004,47068.8,Sanitasi,Dikelola aman,Perdesaan,57.98
Myanmar,MMR,2004,47068.8,Sanitasi,Dikelola aman,Perkotaan,64.78
Myanmar,MMR,2004,47068.8,Sanitasi,Dikelola aman,Total,59.86
Myanmar,MMR,2004,47068.8,Sanitasi,Minimal dasar,Perdesaan,60.24
Myanmar,MMR,2004,47068.8,Sanitasi,Minimal dasar,Perkotaan,79.77
Myanmar,MMR,2004,47068.8,Sanitasi,Minimal dasar,Total,65.67
Myanmar,MMR,2004,47068.8,Sanitasi,Terbatas,Perdesaan,8.98
Myanmar,MMR,2004,47068.8,Sanitasi,Terbatas,Perkotaan,11.68
Myanmar,MMR,2004,47068.8,Sanitasi,Terbatas,Total,9.73
Myanmar,MMR,2004,47068.8,Sanitasi,Tidak layak,Perdesaan,18.16
Myanmar,MMR,2004,47068.8,Sanitasi,Tidak layak,Perkotaan,7.25
Myanmar,MMR,2004,47068.8,Sanitasi,Tidak layak,Total,15.13
Myanmar,MMR,2004,47068.8,Sanitasi,BAB terbuka,Perdesaan,12.62
Myanmar,MMR,2004,47068.8,Sanitasi,BAB terbuka,Perkotaan,1.3
Myanmar,MMR,2004,47068.8,Sanitasi,BAB terbuka,Total,9.48
Myanmar,MMR,2004,47068.8,Sanitasi,Tersambung selokan,Perdesaan,0.25
Myanmar,MMR,2004,47068.8,Sanitasi,Tersambung selokan,Perkotaan,5.84
Myanmar,MMR,2004,47068.8,Sanitasi,Tersambung selokan,Total,1.8
Myanmar,MMR,2005,47438.4,Sanitasi,Dikelola aman,Perdesaan,58.62
Myanmar,MMR,2005,47438.4,Sanitasi,Dikelola aman,Perkotaan,64.17
Myanmar,MMR,2005,47438.4,Sanitasi,Dikelola aman,Total,60.17
Myanmar,MMR,2005,47438.4,Sanitasi,Minimal dasar,Perdesaan,60.9
Myanmar,MMR,2005,47438.4,Sanitasi,Minimal dasar,Perkotaan,79.91
Myanmar,MMR,2005,47438.4,Sanitasi,Minimal dasar,Total,66.21
Myanmar,MMR,2005,47438.4,Sanitasi,Terbatas,Perdesaan,9.08
Myanmar,MMR,2005,47438.4,Sanitasi,Terbatas,Perkotaan,11.7
Myanmar,MMR,2005,47438.4,Sanitasi,Terbatas,Total,9.81
Myanmar,MMR,2005,47438.4,Sanitasi,Tidak layak,Perdesaan,17.58
Myanmar,MMR,2005,47438.4,Sanitasi,Tidak layak,Perkotaan,7.12
Myanmar,MMR,2005,47438.4,Sanitasi,Tidak layak,Total,14.66
Myanmar,MMR,2005,47438.4,Sanitasi,BAB terbuka,Perdesaan,12.44
Myanmar,MMR,2005,47438.4,Sanitasi,BAB terbuka,Perkotaan,1.27
Myanmar,MMR,2005,47438.4,Sanitasi,BAB terbuka,Total,9.32
Myanmar,MMR,2005,47438.4,Sanitasi,Tersambung selokan,Perdesaan,0.25
Myanmar,MMR,2005,47438.4,Sanitasi,Tersambung selokan,Perkotaan,5.61
Myanmar,MMR,2005,47438.4,Sanitasi,Tersambung selokan,Total,1.75
Myanmar,MMR,2006,47785.1,Sanitasi,Dikelola aman,Perdesaan,59.26
Myanmar,MMR,2006,47785.1,Sanitasi,Dikelola aman,Perkotaan,63.57
Myanmar,MMR,2006,47785.1,Sanitasi,Dikelola aman,Total,60.47
Myanmar,MMR,2006,47785.1,Sanitasi,Minimal dasar,Perdesaan,61.56
Myanmar,MMR,2006,47785.1,Sanitasi,Minimal dasar,Perkotaan,80.04
Myanmar,MMR,2006,47785.1,Sanitasi,Minimal dasar,Total,66.76
Myanmar,MMR,2006,47785.1,Sanitasi,Terbatas,Perdesaan,9.17
Myanmar,MMR,2006,47785.1,Sanitasi,Terbatas,Perkotaan,11.72
Myanmar,MMR,2006,47785.1,Sanitasi,Terbatas,Total,9.89
Myanmar,MMR,2006,47785.1,Sanitasi,Tidak layak,Perdesaan,17.0
Myanmar,MMR,2006,47785.1,Sanitasi,Tidak layak,Perkotaan,6.99
Myanmar,MMR,2006,47785.1,Sanitasi,Tidak layak,Total,14.19
Myanmar,MMR,2006,47785.1,Sanitasi,BAB terbuka,Perdesaan,12.27
Myanmar,MMR,2006,47785.1,Sanitasi,BAB terbuka,Perkotaan,1.25
Myanmar,MMR,2006,47785.1,Sanitasi,BAB terbuka,Total,9.17
Myanmar,MMR,2006,47785.1,Sanitasi,Tersambung selokan,Perdesaan,0.26
Myanmar,MMR,2006,47785.1,Sanitasi,Tersambung selokan,Perkotaan,5.39
Myanmar,MMR,2006,47785.1,Sanitasi,Tersambung selokan,Total,1.7
Myanmar,MMR,2007,48125.0,Sanitasi,Dikelola aman,Perdesaan,59.9
Myanmar,MMR,2007,48125.0,Sanitasi,Dikelola aman,Perkotaan,62.97
Myanmar,MMR,2007,48125.0,Sanitasi,Dikelola aman,Total,60.76
Myanmar,MMR,2007,48125.0,Sanitasi,Minimal dasar,Perdesaan,62.21
Myanmar,MMR,2007,48125.0,Sanitasi,Minimal dasar,Perkotaan,80.18
Myanmar,MMR,2007,48125.0,Sanitasi,Minimal dasar,Total,67.3
Myanmar,MMR,2007,48125.0,Sanitasi,Terbatas,Perdesaan,9.27
Myanmar,MMR,2007,48125.0,Sanitasi,Terbatas,Perkotaan,11.74
Myanmar,MMR,2007,48125.0,Sanitasi,Terbatas,Total,9.97
Myanmar,MMR,2007,48125.0,Sanitasi,Tidak layak,Perdesaan,16.43
Myanmar,MMR,2007,48125.0,Sanitasi,Tidak layak,Perkotaan,6.87
Myanmar,MMR,2007,48125.0,Sanitasi,Tidak layak,Total,13.72
Myanmar,MMR,2007,48125.0,Sanitasi,BAB terbuka,Perdesaan,12.09
Myanmar,MMR,2007,48125.0,Sanitasi,BAB terbuka,Perkotaan,1.22
Myanmar,MMR,2007,48125.0,Sanitasi,BAB terbuka,Total,9.01
Myanmar,MMR,2007,48125.0,Sanitasi,Tersambung selokan,Perdesaan,0.27
Myanmar,MMR,2007,48125.0,Sanitasi,Tersambung selokan,Perkotaan,5.17
Myanmar,MMR,2007,48125.0,Sanitasi,Tersambung selokan,Total,1.66
Myanmar,MMR,2008,48390.8,Sanitasi,Dikelola aman,Perdesaan,60.54
Myanmar,MMR,2008,48390.8,Sanitasi,Dikelola aman,Perkotaan,62.36
Myanmar,MMR,2008,48390.8,Sanitasi,Dikelola aman,Total,61.06
Myanmar,MMR,2008,48390.8,Sanitasi,Minimal dasar,Perdesaan,62.87
Myanmar,MMR,2008,48390.8,Sanitasi,Minimal dasar,Perkotaan,80.31
Myanmar,MMR,2008,48390.8,Sanitasi,Minimal dasar,Total,67.84
Myanmar,MMR,2008,48390.8,Sanitasi,Terbatas,Perdesaan,9.37
Myanmar,MMR,2008,48390.8,Sanitasi,Terbatas,Perkotaan,11.76
Myanmar,MMR,2008,48390.8,Sanitasi,Terbatas,Total,10.05
Myanmar,MMR,2008,48390.8,Sanitasi,Tidak layak,Perdesaan,15.85
Myanmar,MMR,2008,48390.8,Sanitasi,Tidak layak,Perkotaan,6.74
Myanmar,MMR,2008,48390.8,Sanitasi,Tidak layak,Total,13.25
Myanmar,MMR,2008,48390.8,Sanitasi,BAB terbuka,Perdesaan,11.91
Myanmar,MMR,2008,48390.8,Sanitasi,BAB terbuka,Perkotaan,1.19
Myanmar,MMR,2008,48390.8,Sanitasi,BAB terbuka,Total,8.85
Myanmar,MMR,2008,48390.8,Sanitasi,Tersambung selokan,Perdesaan,0.27
Myanmar,MMR,2008,48390.8,Sanitasi,Tersambung selokan,Perkotaan,4.95
Myanmar,MMR,2008,48390.8,Sanitasi,Tersambung selokan,Total,1.61
Myanmar,MMR,2009,48660.5,Sanitasi,Dikelola aman,Perdesaan,60.82
Myanmar,MMR,2009,48660.5,Sanitasi,Dikelola aman,Perkotaan,61.6
Myanmar,MMR,2009,48660.5,Sanitasi,Dikelola aman,Total,61.05
Myanmar,MMR,2009,48660.5,Sanitasi,Minimal dasar,Perdesaan,63.55
Myanmar,MMR,2009,48660.5,Sanitasi,Minimal dasar,Perkotaan,80.24
Myanmar,MMR,2009,48660.5,Sanitasi,Minimal dasar,Total,68.34
Myanmar,MMR,2009,48660.5,Sanitasi,Terbatas,Perdesaan,9.45
Myanmar,MMR,2009,48660.5,Sanitasi,Terbatas,Perkotaan,11.99
Myanmar,MMR,2009,48660.5,Sanitasi,Terbatas,Total,10.17
Myanmar,MMR,2009,48660.5,Sanitasi,Tidak layak,Perdesaan,15.27
Myanmar,MMR,2009,48660.5,Sanitasi,Tidak layak,Perkotaan,6.61
Myanmar,MMR,2009,48660.5,Sanitasi,Tidak layak,Total,12.79
Myanmar,MMR,2009,48660.5,Sanitasi,BAB terbuka,Perdesaan,11.73
Myanmar,MMR,2009,48660.5,Sanitasi,BAB terbuka,Perkotaan,1.16
Myanmar,MMR,2009,48660.5,Sanitasi,BAB terbuka,Total,8.7
Myanmar,MMR,2009,48660.5,Sanitasi,Tersambung selokan,Perdesaan,0.28
Myanmar,MMR,2009,48660.5,Sanitasi,Tersambung selokan,Perkotaan,4.73
Myanmar,MMR,2009,48660.5,Sanitasi,Tersambung selokan,Total,1.56
Myanmar,MMR,2010,49024.4,Sanitasi,Dikelola aman,Perdesaan,61.11
Myanmar,MMR,2010,49024.4,Sanitasi,Dikelola aman,Perkotaan,60.84
Myanmar,MMR,2010,49024.4,Sanitasi,Dikelola aman,Total,61.03
Myanmar,MMR,2010,49024.4,Sanitasi,Minimal dasar,Perdesaan,64.22
Myanmar,MMR,2010,49024.4,Sanitasi,Minimal dasar,Perkotaan,80.17
Myanmar,MMR,2010,49024.4,Sanitasi,Minimal dasar,Total,68.83
Myanmar,MMR,2010,49024.4,Sanitasi,Terbatas,Perdesaan,9.52
Myanmar,MMR,2010,49024.4,Sanitasi,Terbatas,Perkotaan,12.21
Myanmar,MMR,2010,49024.4,Sanitasi,Terbatas,Total,10.3
Myanmar,MMR,2010,49024.4,Sanitasi,Tidak layak,Perdesaan,14.7
Myanmar,MMR,2010,49024.4,Sanitasi,Tidak layak,Perkotaan,6.49
Myanmar,MMR,2010,49024.4,Sanitasi,Tidak layak,Total,12.33
Myanmar,MMR,2010,49024.4,Sanitasi,BAB terbuka,Perdesaan,11.56
Myanmar,MMR,2010,49024.4,Sanitasi,BAB terbuka,Perkotaan,1.13
Myanmar,MMR,2010,49024.4,Sanitasi,BAB terbuka,Total,8.54
Myanmar,MMR,2010,49024.4,Sanitasi,Tersambung selokan,Perdesaan,0.29
Myanmar,MMR,2010,49024.4,Sanitasi,Tersambung selokan,Perkotaan,4.51
Myanmar,MMR,2010,49024.4,Sanitasi,Tersambung selokan,Total,1.51
Myanmar,MMR,2011,49419.8,Sanitasi,Dikelola aman,Perdesaan,61.4
Myanmar,MMR,2011,49419.8,Sanitasi,Dikelola aman,Perkotaan,60.08
Myanmar,MMR,2011,49419.8,Sanitasi,Dikelola aman,Total,61.02
Myanmar,MMR,2011,49419.8,Sanitasi,Minimal dasar,Perdesaan,64.9
Myanmar,MMR,2011,49419.8,Sanitasi,Minimal dasar,Perkotaan,80.1
Myanmar,MMR,2011,49419.8,Sanitasi,Minimal dasar,Total,69.32
Myanmar,MMR,2011,49419.8,Sanitasi,Terbatas,Perdesaan,9.6
Myanmar,MMR,2011,49419.8,Sanitasi,Terbatas,Perkotaan,12.44
Myanmar,MMR,2011,49419.8,Sanitasi,Terbatas,Total,10.42
Myanmar,MMR,2011,49419.8,Sanitasi,Tidak layak,Perdesaan,14.12
Myanmar,MMR,2011,49419.8,Sanitasi,Tidak layak,Perkotaan,6.36
Myanmar,MMR,2011,49419.8,Sanitasi,Tidak layak,Total,11.87
Myanmar,MMR,2011,49419.8,Sanitasi,BAB terbuka,Perdesaan,11.38
Myanmar,MMR,2011,49419.8,Sanitasi,BAB terbuka,Perkotaan,1.1
Myanmar,MMR,2011,49419.8,Sanitasi,BAB terbuka,Total,8.39
Myanmar,MMR,2011,49419.8,Sanitasi,Tersambung selokan,Perdesaan,0.29
Myanmar,MMR,2011,49419.8,Sanitasi,Tersambung selokan,Perkotaan,4.29
Myanmar,MMR,2011,49419.8,Sanitasi,Tersambung selokan,Total,1.46
Myanmar,MMR,2012,49837.4,Sanitasi,Dikelola aman,Perdesaan,61.69
Myanmar,MMR,2012,49837.4,Sanitasi,Dikelola aman,Perkotaan,59.33
Myanmar,MMR,2012,49837.4,Sanitasi,Dikelola aman,Total,61.0
Myanmar,MMR,2012,49837.4,Sanitasi,Minimal dasar,Perdesaan,65.58
Myanmar,MMR,2012,49837.4,Sanitasi,Minimal dasar,Perkotaan,80.02
Myanmar,MMR,2012,49837.4,Sanitasi,Minimal dasar,Total,69.81
Myanmar,MMR,2012,49837.4,Sanitasi,Terbatas,Perdesaan,9.67
Myanmar,MMR,2012,49837.4,Sanitasi,Terbatas,Perkotaan,12.67
Myanmar,MMR,2012,49837.4,Sanitasi,Terbatas,Total,10.55
Myanmar,MMR,2012,49837.4,Sanitasi,Tidak layak,Perdesaan,13.55
Myanmar,MMR,2012,49837.4,Sanitasi,Tidak layak,Perkotaan,6.24
Myanmar,MMR,2012,49837.4,Sanitasi,Tidak layak,Total,11.41
Myanmar,MMR,2012,49837.4,Sanitasi,BAB terbuka,Perdesaan,11.2
Myanmar,MMR,2012,49837.4,Sanitasi,BAB terbuka,Perkotaan,1.07
Myanmar,MMR,2012,49837.4,Sanitasi,BAB terbuka,Total,8.24
Myanmar,MMR,2012,49837.4,Sanitasi,Tersambung selokan,Perdesaan,0.3
Myanmar,MMR,2012,49837.4,Sanitasi,Tersambung selokan,Perkotaan,4.07
Myanmar,MMR,2012,49837.4,Sanitasi,Tersambung selokan,Total,1.4
Myanmar,MMR,2013,50262.7,Sanitasi,Dikelola aman,Perdesaan,61.98
Myanmar,MMR,2013,50262.7,Sanitasi,Dikelola aman,Perkotaan,58.58
Myanmar,MMR,2013,50262.7,Sanitasi,Dikelola aman,Total,60.98
Myanmar,MMR,2013,50262.7,Sanitasi,Minimal dasar,Perdesaan,66.26
Myanmar,MMR,2013,50262.7,Sanitasi,Minimal dasar,Perkotaan,79.95
Myanmar,MMR,2013,50262.7,Sanitasi,Minimal dasar,Total,70.29
Myanmar,MMR,2013,50262.7,Sanitasi,Terbatas,Perdesaan,9.75
Myanmar,MMR,2013,50262.7,Sanitasi,Terbatas,Perkotaan,12.9
Myanmar,MMR,2013,50262.7,Sanitasi,Terbatas,Total,10.68
Myanmar,MMR,2013,50262.7,Sanitasi,Tidak layak,Perdesaan,12.97
Myanmar,MMR,2013,50262.7,Sanitasi,Tidak layak,Perkotaan,6.11
Myanmar,MMR,2013,50262.7,Sanitasi,Tidak layak,Total,10.95
Myanmar,MMR,2013,50262.7,Sanitasi,BAB terbuka,Perdesaan,11.02
Myanmar,MMR,2013,50262.7,Sanitasi,BAB terbuka,Perkotaan,1.04
Myanmar,MMR,2013,50262.7,Sanitasi,BAB terbuka,Total,8.08
Myanmar,MMR,2013,50262.7,Sanitasi,Tersambung selokan,Perdesaan,0.31
Myanmar,MMR,2013,50262.7,Sanitasi,Tersambung selokan,Perkotaan,3.85
Myanmar,MMR,2013,50262.7,Sanitasi,Tersambung selokan,Total,1.35
Myanmar,MMR,2014,50681.6,Sanitasi,Dikelola aman,Perdesaan,62.27
Myanmar,MMR,2014,50681.6,Sanitasi,Dikelola aman,Perkotaan,57.83
Myanmar,MMR,2014,50681.6,Sanitasi,Dikelola aman,Total,60.96
Myanmar,MMR,2014,50681.6,Sanitasi,Minimal dasar,Perdesaan,66.94
Myanmar,MMR,2014,50681.6,Sanitasi,Minimal dasar,Perkotaan,79.88
Myanmar,MMR,2014,50681.6,Sanitasi,Minimal dasar,Total,70.77
Myanmar,MMR,2014,50681.6,Sanitasi,Terbatas,Perdesaan,9.82
Myanmar,MMR,2014,50681.6,Sanitasi,Terbatas,Perkotaan,13.12
Myanmar,MMR,2014,50681.6,Sanitasi,Terbatas,Total,10.8
Myanmar,MMR,2014,50681.6,Sanitasi,Tidak layak,Perdesaan,12.39
Myanmar,MMR,2014,50681.6,Sanitasi,Tidak layak,Perkotaan,5.98
Myanmar,MMR,2014,50681.6,Sanitasi,Tidak layak,Total,10.49
Myanmar,MMR,2014,50681.6,Sanitasi,BAB terbuka,Perdesaan,10.84
Myanmar,MMR,2014,50681.6,Sanitasi,BAB terbuka,Perkotaan,1.01
Myanmar,MMR,2014,50681.6,Sanitasi,BAB terbuka,Total,7.93
Myanmar,MMR,2014,50681.6,Sanitasi,Tersambung selokan,Perdesaan,0.31
Myanmar,MMR,2014,50681.6,Sanitasi,Tersambung selokan,Perkotaan,3.63
Myanmar,MMR,2014,50681.6,Sanitasi,Tersambung selokan,Total,1.3
Myanmar,MMR,2015,51089.1,Sanitasi,Dikelola aman,Perdesaan,62.56
Myanmar,MMR,2015,51089.1,Sanitasi,Dikelola aman,Perkotaan,57.09
Myanmar,MMR,2015,51089.1,Sanitasi,Dikelola aman,Total,60.93
Myanmar,MMR,2015,51089.1,Sanitasi,Minimal dasar,Perdesaan,67.62
Myanmar,MMR,2015,51089.1,Sanitasi,Minimal dasar,Perkotaan,79.8
Myanmar,MMR,2015,51089.1,Sanitasi,Minimal dasar,Total,71.26
Myanmar,MMR,2015,51089.1,Sanitasi,Terbatas,Perdesaan,9.9
Myanmar,MMR,2015,51089.1,Sanitasi,Terbatas,Perkotaan,13.35
Myanmar,MMR,2015,51089.1,Sanitasi,Terbatas,Total,10.93
Myanmar,MMR,2015,51089.1,Sanitasi,Tidak layak,Perdesaan,11.82
Myanmar,MMR,2015,51089.1,Sanitasi,Tidak layak,Perkotaan,5.86
Myanmar,MMR,2015,51089.1,Sanitasi,Tidak layak,Total,10.04
Myanmar,MMR,2015,51089.1,Sanitasi,BAB terbuka,Perdesaan,10.67
Myanmar,MMR,2015,51089.1,Sanitasi,BAB terbuka,Perkotaan,0.99
Myanmar,MMR,2015,51089.1,Sanitasi,BAB terbuka,Total,7.78
Myanmar,MMR,2015,51089.1,Sanitasi,Tersambung selokan,Perdesaan,0.32
Myanmar,MMR,2015,51089.1,Sanitasi,Tersambung selokan,Perkotaan,3.41
Myanmar,MMR,2015,51089.1,Sanitasi,Tersambung selokan,Total,1.24
Myanmar,MMR,2016,51495.7,Sanitasi,Dikelola aman,Perdesaan,62.85
Myanmar,MMR,2016,51495.7,Sanitasi,Dikelola aman,Perkotaan,56.35
Myanmar,MMR,2016,51495.7,Sanitasi,Dikelola aman,Total,60.9
Myanmar,MMR,2016,51495.7,Sanitasi,Minimal dasar,Perdesaan,68.3
Myanmar,MMR,2016,51495.7,Sanitasi,Minimal dasar,Perkotaan,79.73
Myanmar,MMR,2016,51495.7,Sanitasi,Minimal dasar,Total,71.74
Myanmar,MMR,2016,51495.7,Sanitasi,Terbatas,Perdesaan,9.97
Myanmar,MMR,2016,51495.7,Sanitasi,Terbatas,Perkotaan,13.59
Myanmar,MMR,2016,51495.7,Sanitasi,Terbatas,Total,11.06
Myanmar,MMR,2016,51495.7,Sanitasi,Tidak layak,Perdesaan,11.24
Myanmar,MMR,2016,51495.7,Sanitasi,Tidak layak,Perkotaan,5.73
Myanmar,MMR,2016,51495.7,Sanitasi,Tidak layak,Total,9.58
Myanmar,MMR,2016,51495.7,Sanitasi,BAB terbuka,Perdesaan,10.49
Myanmar,MMR,2016,51495.7,Sanitasi,BAB terbuka,Perkotaan,0.96
Myanmar,MMR,2016,51495.7,Sanitasi,BAB terbuka,Total,7.62
Myanmar,MMR,2016,51495.7,Sanitasi,Tersambung selokan,Perdesaan,0.33
Myanmar,MMR,2016,51495.7,Sanitasi,Tersambung selokan,Perkotaan,3.19
Myanmar,MMR,2016,51495.7,Sanitasi,Tersambung selokan,Total,1.19
Myanmar,MMR,2017,51894.9,Sanitasi,Dikelola aman,Perdesaan,63.14
Myanmar,MMR,2017,51894.9,Sanitasi,Dikelola aman,Perkotaan,55.61
Myanmar,MMR,2017,51894.9,Sanitasi,Dikelola aman,Total,60.86
Myanmar,MMR,2017,51894.9,Sanitasi,Minimal dasar,Perdesaan,68.98
Myanmar,MMR,2017,51894.9,Sanitasi,Minimal dasar,Perkotaan,79.65
Myanmar,MMR,2017,51894.9,Sanitasi,Minimal dasar,Total,72.21
Myanmar,MMR,2017,51894.9,Sanitasi,Terbatas,Perdesaan,10.05
Myanmar,MMR,2017,51894.9,Sanitasi,Terbatas,Perkotaan,13.82
Myanmar,MMR,2017,51894.9,Sanitasi,Terbatas,Total,11.19
Myanmar,MMR,2017,51894.9,Sanitasi,Tidak layak,Perdesaan,10.66
Myanmar,MMR,2017,51894.9,Sanitasi,Tidak layak,Perkotaan,5.6
Myanmar,MMR,2017,51894.9,Sanitasi,Tidak layak,Total,9.13
Myanmar,MMR,2017,51894.9,Sanitasi,BAB terbuka,Perdesaan,10.31
Myanmar,MMR,2017,51894.9,Sanitasi,BAB terbuka,Perkotaan,0.93
Myanmar,MMR,2017,51894.9,Sanitasi,BAB terbuka,Total,7.47
Myanmar,MMR,2017,51894.9,Sanitasi,Tersambung selokan,Perdesaan,0.33
Myanmar,MMR,2017,51894.9,Sanitasi,Tersambung selokan,Perkotaan,2.97
Myanmar,MMR,2017,51894.9,Sanitasi,Tersambung selokan,Total,1.13
Myanmar,MMR,2018,52272.2,Sanitasi,Dikelola aman,Perdesaan,63.43
Myanmar,MMR,2018,52272.2,Sanitasi,Dikelola aman,Perkotaan,54.87
Myanmar,MMR,2018,52272.2,Sanitasi,Dikelola aman,Total,60.82
Myanmar,MMR,2018,52272.2,Sanitasi,Minimal dasar,Perdesaan,69.66
Myanmar,MMR,2018,52272.2,Sanitasi,Minimal dasar,Perkotaan,79.57
Myanmar,MMR,2018,52272.2,Sanitasi,Minimal dasar,Total,72.69
Myanmar,MMR,2018,52272.2,Sanitasi,Terbatas,Perdesaan,10.12
Myanmar,MMR,2018,52272.2,Sanitasi,Terbatas,Perkotaan,14.05
Myanmar,MMR,2018,52272.2,Sanitasi,Terbatas,Total,11.32
Myanmar,MMR,2018,52272.2,Sanitasi,Tidak layak,Perdesaan,10.09
Myanmar,MMR,2018,52272.2,Sanitasi,Tidak layak,Perkotaan,5.48
Myanmar,MMR,2018,52272.2,Sanitasi,Tidak layak,Total,8.68
Myanmar,MMR,2018,52272.2,Sanitasi,BAB terbuka,Perdesaan,10.13
Myanmar,MMR,2018,52272.2,Sanitasi,BAB terbuka,Perkotaan,0.9
Myanmar,MMR,2018,52272.2,Sanitasi,BAB terbuka,Total,7.31
Myanmar,MMR,2018,52272.2,Sanitasi,Tersambung selokan,Perdesaan,0.34
Myanmar,MMR,2018,52272.2,Sanitasi,Tersambung selokan,Perkotaan,2.75
Myanmar,MMR,2018,52272.2,Sanitasi,Tersambung selokan,Total,1.08
Myanmar,MMR,2019,52640.7,Sanitasi,Dikelola aman,Perdesaan,63.72
Myanmar,MMR,2019,52640.7,Sanitasi,Dikelola aman,Perkotaan,54.14
Myanmar,MMR,2019,52640.7,Sanitasi,Dikelola aman,Total,60.77
Myanmar,MMR,2019,52640.7,Sanitasi,Minimal dasar,Perdesaan,70.34
Myanmar,MMR,2019,52640.7,Sanitasi,Minimal dasar,Perkotaan,79.5
Myanmar,MMR,2019,52640.7,Sanitasi,Minimal dasar,Total,73.17
Myanmar,MMR,2019,52640.7,Sanitasi,Terbatas,Perdesaan,10.19
Myanmar,MMR,2019,52640.7,Sanitasi,Terbatas,Perkotaan,14.28
Myanmar,MMR,2019,52640.7,Sanitasi,Terbatas,Total,11.45
Myanmar,MMR,2019,52640.7,Sanitasi,Tidak layak,Perdesaan,9.51
Myanmar,MMR,2019,52640.7,Sanitasi,Tidak layak,Perkotaan,5.35
Myanmar,MMR,2019,52640.7,Sanitasi,Tidak layak,Total,8.23
Myanmar,MMR,2019,52640.7,Sanitasi,BAB terbuka,Perdesaan,9.96
Myanmar,MMR,2019,52640.7,Sanitasi,BAB terbuka,Perkotaan,0.87
Myanmar,MMR,2019,52640.7,Sanitasi,BAB terbuka,Total,7.15
Myanmar,MMR,2019,52640.7,Sanitasi,Tersambung selokan,Perdesaan,0.35
Myanmar,MMR,2019,52640.7,Sanitasi,Tersambung selokan,Perkotaan,2.53
Myanmar,MMR,2019,52640.7,Sanitasi,Tersambung selokan,Total,1.02
Myanmar,MMR,2020,53016.5,Sanitasi,Dikelola aman,Perdesaan,64.01
Myanmar,MMR,2020,53016.5,Sanitasi,Dikelola aman,Perkotaan,53.41
Myanmar,MMR,2020,53016.5,Sanitasi,Dikelola aman,Total,60.71
Myanmar,MMR,2020,53016.5,Sanitasi,Minimal dasar,Perdesaan,71.02
Myanmar,MMR,2020,53016.5,Sanitasi,Minimal dasar,Perkotaan,79.42
Myanmar,MMR,2020,53016.5,Sanitasi,Minimal dasar,Total,73.64
Myanmar,MMR,2020,53016.5,Sanitasi,Terbatas,Perdesaan,10.26
Myanmar,MMR,2020,53016.5,Sanitasi,Terbatas,Perkotaan,14.51
Myanmar,MMR,2020,53016.5,Sanitasi,Terbatas,Total,11.59
Myanmar,MMR,2020,53016.5,Sanitasi,Tidak layak,Perdesaan,8.93
Myanmar,MMR,2020,53016.5,Sanitasi,Tidak layak,Perkotaan,5.23
Myanmar,MMR,2020,53016.5,Sanitasi,Tidak layak,Total,7.78
Myanmar,MMR,2020,53016.5,Sanitasi,BAB terbuka,Perdesaan,9.78
Myanmar,MMR,2020,53016.5,Sanitasi,BAB terbuka,Perkotaan,0.84
Myanmar,MMR,2020,53016.5,Sanitasi,BAB terbuka,Total,7.0
Myanmar,MMR,2020,53016.5,Sanitasi,Tersambung selokan,Perdesaan,0.35
Myanmar,MMR,2020,53016.5,Sanitasi,Tersambung selokan,Perkotaan,2.31
Myanmar,MMR,2020,53016.5,Sanitasi,Tersambung selokan,Total,0.96
Myanmar,MMR,2021,53387.1,Sanitasi,Dikelola aman,Perdesaan,64.31
Myanmar,MMR,2021,53387.1,Sanitasi,Dikelola aman,Perkotaan,52.69
Myanmar,MMR,2021,53387.1,Sanitasi,Dikelola aman,Total,60.65
Myanmar,MMR,2021,53387.1,Sanitasi,Minimal dasar,Perdesaan,71.7
Myanmar,MMR,2021,53387.1,Sanitasi,Minimal dasar,Perkotaan,79.34
Myanmar,MMR,2021,53387.1,Sanitasi,Minimal dasar,Total,74.11
Myanmar,MMR,2021,53387.1,Sanitasi,Terbatas,Perdesaan,10.34
Myanmar,MMR,2021,53387.1,Sanitasi,Terbatas,Perkotaan,14.75
Myanmar,MMR,2021,53387.1,Sanitasi,Terbatas,Total,11.72
Myanmar,MMR,2021,53387.1,Sanitasi,Tidak layak,Perdesaan,8.36
Myanmar,MMR,2021,53387.1,Sanitasi,Tidak layak,Perkotaan,5.1
Myanmar,MMR,2021,53387.1,Sanitasi,Tidak layak,Total,7.33
Myanmar,MMR,2021,53387.1,Sanitasi,BAB terbuka,Perdesaan,9.6
Myanmar,MMR,2021,53387.1,Sanitasi,BAB terbuka,Perkotaan,0.81
Myanmar,MMR,2021,53387.1,Sanitasi,BAB terbuka,Total,6.84
Myanmar,MMR,2021,53387.1,Sanitasi,Tersambung selokan,Perdesaan,0.36
Myanmar,MMR,2021,53387.1,Sanitasi,Tersambung selokan,Perkotaan,2.09
Myanmar,MMR,2021,53387.1,Sanitasi,Tersambung selokan,Total,0.9
Myanmar,MMR,2022,53756.8,Sanitasi,Dikelola aman,Perdesaan,64.31
Myanmar,MMR,2022,53756.8,Sanitasi,Dikelola aman,Perkotaan,52.69
Myanmar,MMR,2022,53756.8,Sanitasi,Dikelola aman,Total,60.61
Myanmar,MMR,2022,53756.8,Sanitasi,Minimal dasar,Perdesaan,71.7
Myanmar,MMR,2022,53756.8,Sanitasi,Minimal dasar,Perkotaan,79.34
Myanmar,MMR,2022,53756.8,Sanitasi,Minimal dasar,Total,74.13
Myanmar,MMR,2022,53756.8,Sanitasi,Terbatas,Perdesaan,10.34
Myanmar,MMR,2022,53756.8,Sanitasi,Terbatas,Perkotaan,14.75
Myanmar,MMR,2022,53756.8,Sanitasi,Terbatas,Total,11.74
Myanmar,MMR,2022,53756.8,Sanitasi,Tidak layak,Perdesaan,8.36
Myanmar,MMR,2022,53756.8,Sanitasi,Tidak layak,Perkotaan,5.1
Myanmar,MMR,2022,53756.8,Sanitasi,Tidak layak,Total,7.32
Myanmar,MMR,2022,53756.8,Sanitasi,BAB terbuka,Perdesaan,9.6
Myanmar,MMR,2022,53756.8,Sanitasi,BAB terbuka,Perkotaan,0.81
Myanmar,MMR,2022,53756.8,Sanitasi,BAB terbuka,Total,6.81
Myanmar,MMR,2022,53756.8,Sanitasi,Tersambung selokan,Perdesaan,0.36
Myanmar,MMR,2022,53756.8,Sanitasi,Tersambung selokan,Perkotaan,2.09
Myanmar,MMR,2022,53756.8,Sanitasi,Tersambung selokan,Total,0.91
Myanmar,MMR,2023,54133.8,Sanitasi,Dikelola aman,Perdesaan,64.31
Myanmar,MMR,2023,54133.8,Sanitasi,Dikelola aman,Perkotaan,52.69
Myanmar,MMR,2023,54133.8,Sanitasi,Dikelola aman,Total,60.58
Myanmar,MMR,2023,54133.8,Sanitasi,Minimal dasar,Perdesaan,71.7
Myanmar,MMR,2023,54133.8,Sanitasi,Minimal dasar,Perkotaan,79.34
Myanmar,MMR,2023,54133.8,Sanitasi,Minimal dasar,Total,74.16
Myanmar,MMR,2023,54133.8,Sanitasi,Terbatas,Perdesaan,10.34
Myanmar,MMR,2023,54133.8,Sanitasi,Terbatas,Perkotaan,14.75
Myanmar,MMR,2023,54133.8,Sanitasi,Terbatas,Total,11.75
Myanmar,MMR,2023,54133.8,Sanitasi,Tidak layak,Perdesaan,8.36
Myanmar,MMR,2023,54133.8,Sanitasi,Tidak layak,Perkotaan,5.1
Myanmar,MMR,2023,54133.8,Sanitasi,Tidak layak,Total,7.31
Myanmar,MMR,2023,54133.8,Sanitasi,BAB terbuka,Perdesaan,9.6
Myanmar,MMR,2023,54133.8,Sanitasi,BAB terbuka,Perkotaan,0.81
Myanmar,MMR,2023,54133.8,Sanitasi,BAB terbuka,Total,6.78
Myanmar,MMR,2023,54133.8,Sanitasi,Tersambung selokan,Perdesaan,0.36
Myanmar,MMR,2023,54133.8,Sanitasi,Tersambung selokan,Perkotaan,2.09
Myanmar,MMR,2023,54133.8,Sanitasi,Tersambung selokan,Total,0.92
Myanmar,MMR,2024,54500.1,Sanitasi,Dikelola aman,Perdesaan,64.31
Myanmar,MMR,2024,54500.1,Sanitasi,Dikelola aman,Perkotaan,52.69
Myanmar,MMR,2024,54500.1,Sanitasi,Dikelola aman,Total,60.53
Myanmar,MMR,2024,54500.1,Sanitasi,Minimal dasar,Perdesaan,71.7
Myanmar,MMR,2024,54500.1,Sanitasi,Minimal dasar,Perkotaan,79.34
Myanmar,MMR,2024,54500.1,Sanitasi,Minimal dasar,Total,74.18
Myanmar,MMR,2024,54500.1,Sanitasi,Terbatas,Perdesaan,10.34
Myanmar,MMR,2024,54500.1,Sanitasi,Terbatas,Perkotaan,14.75
Myanmar,MMR,2024,54500.1,Sanitasi,Terbatas,Total,11.77
Myanmar,MMR,2024,54500.1,Sanitasi,Tidak layak,Perdesaan,8.36
Myanmar,MMR,2024,54500.1,Sanitasi,Tidak layak,Perkotaan,5.1
Myanmar,MMR,2024,54500.1,Sanitasi,Tidak layak,Total,7.3
Myanmar,MMR,2024,54500.1,Sanitasi,BAB terbuka,Perdesaan,9.6
Myanmar,MMR,2024,54500.1,Sanitasi,BAB terbuka,Perkotaan,0.81
Myanmar,MMR,2024,54500.1,Sanitasi,BAB terbuka,Total,6.75
Myanmar,MMR,2024,54500.1,Sanitasi,Tersambung selokan,Perdesaan,0.36
Myanmar,MMR,2024,54500.1,Sanitasi,Tersambung selokan,Perkotaan,2.09
Myanmar,MMR,2024,54500.1,Sanitasi,Tersambung selokan,Total,0.92
Filipina,PHL,2000,79625.4,Sanitasi,Dikelola aman,Perdesaan,45.12
Filipina,PHL,2000,79625.4,Sanitasi,Dikelola aman,Perkotaan,49.4
Filipina,PHL,2000,79625.4,Sanitasi,Dikelola aman,Total,47.1
Filipina,PHL,2000,79625.4,Sanitasi,Minimal dasar,Perdesaan,57.1
Filipina,PHL,2000,79625.4,Sanitasi,Minimal dasar,Perkotaan,73.31
Filipina,PHL,2000,79625.4,Sanitasi,Minimal dasar,Total,64.58
Filipina,PHL,2000,79625.4,Sanitasi,Terbatas,Perdesaan,16.83
Filipina,PHL,2000,79625.4,Sanitasi,Terbatas,Perkotaan,18.57
Filipina,PHL,2000,79625.4,Sanitasi,Terbatas,Total,17.63
Filipina,PHL,2000,79625.4,Sanitasi,Tidak layak,Perdesaan,10.72
Filipina,PHL,2000,79625.4,Sanitasi,Tidak layak,Perkotaan,3.11
Filipina,PHL,2000,79625.4,Sanitasi,Tidak layak,Total,7.21
Filipina,PHL,2000,79625.4,Sanitasi,BAB terbuka,Perdesaan,15.35
Filipina,PHL,2000,79625.4,Sanitasi,BAB terbuka,Perkotaan,5.01
Filipina,PHL,2000,79625.4,Sanitasi,BAB terbuka,Total,10.58
Filipina,PHL,2000,79625.4,Sanitasi,Tersambung selokan,Perdesaan,2.0
Filipina,PHL,2000,79625.4,Sanitasi,Tersambung selokan,Perkotaan,5.74
Filipina,PHL,2000,79625.4,Sanitasi,Tersambung selokan,Total,3.72
Filipina,PHL,2001,81401.5,Sanitasi,Dikelola aman,Perdesaan,45.76
Filipina,PHL,2001,81401.5,Sanitasi,Dikelola aman,Perkotaan,49.51
Filipina,PHL,2001,81401.5,Sanitasi,Dikelola aman,Total,47.48
Filipina,PHL,2001,81401.5,Sanitasi,Minimal dasar,Perdesaan,57.77
Filipina,PHL,2001,81401.5,Sanitasi,Minimal dasar,Perkotaan,73.5
Filipina,PHL,2001,81401.5,Sanitasi,Minimal dasar,Total,65.01
Filipina,PHL,2001,81401.5,Sanitasi,Terbatas,Perdesaan,17.03
Filipina,PHL,2001,81401.5,Sanitasi,Terbatas,Perkotaan,18.61
Filipina,PHL,2001,81401.5,Sanitasi,Terbatas,Total,17.76
Filipina,PHL,2001,81401.5,Sanitasi,Tidak layak,Perdesaan,9.85
Filipina,PHL,2001,81401.5,Sanitasi,Tidak layak,Perkotaan,2.88
Filipina,PHL,2001,81401.5,Sanitasi,Tidak layak,Total,6.64
Filipina,PHL,2001,81401.5,Sanitasi,BAB terbuka,Perdesaan,15.35
Filipina,PHL,2001,81401.5,Sanitasi,BAB terbuka,Perkotaan,5.01
Filipina,PHL,2001,81401.5,Sanitasi,BAB terbuka,Total,10.59
Filipina,PHL,2001,81401.5,Sanitasi,Tersambung selokan,Perdesaan,2.07
Filipina,PHL,2001,81401.5,Sanitasi,Tersambung selokan,Perkotaan,5.89
Filipina,PHL,2001,81401.5,Sanitasi,Tersambung selokan,Total,3.83
Filipina,PHL,2002,83068.9,Sanitasi,Dikelola aman,Perdesaan,46.39
Filipina,PHL,2002,83068.9,Sanitasi,Dikelola aman,Perkotaan,49.61
Filipina,PHL,2002,83068.9,Sanitasi,Dikelola aman,Total,47.87
Filipina,PHL,2002,83068.9,Sanitasi,Minimal dasar,Perdesaan,58.44
Filipina,PHL,2002,83068.9,Sanitasi,Minimal dasar,Perkotaan,73.68
Filipina,PHL,2002,83068.9,Sanitasi,Minimal dasar,Total,65.44
Filipina,PHL,2002,83068.9,Sanitasi,Terbatas,Perdesaan,17.23
Filipina,PHL,2002,83068.9,Sanitasi,Terbatas,Perkotaan,18.66
Filipina,PHL,2002,83068.9,Sanitasi,Terbatas,Total,17.89
Filipina,PHL,2002,83068.9,Sanitasi,Tidak layak,Perdesaan,9.51
Filipina,PHL,2002,83068.9,Sanitasi,Tidak layak,Perkotaan,2.82
Filipina,PHL,2002,83068.9,Sanitasi,Tidak layak,Total,6.44
Filipina,PHL,2002,83068.9,Sanitasi,BAB terbuka,Perdesaan,14.82
Filipina,PHL,2002,83068.9,Sanitasi,BAB terbuka,Perkotaan,4.84
Filipina,PHL,2002,83068.9,Sanitasi,BAB terbuka,Total,10.23
Filipina,PHL,2002,83068.9,Sanitasi,Tersambung selokan,Perdesaan,2.14
Filipina,PHL,2002,83068.9,Sanitasi,Tersambung selokan,Perkotaan,6.03
Filipina,PHL,2002,83068.9,Sanitasi,Tersambung selokan,Total,3.93
Filipina,PHL,2003,84731.8,Sanitasi,Dikelola aman,Perdesaan,47.02
Filipina,PHL,2003,84731.8,Sanitasi,Dikelola aman,Perkotaan,49.72
Filipina,PHL,2003,84731.8,Sanitasi,Dikelola aman,Total,48.26
Filipina,PHL,2003,84731.8,Sanitasi,Minimal dasar,Perdesaan,59.11
Filipina,PHL,2003,84731.8,Sanitasi,Minimal dasar,Perkotaan,73.86
Filipina,PHL,2003,84731.8,Sanitasi,Minimal dasar,Total,65.88
Filipina,PHL,2003,84731.8,Sanitasi,Terbatas,Perdesaan,17.43
Filipina,PHL,2003,84731.8,Sanitasi,Terbatas,Perkotaan,18.71
Filipina,PHL,2003,84731.8,Sanitasi,Terbatas,Total,18.01
Filipina,PHL,2003,84731.8,Sanitasi,Tidak layak,Perdesaan,9.17
Filipina,PHL,2003,84731.8,Sanitasi,Tidak layak,Perkotaan,2.76
Filipina,PHL,2003,84731.8,Sanitasi,Tidak layak,Total,6.23
Filipina,PHL,2003,84731.8,Sanitasi,BAB terbuka,Perdesaan,14.3
Filipina,PHL,2003,84731.8,Sanitasi,BAB terbuka,Perkotaan,4.67
Filipina,PHL,2003,84731.8,Sanitasi,BAB terbuka,Total,9.88
Filipina,PHL,2003,84731.8,Sanitasi,Tersambung selokan,Perdesaan,2.21
Filipina,PHL,2003,84731.8,Sanitasi,Tersambung selokan,Perkotaan,6.18
Filipina,PHL,2003,84731.8,Sanitasi,Tersambung selokan,Total,4.03
Filipina,PHL,2004,86394.5,Sanitasi,Dikelola aman,Perdesaan,47.66
Filipina,PHL,2004,86394.5,Sanitasi,Dikelola aman,Perkotaan,49.82
Filipina,PHL,2004,86394.5,Sanitasi,Dikelola aman,Total,48.65
Filipina,PHL,2004,86394.5,Sanitasi,Minimal dasar,Perdesaan,59.78
Filipina,PHL,2004,86394.5,Sanitasi,Minimal dasar,Perkotaan,74.05
Filipina,PHL,2004,86394.5,Sanitasi,Minimal dasar,Total,66.31
Filipina,PHL,2004,86394.5,Sanitasi,Terbatas,Perdesaan,17.62
Filipina,PHL,2004,86394.5,Sanitasi,Terbatas,Perkotaan,18.75
Filipina,PHL,2004,86394.5,Sanitasi,Terbatas,Total,18.14
Filipina,PHL,2004,86394.5,Sanitasi,Tidak layak,Perdesaan,8.83
Filipina,PHL,2004,86394.5,Sanitasi,Tidak layak,Perkotaan,2.71
Filipina,PHL,2004,86394.5,Sanitasi,Tidak layak,Total,6.02
Filipina,PHL,2004,86394.5,Sanitasi,BAB terbuka,Perdesaan,13.77
Filipina,PHL,2004,86394.5,Sanitasi,BAB terbuka,Perkotaan,4.49
Filipina,PHL,2004,86394.5,Sanitasi,BAB terbuka,Total,9.52
Filipina,PHL,2004,86394.5,Sanitasi,Tersambung selokan,Perdesaan,2.27
Filipina,PHL,2004,86394.5,Sanitasi,Tersambung selokan,Perkotaan,6.33
Filipina,PHL,2004,86394.5,Sanitasi,Tersambung selokan,Total,4.13
Filipina,PHL,2005,88016.0,Sanitasi,Dikelola aman,Perdesaan,48.29
Filipina,PHL,2005,88016.0,Sanitasi,Dikelola aman,Perkotaan,49.93
Filipina,PHL,2005,88016.0,Sanitasi,Dikelola aman,Total,49.04
Filipina,PHL,2005,88016.0,Sanitasi,Minimal dasar,Perdesaan,60.45
Filipina,PHL,2005,88016.0,Sanitasi,Minimal dasar,Perkotaan,74.23
Filipina,PHL,2005,88016.0,Sanitasi,Minimal dasar,Total,66.75
Filipina,PHL,2005,88016.0,Sanitasi,Terbatas,Perdesaan,17.82
Filipina,PHL,2005,88016.0,Sanitasi,Terbatas,Perkotaan,18.8
Filipina,PHL,2005,88016.0,Sanitasi,Terbatas,Total,18.27
Filipina,PHL,2005,88016.0,Sanitasi,Tidak layak,Perdesaan,8.49
Filipina,PHL,2005,88016.0,Sanitasi,Tidak layak,Perkotaan,2.65
Filipina,PHL,2005,88016.0,Sanitasi,Tidak layak,Total,5.82
Filipina,PHL,2005,88016.0,Sanitasi,BAB terbuka,Perdesaan,13.25
Filipina,PHL,2005,88016.0,Sanitasi,BAB terbuka,Perkotaan,4.32
Filipina,PHL,2005,88016.0,Sanitasi,BAB terbuka,Total,9.17
Filipina,PHL,2005,88016.0,Sanitasi,Tersambung selokan,Perdesaan,2.34
Filipina,PHL,2005,88016.0,Sanitasi,Tersambung selokan,Perkotaan,6.47
Filipina,PHL,2005,88016.0,Sanitasi,Tersambung selokan,Total,4.23
Filipina,PHL,2006,89509.0,Sanitasi,Dikelola aman,Perdesaan,48.92
Filipina,PHL,2006,89509.0,Sanitasi,Dikelola aman,Perkotaan,50.05
Filipina,PHL,2006,89509.0,Sanitasi,Dikelola aman,Total,49.44
Filipina,PHL,2006,89509.0,Sanitasi,Minimal dasar,Perdesaan,61.12
Filipina,PHL,2006,89509.0,Sanitasi,Minimal dasar,Perkotaan,74.41
Filipina,PHL,2006,89509.0,Sanitasi,Minimal dasar,Total,67.18
Filipina,PHL,2006,89509.0,Sanitasi,Terbatas,Perdesaan,18.02
Filipina,PHL,2006,89509.0,Sanitasi,Terbatas,Perkotaan,18.85
Filipina,PHL,2006,89509.0,Sanitasi,Terbatas,Total,18.4
Filipina,PHL,2006,89509.0,Sanitasi,Tidak layak,Perdesaan,8.15
Filipina,PHL,2006,89509.0,Sanitasi,Tidak layak,Perkotaan,2.59
Filipina,PHL,2006,89509.0,Sanitasi,Tidak layak,Total,5.61
Filipina,PHL,2006,89509.0,Sanitasi,BAB terbuka,Perdesaan,12.72
Filipina,PHL,2006,89509.0,Sanitasi,BAB terbuka,Perkotaan,4.15
Filipina,PHL,2006,89509.0,Sanitasi,BAB terbuka,Total,8.81
Filipina,PHL,2006,89509.0,Sanitasi,Tersambung selokan,Perdesaan,2.41
Filipina,PHL,2006,89509.0,Sanitasi,Tersambung selokan,Perkotaan,6.62
Filipina,PHL,2006,89509.0,Sanitasi,Tersambung selokan,Total,4.33
Filipina,PHL,2007,91075.2,Sanitasi,Dikelola aman,Perdesaan,49.96
Filipina,PHL,2007,91075.2,Sanitasi,Dikelola aman,Perkotaan,50.59
Filipina,PHL,2007,91075.2,Sanitasi,Dikelola aman,Total,50.24
Filipina,PHL,2007,91075.2,Sanitasi,Minimal dasar,Perdesaan,62.46
Filipina,PHL,2007,91075.2,Sanitasi,Minimal dasar,Perkotaan,75.08
Filipina,PHL,2007,91075.2,Sanitasi,Minimal dasar,Total,68.21
Filipina,PHL,2007,91075.2,Sanitasi,Terbatas,Perdesaan,17.55
Filipina,PHL,2007,91075.2,Sanitasi,Terbatas,Perkotaan,18.41
Filipina,PHL,2007,91075.2,Sanitasi,Terbatas,Total,17.94
Filipina,PHL,2007,91075.2,Sanitasi,Tidak layak,Perdesaan,7.8
Filipina,PHL,2007,91075.2,Sanitasi,Tidak layak,Perkotaan,2.53
Filipina,PHL,2007,91075.2,Sanitasi,Tidak layak,Total,5.4
Filipina,PHL,2007,91075.2,Sanitasi,BAB terbuka,Perdesaan,12.19
Filipina,PHL,2007,91075.2,Sanitasi,BAB terbuka,Perkotaan,3.98
Filipina,PHL,2007,91075.2,Sanitasi,BAB terbuka,Total,8.45
Filipina,PHL,2007,91075.2,Sanitasi,Tersambung selokan,Perdesaan,2.48
Filipina,PHL,2007,91075.2,Sanitasi,Tersambung selokan,Perkotaan,6.77
Filipina,PHL,2007,91075.2,Sanitasi,Tersambung selokan,Total,4.43
Filipina,PHL,2008,92699.1,Sanitasi,Dikelola aman,Perdesaan,51.0
Filipina,PHL,2008,92699.1,Sanitasi,Dikelola aman,Perkotaan,51.12
Filipina,PHL,2008,92699.1,Sanitasi,Dikelola aman,Total,51.06
Filipina,PHL,2008,92699.1,Sanitasi,Minimal dasar,Perdesaan,63.81
Filipina,PHL,2008,92699.1,Sanitasi,Minimal dasar,Perkotaan,75.75
Filipina,PHL,2008,92699.1,Sanitasi,Minimal dasar,Total,69.24
Filipina,PHL,2008,92699.1,Sanitasi,Terbatas,Perdesaan,17.06
Filipina,PHL,2008,92699.1,Sanitasi,Terbatas,Perkotaan,17.97
Filipina,PHL,2008,92699.1,Sanitasi,Terbatas,Total,17.47
Filipina,PHL,2008,92699.1,Sanitasi,Tidak layak,Perdesaan,7.46
Filipina,PHL,2008,92699.1,Sanitasi,Tidak layak,Perkotaan,2.48
Filipina,PHL,2008,92699.1,Sanitasi,Tidak layak,Total,5.2
Filipina,PHL,2008,92699.1,Sanitasi,BAB terbuka,Perdesaan,11.67
Filipina,PHL,2008,92699.1,Sanitasi,BAB terbuka,Perkotaan,3.8
Filipina,PHL,2008,92699.1,Sanitasi,BAB terbuka,Total,8.09
Filipina,PHL,2008,92699.1,Sanitasi,Tersambung selokan,Perdesaan,2.55
Filipina,PHL,2008,92699.1,Sanitasi,Tersambung selokan,Perkotaan,6.91
Filipina,PHL,2008,92699.1,Sanitasi,Tersambung selokan,Total,4.53
Filipina,PHL,2009,94384.2,Sanitasi,Dikelola aman,Perdesaan,52.06
Filipina,PHL,2009,94384.2,Sanitasi,Dikelola aman,Perkotaan,51.66
Filipina,PHL,2009,94384.2,Sanitasi,Dikelola aman,Total,51.88
Filipina,PHL,2009,94384.2,Sanitasi,Minimal dasar,Perdesaan,65.18
Filipina,PHL,2009,94384.2,Sanitasi,Minimal dasar,Perkotaan,76.43
Filipina,PHL,2009,94384.2,Sanitasi,Minimal dasar,Total,70.28
Filipina,PHL,2009,94384.2,Sanitasi,Terbatas,Perdesaan,16.56
Filipina,PHL,2009,94384.2,Sanitasi,Terbatas,Perkotaan,17.52
Filipina,PHL,2009,94384.2,Sanitasi,Terbatas,Total,16.99
Filipina,PHL,2009,94384.2,Sanitasi,Tidak layak,Perdesaan,7.12
Filipina,PHL,2009,94384.2,Sanitasi,Tidak layak,Perkotaan,2.42
Filipina,PHL,2009,94384.2,Sanitasi,Tidak layak,Total,4.99
Filipina,PHL,2009,94384.2,Sanitasi,BAB terbuka,Perdesaan,11.14
Filipina,PHL,2009,94384.2,Sanitasi,BAB terbuka,Perkotaan,3.63
Filipina,PHL,2009,94384.2,Sanitasi,BAB terbuka,Total,7.73
Filipina,PHL,2009,94384.2,Sanitasi,Tersambung selokan,Perdesaan,2.62
Filipina,PHL,2009,94384.2,Sanitasi,Tersambung selokan,Perkotaan,7.06
Filipina,PHL,2009,94384.2,Sanitasi,Tersambung selokan,Total,4.64
Filipina,PHL,2010,96337.1,Sanitasi,Dikelola aman,Perdesaan,53.13
Filipina,PHL,2010,96337.1,Sanitasi,Dikelola aman,Perkotaan,52.21
Filipina,PHL,2010,96337.1,Sanitasi,Dikelola aman,Total,52.71
Filipina,PHL,2010,96337.1,Sanitasi,Minimal dasar,Perdesaan,66.57
Filipina,PHL,2010,96337.1,Sanitasi,Minimal dasar,Perkotaan,77.1
Filipina,PHL,2010,96337.1,Sanitasi,Minimal dasar,Total,71.34
Filipina,PHL,2010,96337.1,Sanitasi,Terbatas,Perdesaan,16.04
Filipina,PHL,2010,96337.1,Sanitasi,Terbatas,Perkotaan,17.08
Filipina,PHL,2010,96337.1,Sanitasi,Terbatas,Total,16.51
Filipina,PHL,2010,96337.1,Sanitasi,Tidak layak,Perdesaan,6.78
Filipina,PHL,2010,96337.1,Sanitasi,Tidak layak,Perkotaan,2.36
Filipina,PHL,2010,96337.1,Sanitasi,Tidak layak,Total,4.78
Filipina,PHL,2010,96337.1,Sanitasi,BAB terbuka,Perdesaan,10.62
Filipina,PHL,2010,96337.1,Sanitasi,BAB terbuka,Perkotaan,3.46
Filipina,PHL,2010,96337.1,Sanitasi,BAB terbuka,Total,7.37
Filipina,PHL,2010,96337.1,Sanitasi,Tersambung selokan,Perdesaan,2.69
Filipina,PHL,2010,96337.1,Sanitasi,Tersambung selokan,Perkotaan,7.21
Filipina,PHL,2010,96337.1,Sanitasi,Tersambung selokan,Total,4.74
Filipina,PHL,2011,98248.6,Sanitasi,Dikelola aman,Perdesaan,54.21
Filipina,PHL,2011,98248.6,Sanitasi,Dikelola aman,Perkotaan,52.75
Filipina,PHL,2011,98248.6,Sanitasi,Dikelola aman,Total,53.55
Filipina,PHL,2011,98248.6,Sanitasi,Minimal dasar,Perdesaan,67.97
Filipina,PHL,2011,98248.6,Sanitasi,Minimal dasar,Perkotaan,77.78
Filipina,PHL,2011,98248.6,Sanitasi,Minimal dasar,Total,72.43
Filipina,PHL,2011,98248.6,Sanitasi,Terbatas,Perdesaan,15.51
Filipina,PHL,2011,98248.6,Sanitasi,Terbatas,Perkotaan,16.63
Filipina,PHL,2011,98248.6,Sanitasi,Terbatas,Total,16.02
Filipina,PHL,2011,98248.6,Sanitasi,Tidak layak,Perdesaan,6.44
Filipina,PHL,2011,98248.6,Sanitasi,Tidak layak,Perkotaan,2.3
Filipina,PHL,2011,98248.6,Sanitasi,Tidak layak,Total,4.56
Filipina,PHL,2011,98248.6,Sanitasi,BAB terbuka,Perdesaan,10.09
Filipina,PHL,2011,98248.6,Sanitasi,BAB terbuka,Perkotaan,3.29
Filipina,PHL,2011,98248.6,Sanitasi,BAB terbuka,Total,6.99
Filipina,PHL,2011,98248.6,Sanitasi,Tersambung selokan,Perdesaan,2.76
Filipina,PHL,2011,98248.6,Sanitasi,Tersambung selokan,Perkotaan,7.36
Filipina,PHL,2011,98248.6,Sanitasi,Tersambung selokan,Total,4.85
Filipina,PHL,2012,100175.5,Sanitasi,Dikelola aman,Perdesaan,55.3
Filipina,PHL,2012,100175.5,Sanitasi,Dikelola aman,Perkotaan,53.3
Filipina,PHL,2012,100175.5,Sanitasi,Dikelola aman,Total,54.38
Filipina,PHL,2012,100175.5,Sanitasi,Minimal dasar,Perdesaan,69.38
Filipina,PHL,2012,100175.5,Sanitasi,Minimal dasar,Perkotaan,78.46
Filipina,PHL,2012,100175.5,Sanitasi,Minimal dasar,Total,73.53
Filipina,PHL,2012,100175.5,Sanitasi,Terbatas,Perdesaan,14.96
Filipina,PHL,2012,100175.5,Sanitasi,Terbatas,Perkotaan,16.18
Filipina,PHL,2012,100175.5,Sanitasi,Terbatas,Total,15.52
Filipina,PHL,2012,100175.5,Sanitasi,Tidak layak,Perdesaan,6.1
Filipina,PHL,2012,100175.5,Sanitasi,Tidak layak,Perkotaan,2.25
Filipina,PHL,2012,100175.5,Sanitasi,Tidak layak,Total,4.34
Filipina,PHL,2012,100175.5,Sanitasi,BAB terbuka,Perdesaan,9.56
Filipina,PHL,2012,100175.5,Sanitasi,BAB terbuka,Perkotaan,3.11
Filipina,PHL,2012,100175.5,Sanitasi,BAB terbuka,Total,6.62
Filipina,PHL,2012,100175.5,Sanitasi,Tersambung selokan,Perdesaan,2.83
Filipina,PHL,2012,100175.5,Sanitasi,Tersambung selokan,Perkotaan,7.5
Filipina,PHL,2012,100175.5,Sanitasi,Tersambung selokan,Total,4.96
Filipina,PHL,2013,102076.3,Sanitasi,Dikelola aman,Perdesaan,56.4
Filipina,PHL,2013,102076.3,Sanitasi,Dikelola aman,Perkotaan,53.85
Filipina,PHL,2013,102076.3,Sanitasi,Dikelola aman,Total,55.23
Filipina,PHL,2013,102076.3,Sanitasi,Minimal dasar,Perdesaan,70.81
Filipina,PHL,2013,102076.3,Sanitasi,Minimal dasar,Perkotaan,79.14
Filipina,PHL,2013,102076.3,Sanitasi,Minimal dasar,Total,74.63
Filipina,PHL,2013,102076.3,Sanitasi,Terbatas,Perdesaan,14.4
Filipina,PHL,2013,102076.3,Sanitasi,Terbatas,Perkotaan,15.73
Filipina,PHL,2013,102076.3,Sanitasi,Terbatas,Total,15.01
Filipina,PHL,2013,102076.3,Sanitasi,Tidak layak,Perdesaan,5.76
Filipina,PHL,2013,102076.3,Sanitasi,Tidak layak,Perkotaan,2.19
Filipina,PHL,2013,102076.3,Sanitasi,Tidak layak,Total,4.12
Filipina,PHL,2013,102076.3,Sanitasi,BAB terbuka,Perdesaan,9.04
Filipina,PHL,2013,102076.3,Sanitasi,BAB terbuka,Perkotaan,2.94
Filipina,PHL,2013,102076.3,Sanitasi,BAB terbuka,Total,6.24
Filipina,PHL,2013,102076.3,Sanitasi,Tersambung selokan,Perdesaan,2.9
Filipina,PHL,2013,102076.3,Sanitasi,Tersambung selokan,Perkotaan,7.65
Filipina,PHL,2013,102076.3,Sanitasi,Tersambung selokan,Total,5.08
Filipina,PHL,2014,103767.1,Sanitasi,Dikelola aman,Perdesaan,57.51
Filipina,PHL,2014,103767.1,Sanitasi,Dikelola aman,Perkotaan,54.41
Filipina,PHL,2014,103767.1,Sanitasi,Dikelola aman,Total,56.08
Filipina,PHL,2014,103767.1,Sanitasi,Minimal dasar,Perdesaan,72.25
Filipina,PHL,2014,103767.1,Sanitasi,Minimal dasar,Perkotaan,79.83
Filipina,PHL,2014,103767.1,Sanitasi,Minimal dasar,Total,75.74
Filipina,PHL,2014,103767.1,Sanitasi,Terbatas,Perdesaan,13.83
Filipina,PHL,2014,103767.1,Sanitasi,Terbatas,Perkotaan,15.27
Filipina,PHL,2014,103767.1,Sanitasi,Terbatas,Total,14.49
Filipina,PHL,2014,103767.1,Sanitasi,Tidak layak,Perdesaan,5.41
Filipina,PHL,2014,103767.1,Sanitasi,Tidak layak,Perkotaan,2.13
Filipina,PHL,2014,103767.1,Sanitasi,Tidak layak,Total,3.9
Filipina,PHL,2014,103767.1,Sanitasi,BAB terbuka,Perdesaan,8.51
Filipina,PHL,2014,103767.1,Sanitasi,BAB terbuka,Perkotaan,2.77
Filipina,PHL,2014,103767.1,Sanitasi,BAB terbuka,Total,5.86
Filipina,PHL,2014,103767.1,Sanitasi,Tersambung selokan,Perdesaan,2.97
Filipina,PHL,2014,103767.1,Sanitasi,Tersambung selokan,Perkotaan,7.8
Filipina,PHL,2014,103767.1,Sanitasi,Tersambung selokan,Total,5.19
Filipina,PHL,2015,105313.0,Sanitasi,Dikelola aman,Perdesaan,58.63
Filipina,PHL,2015,105313.0,Sanitasi,Dikelola aman,Perkotaan,54.96
Filipina,PHL,2015,105313.0,Sanitasi,Dikelola aman,Total,56.93
Filipina,PHL,2015,105313.0,Sanitasi,Minimal dasar,Perdesaan,73.71
Filipina,PHL,2015,105313.0,Sanitasi,Minimal dasar,Perkotaan,80.52
Filipina,PHL,2015,105313.0,Sanitasi,Minimal dasar,Total,76.86
Filipina,PHL,2015,105313.0,Sanitasi,Terbatas,Perdesaan,13.24
Filipina,PHL,2015,105313.0,Sanitasi,Terbatas,Perkotaan,14.81
Filipina,PHL,2015,105313.0,Sanitasi,Terbatas,Total,13.97
Filipina,PHL,2015,105313.0,Sanitasi,Tidak layak,Perdesaan,5.07
Filipina,PHL,2015,105313.0,Sanitasi,Tidak layak,Perkotaan,2.07
Filipina,PHL,2015,105313.0,Sanitasi,Tidak layak,Total,3.68
Filipina,PHL,2015,105313.0,Sanitasi,BAB terbuka,Perdesaan,7.98
Filipina,PHL,2015,105313.0,Sanitasi,BAB terbuka,Perkotaan,2.6
Filipina,PHL,2015,105313.0,Sanitasi,BAB terbuka,Total,5.49
Filipina,PHL,2015,105313.0,Sanitasi,Tersambung selokan,Perdesaan,3.04
Filipina,PHL,2015,105313.0,Sanitasi,Tersambung selokan,Perkotaan,7.94
Filipina,PHL,2015,105313.0,Sanitasi,Tersambung selokan,Total,5.31
Filipina,PHL,2016,106735.7,Sanitasi,Dikelola aman,Perdesaan,59.82
Filipina,PHL,2016,106735.7,Sanitasi,Dikelola aman,Perkotaan,54.86
Filipina,PHL,2016,106735.7,Sanitasi,Dikelola aman,Total,57.52
Filipina,PHL,2016,106735.7,Sanitasi,Minimal dasar,Perdesaan,75.18
Filipina,PHL,2016,106735.7,Sanitasi,Minimal dasar,Perkotaan,81.21
Filipina,PHL,2016,106735.7,Sanitasi,Minimal dasar,Total,77.98
Filipina,PHL,2016,106735.7,Sanitasi,Terbatas,Perdesaan,12.63
Filipina,PHL,2016,106735.7,Sanitasi,Terbatas,Perkotaan,14.35
Filipina,PHL,2016,106735.7,Sanitasi,Terbatas,Total,13.43
Filipina,PHL,2016,106735.7,Sanitasi,Tidak layak,Perdesaan,4.73
Filipina,PHL,2016,106735.7,Sanitasi,Tidak layak,Perkotaan,2.02
Filipina,PHL,2016,106735.7,Sanitasi,Tidak layak,Total,3.47
Filipina,PHL,2016,106735.7,Sanitasi,BAB terbuka,Perdesaan,7.46
Filipina,PHL,2016,106735.7,Sanitasi,BAB terbuka,Perkotaan,2.42
Filipina,PHL,2016,106735.7,Sanitasi,BAB terbuka,Total,5.12
Filipina,PHL,2016,106735.7,Sanitasi,Tersambung selokan,Perdesaan,3.1
Filipina,PHL,2016,106735.7,Sanitasi,Tersambung selokan,Perkotaan,8.09
Filipina,PHL,2016,106735.7,Sanitasi,Tersambung selokan,Total,5.42
Filipina,PHL,2017,108119.7,Sanitasi,Dikelola aman,Perdesaan,61.03
Filipina,PHL,2017,108119.7,Sanitasi,Dikelola aman,Perkotaan,54.76
Filipina,PHL,2017,108119.7,Sanitasi,Dikelola aman,Total,58.1
Filipina,PHL,2017,108119.7,Sanitasi,Minimal dasar,Perdesaan,76.66
Filipina,PHL,2017,108119.7,Sanitasi,Minimal dasar,Perkotaan,81.9
Filipina,PHL,2017,108119.7,Sanitasi,Minimal dasar,Total,79.11
Filipina,PHL,2017,108119.7,Sanitasi,Terbatas,Perdesaan,12.01
Filipina,PHL,2017,108119.7,Sanitasi,Terbatas,Perkotaan,13.89
Filipina,PHL,2017,108119.7,Sanitasi,Terbatas,Total,12.89
Filipina,PHL,2017,108119.7,Sanitasi,Tidak layak,Perdesaan,4.39
Filipina,PHL,2017,108119.7,Sanitasi,Tidak layak,Perkotaan,1.96
Filipina,PHL,2017,108119.7,Sanitasi,Tidak layak,Total,3.26
Filipina,PHL,2017,108119.7,Sanitasi,BAB terbuka,Perdesaan,6.93
Filipina,PHL,2017,108119.7,Sanitasi,BAB terbuka,Perkotaan,2.25
Filipina,PHL,2017,108119.7,Sanitasi,BAB terbuka,Total,4.75
Filipina,PHL,2017,108119.7,Sanitasi,Tersambung selokan,Perdesaan,3.17
Filipina,PHL,2017,108119.7,Sanitasi,Tersambung selokan,Perkotaan,8.24
Filipina,PHL,2017,108119.7,Sanitasi,Tersambung selokan,Total,5.54
Filipina,PHL,2018,109465.3,Sanitasi,Dikelola aman,Perdesaan,62.25
Filipina,PHL,2018,109465.3,Sanitasi,Dikelola aman,Perkotaan,54.65
Filipina,PHL,2018,109465.3,Sanitasi,Dikelola aman,Total,58.69
Filipina,PHL,2018,109465.3,Sanitasi,Minimal dasar,Perdesaan,78.16
Filipina,PHL,2018,109465.3,Sanitasi,Minimal dasar,Perkotaan,82.59
Filipina,PHL,2018,109465.3,Sanitasi,Minimal dasar,Total,80.24
Filipina,PHL,2018,109465.3,Sanitasi,Terbatas,Perdesaan,11.38
Filipina,PHL,2018,109465.3,Sanitasi,Terbatas,Perkotaan,13.42
Filipina,PHL,2018,109465.3,Sanitasi,Terbatas,Total,12.34
Filipina,PHL,2018,109465.3,Sanitasi,Tidak layak,Perdesaan,4.05
Filipina,PHL,2018,109465.3,Sanitasi,Tidak layak,Perkotaan,1.9
Filipina,PHL,2018,109465.3,Sanitasi,Tidak layak,Total,3.04
Filipina,PHL,2018,109465.3,Sanitasi,BAB terbuka,Perdesaan,6.41
Filipina,PHL,2018,109465.3,Sanitasi,BAB terbuka,Perkotaan,2.08
Filipina,PHL,2018,109465.3,Sanitasi,BAB terbuka,Total,4.38
Filipina,PHL,2018,109465.3,Sanitasi,Tersambung selokan,Perdesaan,3.24
Filipina,PHL,2018,109465.3,Sanitasi,Tersambung selokan,Perkotaan,8.38
Filipina,PHL,2018,109465.3,Sanitasi,Tersambung selokan,Total,5.65
Filipina,PHL,2019,110804.7,Sanitasi,Dikelola aman,Perdesaan,63.49
Filipina,PHL,2019,110804.7,Sanitasi,Dikelola aman,Perkotaan,54.55
Filipina,PHL,2019,110804.7,Sanitasi,Dikelola aman,Total,59.27
Filipina,PHL,2019,110804.7,Sanitasi,Minimal dasar,Perdesaan,79.68
Filipina,PHL,2019,110804.7,Sanitasi,Minimal dasar,Perkotaan,83.29
Filipina,PHL,2019,110804.7,Sanitasi,Minimal dasar,Total,81.38
Filipina,PHL,2019,110804.7,Sanitasi,Terbatas,Perdesaan,10.73
Filipina,PHL,2019,110804.7,Sanitasi,Terbatas,Perkotaan,12.96
Filipina,PHL,2019,110804.7,Sanitasi,Terbatas,Total,11.78
Filipina,PHL,2019,110804.7,Sanitasi,Tidak layak,Perdesaan,3.71
Filipina,PHL,2019,110804.7,Sanitasi,Tidak layak,Perkotaan,1.84
Filipina,PHL,2019,110804.7,Sanitasi,Tidak layak,Total,2.83
Filipina,PHL,2019,110804.7,Sanitasi,BAB terbuka,Perdesaan,5.88
Filipina,PHL,2019,110804.7,Sanitasi,BAB terbuka,Perkotaan,1.91
Filipina,PHL,2019,110804.7,Sanitasi,BAB terbuka,Total,4.01
Filipina,PHL,2019,110804.7,Sanitasi,Tersambung selokan,Perdesaan,3.31
Filipina,PHL,2019,110804.7,Sanitasi,Tersambung selokan,Perkotaan,8.53
Filipina,PHL,2019,110804.7,Sanitasi,Tersambung selokan,Total,5.77
Filipina,PHL,2020,112081.3,Sanitasi,Dikelola aman,Perdesaan,64.73
Filipina,PHL,2020,112081.3,Sanitasi,Dikelola aman,Perkotaan,54.45
Filipina,PHL,2020,112081.3,Sanitasi,Dikelola aman,Total,59.86
Filipina,PHL,2020,112081.3,Sanitasi,Minimal dasar,Perdesaan,81.21
Filipina,PHL,2020,112081.3,Sanitasi,Minimal dasar,Perkotaan,83.99
Filipina,PHL,2020,112081.3,Sanitasi,Minimal dasar,Total,82.53
Filipina,PHL,2020,112081.3,Sanitasi,Terbatas,Perdesaan,10.07
Filipina,PHL,2020,112081.3,Sanitasi,Terbatas,Perkotaan,12.49
Filipina,PHL,2020,112081.3,Sanitasi,Terbatas,Total,11.22
Filipina,PHL,2020,112081.3,Sanitasi,Tidak layak,Perdesaan,3.37
Filipina,PHL,2020,112081.3,Sanitasi,Tidak layak,Perkotaan,1.79
Filipina,PHL,2020,112081.3,Sanitasi,Tidak layak,Total,2.62
Filipina,PHL,2020,112081.3,Sanitasi,BAB terbuka,Perdesaan,5.35
Filipina,PHL,2020,112081.3,Sanitasi,BAB terbuka,Perkotaan,1.74
Filipina,PHL,2020,112081.3,Sanitasi,BAB terbuka,Total,3.64
Filipina,PHL,2020,112081.3,Sanitasi,Tersambung selokan,Perdesaan,3.38
Filipina,PHL,2020,112081.3,Sanitasi,Tersambung selokan,Perkotaan,8.68
Filipina,PHL,2020,112081.3,Sanitasi,Tersambung selokan,Total,5.89
Filipina,PHL,2021,113100.9,Sanitasi,Dikelola aman,Perdesaan,65.99
Filipina,PHL,2021,113100.9,Sanitasi,Dikelola aman,Perkotaan,54.35
Filipina,PHL,2021,113100.9,Sanitasi,Dikelola aman,Total,60.44
Filipina,PHL,2021,113100.9,Sanitasi,Minimal dasar,Perdesaan,82.75
Filipina,PHL,2021,113100.9,Sanitasi,Minimal dasar,Perkotaan,84.69
Filipina,PHL,2021,113100.9,Sanitasi,Minimal dasar,Total,83.68
Filipina,PHL,2021,113100.9,Sanitasi,Terbatas,Perdesaan,9.39
Filipina,PHL,2021,113100.9,Sanitasi,Terbatas,Perkotaan,12.02
Filipina,PHL,2021,113100.9,Sanitasi,Terbatas,Total,10.64
Filipina,PHL,2021,113100.9,Sanitasi,Tidak layak,Perdesaan,3.03
Filipina,PHL,2021,113100.9,Sanitasi,Tidak layak,Perkotaan,1.73
Filipina,PHL,2021,113100.9,Sanitasi,Tidak layak,Total,2.41
Filipina,PHL,2021,113100.9,Sanitasi,BAB terbuka,Perdesaan,4.83
Filipina,PHL,2021,113100.9,Sanitasi,BAB terbuka,Perkotaan,1.56
Filipina,PHL,2021,113100.9,Sanitasi,BAB terbuka,Total,3.27
Filipina,PHL,2021,113100.9,Sanitasi,Tersambung selokan,Perdesaan,3.45
Filipina,PHL,2021,113100.9,Sanitasi,Tersambung selokan,Perkotaan,8.83
Filipina,PHL,2021,113100.9,Sanitasi,Tersambung selokan,Total,6.01
Filipina,PHL,2022,113964.3,Sanitasi,Dikelola aman,Perdesaan,67.27
Filipina,PHL,2022,113964.3,Sanitasi,Dikelola aman,Perkotaan,54.25
Filipina,PHL,2022,113964.3,Sanitasi,Dikelola aman,Total,61.02
Filipina,PHL,2022,113964.3,Sanitasi,Minimal dasar,Perdesaan,84.31
Filipina,PHL,2022,113964.3,Sanitasi,Minimal dasar,Perkotaan,85.4
Filipina,PHL,2022,113964.3,Sanitasi,Minimal dasar,Total,84.83
Filipina,PHL,2022,113964.3,Sanitasi,Terbatas,Perdesaan,8.7
Filipina,PHL,2022,113964.3,Sanitasi,Terbatas,Perkotaan,11.54
Filipina,PHL,2022,113964.3,Sanitasi,Terbatas,Total,10.06
Filipina,PHL,2022,113964.3,Sanitasi,Tidak layak,Perdesaan,2.68
Filipina,PHL,2022,113964.3,Sanitasi,Tidak layak,Perkotaan,1.67
Filipina,PHL,2022,113964.3,Sanitasi,Tidak layak,Total,2.2
Filipina,PHL,2022,113964.3,Sanitasi,BAB terbuka,Perdesaan,4.3
Filipina,PHL,2022,113964.3,Sanitasi,BAB terbuka,Perkotaan,1.39
Filipina,PHL,2022,113964.3,Sanitasi,BAB terbuka,Total,2.9
Filipina,PHL,2022,113964.3,Sanitasi,Tersambung selokan,Perdesaan,3.52
Filipina,PHL,2022,113964.3,Sanitasi,Tersambung selokan,Perkotaan,8.97
Filipina,PHL,2022,113964.3,Sanitasi,Tersambung selokan,Total,6.14
Filipina,PHL,2023,114891.2,Sanitasi,Dikelola aman,Perdesaan,68.56
Filipina,PHL,2023,114891.2,Sanitasi,Dikelola aman,Perkotaan,54.15
Filipina,PHL,2023,114891.2,Sanitasi,Dikelola aman,Total,61.6
Filipina,PHL,2023,114891.2,Sanitasi,Minimal dasar,Perdesaan,85.89
Filipina,PHL,2023,114891.2,Sanitasi,Minimal dasar,Perkotaan,86.1
Filipina,PHL,2023,114891.2,Sanitasi,Minimal dasar,Total,85.99
Filipina,PHL,2023,114891.2,Sanitasi,Terbatas,Perdesaan,8.0
Filipina,PHL,2023,114891.2,Sanitasi,Terbatas,Perkotaan,11.06
Filipina,PHL,2023,114891.2,Sanitasi,Terbatas,Total,9.48
Filipina,PHL,2023,114891.2,Sanitasi,Tidak layak,Perdesaan,2.34
Filipina,PHL,2023,114891.2,Sanitasi,Tidak layak,Perkotaan,1.61
Filipina,PHL,2023,114891.2,Sanitasi,Tidak layak,Total,1.99
Filipina,PHL,2023,114891.2,Sanitasi,BAB terbuka,Perdesaan,3.78
Filipina,PHL,2023,114891.2,Sanitasi,BAB terbuka,Perkotaan,1.22
Filipina,PHL,2023,114891.2,Sanitasi,BAB terbuka,Total,2.54
Filipina,PHL,2023,114891.2,Sanitasi,Tersambung selokan,Perdesaan,3.59
Filipina,PHL,2023,114891.2,Sanitasi,Tersambung selokan,Perkotaan,9.12
Filipina,PHL,2023,114891.2,Sanitasi,Tersambung selokan,Total,6.26
Filipina,PHL,2024,115843.7,Sanitasi,Dikelola aman,Perdesaan,69.86
Filipina,PHL,2024,115843.7,Sanitasi,Dikelola aman,Perkotaan,54.05
Filipina,PHL,2024,115843.7,Sanitasi,Dikelola aman,Total,62.17
Filipina,PHL,2024,115843.7,Sanitasi,Minimal dasar,Perdesaan,87.47
Filipina,PHL,2024,115843.7,Sanitasi,Minimal dasar,Perkotaan,86.81
Filipina,PHL,2024,115843.7,Sanitasi,Minimal dasar,Total,87.15
Filipina,PHL,2024,115843.7,Sanitasi,Terbatas,Perdesaan,7.28
Filipina,PHL,2024,115843.7,Sanitasi,Terbatas,Perkotaan,10.58
Filipina,PHL,2024,115843.7,Sanitasi,Terbatas,Total,8.88
Filipina,PHL,2024,115843.7,Sanitasi,Tidak layak,Perdesaan,2.0
Filipina,PHL,2024,115843.7,Sanitasi,Tidak layak,Perkotaan,1.56
Filipina,PHL,2024,115843.7,Sanitasi,Tidak layak,Total,1.78
Filipina,PHL,2024,115843.7,Sanitasi,BAB terbuka,Perdesaan,3.25
Filipina,PHL,2024,115843.7,Sanitasi,BAB terbuka,Perkotaan,1.05
Filipina,PHL,2024,115843.7,Sanitasi,BAB terbuka,Total,2.18
Filipina,PHL,2024,115843.7,Sanitasi,Tersambung selokan,Perdesaan,3.66
Filipina,PHL,2024,115843.7,Sanitasi,Tersambung selokan,Perkotaan,9.27
Filipina,PHL,2024,115843.7,Sanitasi,Tersambung selokan,Total,6.38
Singapura,SGP,2000,4035.2,Sanitasi,Dikelola aman,Perkotaan,100.0
Singapura,SGP,2000,4035.2,Sanitasi,Dikelola aman,Total,100.0
Singapura,SGP,2000,4035.2,Sanitasi,Minimal dasar,Perkotaan,100.0
Singapura,SGP,2000,4035.2,Sanitasi,Minimal dasar,Total,100.0
Singapura,SGP,2000,4035.2,Sanitasi,Terbatas,Perkotaan,0.0
Singapura,SGP,2000,4035.2,Sanitasi,Terbatas,Total,0.0
Singapura,SGP,2000,4035.2,Sanitasi,Tidak layak,Perkotaan,0.0
Singapura,SGP,2000,4035.2,Sanitasi,Tidak layak,Total,0.0
Singapura,SGP,2000,4035.2,Sanitasi,BAB terbuka,Perkotaan,0.0
Singapura,SGP,2000,4035.2,Sanitasi,BAB terbuka,Total,0.0
Singapura,SGP,2000,4035.2,Sanitasi,Tersambung selokan,Perkotaan,100.0
Singapura,SGP,2000,4035.2,Sanitasi,Tersambung selokan,Total,100.0
Singapura,SGP,2001,4116.2,Sanitasi,Dikelola aman,Perkotaan,100.0
Singapura,SGP,2001,4116.2,Sanitasi,Dikelola aman,Total,100.0
Singapura,SGP,2001,4116.2,Sanitasi,Minimal dasar,Perkotaan,100.0
Singapura,SGP,2001,4116.2,Sanitasi,Minimal dasar,Total,100.0
Singapura,SGP,2001,4116.2,Sanitasi,Terbatas,Perkotaan,0.0
Singapura,SGP,2001,4116.2,Sanitasi,Terbatas,Total,0.0
Singapura,SGP,2001,4116.2,Sanitasi,Tidak layak,Perkotaan,0.0
Singapura,SGP,2001,4116.2,Sanitasi,Tidak layak,Total,0.0
Singapura,SGP,2001,4116.2,Sanitasi,BAB terbuka,Perkotaan,0.0
Singapura,SGP,2001,4116.2,Sanitasi,BAB terbuka,Total,0.0
Singapura,SGP,2001,4116.2,Sanitasi,Tersambung selokan,Perkotaan,100.0
Singapura,SGP,2001,4116.2,Sanitasi,Tersambung selokan,Total,100.0
Singapura,SGP,2002,4146.9,Sanitasi,Dikelola aman,Perkotaan,100.0
Singapura,SGP,2002,4146.9,Sanitasi,Dikelola aman,Total,100.0
Singapura,SGP,2002,4146.9,Sanitasi,Minimal dasar,Perkotaan,100.0
Singapura,SGP,2002,4146.9,Sanitasi,Minimal dasar,Total,100.0
Singapura,SGP,2002,4146.9,Sanitasi,Terbatas,Perkotaan,0.0
Singapura,SGP,2002,4146.9,Sanitasi,Terbatas,Total,0.0
Singapura,SGP,2002,4146.9,Sanitasi,Tidak layak,Perkotaan,0.0
Singapura,SGP,2002,4146.9,Sanitasi,Tidak layak,Total,0.0
Singapura,SGP,2002,4146.9,Sanitasi,BAB terbuka,Perkotaan,0.0
Singapura,SGP,2002,4146.9,Sanitasi,BAB terbuka,Total,0.0
Singapura,SGP,2002,4146.9,Sanitasi,Tersambung selokan,Perkotaan,100.0
Singapura,SGP,2002,4146.9,Sanitasi,Tersambung selokan,Total,100.0
Singapura,SGP,2003,4138.2,Sanitasi,Dikelola aman,Perkotaan,100.0
Singapura,SGP,2003,4138.2,Sanitasi,Dikelola aman,Total,100.0
Singapura,SGP,2003,4138.2,Sanitasi,Minimal dasar,Perkotaan,100.0
Singapura,SGP,2003,4138.2,Sanitasi,Minimal dasar,Total,100.0
Singapura,SGP,2003,4138.2,Sanitasi,Terbatas,Perkotaan,0.0
Singapura,SGP,2003,4138.2,Sanitasi,Terbatas,Total,0.0
Singapura,SGP,2003,4138.2,Sanitasi,Tidak layak,Perkotaan,0.0
Singapura,SGP,2003,4138.2,Sanitasi,Tidak layak,Total,0.0
Singapura,SGP,2003,4138.2,Sanitasi,BAB terbuka,Perkotaan,0.0
Singapura,SGP,2003,4138.2,Sanitasi,BAB terbuka,Total,0.0
Singapura,SGP,2003,4138.2,Sanitasi,Tersambung selokan,Perkotaan,100.0
Singapura,SGP,2003,4138.2,Sanitasi,Tersambung selokan,Total,100.0
Singapura,SGP,2004,4172.8,Sanitasi,Dikelola aman,Perkotaan,100.0
Singapura,SGP,2004,4172.8,Sanitasi,Dikelola aman,Total,100.0
Singapura,SGP,2004,4172.8,Sanitasi,Minimal dasar,Perkotaan,100.0
Singapura,SGP,2004,4172.8,Sanitasi,Minimal dasar,Total,100.0
Singapura,SGP,2004,4172.8,Sanitasi,Terbatas,Perkotaan,0.0
Singapura,SGP,2004,4172.8,Sanitasi,Terbatas,Total,0.0
Singapura,SGP,2004,4172.8,Sanitasi,Tidak layak,Perkotaan,0.0
Singapura,SGP,2004,4172.8,Sanitasi,Tidak layak,Total,0.0
Singapura,SGP,2004,4172.8,Sanitasi,BAB terbuka,Perkotaan,0.0
Singapura,SGP,2004,4172.8,Sanitasi,BAB terbuka,Total,0.0
Singapura,SGP,2004,4172.8,Sanitasi,Tersambung selokan,Perkotaan,100.0
Singapura,SGP,2004,4172.8,Sanitasi,Tersambung selokan,Total,100.0
Singapura,SGP,2005,4268.4,Sanitasi,Dikelola aman,Perkotaan,100.0
Singapura,SGP,2005,4268.4,Sanitasi,Dikelola aman,Total,100.0
Singapura,SGP,2005,4268.4,Sanitasi,Minimal dasar,Perkotaan,100.0
Singapura,SGP,2005,4268.4,Sanitasi,Minimal dasar,Total,100.0
Singapura,SGP,2005,4268.4,Sanitasi,Terbatas,Perkotaan,0.0
Singapura,SGP,2005,4268.4,Sanitasi,Terbatas,Total,0.0
Singapura,SGP,2005,4268.4,Sanitasi,Tidak layak,Perkotaan,0.0
Singapura,SGP,2005,4268.4,Sanitasi,Tidak layak,Total,0.0
Singapura,SGP,2005,4268.4,Sanitasi,BAB terbuka,Perkotaan,0.0
Singapura,SGP,2005,4268.4,Sanitasi,BAB terbuka,Total,0.0
Singapura,SGP,2005,4268.4,Sanitasi,Tersambung selokan,Perkotaan,100.0
Singapura,SGP,2005,4268.4,Sanitasi,Tersambung selokan,Total,100.0
Singapura,SGP,2006,4407.1,Sanitasi,Dikelola aman,Perkotaan,100.0
Singapura,SGP,2006,4407.1,Sanitasi,Dikelola aman,Total,100.0
Singapura,SGP,2006,4407.1,Sanitasi,Minimal dasar,Perkotaan,100.0
Singapura,SGP,2006,4407.1,Sanitasi,Minimal dasar,Total,100.0
Singapura,SGP,2006,4407.1,Sanitasi,Terbatas,Perkotaan,0.0
Singapura,SGP,2006,4407.1,Sanitasi,Terbatas,Total,0.0
Singapura,SGP,2006,4407.1,Sanitasi,Tidak layak,Perkotaan,0.0
Singapura,SGP,2006,4407.1,Sanitasi,Tidak layak,Total,0.0
Singapura,SGP,2006,4407.1,Sanitasi,BAB terbuka,Perkotaan,0.0
Singapura,SGP,2006,4407.1,Sanitasi,BAB terbuka,Total,0.0
Singapura,SGP,2006,4407.1,Sanitasi,Tersambung selokan,Perkotaan,100.0
Singapura,SGP,2006,4407.1,Sanitasi,Tersambung selokan,Total,100.0
Singapura,SGP,2007,4596.5,Sanitasi,Dikelola aman,Perkotaan,100.0
Singapura,SGP,2007,4596.5,Sanitasi,Dikelola aman,Total,100.0
Singapura,SGP,2007,4596.5,Sanitasi,Minimal dasar,Perkotaan,100.0
Singapura,SGP,2007,4596.5,Sanitasi,Minimal dasar,Total,100.0
Singapura,SGP,2007,4596.5,Sanitasi,Terbatas,Perkotaan,0.0
Singapura,SGP,2007,4596.5,Sanitasi,Terbatas,Total,0.0
Singapura,SGP,2007,4596.5,Sanitasi,Tidak layak,Perkotaan,0.0
Singapura,SGP,2007,4596.5,Sanitasi,Tidak layak,Total,0.0
Singapura,SGP,2007,4596.5,Sanitasi,BAB terbuka,Perkotaan,0.0
Singapura,SGP,2007,4596.5,Sanitasi,BAB terbuka,Total,0.0
Singapura,SGP,2007,4596.5,Sanitasi,Tersambung selokan,Perkotaan,100.0
Singapura,SGP,2007,4596.5,Sanitasi,Tersambung selokan,Total,100.0
Singapura,SGP,2008,4806.7,Sanitasi,Dikelola aman,Perkotaan,100.0
Singapura,SGP,2008,4806.7,Sanitasi,Dikelola aman,Total,100.0
Singapura,SGP,2008,4806.7,Sanitasi,Minimal dasar,Perkotaan,100.0
Singapura,SGP,2008,4806.7,Sanitasi,Minimal dasar,Total,100.0
Singapura,SGP,2008,4806.7,Sanitasi,Terbatas,Perkotaan,0.0
Singapura,SGP,2008,4806.7,Sanitasi,Terbatas,Total,0.0
Singapura,SGP,2008,4806.7,Sanitasi,Tidak layak,Perkotaan,0.0
Singapura,SGP,2008,4806.7,Sanitasi,Tidak layak,Total,0.0
Singapura,SGP,2008,4806.7,Sanitasi,BAB terbuka,Perkotaan,0.0
Singapura,SGP,2008,4806.7,Sanitasi,BAB terbuka,Total,0.0
Singapura,SGP,2008,4806.7,Sanitasi,Tersambung selokan,Perkotaan,100.0
Singapura,SGP,2008,4806.7,Sanitasi,Tersambung selokan,Total,100.0
Singapura,SGP,2009,4968.6,Sanitasi,Dikelola aman,Perkotaan,100.0
Singapura,SGP,2009,4968.6,Sanitasi,Dikelola aman,Total,100.0
Singapura,SGP,2009,4968.6,Sanitasi,Minimal dasar,Perkotaan,100.0
Singapura,SGP,2009,4968.6,Sanitasi,Minimal dasar,Total,100.0
Singapura,SGP,2009,4968.6,Sanitasi,Terbatas,Perkotaan,0.0
Singapura,SGP,2009,4968.6,Sanitasi,Terbatas,Total,0.0
Singapura,SGP,2009,4968.6,Sanitasi,Tidak layak,Perkotaan,0.0
Singapura,SGP,2009,4968.6,Sanitasi,Tidak layak,Total,0.0
Singapura,SGP,2009,4968.6,Sanitasi,BAB terbuka,Perkotaan,0.0
Singapura,SGP,2009,4968.6,Sanitasi,BAB terbuka,Total,0.0
Singapura,SGP,2009,4968.6,Sanitasi,Tersambung selokan,Perkotaan,100.0
Singapura,SGP,2009,4968.6,Sanitasi,Tersambung selokan,Total,100.0
Singapura,SGP,2010,5077.0,Sanitasi,Dikelola aman,Perkotaan,100.0
Singapura,SGP,2010,5077.0,Sanitasi,Dikelola aman,Total,100.0
Singapura,SGP,2010,5077.0,Sanitasi,Minimal dasar,Perkotaan,100.0
Singapura,SGP,2010,5077.0,Sanitasi,Minimal dasar,Total,100.0
Singapura,SGP,2010,5077.0,Sanitasi,Terbatas,Perkotaan,0.0
Singapura,SGP,2010,5077.0,Sanitasi,Terbatas,Total,0.0
Singapura,SGP,2010,5077.0,Sanitasi,Tidak layak,Perkotaan,0.0
Singapura,SGP,2010,5077.0,Sanitasi,Tidak layak,Total,0.0
Singapura,SGP,2010,5077.0,Sanitasi,BAB terbuka,Perkotaan,0.0
Singapura,SGP,2010,5077.0,Sanitasi,BAB terbuka,Total,0.0
Singapura,SGP,2010,5077.0,Sanitasi,Tersambung selokan,Perkotaan,100.0
Singapura,SGP,2010,5077.0,Sanitasi,Tersambung selokan,Total,100.0
Singapura,SGP,2011,5182.2,Sanitasi,Dikelola aman,Perkotaan,100.0
Singapura,SGP,2011,5182.2,Sanitasi,Dikelola aman,Total,100.0
Singapura,SGP,2011,5182.2,Sanitasi,Minimal dasar,Perkotaan,100.0
Singapura,SGP,2011,5182.2,Sanitasi,Minimal dasar,Total,100.0
Singapura,SGP,2011,5182.2,Sanitasi,Terbatas,Perkotaan,0.0
Singapura,SGP,2011,5182.2,Sanitasi,Terbatas,Total,0.0
Singapura,SGP,2011,5182.2,Sanitasi,Tidak layak,Perkotaan,0.0
Singapura,SGP,2011,5182.2,Sanitasi,Tidak layak,Total,0.0
Singapura,SGP,2011,5182.2,Sanitasi,BAB terbuka,Perkotaan,0.0
Singapura,SGP,2011,5182.2,Sanitasi,BAB terbuka,Total,0.0
Singapura,SGP,2011,5182.2,Sanitasi,Tersambung selokan,Perkotaan,100.0
Singapura,SGP,2011,5182.2,Sanitasi,Tersambung selokan,Total,100.0
Singapura,SGP,2012,5293.3,Sanitasi,Dikelola aman,Perkotaan,100.0
Singapura,SGP,2012,5293.3,Sanitasi,Dikelola aman,Total,100.0
Singapura,SGP,2012,5293.3,Sanitasi,Minimal dasar,Perkotaan,100.0
Singapura,SGP,2012,5293.3,Sanitasi,Minimal dasar,Total,100.0
Singapura,SGP,2012,5293.3,Sanitasi,Terbatas,Perkotaan,0.0
Singapura,SGP,2012,5293.3,Sanitasi,Terbatas,Total,0.0
Singapura,SGP,2012,5293.3,Sanitasi,Tidak layak,Perkotaan,0.0
Singapura,SGP,2012,5293.3,Sanitasi,Tidak layak,Total,0.0
Singapura,SGP,2012,5293.3,Sanitasi,BAB terbuka,Perkotaan,0.0
Singapura,SGP,2012,5293.3,Sanitasi,BAB terbuka,Total,0.0
Singapura,SGP,2012,5293.3,Sanitasi,Tersambung selokan,Perkotaan,100.0
Singapura,SGP,2012,5293.3,Sanitasi,Tersambung selokan,Total,100.0
Singapura,SGP,2013,5385.6,Sanitasi,Dikelola aman,Perkotaan,100.0
Singapura,SGP,2013,5385.6,Sanitasi,Dikelola aman,Total,100.0
Singapura,SGP,2013,5385.6,Sanitasi,Minimal dasar,Perkotaan,100.0
Singapura,SGP,2013,5385.6,Sanitasi,Minimal dasar,Total,100.0
Singapura,SGP,2013,5385.6,Sanitasi,Terbatas,Perkotaan,0.0
Singapura,SGP,2013,5385.6,Sanitasi,Terbatas,Total,0.0
Singapura,SGP,2013,5385.6,Sanitasi,Tidak layak,Perkotaan,0.0
Singapura,SGP,2013,5385.6,Sanitasi,Tidak layak,Total,0.0
Singapura,SGP,2013,5385.6,Sanitasi,BAB terbuka,Perkotaan,0.0
Singapura,SGP,2013,5385.6,Sanitasi,BAB terbuka,Total,0.0
Singapura,SGP,2013,5385.6,Sanitasi,Tersambung selokan,Perkotaan,100.0
Singapura,SGP,2013,5385.6,Sanitasi,Tersambung selokan,Total,100.0
Singapura,SGP,2014,5457.9,Sanitasi,Dikelola aman,Perkotaan,100.0
Singapura,SGP,2014,5457.9,Sanitasi,Dikelola aman,Total,100.0
Singapura,SGP,2014,5457.9,Sanitasi,Minimal dasar,Perkotaan,100.0
Singapura,SGP,2014,5457.9,Sanitasi,Minimal dasar,Total,100.0
Singapura,SGP,2014,5457.9,Sanitasi,Terbatas,Perkotaan,0.0
Singapura,SGP,2014,5457.9,Sanitasi,Terbatas,Total,0.0
Singapura,SGP,2014,5457.9,Sanitasi,Tidak layak,Perkotaan,0.0
Singapura,SGP,2014,5457.9,Sanitasi,Tidak layak,Total,0.0
Singapura,SGP,2014,5457.9,Sanitasi,BAB terbuka,Perkotaan,0.0
Singapura,SGP,2014,5457.9,Sanitasi,BAB terbuka,Total,0.0
Singapura,SGP,2014,5457.9,Sanitasi,Tersambung selokan,Perkotaan,100.0
Singapura,SGP,2014,5457.9,Sanitasi,Tersambung selokan,Total,100.0
Singapura,SGP,2015,5525.3,Sanitasi,Dikelola aman,Perkotaan,100.0
Singapura,SGP,2015,5525.3,Sanitasi,Dikelola aman,Total,100.0
Singapura,SGP,2015,5525.3,Sanitasi,Minimal dasar,Perkotaan,100.0
Singapura,SGP,2015,5525.3,Sanitasi,Minimal dasar,Total,100.0
Singapura,SGP,2015,5525.3,Sanitasi,Terbatas,Perkotaan,0.0
Singapura,SGP,2015,5525.3,Sanitasi,Terbatas,Total,0.0
Singapura,SGP,2015,5525.3,Sanitasi,Tidak layak,Perkotaan,0.0
Singapura,SGP,2015,5525.3,Sanitasi,Tidak layak,Total,0.0
Singapura,SGP,2015,5525.3,Sanitasi,BAB terbuka,Perkotaan,0.0
Singapura,SGP,2015,5525.3,Sanitasi,BAB terbuka,Total,0.0
Singapura,SGP,2015,5525.3,Sanitasi,Tersambung selokan,Perkotaan,100.0
Singapura,SGP,2015,5525.3,Sanitasi,Tersambung selokan,Total,100.0
Singapura,SGP,2016,5577.9,Sanitasi,Dikelola aman,Perkotaan,100.0
Singapura,SGP,2016,5577.9,Sanitasi,Dikelola aman,Total,100.0
Singapura,SGP,2016,5577.9,Sanitasi,Minimal dasar,Perkotaan,100.0
Singapura,SGP,2016,5577.9,Sanitasi,Minimal dasar,Total,100.0
Singapura,SGP,2016,5577.9,Sanitasi,Terbatas,Perkotaan,0.0
Singapura,SGP,2016,5577.9,Sanitasi,Terbatas,Total,0.0
Singapura,SGP,2016,5577.9,Sanitasi,Tidak layak,Perkotaan,0.0
Singapura,SGP,2016,5577.9,Sanitasi,Tidak layak,Total,0.0
Singapura,SGP,2016,5577.9,Sanitasi,BAB terbuka,Perkotaan,0.0
Singapura,SGP,2016,5577.9,Sanitasi,BAB terbuka,Total,0.0
Singapura,SGP,2016,5577.9,Sanitasi,Tersambung selokan,Perkotaan,100.0
Singapura,SGP,2016,5577.9,Sanitasi,Tersambung selokan,Total,100.0
Singapura,SGP,2017,5604.1,Sanitasi,Dikelola aman,Perkotaan,100.0
Singapura,SGP,2017,5604.1,Sanitasi,Dikelola aman,Total,100.0
Singapura,SGP,2017,5604.1,Sanitasi,Minimal dasar,Perkotaan,100.0
Singapura,SGP,2017,5604.1,Sanitasi,Minimal dasar,Total,100.0
Singapura,SGP,2017,5604.1,Sanitasi,Terbatas,Perkotaan,0.0
Singapura,SGP,2017,5604.1,Sanitasi,Terbatas,Total,0.0
Singapura,SGP,2017,5604.1,Sanitasi,Tidak layak,Perkotaan,0.0
Singapura,SGP,2017,5604.1,Sanitasi,Tidak layak,Total,0.0
Singapura,SGP,2017,5604.1,Sanitasi,BAB terbuka,Perkotaan,0.0
Singapura,SGP,2017,5604.1,Sanitasi,BAB terbuka,Total,0.0
Singapura,SGP,2017,5604.1,Sanitasi,Tersambung selokan,Perkotaan,100.0
Singapura,SGP,2017,5604.1,Sanitasi,Tersambung selokan,Total,100.0
Singapura,SGP,2018,5634.4,Sanitasi,Dikelola aman,Perkotaan,100.0
Singapura,SGP,2018,5634.4,Sanitasi,Dikelola aman,Total,100.0
Singapura,SGP,2018,5634.4,Sanitasi,Minimal dasar,Perkotaan,100.0
Singapura,SGP,2018,5634.4,Sanitasi,Minimal dasar,Total,100.0
Singapura,SGP,2018,5634.4,Sanitasi,Terbatas,Perkotaan,0.0
Singapura,SGP,2018,5634.4,Sanitasi,Terbatas,Total,0.0
Singapura,SGP,2018,5634.4,Sanitasi,Tidak layak,Perkotaan,0.0
Singapura,SGP,2018,5634.4,Sanitasi,Tidak layak,Total,0.0
Singapura,SGP,2018,5634.4,Sanitasi,BAB terbuka,Perkotaan,0.0
Singapura,SGP,2018,5634.4,Sanitasi,BAB terbuka,Total,0.0
Singapura,SGP,2018,5634.4,Sanitasi,Tersambung selokan,Perkotaan,100.0
Singapura,SGP,2018,5634.4,Sanitasi,Tersambung selokan,Total,100.0
Singapura,SGP,2019,5669.6,Sanitasi,Dikelola aman,Perkotaan,100.0
Singapura,SGP,2019,5669.6,Sanitasi,Dikelola aman,Total,100.0
Singapura,SGP,2019,5669.6,Sanitasi,Minimal dasar,Perkotaan,100.0
Singapura,SGP,2019,5669.6,Sanitasi,Minimal dasar,Total,100.0
Singapura,SGP,2019,5669.6,Sanitasi,Terbatas,Perkotaan,0.0
Singapura,SGP,2019,5669.6,Sanitasi,Terbatas,Total,0.0
Singapura,SGP,2019,5669.6,Sanitasi,Tidak layak,Perkotaan,0.0
Singapura,SGP,2019,5669.6,Sanitasi,Tidak layak,Total,0.0
Singapura,SGP,2019,5669.6,Sanitasi,BAB terbuka,Perkotaan,0.0
Singapura,SGP,2019,5669.6,Sanitasi,BAB terbuka,Total,0.0
Singapura,SGP,2019,5669.6,Sanitasi,Tersambung selokan,Perkotaan,100.0
Singapura,SGP,2019,5669.6,Sanitasi,Tersambung selokan,Total,100.0
Singapura,SGP,2020,5620.1,Sanitasi,Dikelola aman,Perkotaan,100.0
Singapura,SGP,2020,5620.1,Sanitasi,Dikelola aman,Total,100.0
Singapura,SGP,2020,5620.1,Sanitasi,Minimal dasar,Perkotaan,100.0
Singapura,SGP,2020,5620.1,Sanitasi,Minimal dasar,Total,100.0
Singapura,SGP,2020,5620.1,Sanitasi,Terbatas,Perkotaan,0.0
Singapura,SGP,2020,5620.1,Sanitasi,Terbatas,Total,0.0
Singapura,SGP,2020,5620.1,Sanitasi,Tidak layak,Perkotaan,0.0
Singapura,SGP,2020,5620.1,Sanitasi,Tidak layak,Total,0.0
Singapura,SGP,2020,5620.1,Sanitasi,BAB terbuka,Perkotaan,0.0
Singapura,SGP,2020,5620.1,Sanitasi,BAB terbuka,Total,0.0
Singapura,SGP,2020,5620.1,Sanitasi,Tersambung selokan,Perkotaan,100.0
Singapura,SGP,2020,5620.1,Sanitasi,Tersambung selokan,Total,100.0
Singapura,SGP,2021,5546.3,Sanitasi,Dikelola aman,Perkotaan,100.0
Singapura,SGP,2021,5546.3,Sanitasi,Dikelola aman,Total,100.0
Singapura,SGP,2021,5546.3,Sanitasi,Minimal dasar,Perkotaan,100.0
Singapura,SGP,2021,5546.3,Sanitasi,Minimal dasar,Total,100.0
Singapura,SGP,2021,5546.3,Sanitasi,Terbatas,Perkotaan,0.0
Singapura,SGP,2021,5546.3,Sanitasi,Terbatas,Total,0.0
Singapura,SGP,2021,5546.3,Sanitasi,Tidak layak,Perkotaan,0.0
Singapura,SGP,2021,5546.3,Sanitasi,Tidak layak,Total,0.0
Singapura,SGP,2021,5546.3,Sanitasi,BAB terbuka,Perkotaan,0.0
Singapura,SGP,2021,5546.3,Sanitasi,BAB terbuka,Total,0.0
Singapura,SGP,2021,5546.3,Sanitasi,Tersambung selokan,Perkotaan,100.0
Singapura,SGP,2021,5546.3,Sanitasi,Tersambung selokan,Total,100.0
Singapura,SGP,2022,5649.9,Sanitasi,Dikelola aman,Perkotaan,100.0
Singapura,SGP,2022,5649.9,Sanitasi,Dikelola aman,Total,100.0
Singapura,SGP,2022,5649.9,Sanitasi,Minimal dasar,Perkotaan,100.0
Singapura,SGP,2022,5649.9,Sanitasi,Minimal dasar,Total,100.0
Singapura,SGP,2022,5649.9,Sanitasi,Terbatas,Perkotaan,0.0
Singapura,SGP,2022,5649.9,Sanitasi,Terbatas,Total,0.0
Singapura,SGP,2022,5649.9,Sanitasi,Tidak layak,Perkotaan,0.0
Singapura,SGP,2022,5649.9,Sanitasi,Tidak layak,Total,0.0
Singapura,SGP,2022,5649.9,Sanitasi,BAB terbuka,Perkotaan,0.0
Singapura,SGP,2022,5649.9,Sanitasi,BAB terbuka,Total,0.0
Singapura,SGP,2022,5649.9,Sanitasi,Tersambung selokan,Perkotaan,100.0
Singapura,SGP,2022,5649.9,Sanitasi,Tersambung selokan,Total,100.0
Singapura,SGP,2023,5789.1,Sanitasi,Dikelola aman,Perkotaan,100.0
Singapura,SGP,2023,5789.1,Sanitasi,Dikelola aman,Total,100.0
Singapura,SGP,2023,5789.1,Sanitasi,Minimal dasar,Perkotaan,100.0
Singapura,SGP,2023,5789.1,Sanitasi,Minimal dasar,Total,100.0
Singapura,SGP,2023,5789.1,Sanitasi,Terbatas,Perkotaan,0.0
Singapura,SGP,2023,5789.1,Sanitasi,Terbatas,Total,0.0
Singapura,SGP,2023,5789.1,Sanitasi,Tidak layak,Perkotaan,0.0
Singapura,SGP,2023,5789.1,Sanitasi,Tidak layak,Total,0.0
Singapura,SGP,2023,5789.1,Sanitasi,BAB terbuka,Perkotaan,0.0
Singapura,SGP,2023,5789.1,Sanitasi,BAB terbuka,Total,0.0
Singapura,SGP,2023,5789.1,Sanitasi,Tersambung selokan,Perkotaan,100.0
Singapura,SGP,2023,5789.1,Sanitasi,Tersambung selokan,Total,100.0
Singapura,SGP,2024,5832.4,Sanitasi,Dikelola aman,Perkotaan,100.0
Singapura,SGP,2024,5832.4,Sanitasi,Dikelola aman,Total,100.0
Singapura,SGP,2024,5832.4,Sanitasi,Minimal dasar,Perkotaan,100.0
Singapura,SGP,2024,5832.4,Sanitasi,Minimal dasar,Total,100.0
Singapura,SGP,2024,5832.4,Sanitasi,Terbatas,Perkotaan,0.0
Singapura,SGP,2024,5832.4,Sanitasi,Terbatas,Total,0.0
Singapura,SGP,2024,5832.4,Sanitasi,Tidak layak,Perkotaan,0.0
Singapura,SGP,2024,5832.4,Sanitasi,Tidak layak,Total,0.0
Singapura,SGP,2024,5832.4,Sanitasi,BAB terbuka,Perkotaan,0.0
Singapura,SGP,2024,5832.4,Sanitasi,BAB terbuka,Total,0.0
Singapura,SGP,2024,5832.4,Sanitasi,Tersambung selokan,Perkotaan,100.0
Singapura,SGP,2024,5832.4,Sanitasi,Tersambung selokan,Total,100.0
Thailand,THA,2000,63007.8,Sanitasi,Dikelola aman,Perdesaan,18.01
Thailand,THA,2000,63007.8,Sanitasi,Dikelola aman,Perkotaan,22.35
Thailand,THA,2000,63007.8,Sanitasi,Dikelola aman,Total,19.37
Thailand,THA,2000,63007.8,Sanitasi,Minimal dasar,Perdesaan,93.25
Thailand,THA,2000,63007.8,Sanitasi,Minimal dasar,Perkotaan,89.82
Thailand,THA,2000,63007.8,Sanitasi,Minimal dasar,Total,92.18
Thailand,THA,2000,63007.8,Sanitasi,Terbatas,Perdesaan,3.96
Thailand,THA,2000,63007.8,Sanitasi,Terbatas,Perkotaan,9.17
Thailand,THA,2000,63007.8,Sanitasi,Terbatas,Total,5.6
Thailand,THA,2000,63007.8,Sanitasi,Tidak layak,Perdesaan,1.26
Thailand,THA,2000,63007.8,Sanitasi,Tidak layak,Perkotaan,0.77
Thailand,THA,2000,63007.8,Sanitasi,Tidak layak,Total,1.11
Thailand,THA,2000,63007.8,Sanitasi,BAB terbuka,Perdesaan,1.52
Thailand,THA,2000,63007.8,Sanitasi,BAB terbuka,Perkotaan,0.23
Thailand,THA,2000,63007.8,Sanitasi,BAB terbuka,Total,1.12
Thailand,THA,2000,63007.8,Sanitasi,Tersambung selokan,Perdesaan,4.19
Thailand,THA,2000,63007.8,Sanitasi,Tersambung selokan,Perkotaan,6.01
Thailand,THA,2000,63007.8,Sanitasi,Tersambung selokan,Total,4.76
Thailand,THA,2001,63651.1,Sanitasi,Dikelola aman,Perdesaan,18.1
Thailand,THA,2001,63651.1,Sanitasi,Dikelola aman,Perkotaan,22.46
Thailand,THA,2001,63651.1,Sanitasi,Dikelola aman,Total,19.52
Thailand,THA,2001,63651.1,Sanitasi,Minimal dasar,Perdesaan,93.49
Thailand,THA,2001,63651.1,Sanitasi,Minimal dasar,Perkotaan,90.23
Thailand,THA,2001,63651.1,Sanitasi,Minimal dasar,Total,92.43
Thailand,THA,2001,63651.1,Sanitasi,Terbatas,Perdesaan,3.85
Thailand,THA,2001,63651.1,Sanitasi,Terbatas,Perkotaan,8.8
Thailand,THA,2001,63651.1,Sanitasi,Terbatas,Total,5.46
Thailand,THA,2001,63651.1,Sanitasi,Tidak layak,Perdesaan,1.22
Thailand,THA,2001,63651.1,Sanitasi,Tidak layak,Perkotaan,0.75
Thailand,THA,2001,63651.1,Sanitasi,Tidak layak,Total,1.06
Thailand,THA,2001,63651.1,Sanitasi,BAB terbuka,Perdesaan,1.45
Thailand,THA,2001,63651.1,Sanitasi,BAB terbuka,Perkotaan,0.22
Thailand,THA,2001,63651.1,Sanitasi,BAB terbuka,Total,1.05
Thailand,THA,2001,63651.1,Sanitasi,Tersambung selokan,Perdesaan,4.19
Thailand,THA,2001,63651.1,Sanitasi,Tersambung selokan,Perkotaan,6.01
Thailand,THA,2001,63651.1,Sanitasi,Tersambung selokan,Total,4.79
Thailand,THA,2002,64266.4,Sanitasi,Dikelola aman,Perdesaan,18.18
Thailand,THA,2002,64266.4,Sanitasi,Dikelola aman,Perkotaan,22.57
Thailand,THA,2002,64266.4,Sanitasi,Dikelola aman,Total,19.67
Thailand,THA,2002,64266.4,Sanitasi,Minimal dasar,Perdesaan,93.72
Thailand,THA,2002,64266.4,Sanitasi,Minimal dasar,Perkotaan,90.64
Thailand,THA,2002,64266.4,Sanitasi,Minimal dasar,Total,92.68
Thailand,THA,2002,64266.4,Sanitasi,Terbatas,Perdesaan,3.73
Thailand,THA,2002,64266.4,Sanitasi,Terbatas,Perkotaan,8.42
Thailand,THA,2002,64266.4,Sanitasi,Terbatas,Total,5.31
Thailand,THA,2002,64266.4,Sanitasi,Tidak layak,Perdesaan,1.17
Thailand,THA,2002,64266.4,Sanitasi,Tidak layak,Perkotaan,0.73
Thailand,THA,2002,64266.4,Sanitasi,Tidak layak,Total,1.02
Thailand,THA,2002,64266.4,Sanitasi,BAB terbuka,Perdesaan,1.37
Thailand,THA,2002,64266.4,Sanitasi,BAB terbuka,Perkotaan,0.21
Thailand,THA,2002,64266.4,Sanitasi,BAB terbuka,Total,0.98
Thailand,THA,2002,64266.4,Sanitasi,Tersambung selokan,Perdesaan,4.19
Thailand,THA,2002,64266.4,Sanitasi,Tersambung selokan,Perkotaan,6.01
Thailand,THA,2002,64266.4,Sanitasi,Tersambung selokan,Total,4.81
Thailand,THA,2003,64868.2,Sanitasi,Dikelola aman,Perdesaan,18.27
Thailand,THA,2003,64868.2,Sanitasi,Dikelola aman,Perkotaan,22.69
Thailand,THA,2003,64868.2,Sanitasi,Dikelola aman,Total,19.81
Thailand,THA,2003,64868.2,Sanitasi,Minimal dasar,Perdesaan,93.96
Thailand,THA,2003,64868.2,Sanitasi,Minimal dasar,Perkotaan,91.05
Thailand,THA,2003,64868.2,Sanitasi,Minimal dasar,Total,92.94
Thailand,THA,2003,64868.2,Sanitasi,Terbatas,Perdesaan,3.61
Thailand,THA,2003,64868.2,Sanitasi,Terbatas,Perkotaan,8.05
Thailand,THA,2003,64868.2,Sanitasi,Terbatas,Total,5.16
Thailand,THA,2003,64868.2,Sanitasi,Tidak layak,Perdesaan,1.13
Thailand,THA,2003,64868.2,Sanitasi,Tidak layak,Perkotaan,0.7
Thailand,THA,2003,64868.2,Sanitasi,Tidak layak,Total,0.98
Thailand,THA,2003,64868.2,Sanitasi,BAB terbuka,Perdesaan,1.29
Thailand,THA,2003,64868.2,Sanitasi,BAB terbuka,Perkotaan,0.2
Thailand,THA,2003,64868.2,Sanitasi,BAB terbuka,Total,0.91
Thailand,THA,2003,64868.2,Sanitasi,Tersambung selokan,Perdesaan,4.19
Thailand,THA,2003,64868.2,Sanitasi,Tersambung selokan,Perkotaan,6.01
Thailand,THA,2003,64868.2,Sanitasi,Tersambung selokan,Total,4.83
Thailand,THA,2004,65452.0,Sanitasi,Dikelola aman,Perdesaan,18.36
Thailand,THA,2004,65452.0,Sanitasi,Dikelola aman,Perkotaan,22.8
Thailand,THA,2004,65452.0,Sanitasi,Dikelola aman,Total,19.96
Thailand,THA,2004,65452.0,Sanitasi,Minimal dasar,Perdesaan,94.19
Thailand,THA,2004,65452.0,Sanitasi,Minimal dasar,Perkotaan,91.46
Thailand,THA,2004,65452.0,Sanitasi,Minimal dasar,Total,93.21
Thailand,THA,2004,65452.0,Sanitasi,Terbatas,Perdesaan,3.5
Thailand,THA,2004,65452.0,Sanitasi,Terbatas,Perkotaan,7.67
Thailand,THA,2004,65452.0,Sanitasi,Terbatas,Total,5.01
Thailand,THA,2004,65452.0,Sanitasi,Tidak layak,Perdesaan,1.09
Thailand,THA,2004,65452.0,Sanitasi,Tidak layak,Perkotaan,0.68
Thailand,THA,2004,65452.0,Sanitasi,Tidak layak,Total,0.94
Thailand,THA,2004,65452.0,Sanitasi,BAB terbuka,Perdesaan,1.22
Thailand,THA,2004,65452.0,Sanitasi,BAB terbuka,Perkotaan,0.19
Thailand,THA,2004,65452.0,Sanitasi,BAB terbuka,Total,0.85
Thailand,THA,2004,65452.0,Sanitasi,Tersambung selokan,Perdesaan,4.19
Thailand,THA,2004,65452.0,Sanitasi,Tersambung selokan,Perkotaan,6.01
Thailand,THA,2004,65452.0,Sanitasi,Tersambung selokan,Total,4.85
Thailand,THA,2005,66017.4,Sanitasi,Dikelola aman,Perdesaan,18.53
Thailand,THA,2005,66017.4,Sanitasi,Dikelola aman,Perkotaan,23.17
Thailand,THA,2005,66017.4,Sanitasi,Dikelola aman,Total,20.27
Thailand,THA,2005,66017.4,Sanitasi,Minimal dasar,Perdesaan,94.43
Thailand,THA,2005,66017.4,Sanitasi,Minimal dasar,Perkotaan,91.87
Thailand,THA,2005,66017.4,Sanitasi,Minimal dasar,Total,93.47
Thailand,THA,2005,66017.4,Sanitasi,Terbatas,Perdesaan,3.38
Thailand,THA,2005,66017.4,Sanitasi,Terbatas,Perkotaan,7.29
Thailand,THA,2005,66017.4,Sanitasi,Terbatas,Total,4.84
Thailand,THA,2005,66017.4,Sanitasi,Tidak layak,Perdesaan,1.05
Thailand,THA,2005,66017.4,Sanitasi,Tidak layak,Perkotaan,0.65
Thailand,THA,2005,66017.4,Sanitasi,Tidak layak,Total,0.9
Thailand,THA,2005,66017.4,Sanitasi,BAB terbuka,Perdesaan,1.14
Thailand,THA,2005,66017.4,Sanitasi,BAB terbuka,Perkotaan,0.18
Thailand,THA,2005,66017.4,Sanitasi,BAB terbuka,Total,0.78
Thailand,THA,2005,66017.4,Sanitasi,Tersambung selokan,Perdesaan,4.49
Thailand,THA,2005,66017.4,Sanitasi,Tersambung selokan,Perkotaan,7.15
Thailand,THA,2005,66017.4,Sanitasi,Tersambung selokan,Total,5.49
Thailand,THA,2006,66567.7,Sanitasi,Dikelola aman,Perdesaan,18.71
Thailand,THA,2006,66567.7,Sanitasi,Dikelola aman,Perkotaan,23.55
Thailand,THA,2006,66567.7,Sanitasi,Dikelola aman,Total,20.58
Thailand,THA,2006,66567.7,Sanitasi,Minimal dasar,Perdesaan,94.67
Thailand,THA,2006,66567.7,Sanitasi,Minimal dasar,Perkotaan,92.28
Thailand,THA,2006,66567.7,Sanitasi,Minimal dasar,Total,93.74
Thailand,THA,2006,66567.7,Sanitasi,Terbatas,Perdesaan,3.26
Thailand,THA,2006,66567.7,Sanitasi,Terbatas,Perkotaan,6.92
Thailand,THA,2006,66567.7,Sanitasi,Terbatas,Total,4.67
Thailand,THA,2006,66567.7,Sanitasi,Tidak layak,Perdesaan,1.01
Thailand,THA,2006,66567.7,Sanitasi,Tidak layak,Perkotaan,0.63
Thailand,THA,2006,66567.7,Sanitasi,Tidak layak,Total,0.86
Thailand,THA,2006,66567.7,Sanitasi,BAB terbuka,Perdesaan,1.06
Thailand,THA,2006,66567.7,Sanitasi,BAB terbuka,Perkotaan,0.17
Thailand,THA,2006,66567.7,Sanitasi,BAB terbuka,Total,0.72
Thailand,THA,2006,66567.7,Sanitasi,Tersambung selokan,Perdesaan,4.79
Thailand,THA,2006,66567.7,Sanitasi,Tersambung selokan,Perkotaan,8.3
Thailand,THA,2006,66567.7,Sanitasi,Tersambung selokan,Total,6.15
Thailand,THA,2007,67102.4,Sanitasi,Dikelola aman,Perdesaan,18.89
Thailand,THA,2007,67102.4,Sanitasi,Dikelola aman,Perkotaan,23.93
Thailand,THA,2007,67102.4,Sanitasi,Dikelola aman,Total,20.9
Thailand,THA,2007,67102.4,Sanitasi,Minimal dasar,Perdesaan,94.9
Thailand,THA,2007,67102.4,Sanitasi,Minimal dasar,Perkotaan,92.69
Thailand,THA,2007,67102.4,Sanitasi,Minimal dasar,Total,94.02
Thailand,THA,2007,67102.4,Sanitasi,Terbatas,Perdesaan,3.14
Thailand,THA,2007,67102.4,Sanitasi,Terbatas,Perkotaan,6.54
Thailand,THA,2007,67102.4,Sanitasi,Terbatas,Total,4.5
Thailand,THA,2007,67102.4,Sanitasi,Tidak layak,Perdesaan,0.97
Thailand,THA,2007,67102.4,Sanitasi,Tidak layak,Perkotaan,0.61
Thailand,THA,2007,67102.4,Sanitasi,Tidak layak,Total,0.82
Thailand,THA,2007,67102.4,Sanitasi,BAB terbuka,Perdesaan,0.99
Thailand,THA,2007,67102.4,Sanitasi,BAB terbuka,Perkotaan,0.16
Thailand,THA,2007,67102.4,Sanitasi,BAB terbuka,Total,0.66
Thailand,THA,2007,67102.4,Sanitasi,Tersambung selokan,Perdesaan,5.09
Thailand,THA,2007,67102.4,Sanitasi,Tersambung selokan,Perkotaan,9.44
Thailand,THA,2007,67102.4,Sanitasi,Tersambung selokan,Total,6.83
Thailand,THA,2008,67619.8,Sanitasi,Dikelola aman,Perdesaan,19.07
Thailand,THA,2008,67619.8,Sanitasi,Dikelola aman,Perkotaan,24.31
Thailand,THA,2008,67619.8,Sanitasi,Dikelola aman,Total,21.23
Thailand,THA,2008,67619.8,Sanitasi,Minimal dasar,Perdesaan,95.14
Thailand,THA,2008,67619.8,Sanitasi,Minimal dasar,Perkotaan,93.1
Thailand,THA,2008,67619.8,Sanitasi,Minimal dasar,Total,94.3
Thailand,THA,2008,67619.8,Sanitasi,Terbatas,Perdesaan,3.02
Thailand,THA,2008,67619.8,Sanitasi,Terbatas,Perkotaan,6.16
Thailand,THA,2008,67619.8,Sanitasi,Terbatas,Total,4.32
Thailand,THA,2008,67619.8,Sanitasi,Tidak layak,Perdesaan,0.92
Thailand,THA,2008,67619.8,Sanitasi,Tidak layak,Perkotaan,0.58
Thailand,THA,2008,67619.8,Sanitasi,Tidak layak,Total,0.78
Thailand,THA,2008,67619.8,Sanitasi,BAB terbuka,Perdesaan,0.91
Thailand,THA,2008,67619.8,Sanitasi,BAB terbuka,Perkotaan,0.15
Thailand,THA,2008,67619.8,Sanitasi,BAB terbuka,Total,0.6
Thailand,THA,2008,67619.8,Sanitasi,Tersambung selokan,Perdesaan,5.39
Thailand,THA,2008,67619.8,Sanitasi,Tersambung selokan,Perkotaan,10.58
Thailand,THA,2008,67619.8,Sanitasi,Tersambung selokan,Total,7.53
Thailand,THA,2009,68121.1,Sanitasi,Dikelola aman,Perdesaan,19.25
Thailand,THA,2009,68121.1,Sanitasi,Dikelola aman,Perkotaan,24.69
Thailand,THA,2009,68121.1,Sanitasi,Dikelola aman,Total,21.57
Thailand,THA,2009,68121.1,Sanitasi,Minimal dasar,Perdesaan,95.38
Thailand,THA,2009,68121.1,Sanitasi,Minimal dasar,Perkotaan,93.51
Thailand,THA,2009,68121.1,Sanitasi,Minimal dasar,Total,94.59
Thailand,THA,2009,68121.1,Sanitasi,Terbatas,Perdesaan,2.91
Thailand,THA,2009,68121.1,Sanitasi,Terbatas,Perkotaan,5.78
Thailand,THA,2009,68121.1,Sanitasi,Terbatas,Total,4.13
Thailand,THA,2009,68121.1,Sanitasi,Tidak layak,Perdesaan,0.88
Thailand,THA,2009,68121.1,Sanitasi,Tidak layak,Perkotaan,0.56
Thailand,THA,2009,68121.1,Sanitasi,Tidak layak,Total,0.74
Thailand,THA,2009,68121.1,Sanitasi,BAB terbuka,Perdesaan,0.83
Thailand,THA,2009,68121.1,Sanitasi,BAB terbuka,Perkotaan,0.14
Thailand,THA,2009,68121.1,Sanitasi,BAB terbuka,Total,0.54
Thailand,THA,2009,68121.1,Sanitasi,Tersambung selokan,Perdesaan,5.69
Thailand,THA,2009,68121.1,Sanitasi,Tersambung selokan,Perkotaan,11.72
Thailand,THA,2009,68121.1,Sanitasi,Tersambung selokan,Total,8.25
Thailand,THA,2010,68579.4,Sanitasi,Dikelola aman,Perdesaan,19.43
Thailand,THA,2010,68579.4,Sanitasi,Dikelola aman,Perkotaan,25.08
Thailand,THA,2010,68579.4,Sanitasi,Dikelola aman,Total,21.91
Thailand,THA,2010,68579.4,Sanitasi,Minimal dasar,Perdesaan,95.62
Thailand,THA,2010,68579.4,Sanitasi,Minimal dasar,Perkotaan,93.93
Thailand,THA,2010,68579.4,Sanitasi,Minimal dasar,Total,94.87
Thailand,THA,2010,68579.4,Sanitasi,Terbatas,Perdesaan,2.79
Thailand,THA,2010,68579.4,Sanitasi,Terbatas,Perkotaan,5.41
Thailand,THA,2010,68579.4,Sanitasi,Terbatas,Total,3.94
Thailand,THA,2010,68579.4,Sanitasi,Tidak layak,Perdesaan,0.84
Thailand,THA,2010,68579.4,Sanitasi,Tidak layak,Perkotaan,0.54
Thailand,THA,2010,68579.4,Sanitasi,Tidak layak,Total,0.71
Thailand,THA,2010,68579.4,Sanitasi,BAB terbuka,Perdesaan,0.76
Thailand,THA,2010,68579.4,Sanitasi,BAB terbuka,Perkotaan,0.13
Thailand,THA,2010,68579.4,Sanitasi,BAB terbuka,Total,0.48
Thailand,THA,2010,68579.4,Sanitasi,Tersambung selokan,Perdesaan,5.98
Thailand,THA,2010,68579.4,Sanitasi,Tersambung selokan,Perkotaan,12.87
Thailand,THA,2010,68579.4,Sanitasi,Tersambung selokan,Total,9.0
Thailand,THA,2011,69007.2,Sanitasi,Dikelola aman,Perdesaan,19.61
Thailand,THA,2011,69007.2,Sanitasi,Dikelola aman,Perkotaan,25.47
Thailand,THA,2011,69007.2,Sanitasi,Dikelola aman,Total,22.23
Thailand,THA,2011,69007.2,Sanitasi,Minimal dasar,Perdesaan,95.85
Thailand,THA,2011,69007.2,Sanitasi,Minimal dasar,Perkotaan,94.34
Thailand,THA,2011,69007.2,Sanitasi,Minimal dasar,Total,95.18
Thailand,THA,2011,69007.2,Sanitasi,Terbatas,Perdesaan,2.67
Thailand,THA,2011,69007.2,Sanitasi,Terbatas,Perkotaan,5.03
Thailand,THA,2011,69007.2,Sanitasi,Terbatas,Total,3.72
Thailand,THA,2011,69007.2,Sanitasi,Tidak layak,Perdesaan,0.8
Thailand,THA,2011,69007.2,Sanitasi,Tidak layak,Perkotaan,0.51
Thailand,THA,2011,69007.2,Sanitasi,Tidak layak,Total,0.67
Thailand,THA,2011,69007.2,Sanitasi,BAB terbuka,Perdesaan,0.68
Thailand,THA,2011,69007.2,Sanitasi,BAB terbuka,Perkotaan,0.12
Thailand,THA,2011,69007.2,Sanitasi,BAB terbuka,Total,0.43
Thailand,THA,2011,69007.2,Sanitasi,Tersambung selokan,Perdesaan,6.28
Thailand,THA,2011,69007.2,Sanitasi,Tersambung selokan,Perkotaan,14.01
Thailand,THA,2011,69007.2,Sanitasi,Tersambung selokan,Total,9.74
Thailand,THA,2012,69436.1,Sanitasi,Dikelola aman,Perdesaan,19.79
Thailand,THA,2012,69436.1,Sanitasi,Dikelola aman,Perkotaan,25.86
Thailand,THA,2012,69436.1,Sanitasi,Dikelola aman,Total,22.55
Thailand,THA,2012,69436.1,Sanitasi,Minimal dasar,Perdesaan,96.09
Thailand,THA,2012,69436.1,Sanitasi,Minimal dasar,Perkotaan,94.75
Thailand,THA,2012,69436.1,Sanitasi,Minimal dasar,Total,95.48
Thailand,THA,2012,69436.1,Sanitasi,Terbatas,Perdesaan,2.55
Thailand,THA,2012,69436.1,Sanitasi,Terbatas,Perkotaan,4.65
Thailand,THA,2012,69436.1,Sanitasi,Terbatas,Total,3.5
Thailand,THA,2012,69436.1,Sanitasi,Tidak layak,Perdesaan,0.76
Thailand,THA,2012,69436.1,Sanitasi,Tidak layak,Perkotaan,0.49
Thailand,THA,2012,69436.1,Sanitasi,Tidak layak,Total,0.63
Thailand,THA,2012,69436.1,Sanitasi,BAB terbuka,Perdesaan,0.6
Thailand,THA,2012,69436.1,Sanitasi,BAB terbuka,Perkotaan,0.11
Thailand,THA,2012,69436.1,Sanitasi,BAB terbuka,Total,0.38
Thailand,THA,2012,69436.1,Sanitasi,Tersambung selokan,Perdesaan,6.58
Thailand,THA,2012,69436.1,Sanitasi,Tersambung selokan,Perkotaan,15.15
Thailand,THA,2012,69436.1,Sanitasi,Tersambung selokan,Total,10.47
Thailand,THA,2013,69845.1,Sanitasi,Dikelola aman,Perdesaan,19.97
Thailand,THA,2013,69845.1,Sanitasi,Dikelola aman,Perkotaan,26.25
Thailand,THA,2013,69845.1,Sanitasi,Dikelola aman,Total,22.87
Thailand,THA,2013,69845.1,Sanitasi,Minimal dasar,Perdesaan,96.33
Thailand,THA,2013,69845.1,Sanitasi,Minimal dasar,Perkotaan,95.16
Thailand,THA,2013,69845.1,Sanitasi,Minimal dasar,Total,95.79
Thailand,THA,2013,69845.1,Sanitasi,Terbatas,Perdesaan,2.43
Thailand,THA,2013,69845.1,Sanitasi,Terbatas,Perkotaan,4.27
Thailand,THA,2013,69845.1,Sanitasi,Terbatas,Total,3.28
Thailand,THA,2013,69845.1,Sanitasi,Tidak layak,Perdesaan,0.71
Thailand,THA,2013,69845.1,Sanitasi,Tidak layak,Perkotaan,0.47
Thailand,THA,2013,69845.1,Sanitasi,Tidak layak,Total,0.6
Thailand,THA,2013,69845.1,Sanitasi,BAB terbuka,Perdesaan,0.53
Thailand,THA,2013,69845.1,Sanitasi,BAB terbuka,Perkotaan,0.1
Thailand,THA,2013,69845.1,Sanitasi,BAB terbuka,Total,0.33
Thailand,THA,2013,69845.1,Sanitasi,Tersambung selokan,Perdesaan,6.88
Thailand,THA,2013,69845.1,Sanitasi,Tersambung selokan,Perkotaan,16.29
Thailand,THA,2013,69845.1,Sanitasi,Tersambung selokan,Total,11.23
Thailand,THA,2014,70216.4,Sanitasi,Dikelola aman,Perdesaan,20.15
Thailand,THA,2014,70216.4,Sanitasi,Dikelola aman,Perkotaan,26.65
Thailand,THA,2014,70216.4,Sanitasi,Dikelola aman,Total,23.2
Thailand,THA,2014,70216.4,Sanitasi,Minimal dasar,Perdesaan,96.57
Thailand,THA,2014,70216.4,Sanitasi,Minimal dasar,Perkotaan,95.58
Thailand,THA,2014,70216.4,Sanitasi,Minimal dasar,Total,96.1
Thailand,THA,2014,70216.4,Sanitasi,Terbatas,Perdesaan,2.31
Thailand,THA,2014,70216.4,Sanitasi,Terbatas,Perkotaan,3.89
Thailand,THA,2014,70216.4,Sanitasi,Terbatas,Total,3.05
Thailand,THA,2014,70216.4,Sanitasi,Tidak layak,Perdesaan,0.67
Thailand,THA,2014,70216.4,Sanitasi,Tidak layak,Perkotaan,0.44
Thailand,THA,2014,70216.4,Sanitasi,Tidak layak,Total,0.56
Thailand,THA,2014,70216.4,Sanitasi,BAB terbuka,Perdesaan,0.45
Thailand,THA,2014,70216.4,Sanitasi,BAB terbuka,Perkotaan,0.09
Thailand,THA,2014,70216.4,Sanitasi,BAB terbuka,Total,0.28
Thailand,THA,2014,70216.4,Sanitasi,Tersambung selokan,Perdesaan,7.18
Thailand,THA,2014,70216.4,Sanitasi,Tersambung selokan,Perkotaan,17.44
Thailand,THA,2014,70216.4,Sanitasi,Tersambung selokan,Total,11.99
Thailand,THA,2015,70540.8,Sanitasi,Dikelola aman,Perdesaan,20.33
Thailand,THA,2015,70540.8,Sanitasi,Dikelola aman,Perkotaan,27.05
Thailand,THA,2015,70540.8,Sanitasi,Dikelola aman,Total,23.53
Thailand,THA,2015,70540.8,Sanitasi,Minimal dasar,Perdesaan,96.81
Thailand,THA,2015,70540.8,Sanitasi,Minimal dasar,Perkotaan,95.99
Thailand,THA,2015,70540.8,Sanitasi,Minimal dasar,Total,96.42
Thailand,THA,2015,70540.8,Sanitasi,Terbatas,Perdesaan,2.19
Thailand,THA,2015,70540.8,Sanitasi,Terbatas,Perkotaan,3.51
Thailand,THA,2015,70540.8,Sanitasi,Terbatas,Total,2.82
Thailand,THA,2015,70540.8,Sanitasi,Tidak layak,Perdesaan,0.63
Thailand,THA,2015,70540.8,Sanitasi,Tidak layak,Perkotaan,0.42
Thailand,THA,2015,70540.8,Sanitasi,Tidak layak,Total,0.53
Thailand,THA,2015,70540.8,Sanitasi,BAB terbuka,Perdesaan,0.38
Thailand,THA,2015,70540.8,Sanitasi,BAB terbuka,Perkotaan,0.08
Thailand,THA,2015,70540.8,Sanitasi,BAB terbuka,Total,0.23
Thailand,THA,2015,70540.8,Sanitasi,Tersambung selokan,Perdesaan,7.47
Thailand,THA,2015,70540.8,Sanitasi,Tersambung selokan,Perkotaan,18.58
Thailand,THA,2015,70540.8,Sanitasi,Tersambung selokan,Total,12.77
Thailand,THA,2016,70859.8,Sanitasi,Dikelola aman,Perdesaan,20.51
Thailand,THA,2016,70859.8,Sanitasi,Dikelola aman,Perkotaan,27.45
Thailand,THA,2016,70859.8,Sanitasi,Dikelola aman,Total,23.87
Thailand,THA,2016,70859.8,Sanitasi,Minimal dasar,Perdesaan,97.05
Thailand,THA,2016,70859.8,Sanitasi,Minimal dasar,Perkotaan,96.4
Thailand,THA,2016,70859.8,Sanitasi,Minimal dasar,Total,96.74
Thailand,THA,2016,70859.8,Sanitasi,Terbatas,Perdesaan,2.07
Thailand,THA,2016,70859.8,Sanitasi,Terbatas,Perkotaan,3.13
Thailand,THA,2016,70859.8,Sanitasi,Terbatas,Total,2.58
Thailand,THA,2016,70859.8,Sanitasi,Tidak layak,Perdesaan,0.59
Thailand,THA,2016,70859.8,Sanitasi,Tidak layak,Perkotaan,0.4
Thailand,THA,2016,70859.8,Sanitasi,Tidak layak,Total,0.49
Thailand,THA,2016,70859.8,Sanitasi,BAB terbuka,Perdesaan,0.3
Thailand,THA,2016,70859.8,Sanitasi,BAB terbuka,Perkotaan,0.07
Thailand,THA,2016,70859.8,Sanitasi,BAB terbuka,Total,0.19
Thailand,THA,2016,70859.8,Sanitasi,Tersambung selokan,Perdesaan,7.77
Thailand,THA,2016,70859.8,Sanitasi,Tersambung selokan,Perkotaan,19.72
Thailand,THA,2016,70859.8,Sanitasi,Tersambung selokan,Total,13.56
Thailand,THA,2017,71160.2,Sanitasi,Dikelola aman,Perdesaan,20.7
Thailand,THA,2017,71160.2,Sanitasi,Dikelola aman,Perkotaan,27.85
Thailand,THA,2017,71160.2,Sanitasi,Dikelola aman,Total,24.22
Thailand,THA,2017,71160.2,Sanitasi,Minimal dasar,Perdesaan,97.29
Thailand,THA,2017,71160.2,Sanitasi,Minimal dasar,Perkotaan,96.82
Thailand,THA,2017,71160.2,Sanitasi,Minimal dasar,Total,97.06
Thailand,THA,2017,71160.2,Sanitasi,Terbatas,Perdesaan,1.94
Thailand,THA,2017,71160.2,Sanitasi,Terbatas,Perkotaan,2.75
Thailand,THA,2017,71160.2,Sanitasi,Terbatas,Total,2.34
Thailand,THA,2017,71160.2,Sanitasi,Tidak layak,Perdesaan,0.55
Thailand,THA,2017,71160.2,Sanitasi,Tidak layak,Perkotaan,0.37
Thailand,THA,2017,71160.2,Sanitasi,Tidak layak,Total,0.46
Thailand,THA,2017,71160.2,Sanitasi,BAB terbuka,Perdesaan,0.22
Thailand,THA,2017,71160.2,Sanitasi,BAB terbuka,Perkotaan,0.06
Thailand,THA,2017,71160.2,Sanitasi,BAB terbuka,Total,0.14
Thailand,THA,2017,71160.2,Sanitasi,Tersambung selokan,Perdesaan,8.07
Thailand,THA,2017,71160.2,Sanitasi,Tersambung selokan,Perkotaan,20.86
Thailand,THA,2017,71160.2,Sanitasi,Tersambung selokan,Total,14.36
Thailand,THA,2018,71376.1,Sanitasi,Dikelola aman,Perdesaan,20.88
Thailand,THA,2018,71376.1,Sanitasi,Dikelola aman,Perkotaan,28.25
Thailand,THA,2018,71376.1,Sanitasi,Dikelola aman,Total,24.56
Thailand,THA,2018,71376.1,Sanitasi,Minimal dasar,Perdesaan,97.53
Thailand,THA,2018,71376.1,Sanitasi,Minimal dasar,Perkotaan,97.23
Thailand,THA,2018,71376.1,Sanitasi,Minimal dasar,Total,97.38
Thailand,THA,2018,71376.1,Sanitasi,Terbatas,Perdesaan,1.82
Thailand,THA,2018,71376.1,Sanitasi,Terbatas,Perkotaan,2.37
Thailand,THA,2018,71376.1,Sanitasi,Terbatas,Total,2.1
Thailand,THA,2018,71376.1,Sanitasi,Tidak layak,Perdesaan,0.5
Thailand,THA,2018,71376.1,Sanitasi,Tidak layak,Perkotaan,0.35
Thailand,THA,2018,71376.1,Sanitasi,Tidak layak,Total,0.43
Thailand,THA,2018,71376.1,Sanitasi,BAB terbuka,Perdesaan,0.15
Thailand,THA,2018,71376.1,Sanitasi,BAB terbuka,Perkotaan,0.05
Thailand,THA,2018,71376.1,Sanitasi,BAB terbuka,Total,0.1
Thailand,THA,2018,71376.1,Sanitasi,Tersambung selokan,Perdesaan,8.37
Thailand,THA,2018,71376.1,Sanitasi,Tersambung selokan,Perkotaan,22.01
Thailand,THA,2018,71376.1,Sanitasi,Tersambung selokan,Total,15.18
Thailand,THA,2019,71522.3,Sanitasi,Dikelola aman,Perdesaan,21.06
Thailand,THA,2019,71522.3,Sanitasi,Dikelola aman,Perkotaan,28.66
Thailand,THA,2019,71522.3,Sanitasi,Dikelola aman,Total,24.91
Thailand,THA,2019,71522.3,Sanitasi,Minimal dasar,Perdesaan,97.77
Thailand,THA,2019,71522.3,Sanitasi,Minimal dasar,Perkotaan,97.64
Thailand,THA,2019,71522.3,Sanitasi,Minimal dasar,Total,97.71
Thailand,THA,2019,71522.3,Sanitasi,Terbatas,Perdesaan,1.7
Thailand,THA,2019,71522.3,Sanitasi,Terbatas,Perkotaan,1.99
Thailand,THA,2019,71522.3,Sanitasi,Terbatas,Total,1.85
Thailand,THA,2019,71522.3,Sanitasi,Tidak layak,Perdesaan,0.46
Thailand,THA,2019,71522.3,Sanitasi,Tidak layak,Perkotaan,0.33
Thailand,THA,2019,71522.3,Sanitasi,Tidak layak,Total,0.39
Thailand,THA,2019,71522.3,Sanitasi,BAB terbuka,Perdesaan,0.07
Thailand,THA,2019,71522.3,Sanitasi,BAB terbuka,Perkotaan,0.04
Thailand,THA,2019,71522.3,Sanitasi,BAB terbuka,Total,0.05
Thailand,THA,2019,71522.3,Sanitasi,Tersambung selokan,Perdesaan,8.67
Thailand,THA,2019,71522.3,Sanitasi,Tersambung selokan,Perkotaan,23.15
Thailand,THA,2019,71522.3,Sanitasi,Tersambung selokan,Total,16.01
Thailand,THA,2020,71641.5,Sanitasi,Dikelola aman,Perdesaan,21.25
Thailand,THA,2020,71641.5,Sanitasi,Dikelola aman,Perkotaan,29.07
Thailand,THA,2020,71641.5,Sanitasi,Dikelola aman,Total,25.27
Thailand,THA,2020,71641.5,Sanitasi,Minimal dasar,Perdesaan,98.01
Thailand,THA,2020,71641.5,Sanitasi,Minimal dasar,Perkotaan,98.06
Thailand,THA,2020,71641.5,Sanitasi,Minimal dasar,Total,98.03
Thailand,THA,2020,71641.5,Sanitasi,Terbatas,Perdesaan,1.58
Thailand,THA,2020,71641.5,Sanitasi,Terbatas,Perkotaan,1.61
Thailand,THA,2020,71641.5,Sanitasi,Terbatas,Total,1.6
Thailand,THA,2020,71641.5,Sanitasi,Tidak layak,Perdesaan,0.41
Thailand,THA,2020,71641.5,Sanitasi,Tidak layak,Perkotaan,0.3
Thailand,THA,2020,71641.5,Sanitasi,Tidak layak,Total,0.36
Thailand,THA,2020,71641.5,Sanitasi,BAB terbuka,Perdesaan,0.0
Thailand,THA,2020,71641.5,Sanitasi,BAB terbuka,Perkotaan,0.03
Thailand,THA,2020,71641.5,Sanitasi,BAB terbuka,Total,0.01
Thailand,THA,2020,71641.5,Sanitasi,Tersambung selokan,Perdesaan,8.97
Thailand,THA,2020,71641.5,Sanitasi,Tersambung selokan,Perkotaan,24.29
Thailand,THA,2020,71641.5,Sanitasi,Tersambung selokan,Total,16.85
Thailand,THA,2021,71727.3,Sanitasi,Dikelola aman,Perdesaan,21.43
Thailand,THA,2021,71727.3,Sanitasi,Dikelola aman,Perkotaan,29.48
Thailand,THA,2021,71727.3,Sanitasi,Dikelola aman,Total,25.63
Thailand,THA,2021,71727.3,Sanitasi,Minimal dasar,Perdesaan,98.25
Thailand,THA,2021,71727.3,Sanitasi,Minimal dasar,Perkotaan,98.47
Thailand,THA,2021,71727.3,Sanitasi,Minimal dasar,Total,98.37
Thailand,THA,2021,71727.3,Sanitasi,Terbatas,Perdesaan,1.46
Thailand,THA,2021,71727.3,Sanitasi,Terbatas,Perkotaan,1.23
Thailand,THA,2021,71727.3,Sanitasi,Terbatas,Total,1.34
Thailand,THA,2021,71727.3,Sanitasi,Tidak layak,Perdesaan,0.29
Thailand,THA,2021,71727.3,Sanitasi,Tidak layak,Perkotaan,0.28
Thailand,THA,2021,71727.3,Sanitasi,Tidak layak,Total,0.29
Thailand,THA,2021,71727.3,Sanitasi,BAB terbuka,Perdesaan,0.0
Thailand,THA,2021,71727.3,Sanitasi,BAB terbuka,Perkotaan,0.02
Thailand,THA,2021,71727.3,Sanitasi,BAB terbuka,Total,0.01
Thailand,THA,2021,71727.3,Sanitasi,Tersambung selokan,Perdesaan,9.26
Thailand,THA,2021,71727.3,Sanitasi,Tersambung selokan,Perkotaan,25.43
Thailand,THA,2021,71727.3,Sanitasi,Tersambung selokan,Total,17.7
Thailand,THA,2022,71735.3,Sanitasi,Dikelola aman,Perdesaan,21.61
Thailand,THA,2022,71735.3,Sanitasi,Dikelola aman,Perkotaan,29.89
Thailand,THA,2022,71735.3,Sanitasi,Dikelola aman,Total,25.99
Thailand,THA,2022,71735.3,Sanitasi,Minimal dasar,Perdesaan,98.49
Thailand,THA,2022,71735.3,Sanitasi,Minimal dasar,Perkotaan,98.89
Thailand,THA,2022,71735.3,Sanitasi,Minimal dasar,Total,98.7
Thailand,THA,2022,71735.3,Sanitasi,Terbatas,Perdesaan,1.33
Thailand,THA,2022,71735.3,Sanitasi,Terbatas,Perkotaan,0.85
Thailand,THA,2022,71735.3,Sanitasi,Terbatas,Total,1.08
Thailand,THA,2022,71735.3,Sanitasi,Tidak layak,Perdesaan,0.17
Thailand,THA,2022,71735.3,Sanitasi,Tidak layak,Perkotaan,0.26
Thailand,THA,2022,71735.3,Sanitasi,Tidak layak,Total,0.22
Thailand,THA,2022,71735.3,Sanitasi,BAB terbuka,Perdesaan,0.0
Thailand,THA,2022,71735.3,Sanitasi,BAB terbuka,Perkotaan,0.01
Thailand,THA,2022,71735.3,Sanitasi,BAB terbuka,Total,0.0
Thailand,THA,2022,71735.3,Sanitasi,Tersambung selokan,Perdesaan,9.56
Thailand,THA,2022,71735.3,Sanitasi,Tersambung selokan,Perkotaan,26.58
Thailand,THA,2022,71735.3,Sanitasi,Tersambung selokan,Total,18.56
Thailand,THA,2023,71702.4,Sanitasi,Dikelola aman,Perdesaan,21.8
Thailand,THA,2023,71702.4,Sanitasi,Dikelola aman,Perkotaan,30.31
Thailand,THA,2023,71702.4,Sanitasi,Dikelola aman,Total,26.36
Thailand,THA,2023,71702.4,Sanitasi,Minimal dasar,Perdesaan,98.73
Thailand,THA,2023,71702.4,Sanitasi,Minimal dasar,Perkotaan,99.3
Thailand,THA,2023,71702.4,Sanitasi,Minimal dasar,Total,99.04
Thailand,THA,2023,71702.4,Sanitasi,Terbatas,Perdesaan,1.21
Thailand,THA,2023,71702.4,Sanitasi,Terbatas,Perkotaan,0.47
Thailand,THA,2023,71702.4,Sanitasi,Terbatas,Total,0.81
Thailand,THA,2023,71702.4,Sanitasi,Tidak layak,Perdesaan,0.06
Thailand,THA,2023,71702.4,Sanitasi,Tidak layak,Perkotaan,0.23
Thailand,THA,2023,71702.4,Sanitasi,Tidak layak,Total,0.15
Thailand,THA,2023,71702.4,Sanitasi,BAB terbuka,Perdesaan,0.0
Thailand,THA,2023,71702.4,Sanitasi,BAB terbuka,Perkotaan,0.0
Thailand,THA,2023,71702.4,Sanitasi,BAB terbuka,Total,0.0
Thailand,THA,2023,71702.4,Sanitasi,Tersambung selokan,Perdesaan,9.86
Thailand,THA,2023,71702.4,Sanitasi,Tersambung selokan,Perkotaan,27.72
Thailand,THA,2023,71702.4,Sanitasi,Tersambung selokan,Total,19.43
Thailand,THA,2024,71668.0,Sanitasi,Dikelola aman,Perdesaan,21.95
Thailand,THA,2024,71668.0,Sanitasi,Dikelola aman,Perkotaan,30.73
Thailand,THA,2024,71668.0,Sanitasi,Dikelola aman,Total,26.72
Thailand,THA,2024,71668.0,Sanitasi,Minimal dasar,Perdesaan,98.91
Thailand,THA,2024,71668.0,Sanitasi,Minimal dasar,Perkotaan,99.72
Thailand,THA,2024,71668.0,Sanitasi,Minimal dasar,Total,99.35
Thailand,THA,2024,71668.0,Sanitasi,Terbatas,Perdesaan,1.09
Thailand,THA,2024,71668.0,Sanitasi,Terbatas,Perkotaan,0.09
Thailand,THA,2024,71668.0,Sanitasi,Terbatas,Total,0.54
Thailand,THA,2024,71668.0,Sanitasi,Tidak layak,Perdesaan,0.0
Thailand,THA,2024,71668.0,Sanitasi,Tidak layak,Perkotaan,0.19
Thailand,THA,2024,71668.0,Sanitasi,Tidak layak,Total,0.11
Thailand,THA,2024,71668.0,Sanitasi,BAB terbuka,Perdesaan,0.0
Thailand,THA,2024,71668.0,Sanitasi,BAB terbuka,Perkotaan,0.0
Thailand,THA,2024,71668.0,Sanitasi,BAB terbuka,Total,0.0
Thailand,THA,2024,71668.0,Sanitasi,Tersambung selokan,Perdesaan,10.16
Thailand,THA,2024,71668.0,Sanitasi,Tersambung selokan,Perkotaan,28.86
Thailand,THA,2024,71668.0,Sanitasi,Tersambung selokan,Total,20.32
Vietnam,VNM,2000,77154.0,Sanitasi,Dikelola aman,Perdesaan,28.47
Vietnam,VNM,2000,77154.0,Sanitasi,Dikelola aman,Perkotaan,39.35
Vietnam,VNM,2000,77154.0,Sanitasi,Dikelola aman,Total,31.12
Vietnam,VNM,2000,77154.0,Sanitasi,Minimal dasar,Perdesaan,39.41
Vietnam,VNM,2000,77154.0,Sanitasi,Minimal dasar,Perkotaan,79.38
Vietnam,VNM,2000,77154.0,Sanitasi,Minimal dasar,Total,49.15
Vietnam,VNM,2000,77154.0,Sanitasi,Terbatas,Perdesaan,2.71
Vietnam,VNM,2000,77154.0,Sanitasi,Terbatas,Perkotaan,4.76
Vietnam,VNM,2000,77154.0,Sanitasi,Terbatas,Total,3.21
Vietnam,VNM,2000,77154.0,Sanitasi,Tidak layak,Perdesaan,37.55
Vietnam,VNM,2000,77154.0,Sanitasi,Tidak layak,Perkotaan,10.46
Vietnam,VNM,2000,77154.0,Sanitasi,Tidak layak,Total,30.95
Vietnam,VNM,2000,77154.0,Sanitasi,BAB terbuka,Perdesaan,20.34
Vietnam,VNM,2000,77154.0,Sanitasi,BAB terbuka,Perkotaan,5.41
Vietnam,VNM,2000,77154.0,Sanitasi,BAB terbuka,Total,16.7
Vietnam,VNM,2000,77154.0,Sanitasi,Tersambung selokan,Perdesaan,0.3
Vietnam,VNM,2000,77154.0,Sanitasi,Tersambung selokan,Perkotaan,1.72
Vietnam,VNM,2000,77154.0,Sanitasi,Tersambung selokan,Total,0.65
Vietnam,VNM,2001,77969.4,Sanitasi,Dikelola aman,Perdesaan,30.11
Vietnam,VNM,2001,77969.4,Sanitasi,Dikelola aman,Perkotaan,39.84
Vietnam,VNM,2001,77969.4,Sanitasi,Dikelola aman,Total,32.53
Vietnam,VNM,2001,77969.4,Sanitasi,Minimal dasar,Perdesaan,41.5
Vietnam,VNM,2001,77969.4,Sanitasi,Minimal dasar,Perkotaan,80.04
Vietnam,VNM,2001,77969.4,Sanitasi,Minimal dasar,Total,51.11
Vietnam,VNM,2001,77969.4,Sanitasi,Terbatas,Perdesaan,2.85
Vietnam,VNM,2001,77969.4,Sanitasi,Terbatas,Perkotaan,4.8
Vietnam,VNM,2001,77969.4,Sanitasi,Terbatas,Total,3.34
Vietnam,VNM,2001,77969.4,Sanitasi,Tidak layak,Perdesaan,36.23
Vietnam,VNM,2001,77969.4,Sanitasi,Tidak layak,Perkotaan,10.03
Vietnam,VNM,2001,77969.4,Sanitasi,Tidak layak,Total,29.69
Vietnam,VNM,2001,77969.4,Sanitasi,BAB terbuka,Perdesaan,19.42
Vietnam,VNM,2001,77969.4,Sanitasi,BAB terbuka,Perkotaan,5.14
Vietnam,VNM,2001,77969.4,Sanitasi,BAB terbuka,Total,15.86
Vietnam,VNM,2001,77969.4,Sanitasi,Tersambung selokan,Perdesaan,0.3
Vietnam,VNM,2001,77969.4,Sanitasi,Tersambung selokan,Perkotaan,1.72
Vietnam,VNM,2001,77969.4,Sanitasi,Tersambung selokan,Total,0.66
Vietnam,VNM,2002,78772.2,Sanitasi,Dikelola aman,Perdesaan,30.77
Vietnam,VNM,2002,78772.2,Sanitasi,Dikelola aman,Perkotaan,39.8
Vietnam,VNM,2002,78772.2,Sanitasi,Dikelola aman,Total,33.07
Vietnam,VNM,2002,78772.2,Sanitasi,Minimal dasar,Perdesaan,43.6
Vietnam,VNM,2002,78772.2,Sanitasi,Minimal dasar,Perkotaan,80.7
Vietnam,VNM,2002,78772.2,Sanitasi,Minimal dasar,Total,53.06
Vietnam,VNM,2002,78772.2,Sanitasi,Terbatas,Perdesaan,3.0
Vietnam,VNM,2002,78772.2,Sanitasi,Terbatas,Perkotaan,4.83
Vietnam,VNM,2002,78772.2,Sanitasi,Terbatas,Total,3.47
Vietnam,VNM,2002,78772.2,Sanitasi,Tidak layak,Perdesaan,34.9
Vietnam,VNM,2002,78772.2,Sanitasi,Tidak layak,Perkotaan,9.6
Vietnam,VNM,2002,78772.2,Sanitasi,Tidak layak,Total,28.45
Vietnam,VNM,2002,78772.2,Sanitasi,BAB terbuka,Perdesaan,18.5
Vietnam,VNM,2002,78772.2,Sanitasi,BAB terbuka,Perkotaan,4.87
Vietnam,VNM,2002,78772.2,Sanitasi,BAB terbuka,Total,15.02
Vietnam,VNM,2002,78772.2,Sanitasi,Tersambung selokan,Perdesaan,0.39
Vietnam,VNM,2002,78772.2,Sanitasi,Tersambung selokan,Perkotaan,1.92
Vietnam,VNM,2002,78772.2,Sanitasi,Tersambung selokan,Total,0.78
Vietnam,VNM,2003,79563.8,Sanitasi,Dikelola aman,Perdesaan,31.44
Vietnam,VNM,2003,79563.8,Sanitasi,Dikelola aman,Perkotaan,39.75
Vietnam,VNM,2003,79563.8,Sanitasi,Dikelola aman,Total,33.61
Vietnam,VNM,2003,79563.8,Sanitasi,Minimal dasar,Perdesaan,45.7
Vietnam,VNM,2003,79563.8,Sanitasi,Minimal dasar,Perkotaan,81.36
Vietnam,VNM,2003,79563.8,Sanitasi,Minimal dasar,Total,55.0
Vietnam,VNM,2003,79563.8,Sanitasi,Terbatas,Perdesaan,3.14
Vietnam,VNM,2003,79563.8,Sanitasi,Terbatas,Perkotaan,4.87
Vietnam,VNM,2003,79563.8,Sanitasi,Terbatas,Total,3.59
Vietnam,VNM,2003,79563.8,Sanitasi,Tidak layak,Perdesaan,33.58
Vietnam,VNM,2003,79563.8,Sanitasi,Tidak layak,Perkotaan,9.17
Vietnam,VNM,2003,79563.8,Sanitasi,Tidak layak,Total,27.21
Vietnam,VNM,2003,79563.8,Sanitasi,BAB terbuka,Perdesaan,17.58
Vietnam,VNM,2003,79563.8,Sanitasi,BAB terbuka,Perkotaan,4.6
Vietnam,VNM,2003,79563.8,Sanitasi,BAB terbuka,Total,14.19
Vietnam,VNM,2003,79563.8,Sanitasi,Tersambung selokan,Perdesaan,0.49
Vietnam,VNM,2003,79563.8,Sanitasi,Tersambung selokan,Perkotaan,2.11
Vietnam,VNM,2003,79563.8,Sanitasi,Tersambung selokan,Total,0.91
Vietnam,VNM,2004,80339.0,Sanitasi,Dikelola aman,Perdesaan,32.1
Vietnam,VNM,2004,80339.0,Sanitasi,Dikelola aman,Perkotaan,39.71
Vietnam,VNM,2004,80339.0,Sanitasi,Dikelola aman,Total,34.13
Vietnam,VNM,2004,80339.0,Sanitasi,Minimal dasar,Perdesaan,47.79
Vietnam,VNM,2004,80339.0,Sanitasi,Minimal dasar,Perkotaan,82.02
Vietnam,VNM,2004,80339.0,Sanitasi,Minimal dasar,Total,56.93
Vietnam,VNM,2004,80339.0,Sanitasi,Terbatas,Perdesaan,3.29
Vietnam,VNM,2004,80339.0,Sanitasi,Terbatas,Perkotaan,4.91
Vietnam,VNM,2004,80339.0,Sanitasi,Terbatas,Total,3.72
Vietnam,VNM,2004,80339.0,Sanitasi,Tidak layak,Perdesaan,32.26
Vietnam,VNM,2004,80339.0,Sanitasi,Tidak layak,Perkotaan,8.74
Vietnam,VNM,2004,80339.0,Sanitasi,Tidak layak,Total,25.98
Vietnam,VNM,2004,80339.0,Sanitasi,BAB terbuka,Perdesaan,16.66
Vietnam,VNM,2004,80339.0,Sanitasi,BAB terbuka,Perkotaan,4.33
Vietnam,VNM,2004,80339.0,Sanitasi,BAB terbuka,Total,13.37
Vietnam,VNM,2004,80339.0,Sanitasi,Tersambung selokan,Perdesaan,0.58
Vietnam,VNM,2004,80339.0,Sanitasi,Tersambung selokan,Perkotaan,2.31
Vietnam,VNM,2004,80339.0,Sanitasi,Tersambung selokan,Total,1.04
Vietnam,VNM,2005,81088.3,Sanitasi,Dikelola aman,Perdesaan,32.84
Vietnam,VNM,2005,81088.3,Sanitasi,Dikelola aman,Perkotaan,39.75
Vietnam,VNM,2005,81088.3,Sanitasi,Dikelola aman,Total,34.72
Vietnam,VNM,2005,81088.3,Sanitasi,Minimal dasar,Perdesaan,50.0
Vietnam,VNM,2005,81088.3,Sanitasi,Minimal dasar,Perkotaan,82.87
Vietnam,VNM,2005,81088.3,Sanitasi,Minimal dasar,Total,58.97
Vietnam,VNM,2005,81088.3,Sanitasi,Terbatas,Perdesaan,3.32
Vietnam,VNM,2005,81088.3,Sanitasi,Terbatas,Perkotaan,4.77
Vietnam,VNM,2005,81088.3,Sanitasi,Terbatas,Total,3.71
Vietnam,VNM,2005,81088.3,Sanitasi,Tidak layak,Perdesaan,30.93
Vietnam,VNM,2005,81088.3,Sanitasi,Tidak layak,Perkotaan,8.31
Vietnam,VNM,2005,81088.3,Sanitasi,Tidak layak,Total,24.76
Vietnam,VNM,2005,81088.3,Sanitasi,BAB terbuka,Perdesaan,15.75
Vietnam,VNM,2005,81088.3,Sanitasi,BAB terbuka,Perkotaan,4.06
Vietnam,VNM,2005,81088.3,Sanitasi,BAB terbuka,Total,12.56
Vietnam,VNM,2005,81088.3,Sanitasi,Tersambung selokan,Perdesaan,0.67
Vietnam,VNM,2005,81088.3,Sanitasi,Tersambung selokan,Perkotaan,2.51
Vietnam,VNM,2005,81088.3,Sanitasi,Tersambung selokan,Total,1.17
Vietnam,VNM,2006,82167.9,Sanitasi,Dikelola aman,Perdesaan,33.58
Vietnam,VNM,2006,82167.9,Sanitasi,Dikelola aman,Perkotaan,39.8
Vietnam,VNM,2006,82167.9,Sanitasi,Dikelola aman,Total,35.31
Vietnam,VNM,2006,82167.9,Sanitasi,Minimal dasar,Perdesaan,52.22
Vietnam,VNM,2006,82167.9,Sanitasi,Minimal dasar,Perkotaan,83.72
Vietnam,VNM,2006,82167.9,Sanitasi,Minimal dasar,Total,61.0
Vietnam,VNM,2006,82167.9,Sanitasi,Terbatas,Perdesaan,3.35
Vietnam,VNM,2006,82167.9,Sanitasi,Terbatas,Perkotaan,4.62
Vietnam,VNM,2006,82167.9,Sanitasi,Terbatas,Total,3.7
Vietnam,VNM,2006,82167.9,Sanitasi,Tidak layak,Perdesaan,29.61
Vietnam,VNM,2006,82167.9,Sanitasi,Tidak layak,Perkotaan,7.88
Vietnam,VNM,2006,82167.9,Sanitasi,Tidak layak,Total,23.55
Vietnam,VNM,2006,82167.9,Sanitasi,BAB terbuka,Perdesaan,14.83
Vietnam,VNM,2006,82167.9,Sanitasi,BAB terbuka,Perkotaan,3.79
Vietnam,VNM,2006,82167.9,Sanitasi,BAB terbuka,Total,11.75
Vietnam,VNM,2006,82167.9,Sanitasi,Tersambung selokan,Perdesaan,0.76
Vietnam,VNM,2006,82167.9,Sanitasi,Tersambung selokan,Perkotaan,2.7
Vietnam,VNM,2006,82167.9,Sanitasi,Tersambung selokan,Total,1.3
Vietnam,VNM,2007,83633.4,Sanitasi,Dikelola aman,Perdesaan,34.32
Vietnam,VNM,2007,83633.4,Sanitasi,Dikelola aman,Perkotaan,39.84
Vietnam,VNM,2007,83633.4,Sanitasi,Dikelola aman,Total,35.89
Vietnam,VNM,2007,83633.4,Sanitasi,Minimal dasar,Perdesaan,54.44
Vietnam,VNM,2007,83633.4,Sanitasi,Minimal dasar,Perkotaan,84.57
Vietnam,VNM,2007,83633.4,Sanitasi,Minimal dasar,Total,63.03
Vietnam,VNM,2007,83633.4,Sanitasi,Terbatas,Perdesaan,3.36
Vietnam,VNM,2007,83633.4,Sanitasi,Terbatas,Perkotaan,4.46
Vietnam,VNM,2007,83633.4,Sanitasi,Terbatas,Total,3.68
Vietnam,VNM,2007,83633.4,Sanitasi,Tidak layak,Perdesaan,28.29
Vietnam,VNM,2007,83633.4,Sanitasi,Tidak layak,Perkotaan,7.45
Vietnam,VNM,2007,83633.4,Sanitasi,Tidak layak,Total,22.35
Vietnam,VNM,2007,83633.4,Sanitasi,BAB terbuka,Perdesaan,13.91
Vietnam,VNM,2007,83633.4,Sanitasi,BAB terbuka,Perkotaan,3.52
Vietnam,VNM,2007,83633.4,Sanitasi,BAB terbuka,Total,10.95
Vietnam,VNM,2007,83633.4,Sanitasi,Tersambung selokan,Perdesaan,0.85
Vietnam,VNM,2007,83633.4,Sanitasi,Tersambung selokan,Perkotaan,2.9
Vietnam,VNM,2007,83633.4,Sanitasi,Tersambung selokan,Total,1.44
Vietnam,VNM,2008,85175.8,Sanitasi,Dikelola aman,Perdesaan,35.06
Vietnam,VNM,2008,85175.8,Sanitasi,Dikelola aman,Perkotaan,39.89
Vietnam,VNM,2008,85175.8,Sanitasi,Dikelola aman,Total,36.47
Vietnam,VNM,2008,85175.8,Sanitasi,Minimal dasar,Perdesaan,56.67
Vietnam,VNM,2008,85175.8,Sanitasi,Minimal dasar,Perkotaan,85.43
Vietnam,VNM,2008,85175.8,Sanitasi,Minimal dasar,Total,65.05
Vietnam,VNM,2008,85175.8,Sanitasi,Terbatas,Perdesaan,3.37
Vietnam,VNM,2008,85175.8,Sanitasi,Terbatas,Perkotaan,4.31
Vietnam,VNM,2008,85175.8,Sanitasi,Terbatas,Total,3.64
Vietnam,VNM,2008,85175.8,Sanitasi,Tidak layak,Perdesaan,26.96
Vietnam,VNM,2008,85175.8,Sanitasi,Tidak layak,Perkotaan,7.02
Vietnam,VNM,2008,85175.8,Sanitasi,Tidak layak,Total,21.15
Vietnam,VNM,2008,85175.8,Sanitasi,BAB terbuka,Perdesaan,12.99
Vietnam,VNM,2008,85175.8,Sanitasi,BAB terbuka,Perkotaan,3.25
Vietnam,VNM,2008,85175.8,Sanitasi,BAB terbuka,Total,10.16
Vietnam,VNM,2008,85175.8,Sanitasi,Tersambung selokan,Perdesaan,0.94
Vietnam,VNM,2008,85175.8,Sanitasi,Tersambung selokan,Perkotaan,3.09
Vietnam,VNM,2008,85175.8,Sanitasi,Tersambung selokan,Total,1.57
Vietnam,VNM,2009,86460.0,Sanitasi,Dikelola aman,Perdesaan,35.81
Vietnam,VNM,2009,86460.0,Sanitasi,Dikelola aman,Perkotaan,39.93
Vietnam,VNM,2009,86460.0,Sanitasi,Dikelola aman,Total,37.04
Vietnam,VNM,2009,86460.0,Sanitasi,Minimal dasar,Perdesaan,58.92
Vietnam,VNM,2009,86460.0,Sanitasi,Minimal dasar,Perkotaan,86.28
Vietnam,VNM,2009,86460.0,Sanitasi,Minimal dasar,Total,67.06
Vietnam,VNM,2009,86460.0,Sanitasi,Terbatas,Perdesaan,3.37
Vietnam,VNM,2009,86460.0,Sanitasi,Terbatas,Perkotaan,4.15
Vietnam,VNM,2009,86460.0,Sanitasi,Terbatas,Total,3.6
Vietnam,VNM,2009,86460.0,Sanitasi,Tidak layak,Perdesaan,25.64
Vietnam,VNM,2009,86460.0,Sanitasi,Tidak layak,Perkotaan,6.59
Vietnam,VNM,2009,86460.0,Sanitasi,Tidak layak,Total,19.97
Vietnam,VNM,2009,86460.0,Sanitasi,BAB terbuka,Perdesaan,12.08
Vietnam,VNM,2009,86460.0,Sanitasi,BAB terbuka,Perkotaan,2.98
Vietnam,VNM,2009,86460.0,Sanitasi,BAB terbuka,Total,9.37
Vietnam,VNM,2009,86460.0,Sanitasi,Tersambung selokan,Perdesaan,1.04
Vietnam,VNM,2009,86460.0,Sanitasi,Tersambung selokan,Perkotaan,3.29
Vietnam,VNM,2009,86460.0,Sanitasi,Tersambung selokan,Total,1.71
Vietnam,VNM,2010,87455.2,Sanitasi,Dikelola aman,Perdesaan,36.56
Vietnam,VNM,2010,87455.2,Sanitasi,Dikelola aman,Perkotaan,39.98
Vietnam,VNM,2010,87455.2,Sanitasi,Dikelola aman,Total,37.6
Vietnam,VNM,2010,87455.2,Sanitasi,Minimal dasar,Perdesaan,61.17
Vietnam,VNM,2010,87455.2,Sanitasi,Minimal dasar,Perkotaan,87.15
Vietnam,VNM,2010,87455.2,Sanitasi,Minimal dasar,Total,69.07
Vietnam,VNM,2010,87455.2,Sanitasi,Terbatas,Perdesaan,3.36
Vietnam,VNM,2010,87455.2,Sanitasi,Terbatas,Perkotaan,3.98
Vietnam,VNM,2010,87455.2,Sanitasi,Terbatas,Total,3.55
Vietnam,VNM,2010,87455.2,Sanitasi,Tidak layak,Perdesaan,24.32
Vietnam,VNM,2010,87455.2,Sanitasi,Tidak layak,Perkotaan,6.16
Vietnam,VNM,2010,87455.2,Sanitasi,Tidak layak,Total,18.79
Vietnam,VNM,2010,87455.2,Sanitasi,BAB terbuka,Perdesaan,11.16
Vietnam,VNM,2010,87455.2,Sanitasi,BAB terbuka,Perkotaan,2.71
Vietnam,VNM,2010,87455.2,Sanitasi,BAB terbuka,Total,8.59
Vietnam,VNM,2010,87455.2,Sanitasi,Tersambung selokan,Perdesaan,1.13
Vietnam,VNM,2010,87455.2,Sanitasi,Tersambung selokan,Perkotaan,3.49
Vietnam,VNM,2010,87455.2,Sanitasi,Tersambung selokan,Total,1.85
Vietnam,VNM,2011,88468.3,Sanitasi,Dikelola aman,Perdesaan,37.32
Vietnam,VNM,2011,88468.3,Sanitasi,Dikelola aman,Perkotaan,40.02
Vietnam,VNM,2011,88468.3,Sanitasi,Dikelola aman,Total,38.16
Vietnam,VNM,2011,88468.3,Sanitasi,Minimal dasar,Perdesaan,63.43
Vietnam,VNM,2011,88468.3,Sanitasi,Minimal dasar,Perkotaan,88.01
Vietnam,VNM,2011,88468.3,Sanitasi,Minimal dasar,Total,71.07
Vietnam,VNM,2011,88468.3,Sanitasi,Terbatas,Perdesaan,3.34
Vietnam,VNM,2011,88468.3,Sanitasi,Terbatas,Perkotaan,3.82
Vietnam,VNM,2011,88468.3,Sanitasi,Terbatas,Total,3.49
Vietnam,VNM,2011,88468.3,Sanitasi,Tidak layak,Perdesaan,22.99
Vietnam,VNM,2011,88468.3,Sanitasi,Tidak layak,Perkotaan,5.73
Vietnam,VNM,2011,88468.3,Sanitasi,Tidak layak,Total,17.63
Vietnam,VNM,2011,88468.3,Sanitasi,BAB terbuka,Perdesaan,10.24
Vietnam,VNM,2011,88468.3,Sanitasi,BAB terbuka,Perkotaan,2.44
Vietnam,VNM,2011,88468.3,Sanitasi,BAB terbuka,Total,7.82
Vietnam,VNM,2011,88468.3,Sanitasi,Tersambung selokan,Perdesaan,1.22
Vietnam,VNM,2011,88468.3,Sanitasi,Tersambung selokan,Perkotaan,3.68
Vietnam,VNM,2011,88468.3,Sanitasi,Tersambung selokan,Total,1.98
Vietnam,VNM,2012,89510.4,Sanitasi,Dikelola aman,Perdesaan,38.07
Vietnam,VNM,2012,89510.4,Sanitasi,Dikelola aman,Perkotaan,40.06
Vietnam,VNM,2012,89510.4,Sanitasi,Dikelola aman,Total,38.71
Vietnam,VNM,2012,89510.4,Sanitasi,Minimal dasar,Perdesaan,65.7
Vietnam,VNM,2012,89510.4,Sanitasi,Minimal dasar,Perkotaan,88.88
Vietnam,VNM,2012,89510.4,Sanitasi,Minimal dasar,Total,73.06
Vietnam,VNM,2012,89510.4,Sanitasi,Terbatas,Perdesaan,3.31
Vietnam,VNM,2012,89510.4,Sanitasi,Terbatas,Perkotaan,3.65
Vietnam,VNM,2012,89510.4,Sanitasi,Terbatas,Total,3.42
Vietnam,VNM,2012,89510.4,Sanitasi,Tidak layak,Perdesaan,21.67
Vietnam,VNM,2012,89510.4,Sanitasi,Tidak layak,Perkotaan,5.3
Vietnam,VNM,2012,89510.4,Sanitasi,Tidak layak,Total,16.47
Vietnam,VNM,2012,89510.4,Sanitasi,BAB terbuka,Perdesaan,9.32
Vietnam,VNM,2012,89510.4,Sanitasi,BAB terbuka,Perkotaan,2.17
Vietnam,VNM,2012,89510.4,Sanitasi,BAB terbuka,Total,7.05
Vietnam,VNM,2012,89510.4,Sanitasi,Tersambung selokan,Perdesaan,1.31
Vietnam,VNM,2012,89510.4,Sanitasi,Tersambung selokan,Perkotaan,3.88
Vietnam,VNM,2012,89510.4,Sanitasi,Tersambung selokan,Total,2.13
Vietnam,VNM,2013,90573.1,Sanitasi,Dikelola aman,Perdesaan,38.83
Vietnam,VNM,2013,90573.1,Sanitasi,Dikelola aman,Perkotaan,40.11
Vietnam,VNM,2013,90573.1,Sanitasi,Dikelola aman,Total,39.25
Vietnam,VNM,2013,90573.1,Sanitasi,Minimal dasar,Perdesaan,67.98
Vietnam,VNM,2013,90573.1,Sanitasi,Minimal dasar,Perkotaan,89.75
Vietnam,VNM,2013,90573.1,Sanitasi,Minimal dasar,Total,75.04
Vietnam,VNM,2013,90573.1,Sanitasi,Terbatas,Perdesaan,3.27
Vietnam,VNM,2013,90573.1,Sanitasi,Terbatas,Perkotaan,3.48
Vietnam,VNM,2013,90573.1,Sanitasi,Terbatas,Total,3.34
Vietnam,VNM,2013,90573.1,Sanitasi,Tidak layak,Perdesaan,20.35
Vietnam,VNM,2013,90573.1,Sanitasi,Tidak layak,Perkotaan,4.87
Vietnam,VNM,2013,90573.1,Sanitasi,Tidak layak,Total,15.33
Vietnam,VNM,2013,90573.1,Sanitasi,BAB terbuka,Perdesaan,8.4
Vietnam,VNM,2013,90573.1,Sanitasi,BAB terbuka,Perkotaan,1.9
Vietnam,VNM,2013,90573.1,Sanitasi,BAB terbuka,Total,6.3
Vietnam,VNM,2013,90573.1,Sanitasi,Tersambung selokan,Perdesaan,1.4
Vietnam,VNM,2013,90573.1,Sanitasi,Tersambung selokan,Perkotaan,4.07
Vietnam,VNM,2013,90573.1,Sanitasi,Tersambung selokan,Total,2.27
Vietnam,VNM,2014,91679.6,Sanitasi,Dikelola aman,Perdesaan,39.6
Vietnam,VNM,2014,91679.6,Sanitasi,Dikelola aman,Perkotaan,40.15
Vietnam,VNM,2014,91679.6,Sanitasi,Dikelola aman,Total,39.78
Vietnam,VNM,2014,91679.6,Sanitasi,Minimal dasar,Perdesaan,70.27
Vietnam,VNM,2014,91679.6,Sanitasi,Minimal dasar,Perkotaan,90.63
Vietnam,VNM,2014,91679.6,Sanitasi,Minimal dasar,Total,77.01
Vietnam,VNM,2014,91679.6,Sanitasi,Terbatas,Perdesaan,3.23
Vietnam,VNM,2014,91679.6,Sanitasi,Terbatas,Perkotaan,3.3
Vietnam,VNM,2014,91679.6,Sanitasi,Terbatas,Total,3.25
Vietnam,VNM,2014,91679.6,Sanitasi,Tidak layak,Perdesaan,19.02
Vietnam,VNM,2014,91679.6,Sanitasi,Tidak layak,Perkotaan,4.44
Vietnam,VNM,2014,91679.6,Sanitasi,Tidak layak,Total,14.19
Vietnam,VNM,2014,91679.6,Sanitasi,BAB terbuka,Perdesaan,7.49
Vietnam,VNM,2014,91679.6,Sanitasi,BAB terbuka,Perkotaan,1.63
Vietnam,VNM,2014,91679.6,Sanitasi,BAB terbuka,Total,5.55
Vietnam,VNM,2014,91679.6,Sanitasi,Tersambung selokan,Perdesaan,1.49
Vietnam,VNM,2014,91679.6,Sanitasi,Tersambung selokan,Perkotaan,4.27
Vietnam,VNM,2014,91679.6,Sanitasi,Tersambung selokan,Total,2.41
Vietnam,VNM,2015,92823.3,Sanitasi,Dikelola aman,Perdesaan,40.36
Vietnam,VNM,2015,92823.3,Sanitasi,Dikelola aman,Perkotaan,40.19
Vietnam,VNM,2015,92823.3,Sanitasi,Dikelola aman,Total,40.31
Vietnam,VNM,2015,92823.3,Sanitasi,Minimal dasar,Perdesaan,72.56
Vietnam,VNM,2015,92823.3,Sanitasi,Minimal dasar,Perkotaan,91.5
Vietnam,VNM,2015,92823.3,Sanitasi,Minimal dasar,Total,78.97
Vietnam,VNM,2015,92823.3,Sanitasi,Terbatas,Perdesaan,3.17
Vietnam,VNM,2015,92823.3,Sanitasi,Terbatas,Perkotaan,3.12
Vietnam,VNM,2015,92823.3,Sanitasi,Terbatas,Total,3.15
Vietnam,VNM,2015,92823.3,Sanitasi,Tidak layak,Perdesaan,17.7
Vietnam,VNM,2015,92823.3,Sanitasi,Tidak layak,Perkotaan,4.01
Vietnam,VNM,2015,92823.3,Sanitasi,Tidak layak,Total,13.07
Vietnam,VNM,2015,92823.3,Sanitasi,BAB terbuka,Perdesaan,6.57
Vietnam,VNM,2015,92823.3,Sanitasi,BAB terbuka,Perkotaan,1.36
Vietnam,VNM,2015,92823.3,Sanitasi,BAB terbuka,Total,4.81
Vietnam,VNM,2015,92823.3,Sanitasi,Tersambung selokan,Perdesaan,1.59
Vietnam,VNM,2015,92823.3,Sanitasi,Tersambung selokan,Perkotaan,4.47
Vietnam,VNM,2015,92823.3,Sanitasi,Tersambung selokan,Total,2.56
Vietnam,VNM,2016,94000.1,Sanitasi,Dikelola aman,Perdesaan,41.13
Vietnam,VNM,2016,94000.1,Sanitasi,Dikelola aman,Perkotaan,40.24
Vietnam,VNM,2016,94000.1,Sanitasi,Dikelola aman,Total,40.82
Vietnam,VNM,2016,94000.1,Sanitasi,Minimal dasar,Perdesaan,74.87
Vietnam,VNM,2016,94000.1,Sanitasi,Minimal dasar,Perkotaan,92.38
Vietnam,VNM,2016,94000.1,Sanitasi,Minimal dasar,Total,80.91
Vietnam,VNM,2016,94000.1,Sanitasi,Terbatas,Perdesaan,3.1
Vietnam,VNM,2016,94000.1,Sanitasi,Terbatas,Perkotaan,2.94
Vietnam,VNM,2016,94000.1,Sanitasi,Terbatas,Total,3.05
Vietnam,VNM,2016,94000.1,Sanitasi,Tidak layak,Perdesaan,16.38
Vietnam,VNM,2016,94000.1,Sanitasi,Tidak layak,Perkotaan,3.58
Vietnam,VNM,2016,94000.1,Sanitasi,Tidak layak,Total,11.96
Vietnam,VNM,2016,94000.1,Sanitasi,BAB terbuka,Perdesaan,5.65
Vietnam,VNM,2016,94000.1,Sanitasi,BAB terbuka,Perkotaan,1.09
Vietnam,VNM,2016,94000.1,Sanitasi,BAB terbuka,Total,4.08
Vietnam,VNM,2016,94000.1,Sanitasi,Tersambung selokan,Perdesaan,1.68
Vietnam,VNM,2016,94000.1,Sanitasi,Tersambung selokan,Perkotaan,4.66
Vietnam,VNM,2016,94000.1,Sanitasi,Tersambung selokan,Total,2.71
Vietnam,VNM,2017,95177.0,Sanitasi,Dikelola aman,Perdesaan,41.9
Vietnam,VNM,2017,95177.0,Sanitasi,Dikelola aman,Perkotaan,40.28
Vietnam,VNM,2017,95177.0,Sanitasi,Dikelola aman,Total,41.33
Vietnam,VNM,2017,95177.0,Sanitasi,Minimal dasar,Perdesaan,77.19
Vietnam,VNM,2017,95177.0,Sanitasi,Minimal dasar,Perkotaan,93.27
Vietnam,VNM,2017,95177.0,Sanitasi,Minimal dasar,Total,82.85
Vietnam,VNM,2017,95177.0,Sanitasi,Terbatas,Perdesaan,3.03
Vietnam,VNM,2017,95177.0,Sanitasi,Terbatas,Perkotaan,2.76
Vietnam,VNM,2017,95177.0,Sanitasi,Terbatas,Total,2.93
Vietnam,VNM,2017,95177.0,Sanitasi,Tidak layak,Perdesaan,15.05
Vietnam,VNM,2017,95177.0,Sanitasi,Tidak layak,Perkotaan,3.15
Vietnam,VNM,2017,95177.0,Sanitasi,Tidak layak,Total,10.86
Vietnam,VNM,2017,95177.0,Sanitasi,BAB terbuka,Perdesaan,4.73
Vietnam,VNM,2017,95177.0,Sanitasi,BAB terbuka,Perkotaan,0.82
Vietnam,VNM,2017,95177.0,Sanitasi,BAB terbuka,Total,3.36
Vietnam,VNM,2017,95177.0,Sanitasi,Tersambung selokan,Perdesaan,1.77
Vietnam,VNM,2017,95177.0,Sanitasi,Tersambung selokan,Perkotaan,4.86
Vietnam,VNM,2017,95177.0,Sanitasi,Tersambung selokan,Total,2.86
Vietnam,VNM,2018,96237.3,Sanitasi,Dikelola aman,Perdesaan,42.68
Vietnam,VNM,2018,96237.3,Sanitasi,Dikelola aman,Perkotaan,40.32
Vietnam,VNM,2018,96237.3,Sanitasi,Dikelola aman,Total,41.83
Vietnam,VNM,2018,96237.3,Sanitasi,Minimal dasar,Perdesaan,79.51
Vietnam,VNM,2018,96237.3,Sanitasi,Minimal dasar,Perkotaan,94.15
Vietnam,VNM,2018,96237.3,Sanitasi,Minimal dasar,Total,84.77
Vietnam,VNM,2018,96237.3,Sanitasi,Terbatas,Perdesaan,2.95
Vietnam,VNM,2018,96237.3,Sanitasi,Terbatas,Perkotaan,2.57
Vietnam,VNM,2018,96237.3,Sanitasi,Terbatas,Total,2.81
Vietnam,VNM,2018,96237.3,Sanitasi,Tidak layak,Perdesaan,13.73
Vietnam,VNM,2018,96237.3,Sanitasi,Tidak layak,Perkotaan,2.72
Vietnam,VNM,2018,96237.3,Sanitasi,Tidak layak,Total,9.77
Vietnam,VNM,2018,96237.3,Sanitasi,BAB terbuka,Perdesaan,3.81
Vietnam,VNM,2018,96237.3,Sanitasi,BAB terbuka,Perkotaan,0.55
Vietnam,VNM,2018,96237.3,Sanitasi,BAB terbuka,Total,2.64
Vietnam,VNM,2018,96237.3,Sanitasi,Tersambung selokan,Perdesaan,1.86
Vietnam,VNM,2018,96237.3,Sanitasi,Tersambung selokan,Perkotaan,5.05
Vietnam,VNM,2018,96237.3,Sanitasi,Tersambung selokan,Total,3.01
Vietnam,VNM,2019,97173.8,Sanitasi,Dikelola aman,Perdesaan,43.45
Vietnam,VNM,2019,97173.8,Sanitasi,Dikelola aman,Perkotaan,40.36
Vietnam,VNM,2019,97173.8,Sanitasi,Dikelola aman,Total,42.32
Vietnam,VNM,2019,97173.8,Sanitasi,Minimal dasar,Perdesaan,81.85
Vietnam,VNM,2019,97173.8,Sanitasi,Minimal dasar,Perkotaan,95.04
Vietnam,VNM,2019,97173.8,Sanitasi,Minimal dasar,Total,86.68
Vietnam,VNM,2019,97173.8,Sanitasi,Terbatas,Perdesaan,2.85
Vietnam,VNM,2019,97173.8,Sanitasi,Terbatas,Perkotaan,2.38
Vietnam,VNM,2019,97173.8,Sanitasi,Terbatas,Total,2.68
Vietnam,VNM,2019,97173.8,Sanitasi,Tidak layak,Perdesaan,12.41
Vietnam,VNM,2019,97173.8,Sanitasi,Tidak layak,Perkotaan,2.29
Vietnam,VNM,2019,97173.8,Sanitasi,Tidak layak,Total,8.7
Vietnam,VNM,2019,97173.8,Sanitasi,BAB terbuka,Perdesaan,2.9
Vietnam,VNM,2019,97173.8,Sanitasi,BAB terbuka,Perkotaan,0.28
Vietnam,VNM,2019,97173.8,Sanitasi,BAB terbuka,Total,1.94
Vietnam,VNM,2019,97173.8,Sanitasi,Tersambung selokan,Perdesaan,1.95
Vietnam,VNM,2019,97173.8,Sanitasi,Tersambung selokan,Perkotaan,5.25
Vietnam,VNM,2019,97173.8,Sanitasi,Tersambung selokan,Total,3.16
Vietnam,VNM,2020,98079.2,Sanitasi,Dikelola aman,Perdesaan,44.23
Vietnam,VNM,2020,98079.2,Sanitasi,Dikelola aman,Perkotaan,40.41
Vietnam,VNM,2020,98079.2,Sanitasi,Dikelola aman,Total,42.81
Vietnam,VNM,2020,98079.2,Sanitasi,Minimal dasar,Perdesaan,84.19
Vietnam,VNM,2020,98079.2,Sanitasi,Minimal dasar,Perkotaan,95.93
Vietnam,VNM,2020,98079.2,Sanitasi,Minimal dasar,Total,88.57
Vietnam,VNM,2020,98079.2,Sanitasi,Terbatas,Perdesaan,2.75
Vietnam,VNM,2020,98079.2,Sanitasi,Terbatas,Perkotaan,2.19
Vietnam,VNM,2020,98079.2,Sanitasi,Terbatas,Total,2.54
Vietnam,VNM,2020,98079.2,Sanitasi,Tidak layak,Perdesaan,11.08
Vietnam,VNM,2020,98079.2,Sanitasi,Tidak layak,Perkotaan,1.86
Vietnam,VNM,2020,98079.2,Sanitasi,Tidak layak,Total,7.64
Vietnam,VNM,2020,98079.2,Sanitasi,BAB terbuka,Perdesaan,1.98
Vietnam,VNM,2020,98079.2,Sanitasi,BAB terbuka,Perkotaan,0.02
Vietnam,VNM,2020,98079.2,Sanitasi,BAB terbuka,Total,1.25
Vietnam,VNM,2020,98079.2,Sanitasi,Tersambung selokan,Perdesaan,2.04
Vietnam,VNM,2020,98079.2,Sanitasi,Tersambung selokan,Perkotaan,5.45
Vietnam,VNM,2020,98079.2,Sanitasi,Tersambung selokan,Total,3.31
Vietnam,VNM,2021,98935.1,Sanitasi,Dikelola aman,Perdesaan,45.02
Vietnam,VNM,2021,98935.1,Sanitasi,Dikelola aman,Perkotaan,40.45
Vietnam,VNM,2021,98935.1,Sanitasi,Dikelola aman,Total,43.28
Vietnam,VNM,2021,98935.1,Sanitasi,Minimal dasar,Perdesaan,86.54
Vietnam,VNM,2021,98935.1,Sanitasi,Minimal dasar,Perkotaan,96.83
Vietnam,VNM,2021,98935.1,Sanitasi,Minimal dasar,Total,90.46
Vietnam,VNM,2021,98935.1,Sanitasi,Terbatas,Perdesaan,2.64
Vietnam,VNM,2021,98935.1,Sanitasi,Terbatas,Perkotaan,2.0
Vietnam,VNM,2021,98935.1,Sanitasi,Terbatas,Total,2.39
Vietnam,VNM,2021,98935.1,Sanitasi,Tidak layak,Perdesaan,9.76
Vietnam,VNM,2021,98935.1,Sanitasi,Tidak layak,Perkotaan,1.17
Vietnam,VNM,2021,98935.1,Sanitasi,Tidak layak,Total,6.49
Vietnam,VNM,2021,98935.1,Sanitasi,BAB terbuka,Perdesaan,1.06
Vietnam,VNM,2021,98935.1,Sanitasi,BAB terbuka,Perkotaan,0.0
Vietnam,VNM,2021,98935.1,Sanitasi,BAB terbuka,Total,0.66
Vietnam,VNM,2021,98935.1,Sanitasi,Tersambung selokan,Perdesaan,2.14
Vietnam,VNM,2021,98935.1,Sanitasi,Tersambung selokan,Perkotaan,5.64
Vietnam,VNM,2021,98935.1,Sanitasi,Tersambung selokan,Total,3.47
Vietnam,VNM,2022,99680.7,Sanitasi,Dikelola aman,Perdesaan,45.8
Vietnam,VNM,2022,99680.7,Sanitasi,Dikelola aman,Perkotaan,40.72
Vietnam,VNM,2022,99680.7,Sanitasi,Dikelola aman,Total,43.83
Vietnam,VNM,2022,99680.7,Sanitasi,Minimal dasar,Perdesaan,88.9
Vietnam,VNM,2022,99680.7,Sanitasi,Minimal dasar,Perkotaan,97.73
Vietnam,VNM,2022,99680.7,Sanitasi,Minimal dasar,Total,92.32
Vietnam,VNM,2022,99680.7,Sanitasi,Terbatas,Perdesaan,2.52
Vietnam,VNM,2022,99680.7,Sanitasi,Terbatas,Perkotaan,1.8
Vietnam,VNM,2022,99680.7,Sanitasi,Terbatas,Total,2.24
Vietnam,VNM,2022,99680.7,Sanitasi,Tidak layak,Perdesaan,8.44
Vietnam,VNM,2022,99680.7,Sanitasi,Tidak layak,Perkotaan,0.47
Vietnam,VNM,2022,99680.7,Sanitasi,Tidak layak,Total,5.35
Vietnam,VNM,2022,99680.7,Sanitasi,BAB terbuka,Perdesaan,0.14
Vietnam,VNM,2022,99680.7,Sanitasi,BAB terbuka,Perkotaan,0.0
Vietnam,VNM,2022,99680.7,Sanitasi,BAB terbuka,Total,0.09
Vietnam,VNM,2022,99680.7,Sanitasi,Tersambung selokan,Perdesaan,2.23
Vietnam,VNM,2022,99680.7,Sanitasi,Tersambung selokan,Perkotaan,5.84
Vietnam,VNM,2022,99680.7,Sanitasi,Tersambung selokan,Total,3.63
Vietnam,VNM,2023,100352.2,Sanitasi,Dikelola aman,Perdesaan,46.59
Vietnam,VNM,2023,100352.2,Sanitasi,Dikelola aman,Perkotaan,41.02
Vietnam,VNM,2023,100352.2,Sanitasi,Dikelola aman,Total,44.39
Vietnam,VNM,2023,100352.2,Sanitasi,Minimal dasar,Perdesaan,91.27
Vietnam,VNM,2023,100352.2,Sanitasi,Minimal dasar,Perkotaan,98.41
Vietnam,VNM,2023,100352.2,Sanitasi,Minimal dasar,Total,94.09
Vietnam,VNM,2023,100352.2,Sanitasi,Terbatas,Perdesaan,2.39
Vietnam,VNM,2023,100352.2,Sanitasi,Terbatas,Perkotaan,1.59
Vietnam,VNM,2023,100352.2,Sanitasi,Terbatas,Total,2.07
Vietnam,VNM,2023,100352.2,Sanitasi,Tidak layak,Perdesaan,6.34
Vietnam,VNM,2023,100352.2,Sanitasi,Tidak layak,Perkotaan,0.0
Vietnam,VNM,2023,100352.2,Sanitasi,Tidak layak,Total,3.84
Vietnam,VNM,2023,100352.2,Sanitasi,BAB terbuka,Perdesaan,0.0
Vietnam,VNM,2023,100352.2,Sanitasi,BAB terbuka,Perkotaan,0.0
Vietnam,VNM,2023,100352.2,Sanitasi,BAB terbuka,Total,0.0
Vietnam,VNM,2023,100352.2,Sanitasi,Tersambung selokan,Perdesaan,2.32
Vietnam,VNM,2023,100352.2,Sanitasi,Tersambung selokan,Perkotaan,6.03
Vietnam,VNM,2023,100352.2,Sanitasi,Tersambung selokan,Total,3.79
Vietnam,VNM,2024,100987.7,Sanitasi,Dikelola aman,Perdesaan,48.3
Vietnam,VNM,2024,100987.7,Sanitasi,Dikelola aman,Perkotaan,41.02
Vietnam,VNM,2024,100987.7,Sanitasi,Dikelola aman,Total,45.37
Vietnam,VNM,2024,100987.7,Sanitasi,Minimal dasar,Perdesaan,93.46
Vietnam,VNM,2024,100987.7,Sanitasi,Minimal dasar,Perkotaan,98.41
Vietnam,VNM,2024,100987.7,Sanitasi,Minimal dasar,Total,95.45
Vietnam,VNM,2024,100987.7,Sanitasi,Terbatas,Perdesaan,2.45
Vietnam,VNM,2024,100987.7,Sanitasi,Terbatas,Perkotaan,1.59
Vietnam,VNM,2024,100987.7,Sanitasi,Terbatas,Total,2.1
Vietnam,VNM,2024,100987.7,Sanitasi,Tidak layak,Perdesaan,4.1
Vietnam,VNM,2024,100987.7,Sanitasi,Tidak layak,Perkotaan,0.0
Vietnam,VNM,2024,100987.7,Sanitasi,Tidak layak,Total,2.45
Vietnam,VNM,2024,100987.7,Sanitasi,BAB terbuka,Perdesaan,0.0
Vietnam,VNM,2024,100987.7,Sanitasi,BAB terbuka,Perkotaan,0.0
Vietnam,VNM,2024,100987.7,Sanitasi,BAB terbuka,Total,0.0
Vietnam,VNM,2024,100987.7,Sanitasi,Tersambung selokan,Perdesaan,2.32
Vietnam,VNM,2024,100987.7,Sanitasi,Tersambung selokan,Perkotaan,6.03
Vietnam,VNM,2024,100987.7,Sanitasi,Tersambung selokan,Total,3.81
Kamboja,KHM,2008,14053.5,Higiene (CTPS),Dasar,Perdesaan,54.24
Kamboja,KHM,2008,14053.5,Higiene (CTPS),Dasar,Perkotaan,86.91
Kamboja,KHM,2008,14053.5,Higiene (CTPS),Dasar,Total,60.63
Kamboja,KHM,2008,14053.5,Higiene (CTPS),Terbatas,Perdesaan,15.72
Kamboja,KHM,2008,14053.5,Higiene (CTPS),Terbatas,Perkotaan,5.45
Kamboja,KHM,2008,14053.5,Higiene (CTPS),Terbatas,Total,13.71
Kamboja,KHM,2008,14053.5,Higiene (CTPS),Tanpa fasilitas,Perdesaan,30.05
Kamboja,KHM,2008,14053.5,Higiene (CTPS),Tanpa fasilitas,Perkotaan,7.64
Kamboja,KHM,2008,14053.5,Higiene (CTPS),Tanpa fasilitas,Total,25.66
Kamboja,KHM,2009,14276.8,Higiene (CTPS),Dasar,Perdesaan,54.24
Kamboja,KHM,2009,14276.8,Higiene (CTPS),Dasar,Perkotaan,86.91
Kamboja,KHM,2009,14276.8,Higiene (CTPS),Dasar,Total,60.75
Kamboja,KHM,2009,14276.8,Higiene (CTPS),Terbatas,Perdesaan,15.72
Kamboja,KHM,2009,14276.8,Higiene (CTPS),Terbatas,Perkotaan,5.45
Kamboja,KHM,2009,14276.8,Higiene (CTPS),Terbatas,Total,13.67
Kamboja,KHM,2009,14276.8,Higiene (CTPS),Tanpa fasilitas,Perdesaan,30.05
Kamboja,KHM,2009,14276.8,Higiene (CTPS),Tanpa fasilitas,Perkotaan,7.64
Kamboja,KHM,2009,14276.8,Higiene (CTPS),Tanpa fasilitas,Total,25.58
Kamboja,KHM,2010,14500.7,Higiene (CTPS),Dasar,Perdesaan,54.24
Kamboja,KHM,2010,14500.7,Higiene (CTPS),Dasar,Perkotaan,86.91
Kamboja,KHM,2010,14500.7,Higiene (CTPS),Dasar,Total,60.87
Kamboja,KHM,2010,14500.7,Higiene (CTPS),Terbatas,Perdesaan,15.72
Kamboja,KHM,2010,14500.7,Higiene (CTPS),Terbatas,Perkotaan,5.45
Kamboja,KHM,2010,14500.7,Higiene (CTPS),Terbatas,Total,13.63
Kamboja,KHM,2010,14500.7,Higiene (CTPS),Tanpa fasilitas,Perdesaan,30.05
Kamboja,KHM,2010,14500.7,Higiene (CTPS),Tanpa fasilitas,Perkotaan,7.64
Kamboja,KHM,2010,14500.7,Higiene (CTPS),Tanpa fasilitas,Total,25.5
Kamboja,KHM,2011,14722.6,Higiene (CTPS),Dasar,Perdesaan,54.24
Kamboja,KHM,2011,14722.6,Higiene (CTPS),Dasar,Perkotaan,86.91
Kamboja,KHM,2011,14722.6,Higiene (CTPS),Dasar,Total,60.99
Kamboja,KHM,2011,14722.6,Higiene (CTPS),Terbatas,Perdesaan,15.72
Kamboja,KHM,2011,14722.6,Higiene (CTPS),Terbatas,Perkotaan,5.45
Kamboja,KHM,2011,14722.6,Higiene (CTPS),Terbatas,Total,13.6
Kamboja,KHM,2011,14722.6,Higiene (CTPS),Tanpa fasilitas,Perdesaan,30.05
Kamboja,KHM,2011,14722.6,Higiene (CTPS),Tanpa fasilitas,Perkotaan,7.64
Kamboja,KHM,2011,14722.6,Higiene (CTPS),Tanpa fasilitas,Total,25.42
Kamboja,KHM,2012,14945.1,Higiene (CTPS),Dasar,Perdesaan,54.24
Kamboja,KHM,2012,14945.1,Higiene (CTPS),Dasar,Perkotaan,86.91
Kamboja,KHM,2012,14945.1,Higiene (CTPS),Dasar,Total,61.11
Kamboja,KHM,2012,14945.1,Higiene (CTPS),Terbatas,Perdesaan,15.72
Kamboja,KHM,2012,14945.1,Higiene (CTPS),Terbatas,Perkotaan,5.45
Kamboja,KHM,2012,14945.1,Higiene (CTPS),Terbatas,Total,13.56
Kamboja,KHM,2012,14945.1,Higiene (CTPS),Tanpa fasilitas,Perdesaan,30.05
Kamboja,KHM,2012,14945.1,Higiene (CTPS),Tanpa fasilitas,Perkotaan,7.64
Kamboja,KHM,2012,14945.1,Higiene (CTPS),Tanpa fasilitas,Total,25.33
Kamboja,KHM,2013,15170.2,Higiene (CTPS),Dasar,Perdesaan,56.9
Kamboja,KHM,2013,15170.2,Higiene (CTPS),Dasar,Perkotaan,87.16
Kamboja,KHM,2013,15170.2,Higiene (CTPS),Dasar,Total,63.38
Kamboja,KHM,2013,15170.2,Higiene (CTPS),Terbatas,Perdesaan,15.16
Kamboja,KHM,2013,15170.2,Higiene (CTPS),Terbatas,Perkotaan,5.47
Kamboja,KHM,2013,15170.2,Higiene (CTPS),Terbatas,Total,13.08
Kamboja,KHM,2013,15170.2,Higiene (CTPS),Tanpa fasilitas,Perdesaan,27.94
Kamboja,KHM,2013,15170.2,Higiene (CTPS),Tanpa fasilitas,Perkotaan,7.37
Kamboja,KHM,2013,15170.2,Higiene (CTPS),Tanpa fasilitas,Total,23.54
Kamboja,KHM,2014,15396.8,Higiene (CTPS),Dasar,Perdesaan,59.56
Kamboja,KHM,2014,15396.8,Higiene (CTPS),Dasar,Perkotaan,87.41
Kamboja,KHM,2014,15396.8,Higiene (CTPS),Dasar,Total,65.63
Kamboja,KHM,2014,15396.8,Higiene (CTPS),Terbatas,Perdesaan,14.6
Kamboja,KHM,2014,15396.8,Higiene (CTPS),Terbatas,Perkotaan,5.48
Kamboja,KHM,2014,15396.8,Higiene (CTPS),Terbatas,Total,12.62
Kamboja,KHM,2014,15396.8,Higiene (CTPS),Tanpa fasilitas,Perdesaan,25.84
Kamboja,KHM,2014,15396.8,Higiene (CTPS),Tanpa fasilitas,Perkotaan,7.1
Kamboja,KHM,2014,15396.8,Higiene (CTPS),Tanpa fasilitas,Total,21.75
Kamboja,KHM,2015,15623.3,Higiene (CTPS),Dasar,Perdesaan,62.22
Kamboja,KHM,2015,15623.3,Higiene (CTPS),Dasar,Perkotaan,87.67
Kamboja,KHM,2015,15623.3,Higiene (CTPS),Dasar,Total,67.87
Kamboja,KHM,2015,15623.3,Higiene (CTPS),Terbatas,Perdesaan,14.05
Kamboja,KHM,2015,15623.3,Higiene (CTPS),Terbatas,Perkotaan,5.5
Kamboja,KHM,2015,15623.3,Higiene (CTPS),Terbatas,Total,12.15
Kamboja,KHM,2015,15623.3,Higiene (CTPS),Tanpa fasilitas,Perdesaan,23.73
Kamboja,KHM,2015,15623.3,Higiene (CTPS),Tanpa fasilitas,Perkotaan,6.83
Kamboja,KHM,2015,15623.3,Higiene (CTPS),Tanpa fasilitas,Total,19.98
Kamboja,KHM,2016,15852.8,Higiene (CTPS),Dasar,Perdesaan,64.88
Kamboja,KHM,2016,15852.8,Higiene (CTPS),Dasar,Perkotaan,87.92
Kamboja,KHM,2016,15852.8,Higiene (CTPS),Dasar,Total,70.09
Kamboja,KHM,2016,15852.8,Higiene (CTPS),Terbatas,Perdesaan,13.49
Kamboja,KHM,2016,15852.8,Higiene (CTPS),Terbatas,Perkotaan,5.52
Kamboja,KHM,2016,15852.8,Higiene (CTPS),Terbatas,Total,11.69
Kamboja,KHM,2016,15852.8,Higiene (CTPS),Tanpa fasilitas,Perdesaan,21.62
Kamboja,KHM,2016,15852.8,Higiene (CTPS),Tanpa fasilitas,Perkotaan,6.56
Kamboja,KHM,2016,15852.8,Higiene (CTPS),Tanpa fasilitas,Total,18.22
Kamboja,KHM,2017,16073.4,Higiene (CTPS),Dasar,Perdesaan,67.55
Kamboja,KHM,2017,16073.4,Higiene (CTPS),Dasar,Perkotaan,88.17
Kamboja,KHM,2017,16073.4,Higiene (CTPS),Dasar,Total,72.29
Kamboja,KHM,2017,16073.4,Higiene (CTPS),Terbatas,Perdesaan,12.94
Kamboja,KHM,2017,16073.4,Higiene (CTPS),Terbatas,Perkotaan,5.54
Kamboja,KHM,2017,16073.4,Higiene (CTPS),Terbatas,Total,11.24
Kamboja,KHM,2017,16073.4,Higiene (CTPS),Tanpa fasilitas,Perdesaan,19.52
Kamboja,KHM,2017,16073.4,Higiene (CTPS),Tanpa fasilitas,Perkotaan,6.29
Kamboja,KHM,2017,16073.4,Higiene (CTPS),Tanpa fasilitas,Total,16.48
Kamboja,KHM,2018,16274.5,Higiene (CTPS),Dasar,Perdesaan,70.21
Kamboja,KHM,2018,16274.5,Higiene (CTPS),Dasar,Perkotaan,88.43
Kamboja,KHM,2018,16274.5,Higiene (CTPS),Dasar,Total,74.47
Kamboja,KHM,2018,16274.5,Higiene (CTPS),Terbatas,Perdesaan,12.38
Kamboja,KHM,2018,16274.5,Higiene (CTPS),Terbatas,Perkotaan,5.55
Kamboja,KHM,2018,16274.5,Higiene (CTPS),Terbatas,Total,10.78
Kamboja,KHM,2018,16274.5,Higiene (CTPS),Tanpa fasilitas,Perdesaan,17.41
Kamboja,KHM,2018,16274.5,Higiene (CTPS),Tanpa fasilitas,Perkotaan,6.02
Kamboja,KHM,2018,16274.5,Higiene (CTPS),Tanpa fasilitas,Total,14.75
Kamboja,KHM,2019,16481.3,Higiene (CTPS),Dasar,Perdesaan,72.87
Kamboja,KHM,2019,16481.3,Higiene (CTPS),Dasar,Perkotaan,88.68
Kamboja,KHM,2019,16481.3,Higiene (CTPS),Dasar,Total,76.63
Kamboja,KHM,2019,16481.3,Higiene (CTPS),Terbatas,Perdesaan,11.82
Kamboja,KHM,2019,16481.3,Higiene (CTPS),Terbatas,Perkotaan,5.57
Kamboja,KHM,2019,16481.3,Higiene (CTPS),Terbatas,Total,10.33
Kamboja,KHM,2019,16481.3,Higiene (CTPS),Tanpa fasilitas,Perdesaan,15.31
Kamboja,KHM,2019,16481.3,Higiene (CTPS),Tanpa fasilitas,Perkotaan,5.75
Kamboja,KHM,2019,16481.3,Higiene (CTPS),Tanpa fasilitas,Total,13.03
Kamboja,KHM,2020,16725.5,Higiene (CTPS),Dasar,Perdesaan,75.53
Kamboja,KHM,2020,16725.5,Higiene (CTPS),Dasar,Perkotaan,88.93
Kamboja,KHM,2020,16725.5,Higiene (CTPS),Dasar,Total,78.78
Kamboja,KHM,2020,16725.5,Higiene (CTPS),Terbatas,Perdesaan,11.27
Kamboja,KHM,2020,16725.5,Higiene (CTPS),Terbatas,Perkotaan,5.59
Kamboja,KHM,2020,16725.5,Higiene (CTPS),Terbatas,Total,9.89
Kamboja,KHM,2020,16725.5,Higiene (CTPS),Tanpa fasilitas,Perdesaan,13.2
Kamboja,KHM,2020,16725.5,Higiene (CTPS),Tanpa fasilitas,Perkotaan,5.48
Kamboja,KHM,2020,16725.5,Higiene (CTPS),Tanpa fasilitas,Total,11.33
Kamboja,KHM,2021,16974.3,Higiene (CTPS),Dasar,Perdesaan,78.19
Kamboja,KHM,2021,16974.3,Higiene (CTPS),Dasar,Perkotaan,89.18
Kamboja,KHM,2021,16974.3,Higiene (CTPS),Dasar,Total,80.9
Kamboja,KHM,2021,16974.3,Higiene (CTPS),Terbatas,Perdesaan,10.71
Kamboja,KHM,2021,16974.3,Higiene (CTPS),Terbatas,Perkotaan,5.61
Kamboja,KHM,2021,16974.3,Higiene (CTPS),Terbatas,Total,9.45
Kamboja,KHM,2021,16974.3,Higiene (CTPS),Tanpa fasilitas,Perdesaan,11.1
Kamboja,KHM,2021,16974.3,Higiene (CTPS),Tanpa fasilitas,Perkotaan,5.21
Kamboja,KHM,2021,16974.3,Higiene (CTPS),Tanpa fasilitas,Total,9.64
Kamboja,KHM,2022,17201.7,Higiene (CTPS),Dasar,Perdesaan,80.85
Kamboja,KHM,2022,17201.7,Higiene (CTPS),Dasar,Perkotaan,89.44
Kamboja,KHM,2022,17201.7,Higiene (CTPS),Dasar,Total,83.01
Kamboja,KHM,2022,17201.7,Higiene (CTPS),Terbatas,Perdesaan,10.15
Kamboja,KHM,2022,17201.7,Higiene (CTPS),Terbatas,Perkotaan,5.62
Kamboja,KHM,2022,17201.7,Higiene (CTPS),Terbatas,Total,9.02
Kamboja,KHM,2022,17201.7,Higiene (CTPS),Tanpa fasilitas,Perdesaan,8.99
Kamboja,KHM,2022,17201.7,Higiene (CTPS),Tanpa fasilitas,Perkotaan,4.94
Kamboja,KHM,2022,17201.7,Higiene (CTPS),Tanpa fasilitas,Total,7.97
Kamboja,KHM,2023,17423.9,Higiene (CTPS),Dasar,Perdesaan,83.52
Kamboja,KHM,2023,17423.9,Higiene (CTPS),Dasar,Perkotaan,89.69
Kamboja,KHM,2023,17423.9,Higiene (CTPS),Dasar,Total,85.1
Kamboja,KHM,2023,17423.9,Higiene (CTPS),Terbatas,Perdesaan,9.6
Kamboja,KHM,2023,17423.9,Higiene (CTPS),Terbatas,Perkotaan,5.64
Kamboja,KHM,2023,17423.9,Higiene (CTPS),Terbatas,Total,8.59
Kamboja,KHM,2023,17423.9,Higiene (CTPS),Tanpa fasilitas,Perdesaan,6.89
Kamboja,KHM,2023,17423.9,Higiene (CTPS),Tanpa fasilitas,Perkotaan,4.67
Kamboja,KHM,2023,17423.9,Higiene (CTPS),Tanpa fasilitas,Total,6.32
Kamboja,KHM,2024,17638.8,Higiene (CTPS),Dasar,Perdesaan,86.18
Kamboja,KHM,2024,17638.8,Higiene (CTPS),Dasar,Perkotaan,89.94
Kamboja,KHM,2024,17638.8,Higiene (CTPS),Dasar,Total,87.16
Kamboja,KHM,2024,17638.8,Higiene (CTPS),Terbatas,Perdesaan,9.04
Kamboja,KHM,2024,17638.8,Higiene (CTPS),Terbatas,Perkotaan,5.66
Kamboja,KHM,2024,17638.8,Higiene (CTPS),Terbatas,Total,8.16
Kamboja,KHM,2024,17638.8,Higiene (CTPS),Tanpa fasilitas,Perdesaan,4.78
Kamboja,KHM,2024,17638.8,Higiene (CTPS),Tanpa fasilitas,Perkotaan,4.4
Kamboja,KHM,2024,17638.8,Higiene (CTPS),Tanpa fasilitas,Total,4.68
Indonesia,IDN,2006,233951.7,Higiene (CTPS),Dasar,Perdesaan,66.21
Indonesia,IDN,2006,233951.7,Higiene (CTPS),Dasar,Perkotaan,84.88
Indonesia,IDN,2006,233951.7,Higiene (CTPS),Dasar,Total,74.94
Indonesia,IDN,2006,233951.7,Higiene (CTPS),Terbatas,Perdesaan,0.12
Indonesia,IDN,2006,233951.7,Higiene (CTPS),Terbatas,Perkotaan,1.39
Indonesia,IDN,2006,233951.7,Higiene (CTPS),Terbatas,Total,0.72
Indonesia,IDN,2006,233951.7,Higiene (CTPS),Tanpa fasilitas,Perdesaan,33.66
Indonesia,IDN,2006,233951.7,Higiene (CTPS),Tanpa fasilitas,Perkotaan,13.73
Indonesia,IDN,2006,233951.7,Higiene (CTPS),Tanpa fasilitas,Total,24.35
Indonesia,IDN,2007,237062.3,Higiene (CTPS),Dasar,Perdesaan,66.21
Indonesia,IDN,2007,237062.3,Higiene (CTPS),Dasar,Perkotaan,84.88
Indonesia,IDN,2007,237062.3,Higiene (CTPS),Dasar,Total,75.09
Indonesia,IDN,2007,237062.3,Higiene (CTPS),Terbatas,Perdesaan,0.12
Indonesia,IDN,2007,237062.3,Higiene (CTPS),Terbatas,Perkotaan,1.39
Indonesia,IDN,2007,237062.3,Higiene (CTPS),Terbatas,Total,0.73
Indonesia,IDN,2007,237062.3,Higiene (CTPS),Tanpa fasilitas,Perdesaan,33.66
Indonesia,IDN,2007,237062.3,Higiene (CTPS),Tanpa fasilitas,Perkotaan,13.73
Indonesia,IDN,2007,237062.3,Higiene (CTPS),Tanpa fasilitas,Total,24.19
Indonesia,IDN,2008,240157.9,Higiene (CTPS),Dasar,Perdesaan,66.21
Indonesia,IDN,2008,240157.9,Higiene (CTPS),Dasar,Perkotaan,84.88
Indonesia,IDN,2008,240157.9,Higiene (CTPS),Dasar,Total,75.24
Indonesia,IDN,2008,240157.9,Higiene (CTPS),Terbatas,Perdesaan,0.12
Indonesia,IDN,2008,240157.9,Higiene (CTPS),Terbatas,Perkotaan,1.39
Indonesia,IDN,2008,240157.9,Higiene (CTPS),Terbatas,Total,0.74
Indonesia,IDN,2008,240157.9,Higiene (CTPS),Tanpa fasilitas,Perdesaan,33.66
Indonesia,IDN,2008,240157.9,Higiene (CTPS),Tanpa fasilitas,Perkotaan,13.73
Indonesia,IDN,2008,240157.9,Higiene (CTPS),Tanpa fasilitas,Total,24.03
Indonesia,IDN,2009,243220.0,Higiene (CTPS),Dasar,Perdesaan,66.21
Indonesia,IDN,2009,243220.0,Higiene (CTPS),Dasar,Perkotaan,84.88
Indonesia,IDN,2009,243220.0,Higiene (CTPS),Dasar,Total,75.39
Indonesia,IDN,2009,243220.0,Higiene (CTPS),Terbatas,Perdesaan,0.12
Indonesia,IDN,2009,243220.0,Higiene (CTPS),Terbatas,Perkotaan,1.39
Indonesia,IDN,2009,243220.0,Higiene (CTPS),Terbatas,Total,0.75
Indonesia,IDN,2009,243220.0,Higiene (CTPS),Tanpa fasilitas,Perdesaan,33.66
Indonesia,IDN,2009,243220.0,Higiene (CTPS),Tanpa fasilitas,Perkotaan,13.73
Indonesia,IDN,2009,243220.0,Higiene (CTPS),Tanpa fasilitas,Total,23.87
Indonesia,IDN,2010,246305.3,Higiene (CTPS),Dasar,Perdesaan,66.21
Indonesia,IDN,2010,246305.3,Higiene (CTPS),Dasar,Perkotaan,84.88
Indonesia,IDN,2010,246305.3,Higiene (CTPS),Dasar,Total,75.53
Indonesia,IDN,2010,246305.3,Higiene (CTPS),Terbatas,Perdesaan,0.12
Indonesia,IDN,2010,246305.3,Higiene (CTPS),Terbatas,Perkotaan,1.39
Indonesia,IDN,2010,246305.3,Higiene (CTPS),Terbatas,Total,0.76
Indonesia,IDN,2010,246305.3,Higiene (CTPS),Tanpa fasilitas,Perdesaan,33.66
Indonesia,IDN,2010,246305.3,Higiene (CTPS),Tanpa fasilitas,Perkotaan,13.73
Indonesia,IDN,2010,246305.3,Higiene (CTPS),Tanpa fasilitas,Total,23.71
Indonesia,IDN,2011,249470.0,Higiene (CTPS),Dasar,Perdesaan,66.97
Indonesia,IDN,2011,249470.0,Higiene (CTPS),Dasar,Perkotaan,84.66
Indonesia,IDN,2011,249470.0,Higiene (CTPS),Dasar,Total,75.92
Indonesia,IDN,2011,249470.0,Higiene (CTPS),Terbatas,Perdesaan,3.15
Indonesia,IDN,2011,249470.0,Higiene (CTPS),Terbatas,Perkotaan,3.17
Indonesia,IDN,2011,249470.0,Higiene (CTPS),Terbatas,Total,3.16
Indonesia,IDN,2011,249470.0,Higiene (CTPS),Tanpa fasilitas,Perdesaan,29.88
Indonesia,IDN,2011,249470.0,Higiene (CTPS),Tanpa fasilitas,Perkotaan,12.17
Indonesia,IDN,2011,249470.0,Higiene (CTPS),Tanpa fasilitas,Total,20.92
Indonesia,IDN,2012,252698.5,Higiene (CTPS),Dasar,Perdesaan,67.74
Indonesia,IDN,2012,252698.5,Higiene (CTPS),Dasar,Perkotaan,84.44
Indonesia,IDN,2012,252698.5,Higiene (CTPS),Dasar,Total,76.3
Indonesia,IDN,2012,252698.5,Higiene (CTPS),Terbatas,Perdesaan,6.17
Indonesia,IDN,2012,252698.5,Higiene (CTPS),Terbatas,Perkotaan,4.94
Indonesia,IDN,2012,252698.5,Higiene (CTPS),Terbatas,Total,5.54
Indonesia,IDN,2012,252698.5,Higiene (CTPS),Tanpa fasilitas,Perdesaan,26.09
Indonesia,IDN,2012,252698.5,Higiene (CTPS),Tanpa fasilitas,Perkotaan,10.62
Indonesia,IDN,2012,252698.5,Higiene (CTPS),Tanpa fasilitas,Total,18.16
Indonesia,IDN,2013,255852.5,Higiene (CTPS),Dasar,Perdesaan,68.5
Indonesia,IDN,2013,255852.5,Higiene (CTPS),Dasar,Perkotaan,84.22
Indonesia,IDN,2013,255852.5,Higiene (CTPS),Dasar,Total,76.67
Indonesia,IDN,2013,255852.5,Higiene (CTPS),Terbatas,Perdesaan,9.2
Indonesia,IDN,2013,255852.5,Higiene (CTPS),Terbatas,Perkotaan,6.72
Indonesia,IDN,2013,255852.5,Higiene (CTPS),Terbatas,Total,7.91
Indonesia,IDN,2013,255852.5,Higiene (CTPS),Tanpa fasilitas,Perdesaan,22.3
Indonesia,IDN,2013,255852.5,Higiene (CTPS),Tanpa fasilitas,Perkotaan,9.06
Indonesia,IDN,2013,255852.5,Higiene (CTPS),Tanpa fasilitas,Total,15.43
Indonesia,IDN,2014,258877.4,Higiene (CTPS),Dasar,Perdesaan,69.26
Indonesia,IDN,2014,258877.4,Higiene (CTPS),Dasar,Perkotaan,84.0
Indonesia,IDN,2014,258877.4,Higiene (CTPS),Dasar,Total,77.02
Indonesia,IDN,2014,258877.4,Higiene (CTPS),Terbatas,Perdesaan,12.22
Indonesia,IDN,2014,258877.4,Higiene (CTPS),Terbatas,Perkotaan,8.49
Indonesia,IDN,2014,258877.4,Higiene (CTPS),Terbatas,Total,10.26
Indonesia,IDN,2014,258877.4,Higiene (CTPS),Tanpa fasilitas,Perdesaan,18.52
Indonesia,IDN,2014,258877.4,Higiene (CTPS),Tanpa fasilitas,Perkotaan,7.51
Indonesia,IDN,2014,258877.4,Higiene (CTPS),Tanpa fasilitas,Total,12.72
Indonesia,IDN,2015,261799.2,Higiene (CTPS),Dasar,Perdesaan,70.02
Indonesia,IDN,2015,261799.2,Higiene (CTPS),Dasar,Perkotaan,83.78
Indonesia,IDN,2015,261799.2,Higiene (CTPS),Dasar,Total,77.35
Indonesia,IDN,2015,261799.2,Higiene (CTPS),Terbatas,Perdesaan,15.25
Indonesia,IDN,2015,261799.2,Higiene (CTPS),Terbatas,Perkotaan,10.27
Indonesia,IDN,2015,261799.2,Higiene (CTPS),Terbatas,Total,12.59
Indonesia,IDN,2015,261799.2,Higiene (CTPS),Tanpa fasilitas,Perdesaan,14.73
Indonesia,IDN,2015,261799.2,Higiene (CTPS),Tanpa fasilitas,Perkotaan,5.96
Indonesia,IDN,2015,261799.2,Higiene (CTPS),Tanpa fasilitas,Total,10.05
Indonesia,IDN,2016,264627.4,Higiene (CTPS),Dasar,Perdesaan,70.78
Indonesia,IDN,2016,264627.4,Higiene (CTPS),Dasar,Perkotaan,83.56
Indonesia,IDN,2016,264627.4,Higiene (CTPS),Dasar,Total,77.68
Indonesia,IDN,2016,264627.4,Higiene (CTPS),Terbatas,Perdesaan,18.27
Indonesia,IDN,2016,264627.4,Higiene (CTPS),Terbatas,Perkotaan,12.04
Indonesia,IDN,2016,264627.4,Higiene (CTPS),Terbatas,Total,14.91
Indonesia,IDN,2016,264627.4,Higiene (CTPS),Tanpa fasilitas,Perdesaan,10.95
Indonesia,IDN,2016,264627.4,Higiene (CTPS),Tanpa fasilitas,Perkotaan,4.4
Indonesia,IDN,2016,264627.4,Higiene (CTPS),Tanpa fasilitas,Total,7.41
Indonesia,IDN,2017,267346.7,Higiene (CTPS),Dasar,Perdesaan,71.54
Indonesia,IDN,2017,267346.7,Higiene (CTPS),Dasar,Perkotaan,83.34
Indonesia,IDN,2017,267346.7,Higiene (CTPS),Dasar,Total,77.99
Indonesia,IDN,2017,267346.7,Higiene (CTPS),Terbatas,Perdesaan,21.3
Indonesia,IDN,2017,267346.7,Higiene (CTPS),Terbatas,Perkotaan,13.81
Indonesia,IDN,2017,267346.7,Higiene (CTPS),Terbatas,Total,17.21
Indonesia,IDN,2017,267346.7,Higiene (CTPS),Tanpa fasilitas,Perdesaan,7.16
Indonesia,IDN,2017,267346.7,Higiene (CTPS),Tanpa fasilitas,Perkotaan,2.85
Indonesia,IDN,2017,267346.7,Higiene (CTPS),Tanpa fasilitas,Total,4.8
Indonesia,IDN,2018,269951.8,Higiene (CTPS),Dasar,Perdesaan,72.3
Indonesia,IDN,2018,269951.8,Higiene (CTPS),Dasar,Perkotaan,83.11
Indonesia,IDN,2018,269951.8,Higiene (CTPS),Dasar,Total,78.28
Indonesia,IDN,2018,269951.8,Higiene (CTPS),Terbatas,Perdesaan,24.32
Indonesia,IDN,2018,269951.8,Higiene (CTPS),Terbatas,Perkotaan,15.59
Indonesia,IDN,2018,269951.8,Higiene (CTPS),Terbatas,Total,19.49
Indonesia,IDN,2018,269951.8,Higiene (CTPS),Tanpa fasilitas,Perdesaan,3.37
Indonesia,IDN,2018,269951.8,Higiene (CTPS),Tanpa fasilitas,Perkotaan,1.3
Indonesia,IDN,2018,269951.8,Higiene (CTPS),Tanpa fasilitas,Total,2.22
Indonesia,IDN,2019,272489.4,Higiene (CTPS),Dasar,Perdesaan,73.06
Indonesia,IDN,2019,272489.4,Higiene (CTPS),Dasar,Perkotaan,82.89
Indonesia,IDN,2019,272489.4,Higiene (CTPS),Dasar,Total,78.57
Indonesia,IDN,2019,272489.4,Higiene (CTPS),Terbatas,Perdesaan,26.94
Indonesia,IDN,2019,272489.4,Higiene (CTPS),Terbatas,Perkotaan,17.11
Indonesia,IDN,2019,272489.4,Higiene (CTPS),Terbatas,Total,21.43
Indonesia,IDN,2019,272489.4,Higiene (CTPS),Tanpa fasilitas,Perdesaan,0.0
Indonesia,IDN,2019,272489.4,Higiene (CTPS),Tanpa fasilitas,Perkotaan,0.0
Indonesia,IDN,2019,272489.4,Higiene (CTPS),Tanpa fasilitas,Total,0.0
Indonesia,IDN,2020,274814.9,Higiene (CTPS),Dasar,Perdesaan,73.82
Indonesia,IDN,2020,274814.9,Higiene (CTPS),Dasar,Perkotaan,82.67
Indonesia,IDN,2020,274814.9,Higiene (CTPS),Dasar,Total,78.84
Indonesia,IDN,2020,274814.9,Higiene (CTPS),Terbatas,Perdesaan,26.18
Indonesia,IDN,2020,274814.9,Higiene (CTPS),Terbatas,Perkotaan,17.33
Indonesia,IDN,2020,274814.9,Higiene (CTPS),Terbatas,Total,21.16
Indonesia,IDN,2020,274814.9,Higiene (CTPS),Tanpa fasilitas,Perdesaan,0.0
Indonesia,IDN,2020,274814.9,Higiene (CTPS),Tanpa fasilitas,Perkotaan,0.0
Indonesia,IDN,2020,274814.9,Higiene (CTPS),Tanpa fasilitas,Total,0.0
Indonesia,IDN,2021,276758.1,Higiene (CTPS),Dasar,Perdesaan,74.58
Indonesia,IDN,2021,276758.1,Higiene (CTPS),Dasar,Perkotaan,82.45
Indonesia,IDN,2021,276758.1,Higiene (CTPS),Dasar,Total,79.09
Indonesia,IDN,2021,276758.1,Higiene (CTPS),Terbatas,Perdesaan,25.42
Indonesia,IDN,2021,276758.1,Higiene (CTPS),Terbatas,Perkotaan,17.55
Indonesia,IDN,2021,276758.1,Higiene (CTPS),Terbatas,Total,20.91
Indonesia,IDN,2021,276758.1,Higiene (CTPS),Tanpa fasilitas,Perdesaan,0.0
Indonesia,IDN,2021,276758.1,Higiene (CTPS),Tanpa fasilitas,Perkotaan,0.0
Indonesia,IDN,2021,276758.1,Higiene (CTPS),Tanpa fasilitas,Total,0.0
Indonesia,IDN,2022,278830.5,Higiene (CTPS),Dasar,Perdesaan,75.35
Indonesia,IDN,2022,278830.5,Higiene (CTPS),Dasar,Perkotaan,82.23
Indonesia,IDN,2022,278830.5,Higiene (CTPS),Dasar,Total,79.33
Indonesia,IDN,2022,278830.5,Higiene (CTPS),Terbatas,Perdesaan,24.65
Indonesia,IDN,2022,278830.5,Higiene (CTPS),Terbatas,Perkotaan,17.77
Indonesia,IDN,2022,278830.5,Higiene (CTPS),Terbatas,Total,20.67
Indonesia,IDN,2022,278830.5,Higiene (CTPS),Tanpa fasilitas,Perdesaan,0.0
Indonesia,IDN,2022,278830.5,Higiene (CTPS),Tanpa fasilitas,Perkotaan,0.0
Indonesia,IDN,2022,278830.5,Higiene (CTPS),Tanpa fasilitas,Total,0.0
Indonesia,IDN,2023,281190.1,Higiene (CTPS),Dasar,Perdesaan,76.11
Indonesia,IDN,2023,281190.1,Higiene (CTPS),Dasar,Perkotaan,82.01
Indonesia,IDN,2023,281190.1,Higiene (CTPS),Dasar,Total,79.56
Indonesia,IDN,2023,281190.1,Higiene (CTPS),Terbatas,Perdesaan,23.89
Indonesia,IDN,2023,281190.1,Higiene (CTPS),Terbatas,Perkotaan,17.99
Indonesia,IDN,2023,281190.1,Higiene (CTPS),Terbatas,Total,20.44
Indonesia,IDN,2023,281190.1,Higiene (CTPS),Tanpa fasilitas,Perdesaan,0.0
Indonesia,IDN,2023,281190.1,Higiene (CTPS),Tanpa fasilitas,Perkotaan,0.0
Indonesia,IDN,2023,281190.1,Higiene (CTPS),Tanpa fasilitas,Total,0.0
Indonesia,IDN,2024,283487.9,Higiene (CTPS),Dasar,Perdesaan,76.87
Indonesia,IDN,2024,283487.9,Higiene (CTPS),Dasar,Perkotaan,81.79
Indonesia,IDN,2024,283487.9,Higiene (CTPS),Dasar,Total,79.78
Indonesia,IDN,2024,283487.9,Higiene (CTPS),Terbatas,Perdesaan,23.13
Indonesia,IDN,2024,283487.9,Higiene (CTPS),Terbatas,Perkotaan,18.21
Indonesia,IDN,2024,283487.9,Higiene (CTPS),Terbatas,Total,20.22
Indonesia,IDN,2024,283487.9,Higiene (CTPS),Tanpa fasilitas,Perdesaan,0.0
Indonesia,IDN,2024,283487.9,Higiene (CTPS),Tanpa fasilitas,Perkotaan,0.0
Indonesia,IDN,2024,283487.9,Higiene (CTPS),Tanpa fasilitas,Total,0.0
Laos,LAO,2011,6426.6,Higiene (CTPS),Dasar,Perdesaan,42.41
Laos,LAO,2011,6426.6,Higiene (CTPS),Dasar,Perkotaan,72.93
Laos,LAO,2011,6426.6,Higiene (CTPS),Dasar,Total,51.76
Laos,LAO,2011,6426.6,Higiene (CTPS),Terbatas,Perdesaan,45.01
Laos,LAO,2011,6426.6,Higiene (CTPS),Terbatas,Perkotaan,17.37
Laos,LAO,2011,6426.6,Higiene (CTPS),Terbatas,Total,36.54
Laos,LAO,2011,6426.6,Higiene (CTPS),Tanpa fasilitas,Perdesaan,12.58
Laos,LAO,2011,6426.6,Higiene (CTPS),Tanpa fasilitas,Perkotaan,9.7
Laos,LAO,2011,6426.6,Higiene (CTPS),Tanpa fasilitas,Total,11.7
Laos,LAO,2012,6519.0,Higiene (CTPS),Dasar,Perdesaan,42.41
Laos,LAO,2012,6519.0,Higiene (CTPS),Dasar,Perkotaan,72.93
Laos,LAO,2012,6519.0,Higiene (CTPS),Dasar,Total,51.95
Laos,LAO,2012,6519.0,Higiene (CTPS),Terbatas,Perdesaan,45.01
Laos,LAO,2012,6519.0,Higiene (CTPS),Terbatas,Perkotaan,17.37
Laos,LAO,2012,6519.0,Higiene (CTPS),Terbatas,Total,36.37
Laos,LAO,2012,6519.0,Higiene (CTPS),Tanpa fasilitas,Perdesaan,12.58
Laos,LAO,2012,6519.0,Higiene (CTPS),Tanpa fasilitas,Perkotaan,9.7
Laos,LAO,2012,6519.0,Higiene (CTPS),Tanpa fasilitas,Total,11.68
Laos,LAO,2013,6611.4,Higiene (CTPS),Dasar,Perdesaan,42.41
Laos,LAO,2013,6611.4,Higiene (CTPS),Dasar,Perkotaan,72.93
Laos,LAO,2013,6611.4,Higiene (CTPS),Dasar,Total,52.13
Laos,LAO,2013,6611.4,Higiene (CTPS),Terbatas,Perdesaan,45.01
Laos,LAO,2013,6611.4,Higiene (CTPS),Terbatas,Perkotaan,17.37
Laos,LAO,2013,6611.4,Higiene (CTPS),Terbatas,Total,36.2
Laos,LAO,2013,6611.4,Higiene (CTPS),Tanpa fasilitas,Perdesaan,12.58
Laos,LAO,2013,6611.4,Higiene (CTPS),Tanpa fasilitas,Perkotaan,9.7
Laos,LAO,2013,6611.4,Higiene (CTPS),Tanpa fasilitas,Total,11.66
Laos,LAO,2014,6703.2,Higiene (CTPS),Dasar,Perdesaan,42.41
Laos,LAO,2014,6703.2,Higiene (CTPS),Dasar,Perkotaan,72.93
Laos,LAO,2014,6703.2,Higiene (CTPS),Dasar,Total,52.32
Laos,LAO,2014,6703.2,Higiene (CTPS),Terbatas,Perdesaan,45.01
Laos,LAO,2014,6703.2,Higiene (CTPS),Terbatas,Perkotaan,17.37
Laos,LAO,2014,6703.2,Higiene (CTPS),Terbatas,Total,36.03
Laos,LAO,2014,6703.2,Higiene (CTPS),Tanpa fasilitas,Perdesaan,12.58
Laos,LAO,2014,6703.2,Higiene (CTPS),Tanpa fasilitas,Perkotaan,9.7
Laos,LAO,2014,6703.2,Higiene (CTPS),Tanpa fasilitas,Total,11.64
Laos,LAO,2015,6801.6,Higiene (CTPS),Dasar,Perdesaan,42.41
Laos,LAO,2015,6801.6,Higiene (CTPS),Dasar,Perkotaan,72.93
Laos,LAO,2015,6801.6,Higiene (CTPS),Dasar,Total,52.51
Laos,LAO,2015,6801.6,Higiene (CTPS),Terbatas,Perdesaan,45.01
Laos,LAO,2015,6801.6,Higiene (CTPS),Terbatas,Perkotaan,17.37
Laos,LAO,2015,6801.6,Higiene (CTPS),Terbatas,Total,35.86
Laos,LAO,2015,6801.6,Higiene (CTPS),Tanpa fasilitas,Perdesaan,12.58
Laos,LAO,2015,6801.6,Higiene (CTPS),Tanpa fasilitas,Perkotaan,9.7
Laos,LAO,2015,6801.6,Higiene (CTPS),Tanpa fasilitas,Total,11.63
Laos,LAO,2016,6908.8,Higiene (CTPS),Dasar,Perdesaan,43.98
Laos,LAO,2016,6908.8,Higiene (CTPS),Dasar,Perkotaan,73.12
Laos,LAO,2016,6908.8,Higiene (CTPS),Dasar,Total,53.81
Laos,LAO,2016,6908.8,Higiene (CTPS),Terbatas,Perdesaan,44.2
Laos,LAO,2016,6908.8,Higiene (CTPS),Terbatas,Perkotaan,18.03
Laos,LAO,2016,6908.8,Higiene (CTPS),Terbatas,Total,35.37
Laos,LAO,2016,6908.8,Higiene (CTPS),Tanpa fasilitas,Perdesaan,11.81
Laos,LAO,2016,6908.8,Higiene (CTPS),Tanpa fasilitas,Perkotaan,8.85
Laos,LAO,2016,6908.8,Higiene (CTPS),Tanpa fasilitas,Total,10.81
Laos,LAO,2017,7018.1,Higiene (CTPS),Dasar,Perdesaan,45.56
Laos,LAO,2017,7018.1,Higiene (CTPS),Dasar,Perkotaan,73.31
Laos,LAO,2017,7018.1,Higiene (CTPS),Dasar,Total,55.1
Laos,LAO,2017,7018.1,Higiene (CTPS),Terbatas,Perdesaan,43.39
Laos,LAO,2017,7018.1,Higiene (CTPS),Terbatas,Perkotaan,18.69
Laos,LAO,2017,7018.1,Higiene (CTPS),Terbatas,Total,34.9
Laos,LAO,2017,7018.1,Higiene (CTPS),Tanpa fasilitas,Perdesaan,11.05
Laos,LAO,2017,7018.1,Higiene (CTPS),Tanpa fasilitas,Perkotaan,8.0
Laos,LAO,2017,7018.1,Higiene (CTPS),Tanpa fasilitas,Total,10.0
Laos,LAO,2018,7128.0,Higiene (CTPS),Dasar,Perdesaan,47.14
Laos,LAO,2018,7128.0,Higiene (CTPS),Dasar,Perkotaan,73.5
Laos,LAO,2018,7128.0,Higiene (CTPS),Dasar,Total,56.36
Laos,LAO,2018,7128.0,Higiene (CTPS),Terbatas,Perdesaan,42.58
Laos,LAO,2018,7128.0,Higiene (CTPS),Terbatas,Perkotaan,19.35
Laos,LAO,2018,7128.0,Higiene (CTPS),Terbatas,Total,34.45
Laos,LAO,2018,7128.0,Higiene (CTPS),Tanpa fasilitas,Perdesaan,10.28
Laos,LAO,2018,7128.0,Higiene (CTPS),Tanpa fasilitas,Perkotaan,7.15
Laos,LAO,2018,7128.0,Higiene (CTPS),Tanpa fasilitas,Total,9.19
Laos,LAO,2019,7237.6,Higiene (CTPS),Dasar,Perdesaan,48.71
Laos,LAO,2019,7237.6,Higiene (CTPS),Dasar,Perkotaan,73.69
Laos,LAO,2019,7237.6,Higiene (CTPS),Dasar,Total,57.62
Laos,LAO,2019,7237.6,Higiene (CTPS),Terbatas,Perdesaan,41.77
Laos,LAO,2019,7237.6,Higiene (CTPS),Terbatas,Perkotaan,20.0
Laos,LAO,2019,7237.6,Higiene (CTPS),Terbatas,Total,34.01
Laos,LAO,2019,7237.6,Higiene (CTPS),Tanpa fasilitas,Perdesaan,9.52
Laos,LAO,2019,7237.6,Higiene (CTPS),Tanpa fasilitas,Perkotaan,6.31
Laos,LAO,2019,7237.6,Higiene (CTPS),Tanpa fasilitas,Total,8.37
Laos,LAO,2020,7346.5,Higiene (CTPS),Dasar,Perdesaan,50.29
Laos,LAO,2020,7346.5,Higiene (CTPS),Dasar,Perkotaan,73.88
Laos,LAO,2020,7346.5,Higiene (CTPS),Dasar,Total,58.85
Laos,LAO,2020,7346.5,Higiene (CTPS),Terbatas,Perdesaan,40.96
Laos,LAO,2020,7346.5,Higiene (CTPS),Terbatas,Perkotaan,20.66
Laos,LAO,2020,7346.5,Higiene (CTPS),Terbatas,Total,33.59
Laos,LAO,2020,7346.5,Higiene (CTPS),Tanpa fasilitas,Perdesaan,8.75
Laos,LAO,2020,7346.5,Higiene (CTPS),Tanpa fasilitas,Perkotaan,5.46
Laos,LAO,2020,7346.5,Higiene (CTPS),Tanpa fasilitas,Total,7.56
Laos,LAO,2021,7453.2,Higiene (CTPS),Dasar,Perdesaan,51.86
Laos,LAO,2021,7453.2,Higiene (CTPS),Dasar,Perkotaan,74.07
Laos,LAO,2021,7453.2,Higiene (CTPS),Dasar,Total,60.07
Laos,LAO,2021,7453.2,Higiene (CTPS),Terbatas,Perdesaan,40.15
Laos,LAO,2021,7453.2,Higiene (CTPS),Terbatas,Perkotaan,21.32
Laos,LAO,2021,7453.2,Higiene (CTPS),Terbatas,Total,33.19
Laos,LAO,2021,7453.2,Higiene (CTPS),Tanpa fasilitas,Perdesaan,7.99
Laos,LAO,2021,7453.2,Higiene (CTPS),Tanpa fasilitas,Perkotaan,4.61
Laos,LAO,2021,7453.2,Higiene (CTPS),Tanpa fasilitas,Total,6.74
Laos,LAO,2022,7559.0,Higiene (CTPS),Dasar,Perdesaan,53.44
Laos,LAO,2022,7559.0,Higiene (CTPS),Dasar,Perkotaan,74.26
Laos,LAO,2022,7559.0,Higiene (CTPS),Dasar,Total,61.27
Laos,LAO,2022,7559.0,Higiene (CTPS),Terbatas,Perdesaan,39.34
Laos,LAO,2022,7559.0,Higiene (CTPS),Terbatas,Perkotaan,21.98
Laos,LAO,2022,7559.0,Higiene (CTPS),Terbatas,Total,32.81
Laos,LAO,2022,7559.0,Higiene (CTPS),Tanpa fasilitas,Perdesaan,7.22
Laos,LAO,2022,7559.0,Higiene (CTPS),Tanpa fasilitas,Perkotaan,3.76
Laos,LAO,2022,7559.0,Higiene (CTPS),Tanpa fasilitas,Total,5.92
Laos,LAO,2023,7665.0,Higiene (CTPS),Dasar,Perdesaan,55.02
Laos,LAO,2023,7665.0,Higiene (CTPS),Dasar,Perkotaan,74.45
Laos,LAO,2023,7665.0,Higiene (CTPS),Dasar,Total,62.45
Laos,LAO,2023,7665.0,Higiene (CTPS),Terbatas,Perdesaan,38.53
Laos,LAO,2023,7665.0,Higiene (CTPS),Terbatas,Perkotaan,22.64
Laos,LAO,2023,7665.0,Higiene (CTPS),Terbatas,Total,32.45
Laos,LAO,2023,7665.0,Higiene (CTPS),Tanpa fasilitas,Perdesaan,6.46
Laos,LAO,2023,7665.0,Higiene (CTPS),Tanpa fasilitas,Perkotaan,2.91
Laos,LAO,2023,7665.0,Higiene (CTPS),Tanpa fasilitas,Total,5.1
Laos,LAO,2024,7769.8,Higiene (CTPS),Dasar,Perdesaan,56.59
Laos,LAO,2024,7769.8,Higiene (CTPS),Dasar,Perkotaan,74.64
Laos,LAO,2024,7769.8,Higiene (CTPS),Dasar,Total,63.61
Laos,LAO,2024,7769.8,Higiene (CTPS),Terbatas,Perdesaan,37.72
Laos,LAO,2024,7769.8,Higiene (CTPS),Terbatas,Perkotaan,23.3
Laos,LAO,2024,7769.8,Higiene (CTPS),Terbatas,Total,32.11
Laos,LAO,2024,7769.8,Higiene (CTPS),Tanpa fasilitas,Perdesaan,5.69
Laos,LAO,2024,7769.8,Higiene (CTPS),Tanpa fasilitas,Perkotaan,2.06
Laos,LAO,2024,7769.8,Higiene (CTPS),Tanpa fasilitas,Total,4.28
Myanmar,MMR,2010,49024.4,Higiene (CTPS),Dasar,Perdesaan,70.66
Myanmar,MMR,2010,49024.4,Higiene (CTPS),Dasar,Perkotaan,83.02
Myanmar,MMR,2010,49024.4,Higiene (CTPS),Dasar,Total,74.23
Myanmar,MMR,2010,49024.4,Higiene (CTPS),Terbatas,Perdesaan,22.96
Myanmar,MMR,2010,49024.4,Higiene (CTPS),Terbatas,Perkotaan,14.16
Myanmar,MMR,2010,49024.4,Higiene (CTPS),Terbatas,Total,20.42
Myanmar,MMR,2010,49024.4,Higiene (CTPS),Tanpa fasilitas,Perdesaan,6.38
Myanmar,MMR,2010,49024.4,Higiene (CTPS),Tanpa fasilitas,Perkotaan,2.82
Myanmar,MMR,2010,49024.4,Higiene (CTPS),Tanpa fasilitas,Total,5.35
Myanmar,MMR,2011,49419.8,Higiene (CTPS),Dasar,Perdesaan,70.66
Myanmar,MMR,2011,49419.8,Higiene (CTPS),Dasar,Perkotaan,83.02
Myanmar,MMR,2011,49419.8,Higiene (CTPS),Dasar,Total,74.25
Myanmar,MMR,2011,49419.8,Higiene (CTPS),Terbatas,Perdesaan,22.96
Myanmar,MMR,2011,49419.8,Higiene (CTPS),Terbatas,Perkotaan,14.16
Myanmar,MMR,2011,49419.8,Higiene (CTPS),Terbatas,Total,20.4
Myanmar,MMR,2011,49419.8,Higiene (CTPS),Tanpa fasilitas,Perdesaan,6.38
Myanmar,MMR,2011,49419.8,Higiene (CTPS),Tanpa fasilitas,Perkotaan,2.82
Myanmar,MMR,2011,49419.8,Higiene (CTPS),Tanpa fasilitas,Total,5.35
Myanmar,MMR,2012,49837.4,Higiene (CTPS),Dasar,Perdesaan,70.66
Myanmar,MMR,2012,49837.4,Higiene (CTPS),Dasar,Perkotaan,83.02
Myanmar,MMR,2012,49837.4,Higiene (CTPS),Dasar,Total,74.28
Myanmar,MMR,2012,49837.4,Higiene (CTPS),Terbatas,Perdesaan,22.96
Myanmar,MMR,2012,49837.4,Higiene (CTPS),Terbatas,Perkotaan,14.16
Myanmar,MMR,2012,49837.4,Higiene (CTPS),Terbatas,Total,20.38
Myanmar,MMR,2012,49837.4,Higiene (CTPS),Tanpa fasilitas,Perdesaan,6.38
Myanmar,MMR,2012,49837.4,Higiene (CTPS),Tanpa fasilitas,Perkotaan,2.82
Myanmar,MMR,2012,49837.4,Higiene (CTPS),Tanpa fasilitas,Total,5.34
Myanmar,MMR,2013,50262.7,Higiene (CTPS),Dasar,Perdesaan,70.66
Myanmar,MMR,2013,50262.7,Higiene (CTPS),Dasar,Perkotaan,83.02
Myanmar,MMR,2013,50262.7,Higiene (CTPS),Dasar,Total,74.3
Myanmar,MMR,2013,50262.7,Higiene (CTPS),Terbatas,Perdesaan,22.96
Myanmar,MMR,2013,50262.7,Higiene (CTPS),Terbatas,Perkotaan,14.16
Myanmar,MMR,2013,50262.7,Higiene (CTPS),Terbatas,Total,20.37
Myanmar,MMR,2013,50262.7,Higiene (CTPS),Tanpa fasilitas,Perdesaan,6.38
Myanmar,MMR,2013,50262.7,Higiene (CTPS),Tanpa fasilitas,Perkotaan,2.82
Myanmar,MMR,2013,50262.7,Higiene (CTPS),Tanpa fasilitas,Total,5.33
Myanmar,MMR,2014,50681.6,Higiene (CTPS),Dasar,Perdesaan,70.66
Myanmar,MMR,2014,50681.6,Higiene (CTPS),Dasar,Perkotaan,83.02
Myanmar,MMR,2014,50681.6,Higiene (CTPS),Dasar,Total,74.32
Myanmar,MMR,2014,50681.6,Higiene (CTPS),Terbatas,Perdesaan,22.96
Myanmar,MMR,2014,50681.6,Higiene (CTPS),Terbatas,Perkotaan,14.16
Myanmar,MMR,2014,50681.6,Higiene (CTPS),Terbatas,Total,20.35
Myanmar,MMR,2014,50681.6,Higiene (CTPS),Tanpa fasilitas,Perdesaan,6.38
Myanmar,MMR,2014,50681.6,Higiene (CTPS),Tanpa fasilitas,Perkotaan,2.82
Myanmar,MMR,2014,50681.6,Higiene (CTPS),Tanpa fasilitas,Total,5.33
Myanmar,MMR,2015,51089.1,Higiene (CTPS),Dasar,Perdesaan,70.66
Myanmar,MMR,2015,51089.1,Higiene (CTPS),Dasar,Perkotaan,83.02
Myanmar,MMR,2015,51089.1,Higiene (CTPS),Dasar,Total,74.35
Myanmar,MMR,2015,51089.1,Higiene (CTPS),Terbatas,Perdesaan,22.96
Myanmar,MMR,2015,51089.1,Higiene (CTPS),Terbatas,Perkotaan,14.16
Myanmar,MMR,2015,51089.1,Higiene (CTPS),Terbatas,Total,20.33
Myanmar,MMR,2015,51089.1,Higiene (CTPS),Tanpa fasilitas,Perdesaan,6.38
Myanmar,MMR,2015,51089.1,Higiene (CTPS),Tanpa fasilitas,Perkotaan,2.82
Myanmar,MMR,2015,51089.1,Higiene (CTPS),Tanpa fasilitas,Total,5.32
Myanmar,MMR,2016,51495.7,Higiene (CTPS),Dasar,Perdesaan,70.66
Myanmar,MMR,2016,51495.7,Higiene (CTPS),Dasar,Perkotaan,83.02
Myanmar,MMR,2016,51495.7,Higiene (CTPS),Dasar,Total,74.38
Myanmar,MMR,2016,51495.7,Higiene (CTPS),Terbatas,Perdesaan,22.96
Myanmar,MMR,2016,51495.7,Higiene (CTPS),Terbatas,Perkotaan,14.16
Myanmar,MMR,2016,51495.7,Higiene (CTPS),Terbatas,Total,20.31
Myanmar,MMR,2016,51495.7,Higiene (CTPS),Tanpa fasilitas,Perdesaan,6.38
Myanmar,MMR,2016,51495.7,Higiene (CTPS),Tanpa fasilitas,Perkotaan,2.82
Myanmar,MMR,2016,51495.7,Higiene (CTPS),Tanpa fasilitas,Total,5.31
Myanmar,MMR,2017,51894.9,Higiene (CTPS),Dasar,Perdesaan,70.66
Myanmar,MMR,2017,51894.9,Higiene (CTPS),Dasar,Perkotaan,83.02
Myanmar,MMR,2017,51894.9,Higiene (CTPS),Dasar,Total,74.41
Myanmar,MMR,2017,51894.9,Higiene (CTPS),Terbatas,Perdesaan,22.96
Myanmar,MMR,2017,51894.9,Higiene (CTPS),Terbatas,Perkotaan,14.16
Myanmar,MMR,2017,51894.9,Higiene (CTPS),Terbatas,Total,20.29
Myanmar,MMR,2017,51894.9,Higiene (CTPS),Tanpa fasilitas,Perdesaan,6.38
Myanmar,MMR,2017,51894.9,Higiene (CTPS),Tanpa fasilitas,Perkotaan,2.82
Myanmar,MMR,2017,51894.9,Higiene (CTPS),Tanpa fasilitas,Total,5.3
Myanmar,MMR,2018,52272.2,Higiene (CTPS),Dasar,Perdesaan,70.66
Myanmar,MMR,2018,52272.2,Higiene (CTPS),Dasar,Perkotaan,83.02
Myanmar,MMR,2018,52272.2,Higiene (CTPS),Dasar,Total,74.44
Myanmar,MMR,2018,52272.2,Higiene (CTPS),Terbatas,Perdesaan,22.96
Myanmar,MMR,2018,52272.2,Higiene (CTPS),Terbatas,Perkotaan,14.16
Myanmar,MMR,2018,52272.2,Higiene (CTPS),Terbatas,Total,20.27
Myanmar,MMR,2018,52272.2,Higiene (CTPS),Tanpa fasilitas,Perdesaan,6.38
Myanmar,MMR,2018,52272.2,Higiene (CTPS),Tanpa fasilitas,Perkotaan,2.82
Myanmar,MMR,2018,52272.2,Higiene (CTPS),Tanpa fasilitas,Total,5.29
Myanmar,MMR,2019,52640.7,Higiene (CTPS),Dasar,Perdesaan,70.66
Myanmar,MMR,2019,52640.7,Higiene (CTPS),Dasar,Perkotaan,83.02
Myanmar,MMR,2019,52640.7,Higiene (CTPS),Dasar,Total,74.47
Myanmar,MMR,2019,52640.7,Higiene (CTPS),Terbatas,Perdesaan,22.96
Myanmar,MMR,2019,52640.7,Higiene (CTPS),Terbatas,Perkotaan,14.16
Myanmar,MMR,2019,52640.7,Higiene (CTPS),Terbatas,Total,20.24
Myanmar,MMR,2019,52640.7,Higiene (CTPS),Tanpa fasilitas,Perdesaan,6.38
Myanmar,MMR,2019,52640.7,Higiene (CTPS),Tanpa fasilitas,Perkotaan,2.82
Myanmar,MMR,2019,52640.7,Higiene (CTPS),Tanpa fasilitas,Total,5.28
Myanmar,MMR,2020,53016.5,Higiene (CTPS),Dasar,Perdesaan,70.66
Myanmar,MMR,2020,53016.5,Higiene (CTPS),Dasar,Perkotaan,83.02
Myanmar,MMR,2020,53016.5,Higiene (CTPS),Dasar,Total,74.51
Myanmar,MMR,2020,53016.5,Higiene (CTPS),Terbatas,Perdesaan,22.96
Myanmar,MMR,2020,53016.5,Higiene (CTPS),Terbatas,Perkotaan,14.16
Myanmar,MMR,2020,53016.5,Higiene (CTPS),Terbatas,Total,20.22
Myanmar,MMR,2020,53016.5,Higiene (CTPS),Tanpa fasilitas,Perdesaan,6.38
Myanmar,MMR,2020,53016.5,Higiene (CTPS),Tanpa fasilitas,Perkotaan,2.82
Myanmar,MMR,2020,53016.5,Higiene (CTPS),Tanpa fasilitas,Total,5.27
Myanmar,MMR,2021,53387.1,Higiene (CTPS),Dasar,Perdesaan,70.66
Myanmar,MMR,2021,53387.1,Higiene (CTPS),Dasar,Perkotaan,83.02
Myanmar,MMR,2021,53387.1,Higiene (CTPS),Dasar,Total,74.55
Myanmar,MMR,2021,53387.1,Higiene (CTPS),Terbatas,Perdesaan,22.96
Myanmar,MMR,2021,53387.1,Higiene (CTPS),Terbatas,Perkotaan,14.16
Myanmar,MMR,2021,53387.1,Higiene (CTPS),Terbatas,Total,20.19
Myanmar,MMR,2021,53387.1,Higiene (CTPS),Tanpa fasilitas,Perdesaan,6.38
Myanmar,MMR,2021,53387.1,Higiene (CTPS),Tanpa fasilitas,Perkotaan,2.82
Myanmar,MMR,2021,53387.1,Higiene (CTPS),Tanpa fasilitas,Total,5.26
Myanmar,MMR,2022,53756.8,Higiene (CTPS),Dasar,Perdesaan,70.66
Myanmar,MMR,2022,53756.8,Higiene (CTPS),Dasar,Perkotaan,83.02
Myanmar,MMR,2022,53756.8,Higiene (CTPS),Dasar,Total,74.59
Myanmar,MMR,2022,53756.8,Higiene (CTPS),Terbatas,Perdesaan,22.96
Myanmar,MMR,2022,53756.8,Higiene (CTPS),Terbatas,Perkotaan,14.16
Myanmar,MMR,2022,53756.8,Higiene (CTPS),Terbatas,Total,20.16
Myanmar,MMR,2022,53756.8,Higiene (CTPS),Tanpa fasilitas,Perdesaan,6.38
Myanmar,MMR,2022,53756.8,Higiene (CTPS),Tanpa fasilitas,Perkotaan,2.82
Myanmar,MMR,2022,53756.8,Higiene (CTPS),Tanpa fasilitas,Total,5.25
Myanmar,MMR,2023,54133.8,Higiene (CTPS),Dasar,Perdesaan,70.66
Myanmar,MMR,2023,54133.8,Higiene (CTPS),Dasar,Perkotaan,83.02
Myanmar,MMR,2023,54133.8,Higiene (CTPS),Dasar,Total,74.63
Myanmar,MMR,2023,54133.8,Higiene (CTPS),Terbatas,Perdesaan,22.96
Myanmar,MMR,2023,54133.8,Higiene (CTPS),Terbatas,Perkotaan,14.16
Myanmar,MMR,2023,54133.8,Higiene (CTPS),Terbatas,Total,20.13
Myanmar,MMR,2023,54133.8,Higiene (CTPS),Tanpa fasilitas,Perdesaan,6.38
Myanmar,MMR,2023,54133.8,Higiene (CTPS),Tanpa fasilitas,Perkotaan,2.82
Myanmar,MMR,2023,54133.8,Higiene (CTPS),Tanpa fasilitas,Total,5.24
Myanmar,MMR,2024,54500.1,Higiene (CTPS),Dasar,Perdesaan,70.66
Myanmar,MMR,2024,54500.1,Higiene (CTPS),Dasar,Perkotaan,83.02
Myanmar,MMR,2024,54500.1,Higiene (CTPS),Dasar,Total,74.67
Myanmar,MMR,2024,54500.1,Higiene (CTPS),Terbatas,Perdesaan,22.96
Myanmar,MMR,2024,54500.1,Higiene (CTPS),Terbatas,Perkotaan,14.16
Myanmar,MMR,2024,54500.1,Higiene (CTPS),Terbatas,Total,20.1
Myanmar,MMR,2024,54500.1,Higiene (CTPS),Tanpa fasilitas,Perdesaan,6.38
Myanmar,MMR,2024,54500.1,Higiene (CTPS),Tanpa fasilitas,Perkotaan,2.82
Myanmar,MMR,2024,54500.1,Higiene (CTPS),Tanpa fasilitas,Total,5.23
Filipina,PHL,2011,98248.6,Higiene (CTPS),Dasar,Perdesaan,66.22
Filipina,PHL,2011,98248.6,Higiene (CTPS),Dasar,Perkotaan,80.18
Filipina,PHL,2011,98248.6,Higiene (CTPS),Dasar,Total,72.58
Filipina,PHL,2011,98248.6,Higiene (CTPS),Terbatas,Perdesaan,17.95
Filipina,PHL,2011,98248.6,Higiene (CTPS),Terbatas,Perkotaan,13.66
Filipina,PHL,2011,98248.6,Higiene (CTPS),Terbatas,Total,16.0
Filipina,PHL,2011,98248.6,Higiene (CTPS),Tanpa fasilitas,Perdesaan,15.84
Filipina,PHL,2011,98248.6,Higiene (CTPS),Tanpa fasilitas,Perkotaan,6.15
Filipina,PHL,2011,98248.6,Higiene (CTPS),Tanpa fasilitas,Total,11.43
Filipina,PHL,2012,100175.5,Higiene (CTPS),Dasar,Perdesaan,66.22
Filipina,PHL,2012,100175.5,Higiene (CTPS),Dasar,Perkotaan,80.18
Filipina,PHL,2012,100175.5,Higiene (CTPS),Dasar,Total,72.6
Filipina,PHL,2012,100175.5,Higiene (CTPS),Terbatas,Perdesaan,17.95
Filipina,PHL,2012,100175.5,Higiene (CTPS),Terbatas,Perkotaan,13.66
Filipina,PHL,2012,100175.5,Higiene (CTPS),Terbatas,Total,15.99
Filipina,PHL,2012,100175.5,Higiene (CTPS),Tanpa fasilitas,Perdesaan,15.84
Filipina,PHL,2012,100175.5,Higiene (CTPS),Tanpa fasilitas,Perkotaan,6.15
Filipina,PHL,2012,100175.5,Higiene (CTPS),Tanpa fasilitas,Total,11.41
Filipina,PHL,2013,102076.3,Higiene (CTPS),Dasar,Perdesaan,66.22
Filipina,PHL,2013,102076.3,Higiene (CTPS),Dasar,Perkotaan,80.18
Filipina,PHL,2013,102076.3,Higiene (CTPS),Dasar,Total,72.63
Filipina,PHL,2013,102076.3,Higiene (CTPS),Terbatas,Perdesaan,17.95
Filipina,PHL,2013,102076.3,Higiene (CTPS),Terbatas,Perkotaan,13.66
Filipina,PHL,2013,102076.3,Higiene (CTPS),Terbatas,Total,15.98
Filipina,PHL,2013,102076.3,Higiene (CTPS),Tanpa fasilitas,Perdesaan,15.84
Filipina,PHL,2013,102076.3,Higiene (CTPS),Tanpa fasilitas,Perkotaan,6.15
Filipina,PHL,2013,102076.3,Higiene (CTPS),Tanpa fasilitas,Total,11.39
Filipina,PHL,2014,103767.1,Higiene (CTPS),Dasar,Perdesaan,66.22
Filipina,PHL,2014,103767.1,Higiene (CTPS),Dasar,Perkotaan,80.18
Filipina,PHL,2014,103767.1,Higiene (CTPS),Dasar,Total,72.66
Filipina,PHL,2014,103767.1,Higiene (CTPS),Terbatas,Perdesaan,17.95
Filipina,PHL,2014,103767.1,Higiene (CTPS),Terbatas,Perkotaan,13.66
Filipina,PHL,2014,103767.1,Higiene (CTPS),Terbatas,Total,15.97
Filipina,PHL,2014,103767.1,Higiene (CTPS),Tanpa fasilitas,Perdesaan,15.84
Filipina,PHL,2014,103767.1,Higiene (CTPS),Tanpa fasilitas,Perkotaan,6.15
Filipina,PHL,2014,103767.1,Higiene (CTPS),Tanpa fasilitas,Total,11.37
Filipina,PHL,2015,105313.0,Higiene (CTPS),Dasar,Perdesaan,66.22
Filipina,PHL,2015,105313.0,Higiene (CTPS),Dasar,Perkotaan,80.18
Filipina,PHL,2015,105313.0,Higiene (CTPS),Dasar,Total,72.68
Filipina,PHL,2015,105313.0,Higiene (CTPS),Terbatas,Perdesaan,17.95
Filipina,PHL,2015,105313.0,Higiene (CTPS),Terbatas,Perkotaan,13.66
Filipina,PHL,2015,105313.0,Higiene (CTPS),Terbatas,Total,15.96
Filipina,PHL,2015,105313.0,Higiene (CTPS),Tanpa fasilitas,Perdesaan,15.84
Filipina,PHL,2015,105313.0,Higiene (CTPS),Tanpa fasilitas,Perkotaan,6.15
Filipina,PHL,2015,105313.0,Higiene (CTPS),Tanpa fasilitas,Total,11.35
Filipina,PHL,2016,106735.7,Higiene (CTPS),Dasar,Perdesaan,69.85
Filipina,PHL,2016,106735.7,Higiene (CTPS),Dasar,Perkotaan,81.89
Filipina,PHL,2016,106735.7,Higiene (CTPS),Dasar,Total,75.45
Filipina,PHL,2016,106735.7,Higiene (CTPS),Terbatas,Perdesaan,16.29
Filipina,PHL,2016,106735.7,Higiene (CTPS),Terbatas,Perkotaan,12.48
Filipina,PHL,2016,106735.7,Higiene (CTPS),Terbatas,Total,14.52
Filipina,PHL,2016,106735.7,Higiene (CTPS),Tanpa fasilitas,Perdesaan,13.86
Filipina,PHL,2016,106735.7,Higiene (CTPS),Tanpa fasilitas,Perkotaan,5.62
Filipina,PHL,2016,106735.7,Higiene (CTPS),Tanpa fasilitas,Total,10.03
Filipina,PHL,2017,108119.7,Higiene (CTPS),Dasar,Perdesaan,73.48
Filipina,PHL,2017,108119.7,Higiene (CTPS),Dasar,Perkotaan,83.61
Filipina,PHL,2017,108119.7,Higiene (CTPS),Dasar,Total,78.21
Filipina,PHL,2017,108119.7,Higiene (CTPS),Terbatas,Perdesaan,14.64
Filipina,PHL,2017,108119.7,Higiene (CTPS),Terbatas,Perkotaan,11.3
Filipina,PHL,2017,108119.7,Higiene (CTPS),Terbatas,Total,13.08
Filipina,PHL,2017,108119.7,Higiene (CTPS),Tanpa fasilitas,Perdesaan,11.88
Filipina,PHL,2017,108119.7,Higiene (CTPS),Tanpa fasilitas,Perkotaan,5.09
Filipina,PHL,2017,108119.7,Higiene (CTPS),Tanpa fasilitas,Total,8.71
Filipina,PHL,2018,109465.3,Higiene (CTPS),Dasar,Perdesaan,77.12
Filipina,PHL,2018,109465.3,Higiene (CTPS),Dasar,Perkotaan,85.32
Filipina,PHL,2018,109465.3,Higiene (CTPS),Dasar,Total,80.96
Filipina,PHL,2018,109465.3,Higiene (CTPS),Terbatas,Perdesaan,12.99
Filipina,PHL,2018,109465.3,Higiene (CTPS),Terbatas,Perkotaan,10.12
Filipina,PHL,2018,109465.3,Higiene (CTPS),Terbatas,Total,11.64
Filipina,PHL,2018,109465.3,Higiene (CTPS),Tanpa fasilitas,Perdesaan,9.9
Filipina,PHL,2018,109465.3,Higiene (CTPS),Tanpa fasilitas,Perkotaan,4.56
Filipina,PHL,2018,109465.3,Higiene (CTPS),Tanpa fasilitas,Total,7.39
Filipina,PHL,2019,110804.7,Higiene (CTPS),Dasar,Perdesaan,80.75
Filipina,PHL,2019,110804.7,Higiene (CTPS),Dasar,Perkotaan,87.03
Filipina,PHL,2019,110804.7,Higiene (CTPS),Dasar,Total,83.71
Filipina,PHL,2019,110804.7,Higiene (CTPS),Terbatas,Perdesaan,11.34
Filipina,PHL,2019,110804.7,Higiene (CTPS),Terbatas,Perkotaan,8.94
Filipina,PHL,2019,110804.7,Higiene (CTPS),Terbatas,Total,10.2
Filipina,PHL,2019,110804.7,Higiene (CTPS),Tanpa fasilitas,Perdesaan,7.92
Filipina,PHL,2019,110804.7,Higiene (CTPS),Tanpa fasilitas,Perkotaan,4.03
Filipina,PHL,2019,110804.7,Higiene (CTPS),Tanpa fasilitas,Total,6.09
Filipina,PHL,2020,112081.3,Higiene (CTPS),Dasar,Perdesaan,84.38
Filipina,PHL,2020,112081.3,Higiene (CTPS),Dasar,Perkotaan,88.74
Filipina,PHL,2020,112081.3,Higiene (CTPS),Dasar,Total,86.45
Filipina,PHL,2020,112081.3,Higiene (CTPS),Terbatas,Perdesaan,9.69
Filipina,PHL,2020,112081.3,Higiene (CTPS),Terbatas,Perkotaan,7.75
Filipina,PHL,2020,112081.3,Higiene (CTPS),Terbatas,Total,8.77
Filipina,PHL,2020,112081.3,Higiene (CTPS),Tanpa fasilitas,Perdesaan,5.94
Filipina,PHL,2020,112081.3,Higiene (CTPS),Tanpa fasilitas,Perkotaan,3.51
Filipina,PHL,2020,112081.3,Higiene (CTPS),Tanpa fasilitas,Total,4.78
Filipina,PHL,2021,113100.9,Higiene (CTPS),Dasar,Perdesaan,88.01
Filipina,PHL,2021,113100.9,Higiene (CTPS),Dasar,Perkotaan,90.45
Filipina,PHL,2021,113100.9,Higiene (CTPS),Dasar,Total,89.18
Filipina,PHL,2021,113100.9,Higiene (CTPS),Terbatas,Perdesaan,8.03
Filipina,PHL,2021,113100.9,Higiene (CTPS),Terbatas,Perkotaan,6.57
Filipina,PHL,2021,113100.9,Higiene (CTPS),Terbatas,Total,7.34
Filipina,PHL,2021,113100.9,Higiene (CTPS),Tanpa fasilitas,Perdesaan,3.96
Filipina,PHL,2021,113100.9,Higiene (CTPS),Tanpa fasilitas,Perkotaan,2.98
Filipina,PHL,2021,113100.9,Higiene (CTPS),Tanpa fasilitas,Total,3.49
Filipina,PHL,2022,113964.3,Higiene (CTPS),Dasar,Perdesaan,91.64
Filipina,PHL,2022,113964.3,Higiene (CTPS),Dasar,Perkotaan,92.16
Filipina,PHL,2022,113964.3,Higiene (CTPS),Dasar,Total,91.89
Filipina,PHL,2022,113964.3,Higiene (CTPS),Terbatas,Perdesaan,6.38
Filipina,PHL,2022,113964.3,Higiene (CTPS),Terbatas,Perkotaan,5.39
Filipina,PHL,2022,113964.3,Higiene (CTPS),Terbatas,Total,5.91
Filipina,PHL,2022,113964.3,Higiene (CTPS),Tanpa fasilitas,Perdesaan,1.97
Filipina,PHL,2022,113964.3,Higiene (CTPS),Tanpa fasilitas,Perkotaan,2.45
Filipina,PHL,2022,113964.3,Higiene (CTPS),Tanpa fasilitas,Total,2.2
Filipina,PHL,2023,114891.2,Higiene (CTPS),Dasar,Perdesaan,95.28
Filipina,PHL,2023,114891.2,Higiene (CTPS),Dasar,Perkotaan,93.88
Filipina,PHL,2023,114891.2,Higiene (CTPS),Dasar,Total,94.6
Filipina,PHL,2023,114891.2,Higiene (CTPS),Terbatas,Perdesaan,4.72
Filipina,PHL,2023,114891.2,Higiene (CTPS),Terbatas,Perkotaan,4.21
Filipina,PHL,2023,114891.2,Higiene (CTPS),Terbatas,Total,4.47
Filipina,PHL,2023,114891.2,Higiene (CTPS),Tanpa fasilitas,Perdesaan,0.0
Filipina,PHL,2023,114891.2,Higiene (CTPS),Tanpa fasilitas,Perkotaan,1.92
Filipina,PHL,2023,114891.2,Higiene (CTPS),Tanpa fasilitas,Total,0.93
Filipina,PHL,2024,115843.7,Higiene (CTPS),Dasar,Perdesaan,98.91
Filipina,PHL,2024,115843.7,Higiene (CTPS),Dasar,Perkotaan,95.59
Filipina,PHL,2024,115843.7,Higiene (CTPS),Dasar,Total,97.29
Filipina,PHL,2024,115843.7,Higiene (CTPS),Terbatas,Perdesaan,1.09
Filipina,PHL,2024,115843.7,Higiene (CTPS),Terbatas,Perkotaan,3.03
Filipina,PHL,2024,115843.7,Higiene (CTPS),Terbatas,Total,2.03
Filipina,PHL,2024,115843.7,Higiene (CTPS),Tanpa fasilitas,Perdesaan,0.0
Filipina,PHL,2024,115843.7,Higiene (CTPS),Tanpa fasilitas,Perkotaan,1.39
Filipina,PHL,2024,115843.7,Higiene (CTPS),Tanpa fasilitas,Total,0.67
Thailand,THA,2010,68579.4,Higiene (CTPS),Dasar,Perdesaan,77.76
Thailand,THA,2010,68579.4,Higiene (CTPS),Dasar,Perkotaan,81.18
Thailand,THA,2010,68579.4,Higiene (CTPS),Dasar,Total,79.26
Thailand,THA,2010,68579.4,Higiene (CTPS),Terbatas,Perdesaan,14.56
Thailand,THA,2010,68579.4,Higiene (CTPS),Terbatas,Perkotaan,8.29
Thailand,THA,2010,68579.4,Higiene (CTPS),Terbatas,Total,11.81
Thailand,THA,2010,68579.4,Higiene (CTPS),Tanpa fasilitas,Perdesaan,7.68
Thailand,THA,2010,68579.4,Higiene (CTPS),Tanpa fasilitas,Perkotaan,10.52
Thailand,THA,2010,68579.4,Higiene (CTPS),Tanpa fasilitas,Total,8.92
Thailand,THA,2011,69007.2,Higiene (CTPS),Dasar,Perdesaan,77.76
Thailand,THA,2011,69007.2,Higiene (CTPS),Dasar,Perkotaan,81.18
Thailand,THA,2011,69007.2,Higiene (CTPS),Dasar,Total,79.29
Thailand,THA,2011,69007.2,Higiene (CTPS),Terbatas,Perdesaan,14.56
Thailand,THA,2011,69007.2,Higiene (CTPS),Terbatas,Perkotaan,8.29
Thailand,THA,2011,69007.2,Higiene (CTPS),Terbatas,Total,11.76
Thailand,THA,2011,69007.2,Higiene (CTPS),Tanpa fasilitas,Perdesaan,7.68
Thailand,THA,2011,69007.2,Higiene (CTPS),Tanpa fasilitas,Perkotaan,10.52
Thailand,THA,2011,69007.2,Higiene (CTPS),Tanpa fasilitas,Total,8.95
Thailand,THA,2012,69436.1,Higiene (CTPS),Dasar,Perdesaan,77.76
Thailand,THA,2012,69436.1,Higiene (CTPS),Dasar,Perkotaan,81.18
Thailand,THA,2012,69436.1,Higiene (CTPS),Dasar,Total,79.32
Thailand,THA,2012,69436.1,Higiene (CTPS),Terbatas,Perdesaan,14.56
Thailand,THA,2012,69436.1,Higiene (CTPS),Terbatas,Perkotaan,8.29
Thailand,THA,2012,69436.1,Higiene (CTPS),Terbatas,Total,11.71
Thailand,THA,2012,69436.1,Higiene (CTPS),Tanpa fasilitas,Perdesaan,7.68
Thailand,THA,2012,69436.1,Higiene (CTPS),Tanpa fasilitas,Perkotaan,10.52
Thailand,THA,2012,69436.1,Higiene (CTPS),Tanpa fasilitas,Total,8.97
Thailand,THA,2013,69845.1,Higiene (CTPS),Dasar,Perdesaan,77.76
Thailand,THA,2013,69845.1,Higiene (CTPS),Dasar,Perkotaan,81.18
Thailand,THA,2013,69845.1,Higiene (CTPS),Dasar,Total,79.34
Thailand,THA,2013,69845.1,Higiene (CTPS),Terbatas,Perdesaan,14.56
Thailand,THA,2013,69845.1,Higiene (CTPS),Terbatas,Perkotaan,8.29
Thailand,THA,2013,69845.1,Higiene (CTPS),Terbatas,Total,11.66
Thailand,THA,2013,69845.1,Higiene (CTPS),Tanpa fasilitas,Perdesaan,7.68
Thailand,THA,2013,69845.1,Higiene (CTPS),Tanpa fasilitas,Perkotaan,10.52
Thailand,THA,2013,69845.1,Higiene (CTPS),Tanpa fasilitas,Total,8.99
Thailand,THA,2014,70216.4,Higiene (CTPS),Dasar,Perdesaan,77.76
Thailand,THA,2014,70216.4,Higiene (CTPS),Dasar,Perkotaan,81.18
Thailand,THA,2014,70216.4,Higiene (CTPS),Dasar,Total,79.37
Thailand,THA,2014,70216.4,Higiene (CTPS),Terbatas,Perdesaan,14.56
Thailand,THA,2014,70216.4,Higiene (CTPS),Terbatas,Perkotaan,8.29
Thailand,THA,2014,70216.4,Higiene (CTPS),Terbatas,Total,11.62
Thailand,THA,2014,70216.4,Higiene (CTPS),Tanpa fasilitas,Perdesaan,7.68
Thailand,THA,2014,70216.4,Higiene (CTPS),Tanpa fasilitas,Perkotaan,10.52
Thailand,THA,2014,70216.4,Higiene (CTPS),Tanpa fasilitas,Total,9.01
Thailand,THA,2015,70540.8,Higiene (CTPS),Dasar,Perdesaan,79.33
Thailand,THA,2015,70540.8,Higiene (CTPS),Dasar,Perkotaan,82.63
Thailand,THA,2015,70540.8,Higiene (CTPS),Dasar,Total,80.9
Thailand,THA,2015,70540.8,Higiene (CTPS),Terbatas,Perdesaan,13.59
Thailand,THA,2015,70540.8,Higiene (CTPS),Terbatas,Perkotaan,7.97
Thailand,THA,2015,70540.8,Higiene (CTPS),Terbatas,Total,10.91
Thailand,THA,2015,70540.8,Higiene (CTPS),Tanpa fasilitas,Perdesaan,7.08
Thailand,THA,2015,70540.8,Higiene (CTPS),Tanpa fasilitas,Perkotaan,9.4
Thailand,THA,2015,70540.8,Higiene (CTPS),Tanpa fasilitas,Total,8.19
Thailand,THA,2016,70859.8,Higiene (CTPS),Dasar,Perdesaan,80.89
Thailand,THA,2016,70859.8,Higiene (CTPS),Dasar,Perkotaan,84.08
Thailand,THA,2016,70859.8,Higiene (CTPS),Dasar,Total,82.44
Thailand,THA,2016,70859.8,Higiene (CTPS),Terbatas,Perdesaan,12.62
Thailand,THA,2016,70859.8,Higiene (CTPS),Terbatas,Perkotaan,7.65
Thailand,THA,2016,70859.8,Higiene (CTPS),Terbatas,Total,10.21
Thailand,THA,2016,70859.8,Higiene (CTPS),Tanpa fasilitas,Perdesaan,6.49
Thailand,THA,2016,70859.8,Higiene (CTPS),Tanpa fasilitas,Perkotaan,8.27
Thailand,THA,2016,70859.8,Higiene (CTPS),Tanpa fasilitas,Total,7.35
Thailand,THA,2017,71160.2,Higiene (CTPS),Dasar,Perdesaan,82.46
Thailand,THA,2017,71160.2,Higiene (CTPS),Dasar,Perkotaan,85.53
Thailand,THA,2017,71160.2,Higiene (CTPS),Dasar,Total,83.97
Thailand,THA,2017,71160.2,Higiene (CTPS),Terbatas,Perdesaan,11.65
Thailand,THA,2017,71160.2,Higiene (CTPS),Terbatas,Perkotaan,7.33
Thailand,THA,2017,71160.2,Higiene (CTPS),Terbatas,Total,9.52
Thailand,THA,2017,71160.2,Higiene (CTPS),Tanpa fasilitas,Perdesaan,5.9
Thailand,THA,2017,71160.2,Higiene (CTPS),Tanpa fasilitas,Perkotaan,7.15
Thailand,THA,2017,71160.2,Higiene (CTPS),Tanpa fasilitas,Total,6.51
Thailand,THA,2018,71376.1,Higiene (CTPS),Dasar,Perdesaan,84.02
Thailand,THA,2018,71376.1,Higiene (CTPS),Dasar,Perkotaan,86.98
Thailand,THA,2018,71376.1,Higiene (CTPS),Dasar,Total,85.5
Thailand,THA,2018,71376.1,Higiene (CTPS),Terbatas,Perdesaan,10.68
Thailand,THA,2018,71376.1,Higiene (CTPS),Terbatas,Perkotaan,7.0
Thailand,THA,2018,71376.1,Higiene (CTPS),Terbatas,Total,8.84
Thailand,THA,2018,71376.1,Higiene (CTPS),Tanpa fasilitas,Perdesaan,5.3
Thailand,THA,2018,71376.1,Higiene (CTPS),Tanpa fasilitas,Perkotaan,6.02
Thailand,THA,2018,71376.1,Higiene (CTPS),Tanpa fasilitas,Total,5.66
Thailand,THA,2019,71522.3,Higiene (CTPS),Dasar,Perdesaan,85.59
Thailand,THA,2019,71522.3,Higiene (CTPS),Dasar,Perkotaan,88.42
Thailand,THA,2019,71522.3,Higiene (CTPS),Dasar,Total,87.03
Thailand,THA,2019,71522.3,Higiene (CTPS),Terbatas,Perdesaan,9.7
Thailand,THA,2019,71522.3,Higiene (CTPS),Terbatas,Perkotaan,6.68
Thailand,THA,2019,71522.3,Higiene (CTPS),Terbatas,Total,8.17
Thailand,THA,2019,71522.3,Higiene (CTPS),Tanpa fasilitas,Perdesaan,4.71
Thailand,THA,2019,71522.3,Higiene (CTPS),Tanpa fasilitas,Perkotaan,4.9
Thailand,THA,2019,71522.3,Higiene (CTPS),Tanpa fasilitas,Total,4.8
Thailand,THA,2020,71641.5,Higiene (CTPS),Dasar,Perdesaan,87.15
Thailand,THA,2020,71641.5,Higiene (CTPS),Dasar,Perkotaan,89.87
Thailand,THA,2020,71641.5,Higiene (CTPS),Dasar,Total,88.55
Thailand,THA,2020,71641.5,Higiene (CTPS),Terbatas,Perdesaan,8.73
Thailand,THA,2020,71641.5,Higiene (CTPS),Terbatas,Perkotaan,6.36
Thailand,THA,2020,71641.5,Higiene (CTPS),Terbatas,Total,7.51
Thailand,THA,2020,71641.5,Higiene (CTPS),Tanpa fasilitas,Perdesaan,4.11
Thailand,THA,2020,71641.5,Higiene (CTPS),Tanpa fasilitas,Perkotaan,3.77
Thailand,THA,2020,71641.5,Higiene (CTPS),Tanpa fasilitas,Total,3.94
Thailand,THA,2021,71727.3,Higiene (CTPS),Dasar,Perdesaan,88.72
Thailand,THA,2021,71727.3,Higiene (CTPS),Dasar,Perkotaan,91.32
Thailand,THA,2021,71727.3,Higiene (CTPS),Dasar,Total,90.07
Thailand,THA,2021,71727.3,Higiene (CTPS),Terbatas,Perdesaan,7.76
Thailand,THA,2021,71727.3,Higiene (CTPS),Terbatas,Perkotaan,6.04
Thailand,THA,2021,71727.3,Higiene (CTPS),Terbatas,Total,6.86
Thailand,THA,2021,71727.3,Higiene (CTPS),Tanpa fasilitas,Perdesaan,3.52
Thailand,THA,2021,71727.3,Higiene (CTPS),Tanpa fasilitas,Perkotaan,2.65
Thailand,THA,2021,71727.3,Higiene (CTPS),Tanpa fasilitas,Total,3.06
Thailand,THA,2022,71735.3,Higiene (CTPS),Dasar,Perdesaan,90.28
Thailand,THA,2022,71735.3,Higiene (CTPS),Dasar,Perkotaan,92.77
Thailand,THA,2022,71735.3,Higiene (CTPS),Dasar,Total,91.6
Thailand,THA,2022,71735.3,Higiene (CTPS),Terbatas,Perdesaan,6.79
Thailand,THA,2022,71735.3,Higiene (CTPS),Terbatas,Perkotaan,5.71
Thailand,THA,2022,71735.3,Higiene (CTPS),Terbatas,Total,6.22
Thailand,THA,2022,71735.3,Higiene (CTPS),Tanpa fasilitas,Perdesaan,2.92
Thailand,THA,2022,71735.3,Higiene (CTPS),Tanpa fasilitas,Perkotaan,1.52
Thailand,THA,2022,71735.3,Higiene (CTPS),Tanpa fasilitas,Total,2.18
Thailand,THA,2023,71702.4,Higiene (CTPS),Dasar,Perdesaan,91.85
Thailand,THA,2023,71702.4,Higiene (CTPS),Dasar,Perkotaan,94.21
Thailand,THA,2023,71702.4,Higiene (CTPS),Dasar,Total,93.12
Thailand,THA,2023,71702.4,Higiene (CTPS),Terbatas,Perdesaan,5.82
Thailand,THA,2023,71702.4,Higiene (CTPS),Terbatas,Perkotaan,5.39
Thailand,THA,2023,71702.4,Higiene (CTPS),Terbatas,Total,5.59
Thailand,THA,2023,71702.4,Higiene (CTPS),Tanpa fasilitas,Perdesaan,2.33
Thailand,THA,2023,71702.4,Higiene (CTPS),Tanpa fasilitas,Perkotaan,0.4
Thailand,THA,2023,71702.4,Higiene (CTPS),Tanpa fasilitas,Total,1.29
Thailand,THA,2024,71668.0,Higiene (CTPS),Dasar,Perdesaan,93.41
Thailand,THA,2024,71668.0,Higiene (CTPS),Dasar,Perkotaan,95.66
Thailand,THA,2024,71668.0,Higiene (CTPS),Dasar,Total,94.63
Thailand,THA,2024,71668.0,Higiene (CTPS),Terbatas,Perdesaan,4.85
Thailand,THA,2024,71668.0,Higiene (CTPS),Terbatas,Perkotaan,4.34
Thailand,THA,2024,71668.0,Higiene (CTPS),Terbatas,Total,4.57
Thailand,THA,2024,71668.0,Higiene (CTPS),Tanpa fasilitas,Perdesaan,1.74
Thailand,THA,2024,71668.0,Higiene (CTPS),Tanpa fasilitas,Perkotaan,0.0
Thailand,THA,2024,71668.0,Higiene (CTPS),Tanpa fasilitas,Total,0.79
Vietnam,VNM,2005,81088.3,Higiene (CTPS),Dasar,Perdesaan,81.51
Vietnam,VNM,2005,81088.3,Higiene (CTPS),Dasar,Perkotaan,91.79
Vietnam,VNM,2005,81088.3,Higiene (CTPS),Dasar,Total,84.32
Vietnam,VNM,2005,81088.3,Higiene (CTPS),Terbatas,Perdesaan,16.74
Vietnam,VNM,2005,81088.3,Higiene (CTPS),Terbatas,Perkotaan,7.21
Vietnam,VNM,2005,81088.3,Higiene (CTPS),Terbatas,Total,14.14
Vietnam,VNM,2005,81088.3,Higiene (CTPS),Tanpa fasilitas,Perdesaan,1.74
Vietnam,VNM,2005,81088.3,Higiene (CTPS),Tanpa fasilitas,Perkotaan,1.0
Vietnam,VNM,2005,81088.3,Higiene (CTPS),Tanpa fasilitas,Total,1.54
Vietnam,VNM,2006,82167.9,Higiene (CTPS),Dasar,Perdesaan,81.51
Vietnam,VNM,2006,82167.9,Higiene (CTPS),Dasar,Perkotaan,91.79
Vietnam,VNM,2006,82167.9,Higiene (CTPS),Dasar,Total,84.38
Vietnam,VNM,2006,82167.9,Higiene (CTPS),Terbatas,Perdesaan,16.74
Vietnam,VNM,2006,82167.9,Higiene (CTPS),Terbatas,Perkotaan,7.21
Vietnam,VNM,2006,82167.9,Higiene (CTPS),Terbatas,Total,14.08
Vietnam,VNM,2006,82167.9,Higiene (CTPS),Tanpa fasilitas,Perdesaan,1.74
Vietnam,VNM,2006,82167.9,Higiene (CTPS),Tanpa fasilitas,Perkotaan,1.0
Vietnam,VNM,2006,82167.9,Higiene (CTPS),Tanpa fasilitas,Total,1.54
Vietnam,VNM,2007,83633.4,Higiene (CTPS),Dasar,Perdesaan,81.51
Vietnam,VNM,2007,83633.4,Higiene (CTPS),Dasar,Perkotaan,91.79
Vietnam,VNM,2007,83633.4,Higiene (CTPS),Dasar,Total,84.44
Vietnam,VNM,2007,83633.4,Higiene (CTPS),Terbatas,Perdesaan,16.74
Vietnam,VNM,2007,83633.4,Higiene (CTPS),Terbatas,Perkotaan,7.21
Vietnam,VNM,2007,83633.4,Higiene (CTPS),Terbatas,Total,14.03
Vietnam,VNM,2007,83633.4,Higiene (CTPS),Tanpa fasilitas,Perdesaan,1.74
Vietnam,VNM,2007,83633.4,Higiene (CTPS),Tanpa fasilitas,Perkotaan,1.0
Vietnam,VNM,2007,83633.4,Higiene (CTPS),Tanpa fasilitas,Total,1.53
Vietnam,VNM,2008,85175.8,Higiene (CTPS),Dasar,Perdesaan,81.51
Vietnam,VNM,2008,85175.8,Higiene (CTPS),Dasar,Perkotaan,91.79
Vietnam,VNM,2008,85175.8,Higiene (CTPS),Dasar,Total,84.51
Vietnam,VNM,2008,85175.8,Higiene (CTPS),Terbatas,Perdesaan,16.74
Vietnam,VNM,2008,85175.8,Higiene (CTPS),Terbatas,Perkotaan,7.21
Vietnam,VNM,2008,85175.8,Higiene (CTPS),Terbatas,Total,13.97
Vietnam,VNM,2008,85175.8,Higiene (CTPS),Tanpa fasilitas,Perdesaan,1.74
Vietnam,VNM,2008,85175.8,Higiene (CTPS),Tanpa fasilitas,Perkotaan,1.0
Vietnam,VNM,2008,85175.8,Higiene (CTPS),Tanpa fasilitas,Total,1.53
Vietnam,VNM,2009,86460.0,Higiene (CTPS),Dasar,Perdesaan,81.51
Vietnam,VNM,2009,86460.0,Higiene (CTPS),Dasar,Perkotaan,91.79
Vietnam,VNM,2009,86460.0,Higiene (CTPS),Dasar,Total,84.57
Vietnam,VNM,2009,86460.0,Higiene (CTPS),Terbatas,Perdesaan,16.74
Vietnam,VNM,2009,86460.0,Higiene (CTPS),Terbatas,Perkotaan,7.21
Vietnam,VNM,2009,86460.0,Higiene (CTPS),Terbatas,Total,13.91
Vietnam,VNM,2009,86460.0,Higiene (CTPS),Tanpa fasilitas,Perdesaan,1.74
Vietnam,VNM,2009,86460.0,Higiene (CTPS),Tanpa fasilitas,Perkotaan,1.0
Vietnam,VNM,2009,86460.0,Higiene (CTPS),Tanpa fasilitas,Total,1.52
Vietnam,VNM,2010,87455.2,Higiene (CTPS),Dasar,Perdesaan,81.75
Vietnam,VNM,2010,87455.2,Higiene (CTPS),Dasar,Perkotaan,92.05
Vietnam,VNM,2010,87455.2,Higiene (CTPS),Dasar,Total,84.88
Vietnam,VNM,2010,87455.2,Higiene (CTPS),Terbatas,Perdesaan,16.46
Vietnam,VNM,2010,87455.2,Higiene (CTPS),Terbatas,Perkotaan,6.96
Vietnam,VNM,2010,87455.2,Higiene (CTPS),Terbatas,Total,13.57
Vietnam,VNM,2010,87455.2,Higiene (CTPS),Tanpa fasilitas,Perdesaan,1.79
Vietnam,VNM,2010,87455.2,Higiene (CTPS),Tanpa fasilitas,Perkotaan,0.99
Vietnam,VNM,2010,87455.2,Higiene (CTPS),Tanpa fasilitas,Total,1.54
Vietnam,VNM,2011,88468.3,Higiene (CTPS),Dasar,Perdesaan,81.99
Vietnam,VNM,2011,88468.3,Higiene (CTPS),Dasar,Perkotaan,92.31
Vietnam,VNM,2011,88468.3,Higiene (CTPS),Dasar,Total,85.2
Vietnam,VNM,2011,88468.3,Higiene (CTPS),Terbatas,Perdesaan,16.18
Vietnam,VNM,2011,88468.3,Higiene (CTPS),Terbatas,Perkotaan,6.71
Vietnam,VNM,2011,88468.3,Higiene (CTPS),Terbatas,Total,13.24
Vietnam,VNM,2011,88468.3,Higiene (CTPS),Tanpa fasilitas,Perdesaan,1.83
Vietnam,VNM,2011,88468.3,Higiene (CTPS),Tanpa fasilitas,Perkotaan,0.98
Vietnam,VNM,2011,88468.3,Higiene (CTPS),Tanpa fasilitas,Total,1.57
Vietnam,VNM,2012,89510.4,Higiene (CTPS),Dasar,Perdesaan,82.23
Vietnam,VNM,2012,89510.4,Higiene (CTPS),Dasar,Perkotaan,92.57
Vietnam,VNM,2012,89510.4,Higiene (CTPS),Dasar,Total,85.51
Vietnam,VNM,2012,89510.4,Higiene (CTPS),Terbatas,Perdesaan,15.9
Vietnam,VNM,2012,89510.4,Higiene (CTPS),Terbatas,Perkotaan,6.47
Vietnam,VNM,2012,89510.4,Higiene (CTPS),Terbatas,Total,12.9
Vietnam,VNM,2012,89510.4,Higiene (CTPS),Tanpa fasilitas,Perdesaan,1.87
Vietnam,VNM,2012,89510.4,Higiene (CTPS),Tanpa fasilitas,Perkotaan,0.96
Vietnam,VNM,2012,89510.4,Higiene (CTPS),Tanpa fasilitas,Total,1.58
Vietnam,VNM,2013,90573.1,Higiene (CTPS),Dasar,Perdesaan,82.47
Vietnam,VNM,2013,90573.1,Higiene (CTPS),Dasar,Perkotaan,92.83
Vietnam,VNM,2013,90573.1,Higiene (CTPS),Dasar,Total,85.83
Vietnam,VNM,2013,90573.1,Higiene (CTPS),Terbatas,Perdesaan,15.61
Vietnam,VNM,2013,90573.1,Higiene (CTPS),Terbatas,Perkotaan,6.22
Vietnam,VNM,2013,90573.1,Higiene (CTPS),Terbatas,Total,12.57
Vietnam,VNM,2013,90573.1,Higiene (CTPS),Tanpa fasilitas,Perdesaan,1.92
Vietnam,VNM,2013,90573.1,Higiene (CTPS),Tanpa fasilitas,Perkotaan,0.95
Vietnam,VNM,2013,90573.1,Higiene (CTPS),Tanpa fasilitas,Total,1.6
Vietnam,VNM,2014,91679.6,Higiene (CTPS),Dasar,Perdesaan,82.71
Vietnam,VNM,2014,91679.6,Higiene (CTPS),Dasar,Perkotaan,93.09
Vietnam,VNM,2014,91679.6,Higiene (CTPS),Dasar,Total,86.15
Vietnam,VNM,2014,91679.6,Higiene (CTPS),Terbatas,Perdesaan,15.33
Vietnam,VNM,2014,91679.6,Higiene (CTPS),Terbatas,Perkotaan,5.97
Vietnam,VNM,2014,91679.6,Higiene (CTPS),Terbatas,Total,12.23
Vietnam,VNM,2014,91679.6,Higiene (CTPS),Tanpa fasilitas,Perdesaan,1.96
Vietnam,VNM,2014,91679.6,Higiene (CTPS),Tanpa fasilitas,Perkotaan,0.94
Vietnam,VNM,2014,91679.6,Higiene (CTPS),Tanpa fasilitas,Total,1.62
Vietnam,VNM,2015,92823.3,Higiene (CTPS),Dasar,Perdesaan,82.95
Vietnam,VNM,2015,92823.3,Higiene (CTPS),Dasar,Perkotaan,93.35
Vietnam,VNM,2015,92823.3,Higiene (CTPS),Dasar,Total,86.47
Vietnam,VNM,2015,92823.3,Higiene (CTPS),Terbatas,Perdesaan,15.05
Vietnam,VNM,2015,92823.3,Higiene (CTPS),Terbatas,Perkotaan,5.72
Vietnam,VNM,2015,92823.3,Higiene (CTPS),Terbatas,Total,11.9
Vietnam,VNM,2015,92823.3,Higiene (CTPS),Tanpa fasilitas,Perdesaan,2.0
Vietnam,VNM,2015,92823.3,Higiene (CTPS),Tanpa fasilitas,Perkotaan,0.93
Vietnam,VNM,2015,92823.3,Higiene (CTPS),Tanpa fasilitas,Total,1.64
Vietnam,VNM,2016,94000.1,Higiene (CTPS),Dasar,Perdesaan,83.19
Vietnam,VNM,2016,94000.1,Higiene (CTPS),Dasar,Perkotaan,93.61
Vietnam,VNM,2016,94000.1,Higiene (CTPS),Dasar,Total,86.78
Vietnam,VNM,2016,94000.1,Higiene (CTPS),Terbatas,Perdesaan,14.77
Vietnam,VNM,2016,94000.1,Higiene (CTPS),Terbatas,Perkotaan,5.48
Vietnam,VNM,2016,94000.1,Higiene (CTPS),Terbatas,Total,11.56
Vietnam,VNM,2016,94000.1,Higiene (CTPS),Tanpa fasilitas,Perdesaan,2.05
Vietnam,VNM,2016,94000.1,Higiene (CTPS),Tanpa fasilitas,Perkotaan,0.91
Vietnam,VNM,2016,94000.1,Higiene (CTPS),Tanpa fasilitas,Total,1.66
Vietnam,VNM,2017,95177.0,Higiene (CTPS),Dasar,Perdesaan,83.43
Vietnam,VNM,2017,95177.0,Higiene (CTPS),Dasar,Perkotaan,93.87
Vietnam,VNM,2017,95177.0,Higiene (CTPS),Dasar,Total,87.1
Vietnam,VNM,2017,95177.0,Higiene (CTPS),Terbatas,Perdesaan,14.48
Vietnam,VNM,2017,95177.0,Higiene (CTPS),Terbatas,Perkotaan,5.23
Vietnam,VNM,2017,95177.0,Higiene (CTPS),Terbatas,Total,11.23
Vietnam,VNM,2017,95177.0,Higiene (CTPS),Tanpa fasilitas,Perdesaan,2.09
Vietnam,VNM,2017,95177.0,Higiene (CTPS),Tanpa fasilitas,Perkotaan,0.9
Vietnam,VNM,2017,95177.0,Higiene (CTPS),Tanpa fasilitas,Total,1.67
Vietnam,VNM,2018,96237.3,Higiene (CTPS),Dasar,Perdesaan,83.67
Vietnam,VNM,2018,96237.3,Higiene (CTPS),Dasar,Perkotaan,94.13
Vietnam,VNM,2018,96237.3,Higiene (CTPS),Dasar,Total,87.42
Vietnam,VNM,2018,96237.3,Higiene (CTPS),Terbatas,Perdesaan,14.2
Vietnam,VNM,2018,96237.3,Higiene (CTPS),Terbatas,Perkotaan,4.98
Vietnam,VNM,2018,96237.3,Higiene (CTPS),Terbatas,Total,10.89
Vietnam,VNM,2018,96237.3,Higiene (CTPS),Tanpa fasilitas,Perdesaan,2.13
Vietnam,VNM,2018,96237.3,Higiene (CTPS),Tanpa fasilitas,Perkotaan,0.89
Vietnam,VNM,2018,96237.3,Higiene (CTPS),Tanpa fasilitas,Total,1.69
Vietnam,VNM,2019,97173.8,Higiene (CTPS),Dasar,Perdesaan,83.91
Vietnam,VNM,2019,97173.8,Higiene (CTPS),Dasar,Perkotaan,94.39
Vietnam,VNM,2019,97173.8,Higiene (CTPS),Dasar,Total,87.75
Vietnam,VNM,2019,97173.8,Higiene (CTPS),Terbatas,Perdesaan,13.92
Vietnam,VNM,2019,97173.8,Higiene (CTPS),Terbatas,Perkotaan,4.74
Vietnam,VNM,2019,97173.8,Higiene (CTPS),Terbatas,Total,10.56
Vietnam,VNM,2019,97173.8,Higiene (CTPS),Tanpa fasilitas,Perdesaan,2.17
Vietnam,VNM,2019,97173.8,Higiene (CTPS),Tanpa fasilitas,Perkotaan,0.88
Vietnam,VNM,2019,97173.8,Higiene (CTPS),Tanpa fasilitas,Total,1.7
Vietnam,VNM,2020,98079.2,Higiene (CTPS),Dasar,Perdesaan,84.15
Vietnam,VNM,2020,98079.2,Higiene (CTPS),Dasar,Perkotaan,94.65
Vietnam,VNM,2020,98079.2,Higiene (CTPS),Dasar,Total,88.07
Vietnam,VNM,2020,98079.2,Higiene (CTPS),Terbatas,Perdesaan,13.64
Vietnam,VNM,2020,98079.2,Higiene (CTPS),Terbatas,Perkotaan,4.49
Vietnam,VNM,2020,98079.2,Higiene (CTPS),Terbatas,Total,10.22
Vietnam,VNM,2020,98079.2,Higiene (CTPS),Tanpa fasilitas,Perdesaan,2.22
Vietnam,VNM,2020,98079.2,Higiene (CTPS),Tanpa fasilitas,Perkotaan,0.86
Vietnam,VNM,2020,98079.2,Higiene (CTPS),Tanpa fasilitas,Total,1.71
Vietnam,VNM,2021,98935.1,Higiene (CTPS),Dasar,Perdesaan,84.39
Vietnam,VNM,2021,98935.1,Higiene (CTPS),Dasar,Perkotaan,94.91
Vietnam,VNM,2021,98935.1,Higiene (CTPS),Dasar,Total,88.39
Vietnam,VNM,2021,98935.1,Higiene (CTPS),Terbatas,Perdesaan,13.35
Vietnam,VNM,2021,98935.1,Higiene (CTPS),Terbatas,Perkotaan,4.24
Vietnam,VNM,2021,98935.1,Higiene (CTPS),Terbatas,Total,9.89
Vietnam,VNM,2021,98935.1,Higiene (CTPS),Tanpa fasilitas,Perdesaan,2.26
Vietnam,VNM,2021,98935.1,Higiene (CTPS),Tanpa fasilitas,Perkotaan,0.85
Vietnam,VNM,2021,98935.1,Higiene (CTPS),Tanpa fasilitas,Total,1.72
Vietnam,VNM,2022,99680.7,Higiene (CTPS),Dasar,Perdesaan,84.62
Vietnam,VNM,2022,99680.7,Higiene (CTPS),Dasar,Perkotaan,95.17
Vietnam,VNM,2022,99680.7,Higiene (CTPS),Dasar,Total,88.71
Vietnam,VNM,2022,99680.7,Higiene (CTPS),Terbatas,Perdesaan,13.07
Vietnam,VNM,2022,99680.7,Higiene (CTPS),Terbatas,Perkotaan,3.99
Vietnam,VNM,2022,99680.7,Higiene (CTPS),Terbatas,Total,9.55
Vietnam,VNM,2022,99680.7,Higiene (CTPS),Tanpa fasilitas,Perdesaan,2.3
Vietnam,VNM,2022,99680.7,Higiene (CTPS),Tanpa fasilitas,Perkotaan,0.84
Vietnam,VNM,2022,99680.7,Higiene (CTPS),Tanpa fasilitas,Total,1.74
Vietnam,VNM,2023,100352.2,Higiene (CTPS),Dasar,Perdesaan,84.86
Vietnam,VNM,2023,100352.2,Higiene (CTPS),Dasar,Perkotaan,95.43
Vietnam,VNM,2023,100352.2,Higiene (CTPS),Dasar,Total,89.03
Vietnam,VNM,2023,100352.2,Higiene (CTPS),Terbatas,Perdesaan,12.79
Vietnam,VNM,2023,100352.2,Higiene (CTPS),Terbatas,Perkotaan,3.75
Vietnam,VNM,2023,100352.2,Higiene (CTPS),Terbatas,Total,9.22
Vietnam,VNM,2023,100352.2,Higiene (CTPS),Tanpa fasilitas,Perdesaan,2.35
Vietnam,VNM,2023,100352.2,Higiene (CTPS),Tanpa fasilitas,Perkotaan,0.83
Vietnam,VNM,2023,100352.2,Higiene (CTPS),Tanpa fasilitas,Total,1.75
Vietnam,VNM,2024,100987.7,Higiene (CTPS),Dasar,Perdesaan,84.86
Vietnam,VNM,2024,100987.7,Higiene (CTPS),Dasar,Perkotaan,95.43
Vietnam,VNM,2024,100987.7,Higiene (CTPS),Dasar,Total,89.11
Vietnam,VNM,2024,100987.7,Higiene (CTPS),Terbatas,Perdesaan,12.79
Vietnam,VNM,2024,100987.7,Higiene (CTPS),Terbatas,Perkotaan,3.75
Vietnam,VNM,2024,100987.7,Higiene (CTPS),Terbatas,Total,9.15
Vietnam,VNM,2024,100987.7,Higiene (CTPS),Tanpa fasilitas,Perdesaan,2.35
Vietnam,VNM,2024,100987.7,Higiene (CTPS),Tanpa fasilitas,Perkotaan,0.83
Vietnam,VNM,2024,100987.7,Higiene (CTPS),Tanpa fasilitas,Total,1.74
