negara,iso3,tahun,layanan,tingkat,lingkup,persen
Kamboja,KHM,2003,Air minum,Tanpa layanan,Nasional,15.93
Kamboja,KHM,2003,Air minum,Tanpa layanan,Rumah sakit,12.78
Kamboja,KHM,2003,Air minum,Tanpa layanan,Non-rumah sakit,20.84
Kamboja,KHM,2004,Air minum,Tanpa layanan,Nasional,15.93
Kamboja,KHM,2004,Air minum,Tanpa layanan,Rumah sakit,12.78
Kamboja,KHM,2004,Air minum,Tanpa layanan,Non-rumah sakit,20.84
Kamboja,KHM,2005,Air minum,Tanpa layanan,Nasional,15.93
Kamboja,KHM,2005,Air minum,Tanpa layanan,Rumah sakit,12.78
Kamboja,KHM,2005,Air minum,Tanpa layanan,Non-rumah sakit,20.84
Kamboja,KHM,2006,Air minum,Tanpa layanan,Nasional,15.93
Kamboja,KHM,2006,Air minum,Tanpa layanan,Rumah sakit,12.78
Kamboja,KHM,2006,Air minum,Tanpa layanan,Non-rumah sakit,20.84
Kamboja,KHM,2007,Air minum,Tanpa layanan,Nasional,15.93
Kamboja,KHM,2007,Air minum,Tanpa layanan,Rumah sakit,12.78
Kamboja,KHM,2007,Air minum,Tanpa layanan,Non-rumah sakit,20.84
Kamboja,KHM,2008,Air minum,Tanpa layanan,Nasional,15.09
Kamboja,KHM,2008,Air minum,Tanpa layanan,Rumah sakit,11.98
Kamboja,KHM,2008,Air minum,Tanpa layanan,Non-rumah sakit,19.69
Kamboja,KHM,2009,Air minum,Tanpa layanan,Nasional,14.25
Kamboja,KHM,2009,Air minum,Tanpa layanan,Rumah sakit,11.18
Kamboja,KHM,2009,Air minum,Tanpa layanan,Non-rumah sakit,18.54
Kamboja,KHM,2010,Air minum,Tanpa layanan,Nasional,13.42
Kamboja,KHM,2010,Air minum,Tanpa layanan,Rumah sakit,10.39
Kamboja,KHM,2010,Air minum,Tanpa layanan,Non-rumah sakit,17.39
Kamboja,KHM,2011,Air minum,Tanpa layanan,Nasional,12.58
Kamboja,KHM,2011,Air minum,Tanpa layanan,Rumah sakit,9.59
Kamboja,KHM,2011,Air minum,Tanpa layanan,Non-rumah sakit,16.24
Kamboja,KHM,2012,Air minum,Tanpa layanan,Nasional,11.74
Kamboja,KHM,2012,Air minum,Tanpa layanan,Rumah sakit,8.79
Kamboja,KHM,2012,Air minum,Tanpa layanan,Non-rumah sakit,15.1
Kamboja,KHM,2013,Air minum,Tanpa layanan,Nasional,10.9
Kamboja,KHM,2013,Air minum,Tanpa layanan,Rumah sakit,7.99
Kamboja,KHM,2013,Air minum,Tanpa layanan,Non-rumah sakit,13.95
Kamboja,KHM,2014,Air minum,Tanpa layanan,Nasional,10.06
Kamboja,KHM,2014,Air minum,Tanpa layanan,Rumah sakit,7.2
Kamboja,KHM,2014,Air minum,Tanpa layanan,Non-rumah sakit,12.8
Kamboja,KHM,2015,Air minum,Tanpa layanan,Nasional,9.22
Kamboja,KHM,2015,Air minum,Tanpa layanan,Rumah sakit,6.4
Kamboja,KHM,2015,Air minum,Tanpa layanan,Non-rumah sakit,11.65
Kamboja,KHM,2016,Air minum,Tanpa layanan,Nasional,8.38
Kamboja,KHM,2016,Air minum,Tanpa layanan,Rumah sakit,5.6
Kamboja,KHM,2016,Air minum,Tanpa layanan,Non-rumah sakit,10.5
Kamboja,KHM,2017,Air minum,Tanpa layanan,Nasional,7.55
Kamboja,KHM,2017,Air minum,Tanpa layanan,Rumah sakit,4.8
Kamboja,KHM,2017,Air minum,Tanpa layanan,Non-rumah sakit,9.35
Kamboja,KHM,2018,Air minum,Tanpa layanan,Nasional,6.71
Kamboja,KHM,2018,Air minum,Tanpa layanan,Rumah sakit,4.01
Kamboja,KHM,2018,Air minum,Tanpa layanan,Non-rumah sakit,8.21
Kamboja,KHM,2019,Air minum,Tanpa layanan,Nasional,5.87
Kamboja,KHM,2019,Air minum,Tanpa layanan,Rumah sakit,3.21
Kamboja,KHM,2019,Air minum,Tanpa layanan,Non-rumah sakit,7.06
Kamboja,KHM,2020,Air minum,Dasar,Nasional,94.97
Kamboja,KHM,2020,Air minum,Dasar,Perkotaan,97.5
Kamboja,KHM,2020,Air minum,Dasar,Perdesaan,95.5
Kamboja,KHM,2020,Air minum,Dasar,Non-rumah sakit,94.09
Kamboja,KHM,2020,Air minum,Terbatas,Nasional,0.0
Kamboja,KHM,2020,Air minum,Terbatas,Perkotaan,1.25
Kamboja,KHM,2020,Air minum,Terbatas,Perdesaan,0.9
Kamboja,KHM,2020,Air minum,Terbatas,Non-rumah sakit,0.0
Kamboja,KHM,2020,Air minum,Tanpa layanan,Nasional,5.03
Kamboja,KHM,2020,Air minum,Tanpa layanan,Perkotaan,1.25
Kamboja,KHM,2020,Air minum,Tanpa layanan,Perdesaan,3.6
Kamboja,KHM,2020,Air minum,Tanpa layanan,Rumah sakit,2.41
Kamboja,KHM,2020,Air minum,Tanpa layanan,Non-rumah sakit,5.91
Kamboja,KHM,2021,Air minum,Dasar,Nasional,95.81
Kamboja,KHM,2021,Air minum,Dasar,Perkotaan,97.5
Kamboja,KHM,2021,Air minum,Dasar,Perdesaan,95.5
Kamboja,KHM,2021,Air minum,Dasar,Non-rumah sakit,95.24
Kamboja,KHM,2021,Air minum,Terbatas,Nasional,0.0
Kamboja,KHM,2021,Air minum,Terbatas,Perkotaan,1.25
Kamboja,KHM,2021,Air minum,Terbatas,Perdesaan,0.9
Kamboja,KHM,2021,Air minum,Terbatas,Non-rumah sakit,0.0
Kamboja,KHM,2021,Air minum,Tanpa layanan,Nasional,4.19
Kamboja,KHM,2021,Air minum,Tanpa layanan,Perkotaan,1.25
Kamboja,KHM,2021,Air minum,Tanpa layanan,Perdesaan,3.6
Kamboja,KHM,2021,Air minum,Tanpa layanan,Rumah sakit,1.61
Kamboja,KHM,2021,Air minum,Tanpa layanan,Non-rumah sakit,4.76
Kamboja,KHM,2022,Air minum,Dasar,Nasional,96.03
Kamboja,KHM,2022,Air minum,Dasar,Perkotaan,97.5
Kamboja,KHM,2022,Air minum,Dasar,Perdesaan,95.5
Kamboja,KHM,2022,Air minum,Dasar,Non-rumah sakit,96.3
Kamboja,KHM,2022,Air minum,Terbatas,Nasional,0.62
Kamboja,KHM,2022,Air minum,Terbatas,Perkotaan,1.25
Kamboja,KHM,2022,Air minum,Terbatas,Perdesaan,0.9
Kamboja,KHM,2022,Air minum,Terbatas,Non-rumah sakit,0.09
Kamboja,KHM,2022,Air minum,Tanpa layanan,Nasional,3.35
Kamboja,KHM,2022,Air minum,Tanpa layanan,Perkotaan,1.25
Kamboja,KHM,2022,Air minum,Tanpa layanan,Perdesaan,3.6
Kamboja,KHM,2022,Air minum,Tanpa layanan,Rumah sakit,0.81
Kamboja,KHM,2022,Air minum,Tanpa layanan,Non-rumah sakit,3.61
Kamboja,KHM,2023,Air minum,Dasar,Nasional,96.03
Kamboja,KHM,2023,Air minum,Dasar,Perkotaan,97.5
Kamboja,KHM,2023,Air minum,Dasar,Perdesaan,95.5
Kamboja,KHM,2023,Air minum,Dasar,Non-rumah sakit,96.3
Kamboja,KHM,2023,Air minum,Terbatas,Nasional,1.46
Kamboja,KHM,2023,Air minum,Terbatas,Perkotaan,1.25
Kamboja,KHM,2023,Air minum,Terbatas,Perdesaan,0.9
Kamboja,KHM,2023,Air minum,Terbatas,Non-rumah sakit,1.24
Kamboja,KHM,2023,Air minum,Tanpa layanan,Nasional,2.51
Kamboja,KHM,2023,Air minum,Tanpa layanan,Perkotaan,1.25
Kamboja,KHM,2023,Air minum,Tanpa layanan,Perdesaan,3.6
Kamboja,KHM,2023,Air minum,Tanpa layanan,Rumah sakit,0.81
Kamboja,KHM,2023,Air minum,Tanpa layanan,Non-rumah sakit,2.46
Indonesia,IDN,2000,Air minum,Tanpa layanan,Nasional,8.25
Indonesia,IDN,2000,Air minum,Tanpa layanan,Perkotaan,2.67
Indonesia,IDN,2000,Air minum,Tanpa layanan,Perdesaan,15.74
Indonesia,IDN,2000,Air minum,Tanpa layanan,Non-rumah sakit,8.25
Indonesia,IDN,2001,Air minum,Tanpa layanan,Nasional,8.56
Indonesia,IDN,2001,Air minum,Tanpa layanan,Perkotaan,2.61
Indonesia,IDN,2001,Air minum,Tanpa layanan,Perdesaan,15.12
Indonesia,IDN,2001,Air minum,Tanpa layanan,Non-rumah sakit,8.56
Indonesia,IDN,2002,Air minum,Tanpa layanan,Nasional,8.88
Indonesia,IDN,2002,Air minum,Tanpa layanan,Perkotaan,2.54
Indonesia,IDN,2002,Air minum,Tanpa layanan,Perdesaan,14.5
Indonesia,IDN,2002,Air minum,Tanpa layanan,Non-rumah sakit,8.88
Indonesia,IDN,2003,Air minum,Tanpa layanan,Nasional,9.19
Indonesia,IDN,2003,Air minum,Tanpa layanan,Perkotaan,2.47
Indonesia,IDN,2003,Air minum,Tanpa layanan,Perdesaan,13.88
Indonesia,IDN,2003,Air minum,Tanpa layanan,Non-rumah sakit,9.19
Indonesia,IDN,2004,Air minum,Tanpa layanan,Nasional,9.51
Indonesia,IDN,2004,Air minum,Tanpa layanan,Perkotaan,2.41
Indonesia,IDN,2004,Air minum,Tanpa layanan,Perdesaan,13.25
Indonesia,IDN,2004,Air minum,Tanpa layanan,Non-rumah sakit,9.51
Indonesia,IDN,2005,Air minum,Tanpa layanan,Nasional,9.82
Indonesia,IDN,2005,Air minum,Tanpa layanan,Perkotaan,2.34
Indonesia,IDN,2005,Air minum,Tanpa layanan,Perdesaan,12.63
Indonesia,IDN,2005,Air minum,Tanpa layanan,Non-rumah sakit,9.82
Indonesia,IDN,2006,Air minum,Tanpa layanan,Nasional,10.14
Indonesia,IDN,2006,Air minum,Tanpa layanan,Perkotaan,2.27
Indonesia,IDN,2006,Air minum,Tanpa layanan,Perdesaan,12.01
Indonesia,IDN,2006,Air minum,Tanpa layanan,Non-rumah sakit,10.14
Indonesia,IDN,2007,Air minum,Tanpa layanan,Nasional,10.45
Indonesia,IDN,2007,Air minum,Tanpa layanan,Perkotaan,2.21
Indonesia,IDN,2007,Air minum,Tanpa layanan,Perdesaan,11.39
Indonesia,IDN,2007,Air minum,Tanpa layanan,Non-rumah sakit,10.45
Indonesia,IDN,2008,Air minum,Tanpa layanan,Nasional,10.77
Indonesia,IDN,2008,Air minum,Tanpa layanan,Perkotaan,2.14
Indonesia,IDN,2008,Air minum,Tanpa layanan,Perdesaan,10.77
Indonesia,IDN,2008,Air minum,Tanpa layanan,Non-rumah sakit,10.77
Indonesia,IDN,2009,Air minum,Dasar,Nasional,80.75
Indonesia,IDN,2009,Air minum,Dasar,Perkotaan,83.57
Indonesia,IDN,2009,Air minum,Dasar,Perdesaan,77.79
Indonesia,IDN,2009,Air minum,Dasar,Non-rumah sakit,77.34
Indonesia,IDN,2009,Air minum,Terbatas,Nasional,8.17
Indonesia,IDN,2009,Air minum,Terbatas,Perkotaan,14.36
Indonesia,IDN,2009,Air minum,Terbatas,Perdesaan,12.06
Indonesia,IDN,2009,Air minum,Terbatas,Non-rumah sakit,11.58
Indonesia,IDN,2009,Air minum,Tanpa layanan,Nasional,11.08
Indonesia,IDN,2009,Air minum,Tanpa layanan,Perkotaan,2.07
Indonesia,IDN,2009,Air minum,Tanpa layanan,Perdesaan,10.15
Indonesia,IDN,2009,Air minum,Tanpa layanan,Rumah sakit,1.85
Indonesia,IDN,2009,Air minum,Tanpa layanan,Non-rumah sakit,11.08
Indonesia,IDN,2010,Air minum,Dasar,Nasional,80.75
Indonesia,IDN,2010,Air minum,Dasar,Perkotaan,83.57
Indonesia,IDN,2010,Air minum,Dasar,Perdesaan,77.79
Indonesia,IDN,2010,Air minum,Dasar,Non-rumah sakit,77.34
Indonesia,IDN,2010,Air minum,Terbatas,Nasional,7.85
Indonesia,IDN,2010,Air minum,Terbatas,Perkotaan,14.42
Indonesia,IDN,2010,Air minum,Terbatas,Perdesaan,12.68
Indonesia,IDN,2010,Air minum,Terbatas,Non-rumah sakit,11.26
Indonesia,IDN,2010,Air minum,Tanpa layanan,Nasional,11.4
Indonesia,IDN,2010,Air minum,Tanpa layanan,Perkotaan,2.01
Indonesia,IDN,2010,Air minum,Tanpa layanan,Perdesaan,9.53
Indonesia,IDN,2010,Air minum,Tanpa layanan,Rumah sakit,1.85
Indonesia,IDN,2010,Air minum,Tanpa layanan,Non-rumah sakit,11.4
Indonesia,IDN,2011,Air minum,Dasar,Nasional,80.75
Indonesia,IDN,2011,Air minum,Dasar,Perkotaan,83.57
Indonesia,IDN,2011,Air minum,Dasar,Perdesaan,77.79
Indonesia,IDN,2011,Air minum,Dasar,Non-rumah sakit,77.34
Indonesia,IDN,2011,Air minum,Terbatas,Nasional,7.54
Indonesia,IDN,2011,Air minum,Terbatas,Perkotaan,14.49
Indonesia,IDN,2011,Air minum,Terbatas,Perdesaan,13.3
Indonesia,IDN,2011,Air minum,Terbatas,Non-rumah sakit,10.95
Indonesia,IDN,2011,Air minum,Tanpa layanan,Nasional,11.71
Indonesia,IDN,2011,Air minum,Tanpa layanan,Perkotaan,1.94
Indonesia,IDN,2011,Air minum,Tanpa layanan,Perdesaan,8.91
Indonesia,IDN,2011,Air minum,Tanpa layanan,Rumah sakit,1.85
Indonesia,IDN,2011,Air minum,Tanpa layanan,Non-rumah sakit,11.71
Indonesia,IDN,2012,Air minum,Dasar,Nasional,80.75
Indonesia,IDN,2012,Air minum,Dasar,Perkotaan,83.57
Indonesia,IDN,2012,Air minum,Dasar,Perdesaan,77.79
Indonesia,IDN,2012,Air minum,Dasar,Non-rumah sakit,77.34
Indonesia,IDN,2012,Air minum,Terbatas,Nasional,7.22
Indonesia,IDN,2012,Air minum,Terbatas,Perkotaan,14.56
Indonesia,IDN,2012,Air minum,Terbatas,Perdesaan,13.92
Indonesia,IDN,2012,Air minum,Terbatas,Non-rumah sakit,10.63
Indonesia,IDN,2012,Air minum,Tanpa layanan,Nasional,12.03
Indonesia,IDN,2012,Air minum,Tanpa layanan,Perkotaan,1.87
Indonesia,IDN,2012,Air minum,Tanpa layanan,Perdesaan,8.29
Indonesia,IDN,2012,Air minum,Tanpa layanan,Rumah sakit,1.85
Indonesia,IDN,2012,Air minum,Tanpa layanan,Non-rumah sakit,12.03
Indonesia,IDN,2013,Air minum,Dasar,Nasional,80.75
Indonesia,IDN,2013,Air minum,Dasar,Perkotaan,83.57
Indonesia,IDN,2013,Air minum,Dasar,Perdesaan,77.79
Indonesia,IDN,2013,Air minum,Dasar,Non-rumah sakit,77.34
Indonesia,IDN,2013,Air minum,Terbatas,Nasional,6.91
Indonesia,IDN,2013,Air minum,Terbatas,Perkotaan,14.62
Indonesia,IDN,2013,Air minum,Terbatas,Perdesaan,14.54
Indonesia,IDN,2013,Air minum,Terbatas,Non-rumah sakit,10.31
Indonesia,IDN,2013,Air minum,Tanpa layanan,Nasional,12.34
Indonesia,IDN,2013,Air minum,Tanpa layanan,Perkotaan,1.81
Indonesia,IDN,2013,Air minum,Tanpa layanan,Perdesaan,7.67
Indonesia,IDN,2013,Air minum,Tanpa layanan,Rumah sakit,1.85
Indonesia,IDN,2013,Air minum,Tanpa layanan,Non-rumah sakit,12.34
Indonesia,IDN,2014,Air minum,Dasar,Nasional,80.75
Indonesia,IDN,2014,Air minum,Dasar,Perkotaan,83.57
Indonesia,IDN,2014,Air minum,Dasar,Perdesaan,77.79
Indonesia,IDN,2014,Air minum,Dasar,Non-rumah sakit,77.34
Indonesia,IDN,2014,Air minum,Terbatas,Nasional,6.59
Indonesia,IDN,2014,Air minum,Terbatas,Perkotaan,14.69
Indonesia,IDN,2014,Air minum,Terbatas,Perdesaan,15.16
Indonesia,IDN,2014,Air minum,Terbatas,Non-rumah sakit,10.0
Indonesia,IDN,2014,Air minum,Tanpa layanan,Nasional,12.66
Indonesia,IDN,2014,Air minum,Tanpa layanan,Perkotaan,1.74
Indonesia,IDN,2014,Air minum,Tanpa layanan,Perdesaan,7.05
Indonesia,IDN,2014,Air minum,Tanpa layanan,Rumah sakit,2.03
Indonesia,IDN,2014,Air minum,Tanpa layanan,Non-rumah sakit,12.66
Indonesia,IDN,2015,Air minum,Dasar,Nasional,80.47
Indonesia,IDN,2015,Air minum,Dasar,Perkotaan,83.57
Indonesia,IDN,2015,Air minum,Dasar,Perdesaan,77.79
Indonesia,IDN,2015,Air minum,Dasar,Non-rumah sakit,77.34
Indonesia,IDN,2015,Air minum,Terbatas,Nasional,6.56
Indonesia,IDN,2015,Air minum,Terbatas,Perkotaan,14.76
Indonesia,IDN,2015,Air minum,Terbatas,Perdesaan,15.78
Indonesia,IDN,2015,Air minum,Terbatas,Non-rumah sakit,9.68
Indonesia,IDN,2015,Air minum,Tanpa layanan,Nasional,12.97
Indonesia,IDN,2015,Air minum,Tanpa layanan,Perkotaan,1.67
Indonesia,IDN,2015,Air minum,Tanpa layanan,Perdesaan,6.43
Indonesia,IDN,2015,Air minum,Tanpa layanan,Rumah sakit,2.21
Indonesia,IDN,2015,Air minum,Tanpa layanan,Non-rumah sakit,12.97
Indonesia,IDN,2016,Air minum,Dasar,Nasional,80.17
Indonesia,IDN,2016,Air minum,Dasar,Perkotaan,83.57
Indonesia,IDN,2016,Air minum,Dasar,Perdesaan,77.79
Indonesia,IDN,2016,Air minum,Dasar,Non-rumah sakit,77.34
Indonesia,IDN,2016,Air minum,Terbatas,Nasional,6.54
Indonesia,IDN,2016,Air minum,Terbatas,Perkotaan,14.82
Indonesia,IDN,2016,Air minum,Terbatas,Perdesaan,16.4
Indonesia,IDN,2016,Air minum,Terbatas,Non-rumah sakit,9.37
Indonesia,IDN,2016,Air minum,Tanpa layanan,Nasional,13.29
Indonesia,IDN,2016,Air minum,Tanpa layanan,Perkotaan,1.61
Indonesia,IDN,2016,Air minum,Tanpa layanan,Perdesaan,5.81
Indonesia,IDN,2016,Air minum,Tanpa layanan,Rumah sakit,2.39
Indonesia,IDN,2016,Air minum,Tanpa layanan,Non-rumah sakit,13.29
Indonesia,IDN,2017,Air minum,Dasar,Nasional,80.17
Indonesia,IDN,2017,Air minum,Dasar,Perkotaan,83.57
Indonesia,IDN,2017,Air minum,Dasar,Perdesaan,77.79
Indonesia,IDN,2017,Air minum,Dasar,Non-rumah sakit,77.34
Indonesia,IDN,2017,Air minum,Terbatas,Nasional,6.54
Indonesia,IDN,2017,Air minum,Terbatas,Perkotaan,14.82
Indonesia,IDN,2017,Air minum,Terbatas,Perdesaan,16.4
Indonesia,IDN,2017,Air minum,Terbatas,Non-rumah sakit,9.37
Indonesia,IDN,2017,Air minum,Tanpa layanan,Nasional,13.29
Indonesia,IDN,2017,Air minum,Tanpa layanan,Perkotaan,1.61
Indonesia,IDN,2017,Air minum,Tanpa layanan,Perdesaan,5.81
Indonesia,IDN,2017,Air minum,Tanpa layanan,Rumah sakit,2.56
Indonesia,IDN,2017,Air minum,Tanpa layanan,Non-rumah sakit,13.29
Indonesia,IDN,2018,Air minum,Dasar,Nasional,80.17
Indonesia,IDN,2018,Air minum,Dasar,Perkotaan,83.57
Indonesia,IDN,2018,Air minum,Dasar,Perdesaan,77.79
Indonesia,IDN,2018,Air minum,Dasar,Non-rumah sakit,77.34
Indonesia,IDN,2018,Air minum,Terbatas,Nasional,6.54
Indonesia,IDN,2018,Air minum,Terbatas,Perkotaan,14.82
Indonesia,IDN,2018,Air minum,Terbatas,Perdesaan,16.4
Indonesia,IDN,2018,Air minum,Terbatas,Non-rumah sakit,9.37
Indonesia,IDN,2018,Air minum,Tanpa layanan,Nasional,13.29
Indonesia,IDN,2018,Air minum,Tanpa layanan,Perkotaan,1.61
Indonesia,IDN,2018,Air minum,Tanpa layanan,Perdesaan,5.81
Indonesia,IDN,2018,Air minum,Tanpa layanan,Rumah sakit,2.74
Indonesia,IDN,2018,Air minum,Tanpa layanan,Non-rumah sakit,13.29
Indonesia,IDN,2019,Air minum,Dasar,Nasional,80.17
Indonesia,IDN,2019,Air minum,Dasar,Perkotaan,83.57
Indonesia,IDN,2019,Air minum,Dasar,Perdesaan,77.79
Indonesia,IDN,2019,Air minum,Dasar,Non-rumah sakit,77.34
Indonesia,IDN,2019,Air minum,Terbatas,Nasional,6.54
Indonesia,IDN,2019,Air minum,Terbatas,Perkotaan,14.82
Indonesia,IDN,2019,Air minum,Terbatas,Perdesaan,16.4
Indonesia,IDN,2019,Air minum,Terbatas,Non-rumah sakit,9.37
Indonesia,IDN,2019,Air minum,Tanpa layanan,Nasional,13.29
Indonesia,IDN,2019,Air minum,Tanpa layanan,Perkotaan,1.61
Indonesia,IDN,2019,Air minum,Tanpa layanan,Perdesaan,5.81
Indonesia,IDN,2019,Air minum,Tanpa layanan,Rumah sakit,2.92
Indonesia,IDN,2019,Air minum,Tanpa layanan,Non-rumah sakit,13.29
Indonesia,IDN,2020,Air minum,Dasar,Nasional,80.17
Indonesia,IDN,2020,Air minum,Dasar,Perkotaan,83.57
Indonesia,IDN,2020,Air minum,Dasar,Perdesaan,77.79
Indonesia,IDN,2020,Air minum,Dasar,Non-rumah sakit,77.34
Indonesia,IDN,2020,Air minum,Terbatas,Nasional,6.54
Indonesia,IDN,2020,Air minum,Terbatas,Perkotaan,14.82
Indonesia,IDN,2020,Air minum,Terbatas,Perdesaan,16.4
Indonesia,IDN,2020,Air minum,Terbatas,Non-rumah sakit,9.37
Indonesia,IDN,2020,Air minum,Tanpa layanan,Nasional,13.29
Indonesia,IDN,2020,Air minum,Tanpa layanan,Perkotaan,1.61
Indonesia,IDN,2020,Air minum,Tanpa layanan,Perdesaan,5.81
Indonesia,IDN,2020,Air minum,Tanpa layanan,Rumah sakit,3.1
Indonesia,IDN,2020,Air minum,Tanpa layanan,Non-rumah sakit,13.29
Indonesia,IDN,2021,Air minum,Tanpa layanan,Rumah sakit,3.28
Indonesia,IDN,2022,Air minum,Tanpa layanan,Rumah sakit,3.46
Indonesia,IDN,2023,Air minum,Tanpa layanan,Rumah sakit,3.64
Laos,LAO,2018,Air minum,Tanpa layanan,Nasional,1.54
Laos,LAO,2018,Air minum,Tanpa layanan,Rumah sakit,1.34
Laos,LAO,2018,Air minum,Tanpa layanan,Non-rumah sakit,1.58
Laos,LAO,2019,Air minum,Tanpa layanan,Nasional,1.54
Laos,LAO,2019,Air minum,Tanpa layanan,Rumah sakit,1.34
Laos,LAO,2019,Air minum,Tanpa layanan,Non-rumah sakit,1.58
Laos,LAO,2020,Air minum,Tanpa layanan,Nasional,1.54
Laos,LAO,2020,Air minum,Tanpa layanan,Rumah sakit,1.34
Laos,LAO,2020,Air minum,Tanpa layanan,Non-rumah sakit,1.58
Laos,LAO,2021,Air minum,Tanpa layanan,Nasional,1.54
Laos,LAO,2021,Air minum,Tanpa layanan,Rumah sakit,1.34
Laos,LAO,2021,Air minum,Tanpa layanan,Non-rumah sakit,1.58
Laos,LAO,2022,Air minum,Tanpa layanan,Nasional,1.54
Laos,LAO,2022,Air minum,Tanpa layanan,Rumah sakit,1.34
Laos,LAO,2022,Air minum,Tanpa layanan,Non-rumah sakit,1.58
Laos,LAO,2023,Air minum,Tanpa layanan,Nasional,1.54
Laos,LAO,2023,Air minum,Tanpa layanan,Rumah sakit,1.34
Laos,LAO,2023,Air minum,Tanpa layanan,Non-rumah sakit,1.58
Malaysia,MYS,2000,Air minum,Dasar,Nasional,99.93
Malaysia,MYS,2000,Air minum,Dasar,Perkotaan,100.0
Malaysia,MYS,2000,Air minum,Dasar,Perdesaan,99.86
Malaysia,MYS,2000,Air minum,Dasar,Rumah sakit,100.0
Malaysia,MYS,2000,Air minum,Dasar,Non-rumah sakit,99.91
Malaysia,MYS,2000,Air minum,Terbatas,Nasional,0.07
Malaysia,MYS,2000,Air minum,Terbatas,Perkotaan,0.0
Malaysia,MYS,2000,Air minum,Terbatas,Perdesaan,0.14
Malaysia,MYS,2000,Air minum,Terbatas,Rumah sakit,0.0
Malaysia,MYS,2000,Air minum,Terbatas,Non-rumah sakit,0.09
Malaysia,MYS,2000,Air minum,Tanpa layanan,Nasional,0.0
Malaysia,MYS,2000,Air minum,Tanpa layanan,Perkotaan,0.0
Malaysia,MYS,2000,Air minum,Tanpa layanan,Perdesaan,0.0
Malaysia,MYS,2000,Air minum,Tanpa layanan,Rumah sakit,0.0
Malaysia,MYS,2000,Air minum,Tanpa layanan,Non-rumah sakit,0.0
Malaysia,MYS,2001,Air minum,Dasar,Nasional,99.93
Malaysia,MYS,2001,Air minum,Dasar,Perkotaan,100.0
Malaysia,MYS,2001,Air minum,Dasar,Perdesaan,99.86
Malaysia,MYS,2001,Air minum,Dasar,Rumah sakit,100.0
Malaysia,MYS,2001,Air minum,Dasar,Non-rumah sakit,99.91
Malaysia,MYS,2001,Air minum,Terbatas,Nasional,0.07
Malaysia,MYS,2001,Air minum,Terbatas,Perkotaan,0.0
Malaysia,MYS,2001,Air minum,Terbatas,Perdesaan,0.14
Malaysia,MYS,2001,Air minum,Terbatas,Rumah sakit,0.0
Malaysia,MYS,2001,Air minum,Terbatas,Non-rumah sakit,0.09
Malaysia,MYS,2001,Air minum,Tanpa layanan,Nasional,0.0
Malaysia,MYS,2001,Air minum,Tanpa layanan,Perkotaan,0.0
Malaysia,MYS,2001,Air minum,Tanpa layanan,Perdesaan,0.0
Malaysia,MYS,2001,Air minum,Tanpa layanan,Rumah sakit,0.0
Malaysia,MYS,2001,Air minum,Tanpa layanan,Non-rumah sakit,0.0
Malaysia,MYS,2002,Air minum,Dasar,Nasional,99.93
Malaysia,MYS,2002,Air minum,Dasar,Perkotaan,100.0
Malaysia,MYS,2002,Air minum,Dasar,Perdesaan,99.86
Malaysia,MYS,2002,Air minum,Dasar,Rumah sakit,100.0
Malaysia,MYS,2002,Air minum,Dasar,Non-rumah sakit,99.91
Malaysia,MYS,2002,Air minum,Terbatas,Nasional,0.07
Malaysia,MYS,2002,Air minum,Terbatas,Perkotaan,0.0
Malaysia,MYS,2002,Air minum,Terbatas,Perdesaan,0.14
Malaysia,MYS,2002,Air minum,Terbatas,Rumah sakit,0.0
Malaysia,MYS,2002,Air minum,Terbatas,Non-rumah sakit,0.09
Malaysia,MYS,2002,Air minum,Tanpa layanan,Nasional,0.0
Malaysia,MYS,2002,Air minum,Tanpa layanan,Perkotaan,0.0
Malaysia,MYS,2002,Air minum,Tanpa layanan,Perdesaan,0.0
Malaysia,MYS,2002,Air minum,Tanpa layanan,Rumah sakit,0.0
Malaysia,MYS,2002,Air minum,Tanpa layanan,Non-rumah sakit,0.0
Malaysia,MYS,2003,Air minum,Dasar,Nasional,99.93
Malaysia,MYS,2003,Air minum,Dasar,Perkotaan,100.0
Malaysia,MYS,2003,Air minum,Dasar,Perdesaan,99.86
Malaysia,MYS,2003,Air minum,Dasar,Rumah sakit,100.0
Malaysia,MYS,2003,Air minum,Dasar,Non-rumah sakit,99.91
Malaysia,MYS,2003,Air minum,Terbatas,Nasional,0.07
Malaysia,MYS,2003,Air minum,Terbatas,Perkotaan,0.0
Malaysia,MYS,2003,Air minum,Terbatas,Perdesaan,0.14
Malaysia,MYS,2003,Air minum,Terbatas,Rumah sakit,0.0
Malaysia,MYS,2003,Air minum,Terbatas,Non-rumah sakit,0.09
Malaysia,MYS,2003,Air minum,Tanpa layanan,Nasional,0.0
Malaysia,MYS,2003,Air minum,Tanpa layanan,Perkotaan,0.0
Malaysia,MYS,2003,Air minum,Tanpa layanan,Perdesaan,0.0
Malaysia,MYS,2003,Air minum,Tanpa layanan,Rumah sakit,0.0
Malaysia,MYS,2003,Air minum,Tanpa layanan,Non-rumah sakit,0.0
Malaysia,MYS,2004,Air minum,Dasar,Nasional,99.93
Malaysia,MYS,2004,Air minum,Dasar,Perkotaan,100.0
Malaysia,MYS,2004,Air minum,Dasar,Perdesaan,99.86
Malaysia,MYS,2004,Air minum,Dasar,Rumah sakit,100.0
Malaysia,MYS,2004,Air minum,Dasar,Non-rumah sakit,99.91
Malaysia,MYS,2004,Air minum,Terbatas,Nasional,0.07
Malaysia,MYS,2004,Air minum,Terbatas,Perkotaan,0.0
Malaysia,MYS,2004,Air minum,Terbatas,Perdesaan,0.14
Malaysia,MYS,2004,Air minum,Terbatas,Rumah sakit,0.0
Malaysia,MYS,2004,Air minum,Terbatas,Non-rumah sakit,0.09
Malaysia,MYS,2004,Air minum,Tanpa layanan,Nasional,0.0
Malaysia,MYS,2004,Air minum,Tanpa layanan,Perkotaan,0.0
Malaysia,MYS,2004,Air minum,Tanpa layanan,Perdesaan,0.0
Malaysia,MYS,2004,Air minum,Tanpa layanan,Rumah sakit,0.0
Malaysia,MYS,2004,Air minum,Tanpa layanan,Non-rumah sakit,0.0
Malaysia,MYS,2005,Air minum,Dasar,Nasional,99.93
Malaysia,MYS,2005,Air minum,Dasar,Perkotaan,100.0
Malaysia,MYS,2005,Air minum,Dasar,Perdesaan,99.86
Malaysia,MYS,2005,Air minum,Dasar,Rumah sakit,100.0
Malaysia,MYS,2005,Air minum,Dasar,Non-rumah sakit,99.91
Malaysia,MYS,2005,Air minum,Terbatas,Nasional,0.07
Malaysia,MYS,2005,Air minum,Terbatas,Perkotaan,0.0
Malaysia,MYS,2005,Air minum,Terbatas,Perdesaan,0.14
Malaysia,MYS,2005,Air minum,Terbatas,Rumah sakit,0.0
Malaysia,MYS,2005,Air minum,Terbatas,Non-rumah sakit,0.09
Malaysia,MYS,2005,Air minum,Tanpa layanan,Nasional,0.0
Malaysia,MYS,2005,Air minum,Tanpa layanan,Perkotaan,0.0
Malaysia,MYS,2005,Air minum,Tanpa layanan,Perdesaan,0.0
Malaysia,MYS,2005,Air minum,Tanpa layanan,Rumah sakit,0.0
Malaysia,MYS,2005,Air minum,Tanpa layanan,Non-rumah sakit,0.0
Malaysia,MYS,2006,Air minum,Dasar,Nasional,99.93
Malaysia,MYS,2006,Air minum,Dasar,Perkotaan,100.0
Malaysia,MYS,2006,Air minum,Dasar,Perdesaan,99.86
Malaysia,MYS,2006,Air minum,Dasar,Rumah sakit,100.0
Malaysia,MYS,2006,Air minum,Dasar,Non-rumah sakit,99.91
Malaysia,MYS,2006,Air minum,Terbatas,Nasional,0.07
Malaysia,MYS,2006,Air minum,Terbatas,Perkotaan,0.0
Malaysia,MYS,2006,Air minum,Terbatas,Perdesaan,0.14
Malaysia,MYS,2006,Air minum,Terbatas,Rumah sakit,0.0
Malaysia,MYS,2006,Air minum,Terbatas,Non-rumah sakit,0.09
Malaysia,MYS,2006,Air minum,Tanpa layanan,Nasional,0.0
Malaysia,MYS,2006,Air minum,Tanpa layanan,Perkotaan,0.0
Malaysia,MYS,2006,Air minum,Tanpa layanan,Perdesaan,0.0
Malaysia,MYS,2006,Air minum,Tanpa layanan,Rumah sakit,0.0
Malaysia,MYS,2006,Air minum,Tanpa layanan,Non-rumah sakit,0.0
Malaysia,MYS,2007,Air minum,Dasar,Nasional,99.93
Malaysia,MYS,2007,Air minum,Dasar,Perkotaan,100.0
Malaysia,MYS,2007,Air minum,Dasar,Perdesaan,99.86
Malaysia,MYS,2007,Air minum,Dasar,Rumah sakit,100.0
Malaysia,MYS,2007,Air minum,Dasar,Non-rumah sakit,99.91
Malaysia,MYS,2007,Air minum,Terbatas,Nasional,0.07
Malaysia,MYS,2007,Air minum,Terbatas,Perkotaan,0.0
Malaysia,MYS,2007,Air minum,Terbatas,Perdesaan,0.14
Malaysia,MYS,2007,Air minum,Terbatas,Rumah sakit,0.0
Malaysia,MYS,2007,Air minum,Terbatas,Non-rumah sakit,0.09
Malaysia,MYS,2007,Air minum,Tanpa layanan,Nasional,0.0
Malaysia,MYS,2007,Air minum,Tanpa layanan,Perkotaan,0.0
Malaysia,MYS,2007,Air minum,Tanpa layanan,Perdesaan,0.0
Malaysia,MYS,2007,Air minum,Tanpa layanan,Rumah sakit,0.0
Malaysia,MYS,2007,Air minum,Tanpa layanan,Non-rumah sakit,0.0
Malaysia,MYS,2008,Air minum,Dasar,Nasional,99.93
Malaysia,MYS,2008,Air minum,Dasar,Perkotaan,100.0
Malaysia,MYS,2008,Air minum,Dasar,Perdesaan,99.86
Malaysia,MYS,2008,Air minum,Dasar,Rumah sakit,100.0
Malaysia,MYS,2008,Air minum,Dasar,Non-rumah sakit,99.91
Malaysia,MYS,2008,Air minum,Terbatas,Nasional,0.07
Malaysia,MYS,2008,Air minum,Terbatas,Perkotaan,0.0
Malaysia,MYS,2008,Air minum,Terbatas,Perdesaan,0.14
Malaysia,MYS,2008,Air minum,Terbatas,Rumah sakit,0.0
Malaysia,MYS,2008,Air minum,Terbatas,Non-rumah sakit,0.09
Malaysia,MYS,2008,Air minum,Tanpa layanan,Nasional,0.0
Malaysia,MYS,2008,Air minum,Tanpa layanan,Perkotaan,0.0
Malaysia,MYS,2008,Air minum,Tanpa layanan,Perdesaan,0.0
Malaysia,MYS,2008,Air minum,Tanpa layanan,Rumah sakit,0.0
Malaysia,MYS,2008,Air minum,Tanpa layanan,Non-rumah sakit,0.0
Malaysia,MYS,2009,Air minum,Dasar,Nasional,99.93
Malaysia,MYS,2009,Air minum,Dasar,Perkotaan,100.0
Malaysia,MYS,2009,Air minum,Dasar,Perdesaan,99.86
Malaysia,MYS,2009,Air minum,Dasar,Rumah sakit,100.0
Malaysia,MYS,2009,Air minum,Dasar,Non-rumah sakit,99.91
Malaysia,MYS,2009,Air minum,Terbatas,Nasional,0.07
Malaysia,MYS,2009,Air minum,Terbatas,Perkotaan,0.0
Malaysia,MYS,2009,Air minum,Terbatas,Perdesaan,0.14
Malaysia,MYS,2009,Air minum,Terbatas,Rumah sakit,0.0
Malaysia,MYS,2009,Air minum,Terbatas,Non-rumah sakit,0.09
Malaysia,MYS,2009,Air minum,Tanpa layanan,Nasional,0.0
Malaysia,MYS,2009,Air minum,Tanpa layanan,Perkotaan,0.0
Malaysia,MYS,2009,Air minum,Tanpa layanan,Perdesaan,0.0
Malaysia,MYS,2009,Air minum,Tanpa layanan,Rumah sakit,0.0
Malaysia,MYS,2009,Air minum,Tanpa layanan,Non-rumah sakit,0.0
Malaysia,MYS,2010,Air minum,Dasar,Nasional,99.93
Malaysia,MYS,2010,Air minum,Dasar,Perkotaan,100.0
Malaysia,MYS,2010,Air minum,Dasar,Perdesaan,99.86
Malaysia,MYS,2010,Air minum,Dasar,Rumah sakit,100.0
Malaysia,MYS,2010,Air minum,Dasar,Non-rumah sakit,99.91
Malaysia,MYS,2010,Air minum,Terbatas,Nasional,0.07
Malaysia,MYS,2010,Air minum,Terbatas,Perkotaan,0.0
Malaysia,MYS,2010,Air minum,Terbatas,Perdesaan,0.14
Malaysia,MYS,2010,Air minum,Terbatas,Rumah sakit,0.0
Malaysia,MYS,2010,Air minum,Terbatas,Non-rumah sakit,0.09
Malaysia,MYS,2010,Air minum,Tanpa layanan,Nasional,0.0
Malaysia,MYS,2010,Air minum,Tanpa layanan,Perkotaan,0.0
Malaysia,MYS,2010,Air minum,Tanpa layanan,Perdesaan,0.0
Malaysia,MYS,2010,Air minum,Tanpa layanan,Rumah sakit,0.0
Malaysia,MYS,2010,Air minum,Tanpa layanan,Non-rumah sakit,0.0
Malaysia,MYS,2011,Air minum,Dasar,Nasional,99.93
Malaysia,MYS,2011,Air minum,Dasar,Perkotaan,100.0
Malaysia,MYS,2011,Air minum,Dasar,Perdesaan,99.86
Malaysia,MYS,2011,Air minum,Dasar,Rumah sakit,100.0
Malaysia,MYS,2011,Air minum,Dasar,Non-rumah sakit,99.91
Malaysia,MYS,2011,Air minum,Terbatas,Nasional,0.07
Malaysia,MYS,2011,Air minum,Terbatas,Perkotaan,0.0
Malaysia,MYS,2011,Air minum,Terbatas,Perdesaan,0.14
Malaysia,MYS,2011,Air minum,Terbatas,Rumah sakit,0.0
Malaysia,MYS,2011,Air minum,Terbatas,Non-rumah sakit,0.09
Malaysia,MYS,2011,Air minum,Tanpa layanan,Nasional,0.0
Malaysia,MYS,2011,Air minum,Tanpa layanan,Perkotaan,0.0
Malaysia,MYS,2011,Air minum,Tanpa layanan,Perdesaan,0.0
Malaysia,MYS,2011,Air minum,Tanpa layanan,Rumah sakit,0.0
Malaysia,MYS,2011,Air minum,Tanpa layanan,Non-rumah sakit,0.0
Malaysia,MYS,2012,Air minum,Dasar,Nasional,99.93
Malaysia,MYS,2012,Air minum,Dasar,Perkotaan,100.0
Malaysia,MYS,2012,Air minum,Dasar,Perdesaan,99.86
Malaysia,MYS,2012,Air minum,Dasar,Rumah sakit,100.0
Malaysia,MYS,2012,Air minum,Dasar,Non-rumah sakit,99.91
Malaysia,MYS,2012,Air minum,Terbatas,Nasional,0.07
Malaysia,MYS,2012,Air minum,Terbatas,Perkotaan,0.0
Malaysia,MYS,2012,Air minum,Terbatas,Perdesaan,0.14
Malaysia,MYS,2012,Air minum,Terbatas,Rumah sakit,0.0
Malaysia,MYS,2012,Air minum,Terbatas,Non-rumah sakit,0.09
Malaysia,MYS,2012,Air minum,Tanpa layanan,Nasional,0.0
Malaysia,MYS,2012,Air minum,Tanpa layanan,Perkotaan,0.0
Malaysia,MYS,2012,Air minum,Tanpa layanan,Perdesaan,0.0
Malaysia,MYS,2012,Air minum,Tanpa layanan,Rumah sakit,0.0
Malaysia,MYS,2012,Air minum,Tanpa layanan,Non-rumah sakit,0.0
Malaysia,MYS,2013,Air minum,Dasar,Nasional,99.93
Malaysia,MYS,2013,Air minum,Dasar,Perkotaan,100.0
Malaysia,MYS,2013,Air minum,Dasar,Perdesaan,99.86
Malaysia,MYS,2013,Air minum,Dasar,Rumah sakit,100.0
Malaysia,MYS,2013,Air minum,Dasar,Non-rumah sakit,99.91
Malaysia,MYS,2013,Air minum,Terbatas,Nasional,0.07
Malaysia,MYS,2013,Air minum,Terbatas,Perkotaan,0.0
Malaysia,MYS,2013,Air minum,Terbatas,Perdesaan,0.14
Malaysia,MYS,2013,Air minum,Terbatas,Rumah sakit,0.0
Malaysia,MYS,2013,Air minum,Terbatas,Non-rumah sakit,0.09
Malaysia,MYS,2013,Air minum,Tanpa layanan,Nasional,0.0
Malaysia,MYS,2013,Air minum,Tanpa layanan,Perkotaan,0.0
Malaysia,MYS,2013,Air minum,Tanpa layanan,Perdesaan,0.0
Malaysia,MYS,2013,Air minum,Tanpa layanan,Rumah sakit,0.0
Malaysia,MYS,2013,Air minum,Tanpa layanan,Non-rumah sakit,0.0
Malaysia,MYS,2014,Air minum,Dasar,Nasional,99.93
Malaysia,MYS,2014,Air minum,Dasar,Perkotaan,100.0
Malaysia,MYS,2014,Air minum,Dasar,Perdesaan,99.86
Malaysia,MYS,2014,Air minum,Dasar,Rumah sakit,100.0
Malaysia,MYS,2014,Air minum,Dasar,Non-rumah sakit,99.91
Malaysia,MYS,2014,Air minum,Terbatas,Nasional,0.07
Malaysia,MYS,2014,Air minum,Terbatas,Perkotaan,0.0
Malaysia,MYS,2014,Air minum,Terbatas,Perdesaan,0.14
Malaysia,MYS,2014,Air minum,Terbatas,Rumah sakit,0.0
Malaysia,MYS,2014,Air minum,Terbatas,Non-rumah sakit,0.09
Malaysia,MYS,2014,Air minum,Tanpa layanan,Nasional,0.0
Malaysia,MYS,2014,Air minum,Tanpa layanan,Perkotaan,0.0
Malaysia,MYS,2014,Air minum,Tanpa layanan,Perdesaan,0.0
Malaysia,MYS,2014,Air minum,Tanpa layanan,Rumah sakit,0.0
Malaysia,MYS,2014,Air minum,Tanpa layanan,Non-rumah sakit,0.0
Malaysia,MYS,2015,Air minum,Dasar,Nasional,99.93
Malaysia,MYS,2015,Air minum,Dasar,Perkotaan,100.0
Malaysia,MYS,2015,Air minum,Dasar,Perdesaan,99.86
Malaysia,MYS,2015,Air minum,Dasar,Rumah sakit,100.0
Malaysia,MYS,2015,Air minum,Dasar,Non-rumah sakit,99.91
Malaysia,MYS,2015,Air minum,Terbatas,Nasional,0.07
Malaysia,MYS,2015,Air minum,Terbatas,Perkotaan,0.0
Malaysia,MYS,2015,Air minum,Terbatas,Perdesaan,0.14
Malaysia,MYS,2015,Air minum,Terbatas,Rumah sakit,0.0
Malaysia,MYS,2015,Air minum,Terbatas,Non-rumah sakit,0.09
Malaysia,MYS,2015,Air minum,Tanpa layanan,Nasional,0.0
Malaysia,MYS,2015,Air minum,Tanpa layanan,Perkotaan,0.0
Malaysia,MYS,2015,Air minum,Tanpa layanan,Perdesaan,0.0
Malaysia,MYS,2015,Air minum,Tanpa layanan,Rumah sakit,0.0
Malaysia,MYS,2015,Air minum,Tanpa layanan,Non-rumah sakit,0.0
Malaysia,MYS,2016,Air minum,Dasar,Nasional,99.93
Malaysia,MYS,2016,Air minum,Dasar,Perkotaan,100.0
Malaysia,MYS,2016,Air minum,Dasar,Perdesaan,99.86
Malaysia,MYS,2016,Air minum,Dasar,Rumah sakit,100.0
Malaysia,MYS,2016,Air minum,Dasar,Non-rumah sakit,99.91
Malaysia,MYS,2016,Air minum,Terbatas,Nasional,0.07
Malaysia,MYS,2016,Air minum,Terbatas,Perkotaan,0.0
Malaysia,MYS,2016,Air minum,Terbatas,Perdesaan,0.14
Malaysia,MYS,2016,Air minum,Terbatas,Rumah sakit,0.0
Malaysia,MYS,2016,Air minum,Terbatas,Non-rumah sakit,0.09
Malaysia,MYS,2016,Air minum,Tanpa layanan,Nasional,0.0
Malaysia,MYS,2016,Air minum,Tanpa layanan,Perkotaan,0.0
Malaysia,MYS,2016,Air minum,Tanpa layanan,Perdesaan,0.0
Malaysia,MYS,2016,Air minum,Tanpa layanan,Rumah sakit,0.0
Malaysia,MYS,2016,Air minum,Tanpa layanan,Non-rumah sakit,0.0
Malaysia,MYS,2017,Air minum,Dasar,Nasional,99.93
Malaysia,MYS,2017,Air minum,Dasar,Perkotaan,100.0
Malaysia,MYS,2017,Air minum,Dasar,Perdesaan,99.86
Malaysia,MYS,2017,Air minum,Dasar,Rumah sakit,100.0
Malaysia,MYS,2017,Air minum,Dasar,Non-rumah sakit,99.91
Malaysia,MYS,2017,Air minum,Terbatas,Nasional,0.07
Malaysia,MYS,2017,Air minum,Terbatas,Perkotaan,0.0
Malaysia,MYS,2017,Air minum,Terbatas,Perdesaan,0.14
Malaysia,MYS,2017,Air minum,Terbatas,Rumah sakit,0.0
Malaysia,MYS,2017,Air minum,Terbatas,Non-rumah sakit,0.09
Malaysia,MYS,2017,Air minum,Tanpa layanan,Nasional,0.0
Malaysia,MYS,2017,Air minum,Tanpa layanan,Perkotaan,0.0
Malaysia,MYS,2017,Air minum,Tanpa layanan,Perdesaan,0.0
Malaysia,MYS,2017,Air minum,Tanpa layanan,Rumah sakit,0.0
Malaysia,MYS,2017,Air minum,Tanpa layanan,Non-rumah sakit,0.0
Malaysia,MYS,2018,Air minum,Dasar,Nasional,99.93
Malaysia,MYS,2018,Air minum,Dasar,Perkotaan,100.0
Malaysia,MYS,2018,Air minum,Dasar,Perdesaan,99.86
Malaysia,MYS,2018,Air minum,Dasar,Rumah sakit,100.0
Malaysia,MYS,2018,Air minum,Dasar,Non-rumah sakit,99.91
Malaysia,MYS,2018,Air minum,Terbatas,Nasional,0.07
Malaysia,MYS,2018,Air minum,Terbatas,Perkotaan,0.0
Malaysia,MYS,2018,Air minum,Terbatas,Perdesaan,0.14
Malaysia,MYS,2018,Air minum,Terbatas,Rumah sakit,0.0
Malaysia,MYS,2018,Air minum,Terbatas,Non-rumah sakit,0.09
Malaysia,MYS,2018,Air minum,Tanpa layanan,Nasional,0.0
Malaysia,MYS,2018,Air minum,Tanpa layanan,Perkotaan,0.0
Malaysia,MYS,2018,Air minum,Tanpa layanan,Perdesaan,0.0
Malaysia,MYS,2018,Air minum,Tanpa layanan,Rumah sakit,0.0
Malaysia,MYS,2018,Air minum,Tanpa layanan,Non-rumah sakit,0.0
Malaysia,MYS,2019,Air minum,Dasar,Nasional,99.93
Malaysia,MYS,2019,Air minum,Dasar,Perkotaan,100.0
Malaysia,MYS,2019,Air minum,Dasar,Perdesaan,99.86
Malaysia,MYS,2019,Air minum,Dasar,Rumah sakit,100.0
Malaysia,MYS,2019,Air minum,Dasar,Non-rumah sakit,99.91
Malaysia,MYS,2019,Air minum,Terbatas,Nasional,0.07
Malaysia,MYS,2019,Air minum,Terbatas,Perkotaan,0.0
Malaysia,MYS,2019,Air minum,Terbatas,Perdesaan,0.14
Malaysia,MYS,2019,Air minum,Terbatas,Rumah sakit,0.0
Malaysia,MYS,2019,Air minum,Terbatas,Non-rumah sakit,0.09
Malaysia,MYS,2019,Air minum,Tanpa layanan,Nasional,0.0
Malaysia,MYS,2019,Air minum,Tanpa layanan,Perkotaan,0.0
Malaysia,MYS,2019,Air minum,Tanpa layanan,Perdesaan,0.0
Malaysia,MYS,2019,Air minum,Tanpa layanan,Rumah sakit,0.0
Malaysia,MYS,2019,Air minum,Tanpa layanan,Non-rumah sakit,0.0
Malaysia,MYS,2020,Air minum,Dasar,Nasional,99.93
Malaysia,MYS,2020,Air minum,Dasar,Perkotaan,100.0
Malaysia,MYS,2020,Air minum,Dasar,Perdesaan,99.86
Malaysia,MYS,2020,Air minum,Dasar,Rumah sakit,100.0
Malaysia,MYS,2020,Air minum,Dasar,Non-rumah sakit,99.91
Malaysia,MYS,2020,Air minum,Terbatas,Nasional,0.07
Malaysia,MYS,2020,Air minum,Terbatas,Perkotaan,0.0
Malaysia,MYS,2020,Air minum,Terbatas,Perdesaan,0.14
Malaysia,MYS,2020,Air minum,Terbatas,Rumah sakit,0.0
Malaysia,MYS,2020,Air minum,Terbatas,Non-rumah sakit,0.09
Malaysia,MYS,2020,Air minum,Tanpa layanan,Nasional,0.0
Malaysia,MYS,2020,Air minum,Tanpa layanan,Perkotaan,0.0
Malaysia,MYS,2020,Air minum,Tanpa layanan,Perdesaan,0.0
Malaysia,MYS,2020,Air minum,Tanpa layanan,Rumah sakit,0.0
Malaysia,MYS,2020,Air minum,Tanpa layanan,Non-rumah sakit,0.0
Malaysia,MYS,2021,Air minum,Dasar,Nasional,99.93
Malaysia,MYS,2021,Air minum,Dasar,Perkotaan,100.0
Malaysia,MYS,2021,Air minum,Dasar,Perdesaan,99.86
Malaysia,MYS,2021,Air minum,Dasar,Rumah sakit,100.0
Malaysia,MYS,2021,Air minum,Dasar,Non-rumah sakit,99.91
Malaysia,MYS,2021,Air minum,Terbatas,Nasional,0.07
Malaysia,MYS,2021,Air minum,Terbatas,Perkotaan,0.0
Malaysia,MYS,2021,Air minum,Terbatas,Perdesaan,0.14
Malaysia,MYS,2021,Air minum,Terbatas,Rumah sakit,0.0
Malaysia,MYS,2021,Air minum,Terbatas,Non-rumah sakit,0.09
Malaysia,MYS,2021,Air minum,Tanpa layanan,Nasional,0.0
Malaysia,MYS,2021,Air minum,Tanpa layanan,Perkotaan,0.0
Malaysia,MYS,2021,Air minum,Tanpa layanan,Perdesaan,0.0
Malaysia,MYS,2021,Air minum,Tanpa layanan,Rumah sakit,0.0
Malaysia,MYS,2021,Air minum,Tanpa layanan,Non-rumah sakit,0.0
Malaysia,MYS,2022,Air minum,Dasar,Nasional,99.93
Malaysia,MYS,2022,Air minum,Dasar,Perkotaan,100.0
Malaysia,MYS,2022,Air minum,Dasar,Perdesaan,99.86
Malaysia,MYS,2022,Air minum,Dasar,Rumah sakit,100.0
Malaysia,MYS,2022,Air minum,Dasar,Non-rumah sakit,99.91
Malaysia,MYS,2022,Air minum,Terbatas,Nasional,0.07
Malaysia,MYS,2022,Air minum,Terbatas,Perkotaan,0.0
Malaysia,MYS,2022,Air minum,Terbatas,Perdesaan,0.14
Malaysia,MYS,2022,Air minum,Terbatas,Rumah sakit,0.0
Malaysia,MYS,2022,Air minum,Terbatas,Non-rumah sakit,0.09
Malaysia,MYS,2022,Air minum,Tanpa layanan,Nasional,0.0
Malaysia,MYS,2022,Air minum,Tanpa layanan,Perkotaan,0.0
Malaysia,MYS,2022,Air minum,Tanpa layanan,Perdesaan,0.0
Malaysia,MYS,2022,Air minum,Tanpa layanan,Rumah sakit,0.0
Malaysia,MYS,2022,Air minum,Tanpa layanan,Non-rumah sakit,0.0
Malaysia,MYS,2023,Air minum,Dasar,Nasional,99.93
Malaysia,MYS,2023,Air minum,Dasar,Perkotaan,100.0
Malaysia,MYS,2023,Air minum,Dasar,Perdesaan,99.86
Malaysia,MYS,2023,Air minum,Dasar,Rumah sakit,100.0
Malaysia,MYS,2023,Air minum,Dasar,Non-rumah sakit,99.91
Malaysia,MYS,2023,Air minum,Terbatas,Nasional,0.07
Malaysia,MYS,2023,Air minum,Terbatas,Perkotaan,0.0
Malaysia,MYS,2023,Air minum,Terbatas,Perdesaan,0.14
Malaysia,MYS,2023,Air minum,Terbatas,Rumah sakit,0.0
Malaysia,MYS,2023,Air minum,Terbatas,Non-rumah sakit,0.09
Malaysia,MYS,2023,Air minum,Tanpa layanan,Nasional,0.0
Malaysia,MYS,2023,Air minum,Tanpa layanan,Perkotaan,0.0
Malaysia,MYS,2023,Air minum,Tanpa layanan,Perdesaan,0.0
Malaysia,MYS,2023,Air minum,Tanpa layanan,Rumah sakit,0.0
Malaysia,MYS,2023,Air minum,Tanpa layanan,Non-rumah sakit,0.0
Myanmar,MMR,2010,Air minum,Tanpa layanan,Nasional,7.96
Myanmar,MMR,2010,Air minum,Tanpa layanan,Perkotaan,1.1
Myanmar,MMR,2010,Air minum,Tanpa layanan,Perdesaan,13.64
Myanmar,MMR,2010,Air minum,Tanpa layanan,Rumah sakit,0.87
Myanmar,MMR,2010,Air minum,Tanpa layanan,Non-rumah sakit,17.44
Myanmar,MMR,2011,Air minum,Tanpa layanan,Nasional,7.96
Myanmar,MMR,2011,Air minum,Tanpa layanan,Perkotaan,1.1
Myanmar,MMR,2011,Air minum,Tanpa layanan,Perdesaan,13.64
Myanmar,MMR,2011,Air minum,Tanpa layanan,Rumah sakit,0.87
Myanmar,MMR,2011,Air minum,Tanpa layanan,Non-rumah sakit,17.44
Myanmar,MMR,2012,Air minum,Tanpa layanan,Nasional,7.96
Myanmar,MMR,2012,Air minum,Tanpa layanan,Perkotaan,1.1
Myanmar,MMR,2012,Air minum,Tanpa layanan,Perdesaan,13.64
Myanmar,MMR,2012,Air minum,Tanpa layanan,Rumah sakit,0.87
Myanmar,MMR,2012,Air minum,Tanpa layanan,Non-rumah sakit,17.44
Myanmar,MMR,2013,Air minum,Tanpa layanan,Nasional,7.96
Myanmar,MMR,2013,Air minum,Tanpa layanan,Perkotaan,1.1
Myanmar,MMR,2013,Air minum,Tanpa layanan,Perdesaan,13.64
Myanmar,MMR,2013,Air minum,Tanpa layanan,Rumah sakit,0.87
Myanmar,MMR,2013,Air minum,Tanpa layanan,Non-rumah sakit,17.44
Myanmar,MMR,2014,Air minum,Tanpa layanan,Nasional,7.96
Myanmar,MMR,2014,Air minum,Tanpa layanan,Perkotaan,1.1
Myanmar,MMR,2014,Air minum,Tanpa layanan,Perdesaan,13.64
Myanmar,MMR,2014,Air minum,Tanpa layanan,Rumah sakit,0.87
Myanmar,MMR,2014,Air minum,Tanpa layanan,Non-rumah sakit,17.44
Myanmar,MMR,2015,Air minum,Tanpa layanan,Nasional,7.96
Myanmar,MMR,2015,Air minum,Tanpa layanan,Perkotaan,1.1
Myanmar,MMR,2015,Air minum,Tanpa layanan,Perdesaan,13.64
Myanmar,MMR,2015,Air minum,Tanpa layanan,Rumah sakit,0.87
Myanmar,MMR,2015,Air minum,Tanpa layanan,Non-rumah sakit,17.44
Myanmar,MMR,2016,Air minum,Tanpa layanan,Nasional,7.96
Myanmar,MMR,2016,Air minum,Tanpa layanan,Perkotaan,1.1
Myanmar,MMR,2016,Air minum,Tanpa layanan,Perdesaan,13.64
Myanmar,MMR,2016,Air minum,Tanpa layanan,Rumah sakit,0.87
Myanmar,MMR,2016,Air minum,Tanpa layanan,Non-rumah sakit,17.44
Myanmar,MMR,2017,Air minum,Tanpa layanan,Nasional,7.96
Myanmar,MMR,2017,Air minum,Tanpa layanan,Perkotaan,1.1
Myanmar,MMR,2017,Air minum,Tanpa layanan,Perdesaan,13.64
Myanmar,MMR,2017,Air minum,Tanpa layanan,Rumah sakit,0.87
Myanmar,MMR,2017,Air minum,Tanpa layanan,Non-rumah sakit,17.44
Myanmar,MMR,2018,Air minum,Tanpa layanan,Nasional,7.96
Myanmar,MMR,2018,Air minum,Tanpa layanan,Perkotaan,1.1
Myanmar,MMR,2018,Air minum,Tanpa layanan,Perdesaan,13.64
Myanmar,MMR,2018,Air minum,Tanpa layanan,Rumah sakit,0.87
Myanmar,MMR,2018,Air minum,Tanpa layanan,Non-rumah sakit,17.44
Filipina,PHL,2000,Air minum,Tanpa layanan,Rumah sakit,0.0
Filipina,PHL,2001,Air minum,Tanpa layanan,Rumah sakit,0.0
Filipina,PHL,2002,Air minum,Tanpa layanan,Rumah sakit,0.0
Filipina,PHL,2003,Air minum,Tanpa layanan,Rumah sakit,0.0
Filipina,PHL,2004,Air minum,Tanpa layanan,Rumah sakit,0.0
Filipina,PHL,2005,Air minum,Tanpa layanan,Rumah sakit,0.0
Filipina,PHL,2006,Air minum,Tanpa layanan,Rumah sakit,0.0
Filipina,PHL,2007,Air minum,Tanpa layanan,Rumah sakit,0.0
Filipina,PHL,2008,Air minum,Tanpa layanan,Rumah sakit,0.0
Filipina,PHL,2009,Air minum,Tanpa layanan,Rumah sakit,0.0
Filipina,PHL,2010,Air minum,Tanpa layanan,Perdesaan,19.5
Filipina,PHL,2010,Air minum,Tanpa layanan,Rumah sakit,0.0
Filipina,PHL,2010,Air minum,Tanpa layanan,Non-rumah sakit,19.5
Filipina,PHL,2011,Air minum,Tanpa layanan,Perdesaan,19.5
Filipina,PHL,2011,Air minum,Tanpa layanan,Rumah sakit,0.0
Filipina,PHL,2011,Air minum,Tanpa layanan,Non-rumah sakit,19.5
Filipina,PHL,2012,Air minum,Tanpa layanan,Perdesaan,19.5
Filipina,PHL,2012,Air minum,Tanpa layanan,Rumah sakit,0.0
Filipina,PHL,2012,Air minum,Tanpa layanan,Non-rumah sakit,19.5
Filipina,PHL,2013,Air minum,Tanpa layanan,Perdesaan,19.5
Filipina,PHL,2013,Air minum,Tanpa layanan,Rumah sakit,0.0
Filipina,PHL,2013,Air minum,Tanpa layanan,Non-rumah sakit,19.5
Filipina,PHL,2014,Air minum,Tanpa layanan,Perdesaan,19.5
Filipina,PHL,2014,Air minum,Tanpa layanan,Rumah sakit,0.0
Filipina,PHL,2014,Air minum,Tanpa layanan,Non-rumah sakit,19.5
Filipina,PHL,2015,Air minum,Dasar,Rumah sakit,96.88
Filipina,PHL,2015,Air minum,Terbatas,Rumah sakit,3.12
Filipina,PHL,2015,Air minum,Tanpa layanan,Perdesaan,19.5
Filipina,PHL,2015,Air minum,Tanpa layanan,Rumah sakit,0.0
Filipina,PHL,2015,Air minum,Tanpa layanan,Non-rumah sakit,19.5
Filipina,PHL,2016,Air minum,Dasar,Rumah sakit,96.88
Filipina,PHL,2016,Air minum,Terbatas,Rumah sakit,3.12
Filipina,PHL,2016,Air minum,Tanpa layanan,Perdesaan,19.5
Filipina,PHL,2016,Air minum,Tanpa layanan,Rumah sakit,0.0
Filipina,PHL,2016,Air minum,Tanpa layanan,Non-rumah sakit,19.5
Filipina,PHL,2017,Air minum,Dasar,Rumah sakit,96.88
Filipina,PHL,2017,Air minum,Terbatas,Rumah sakit,3.12
Filipina,PHL,2017,Air minum,Tanpa layanan,Perdesaan,19.5
Filipina,PHL,2017,Air minum,Tanpa layanan,Rumah sakit,0.0
Filipina,PHL,2017,Air minum,Tanpa layanan,Non-rumah sakit,19.5
Filipina,PHL,2018,Air minum,Dasar,Rumah sakit,96.88
Filipina,PHL,2018,Air minum,Terbatas,Rumah sakit,3.12
Filipina,PHL,2018,Air minum,Tanpa layanan,Perdesaan,19.5
Filipina,PHL,2018,Air minum,Tanpa layanan,Rumah sakit,0.0
Filipina,PHL,2018,Air minum,Tanpa layanan,Non-rumah sakit,19.5
Filipina,PHL,2019,Air minum,Dasar,Nasional,92.16
Filipina,PHL,2019,Air minum,Dasar,Perkotaan,93.45
Filipina,PHL,2019,Air minum,Dasar,Perdesaan,80.11
Filipina,PHL,2019,Air minum,Dasar,Rumah sakit,93.27
Filipina,PHL,2019,Air minum,Dasar,Non-rumah sakit,80.2
Filipina,PHL,2019,Air minum,Terbatas,Rumah sakit,6.73
Filipina,PHL,2019,Air minum,Tanpa layanan,Rumah sakit,0.0
Filipina,PHL,2020,Air minum,Dasar,Nasional,92.16
Filipina,PHL,2020,Air minum,Dasar,Perkotaan,93.45
Filipina,PHL,2020,Air minum,Dasar,Perdesaan,83.94
Filipina,PHL,2020,Air minum,Dasar,Rumah sakit,93.27
Filipina,PHL,2020,Air minum,Dasar,Non-rumah sakit,84.04
Filipina,PHL,2020,Air minum,Terbatas,Rumah sakit,6.73
Filipina,PHL,2020,Air minum,Tanpa layanan,Rumah sakit,0.0
Filipina,PHL,2021,Air minum,Dasar,Nasional,92.16
Filipina,PHL,2021,Air minum,Dasar,Perkotaan,93.45
Filipina,PHL,2021,Air minum,Dasar,Perdesaan,87.76
Filipina,PHL,2021,Air minum,Dasar,Rumah sakit,93.27
Filipina,PHL,2021,Air minum,Dasar,Non-rumah sakit,87.88
Filipina,PHL,2021,Air minum,Terbatas,Rumah sakit,6.73
Filipina,PHL,2021,Air minum,Tanpa layanan,Rumah sakit,0.0
Filipina,PHL,2022,Air minum,Dasar,Nasional,92.16
Filipina,PHL,2022,Air minum,Dasar,Perkotaan,93.45
Filipina,PHL,2022,Air minum,Dasar,Perdesaan,89.73
Filipina,PHL,2022,Air minum,Dasar,Rumah sakit,93.27
Filipina,PHL,2022,Air minum,Dasar,Non-rumah sakit,88.89
Filipina,PHL,2022,Air minum,Terbatas,Rumah sakit,6.73
Filipina,PHL,2022,Air minum,Tanpa layanan,Rumah sakit,0.0
Filipina,PHL,2023,Air minum,Dasar,Nasional,92.16
Filipina,PHL,2023,Air minum,Dasar,Perkotaan,93.45
Filipina,PHL,2023,Air minum,Dasar,Perdesaan,89.73
Filipina,PHL,2023,Air minum,Dasar,Rumah sakit,93.27
Filipina,PHL,2023,Air minum,Dasar,Non-rumah sakit,88.89
Filipina,PHL,2023,Air minum,Terbatas,Rumah sakit,6.73
Filipina,PHL,2023,Air minum,Tanpa layanan,Rumah sakit,0.0
Singapura,SGP,2000,Air minum,Dasar,Nasional,100.0
Singapura,SGP,2000,Air minum,Dasar,Perkotaan,100.0
Singapura,SGP,2000,Air minum,Dasar,Perdesaan,-999.0
Singapura,SGP,2000,Air minum,Dasar,Rumah sakit,100.0
Singapura,SGP,2000,Air minum,Dasar,Non-rumah sakit,100.0
Singapura,SGP,2000,Air minum,Terbatas,Nasional,0.0
Singapura,SGP,2000,Air minum,Terbatas,Perkotaan,0.0
Singapura,SGP,2000,Air minum,Terbatas,Perdesaan,-999.0
Singapura,SGP,2000,Air minum,Terbatas,Rumah sakit,0.0
Singapura,SGP,2000,Air minum,Terbatas,Non-rumah sakit,0.0
Singapura,SGP,2000,Air minum,Tanpa layanan,Nasional,0.0
Singapura,SGP,2000,Air minum,Tanpa layanan,Perkotaan,0.0
Singapura,SGP,2000,Air minum,Tanpa layanan,Perdesaan,-999.0
Singapura,SGP,2000,Air minum,Tanpa layanan,Rumah sakit,0.0
Singapura,SGP,2000,Air minum,Tanpa layanan,Non-rumah sakit,0.0
Singapura,SGP,2001,Air minum,Dasar,Nasional,100.0
Singapura,SGP,2001,Air minum,Dasar,Perkotaan,100.0
Singapura,SGP,2001,Air minum,Dasar,Perdesaan,-999.0
Singapura,SGP,2001,Air minum,Dasar,Rumah sakit,100.0
Singapura,SGP,2001,Air minum,Dasar,Non-rumah sakit,100.0
Singapura,SGP,2001,Air minum,Terbatas,Nasional,0.0
Singapura,SGP,2001,Air minum,Terbatas,Perkotaan,0.0
Singapura,SGP,2001,Air minum,Terbatas,Perdesaan,-999.0
Singapura,SGP,2001,Air minum,Terbatas,Rumah sakit,0.0
Singapura,SGP,2001,Air minum,Terbatas,Non-rumah sakit,0.0
Singapura,SGP,2001,Air minum,Tanpa layanan,Nasional,0.0
Singapura,SGP,2001,Air minum,Tanpa layanan,Perkotaan,0.0
Singapura,SGP,2001,Air minum,Tanpa layanan,Perdesaan,-999.0
Singapura,SGP,2001,Air minum,Tanpa layanan,Rumah sakit,0.0
Singapura,SGP,2001,Air minum,Tanpa layanan,Non-rumah sakit,0.0
Singapura,SGP,2002,Air minum,Dasar,Nasional,100.0
Singapura,SGP,2002,Air minum,Dasar,Perkotaan,100.0
Singapura,SGP,2002,Air minum,Dasar,Perdesaan,-999.0
Singapura,SGP,2002,Air minum,Dasar,Rumah sakit,100.0
Singapura,SGP,2002,Air minum,Dasar,Non-rumah sakit,100.0
Singapura,SGP,2002,Air minum,Terbatas,Nasional,0.0
Singapura,SGP,2002,Air minum,Terbatas,Perkotaan,0.0
Singapura,SGP,2002,Air minum,Terbatas,Perdesaan,-999.0
Singapura,SGP,2002,Air minum,Terbatas,Rumah sakit,0.0
Singapura,SGP,2002,Air minum,Terbatas,Non-rumah sakit,0.0
Singapura,SGP,2002,Air minum,Tanpa layanan,Nasional,0.0
Singapura,SGP,2002,Air minum,Tanpa layanan,Perkotaan,0.0
Singapura,SGP,2002,Air minum,Tanpa layanan,Perdesaan,-999.0
Singapura,SGP,2002,Air minum,Tanpa layanan,Rumah sakit,0.0
Singapura,SGP,2002,Air minum,Tanpa layanan,Non-rumah sakit,0.0
Singapura,SGP,2003,Air minum,Dasar,Nasional,100.0
Singapura,SGP,2003,Air minum,Dasar,Perkotaan,100.0
Singapura,SGP,2003,Air minum,Dasar,Perdesaan,-999.0
Singapura,SGP,2003,Air minum,Dasar,Rumah sakit,100.0
Singapura,SGP,2003,Air minum,Dasar,Non-rumah sakit,100.0
Singapura,SGP,2003,Air minum,Terbatas,Nasional,0.0
Singapura,SGP,2003,Air minum,Terbatas,Perkotaan,0.0
Singapura,SGP,2003,Air minum,Terbatas,Perdesaan,-999.0
Singapura,SGP,2003,Air minum,Terbatas,Rumah sakit,0.0
Singapura,SGP,2003,Air minum,Terbatas,Non-rumah sakit,0.0
Singapura,SGP,2003,Air minum,Tanpa layanan,Nasional,0.0
Singapura,SGP,2003,Air minum,Tanpa layanan,Perkotaan,0.0
Singapura,SGP,2003,Air minum,Tanpa layanan,Perdesaan,-999.0
Singapura,SGP,2003,Air minum,Tanpa layanan,Rumah sakit,0.0
Singapura,SGP,2003,Air minum,Tanpa layanan,Non-rumah sakit,0.0
Singapura,SGP,2004,Air minum,Dasar,Nasional,100.0
Singapura,SGP,2004,Air minum,Dasar,Perkotaan,100.0
Singapura,SGP,2004,Air minum,Dasar,Perdesaan,-999.0
Singapura,SGP,2004,Air minum,Dasar,Rumah sakit,100.0
Singapura,SGP,2004,Air minum,Dasar,Non-rumah sakit,100.0
Singapura,SGP,2004,Air minum,Terbatas,Nasional,0.0
Singapura,SGP,2004,Air minum,Terbatas,Perkotaan,0.0
Singapura,SGP,2004,Air minum,Terbatas,Perdesaan,-999.0
Singapura,SGP,2004,Air minum,Terbatas,Rumah sakit,0.0
Singapura,SGP,2004,Air minum,Terbatas,Non-rumah sakit,0.0
Singapura,SGP,2004,Air minum,Tanpa layanan,Nasional,0.0
Singapura,SGP,2004,Air minum,Tanpa layanan,Perkotaan,0.0
Singapura,SGP,2004,Air minum,Tanpa layanan,Perdesaan,-999.0
Singapura,SGP,2004,Air minum,Tanpa layanan,Rumah sakit,0.0
Singapura,SGP,2004,Air minum,Tanpa layanan,Non-rumah sakit,0.0
Singapura,SGP,2005,Air minum,Dasar,Nasional,100.0
Singapura,SGP,2005,Air minum,Dasar,Perkotaan,100.0
Singapura,SGP,2005,Air minum,Dasar,Perdesaan,-999.0
Singapura,SGP,2005,Air minum,Dasar,Rumah sakit,100.0
Singapura,SGP,2005,Air minum,Dasar,Non-rumah sakit,100.0
Singapura,SGP,2005,Air minum,Terbatas,Nasional,0.0
Singapura,SGP,2005,Air minum,Terbatas,Perkotaan,0.0
Singapura,SGP,2005,Air minum,Terbatas,Perdesaan,-999.0
Singapura,SGP,2005,Air minum,Terbatas,Rumah sakit,0.0
Singapura,SGP,2005,Air minum,Terbatas,Non-rumah sakit,0.0
Singapura,SGP,2005,Air minum,Tanpa layanan,Nasional,0.0
Singapura,SGP,2005,Air minum,Tanpa layanan,Perkotaan,0.0
Singapura,SGP,2005,Air minum,Tanpa layanan,Perdesaan,-999.0
Singapura,SGP,2005,Air minum,Tanpa layanan,Rumah sakit,0.0
Singapura,SGP,2005,Air minum,Tanpa layanan,Non-rumah sakit,0.0
Singapura,SGP,2006,Air minum,Dasar,Nasional,100.0
Singapura,SGP,2006,Air minum,Dasar,Perkotaan,100.0
Singapura,SGP,2006,Air minum,Dasar,Perdesaan,-999.0
Singapura,SGP,2006,Air minum,Dasar,Rumah sakit,100.0
Singapura,SGP,2006,Air minum,Dasar,Non-rumah sakit,100.0
Singapura,SGP,2006,Air minum,Terbatas,Nasional,0.0
Singapura,SGP,2006,Air minum,Terbatas,Perkotaan,0.0
Singapura,SGP,2006,Air minum,Terbatas,Perdesaan,-999.0
Singapura,SGP,2006,Air minum,Terbatas,Rumah sakit,0.0
Singapura,SGP,2006,Air minum,Terbatas,Non-rumah sakit,0.0
Singapura,SGP,2006,Air minum,Tanpa layanan,Nasional,0.0
Singapura,SGP,2006,Air minum,Tanpa layanan,Perkotaan,0.0
Singapura,SGP,2006,Air minum,Tanpa layanan,Perdesaan,-999.0
Singapura,SGP,2006,Air minum,Tanpa layanan,Rumah sakit,0.0
Singapura,SGP,2006,Air minum,Tanpa layanan,Non-rumah sakit,0.0
Singapura,SGP,2007,Air minum,Dasar,Nasional,100.0
Singapura,SGP,2007,Air minum,Dasar,Perkotaan,100.0
Singapura,SGP,2007,Air minum,Dasar,Perdesaan,-999.0
Singapura,SGP,2007,Air minum,Dasar,Rumah sakit,100.0
Singapura,SGP,2007,Air minum,Dasar,Non-rumah sakit,100.0
Singapura,SGP,2007,Air minum,Terbatas,Nasional,0.0
Singapura,SGP,2007,Air minum,Terbatas,Perkotaan,0.0
Singapura,SGP,2007,Air minum,Terbatas,Perdesaan,-999.0
Singapura,SGP,2007,Air minum,Terbatas,Rumah sakit,0.0
Singapura,SGP,2007,Air minum,Terbatas,Non-rumah sakit,0.0
Singapura,SGP,2007,Air minum,Tanpa layanan,Nasional,0.0
Singapura,SGP,2007,Air minum,Tanpa layanan,Perkotaan,0.0
Singapura,SGP,2007,Air minum,Tanpa layanan,Perdesaan,-999.0
Singapura,SGP,2007,Air minum,Tanpa layanan,Rumah sakit,0.0
Singapura,SGP,2007,Air minum,Tanpa layanan,Non-rumah sakit,0.0
Singapura,SGP,2008,Air minum,Dasar,Nasional,100.0
Singapura,SGP,2008,Air minum,Dasar,Perkotaan,100.0
Singapura,SGP,2008,Air minum,Dasar,Perdesaan,-999.0
Singapura,SGP,2008,Air minum,Dasar,Rumah sakit,100.0
Singapura,SGP,2008,Air minum,Dasar,Non-rumah sakit,100.0
Singapura,SGP,2008,Air minum,Terbatas,Nasional,0.0
Singapura,SGP,2008,Air minum,Terbatas,Perkotaan,0.0
Singapura,SGP,2008,Air minum,Terbatas,Perdesaan,-999.0
Singapura,SGP,2008,Air minum,Terbatas,Rumah sakit,0.0
Singapura,SGP,2008,Air minum,Terbatas,Non-rumah sakit,0.0
Singapura,SGP,2008,Air minum,Tanpa layanan,Nasional,0.0
Singapura,SGP,2008,Air minum,Tanpa layanan,Perkotaan,0.0
Singapura,SGP,2008,Air minum,Tanpa layanan,Perdesaan,-999.0
Singapura,SGP,2008,Air minum,Tanpa layanan,Rumah sakit,0.0
Singapura,SGP,2008,Air minum,Tanpa layanan,Non-rumah sakit,0.0
Singapura,SGP,2009,Air minum,Dasar,Nasional,100.0
Singapura,SGP,2009,Air minum,Dasar,Perkotaan,100.0
Singapura,SGP,2009,Air minum,Dasar,Perdesaan,-999.0
Singapura,SGP,2009,Air minum,Dasar,Rumah sakit,100.0
Singapura,SGP,2009,Air minum,Dasar,Non-rumah sakit,100.0
Singapura,SGP,2009,Air minum,Terbatas,Nasional,0.0
Singapura,SGP,2009,Air minum,Terbatas,Perkotaan,0.0
Singapura,SGP,2009,Air minum,Terbatas,Perdesaan,-999.0
Singapura,SGP,2009,Air minum,Terbatas,Rumah sakit,0.0
Singapura,SGP,2009,Air minum,Terbatas,Non-rumah sakit,0.0
Singapura,SGP,2009,Air minum,Tanpa layanan,Nasional,0.0
Singapura,SGP,2009,Air minum,Tanpa layanan,Perkotaan,0.0
Singapura,SGP,2009,Air minum,Tanpa layanan,Perdesaan,-999.0
Singapura,SGP,2009,Air minum,Tanpa layanan,Rumah sakit,0.0
Singapura,SGP,2009,Air minum,Tanpa layanan,Non-rumah sakit,0.0
Singapura,SGP,2010,Air minum,Dasar,Nasional,100.0
Singapura,SGP,2010,Air minum,Dasar,Perkotaan,100.0
Singapura,SGP,2010,Air minum,Dasar,Perdesaan,-999.0
Singapura,SGP,2010,Air minum,Dasar,Rumah sakit,100.0
Singapura,SGP,2010,Air minum,Dasar,Non-rumah sakit,100.0
Singapura,SGP,2010,Air minum,Terbatas,Nasional,0.0
Singapura,SGP,2010,Air minum,Terbatas,Perkotaan,0.0
Singapura,SGP,2010,Air minum,Terbatas,Perdesaan,-999.0
Singapura,SGP,2010,Air minum,Terbatas,Rumah sakit,0.0
Singapura,SGP,2010,Air minum,Terbatas,Non-rumah sakit,0.0
Singapura,SGP,2010,Air minum,Tanpa layanan,Nasional,0.0
Singapura,SGP,2010,Air minum,Tanpa layanan,Perkotaan,0.0
Singapura,SGP,2010,Air minum,Tanpa layanan,Perdesaan,-999.0
Singapura,SGP,2010,Air minum,Tanpa layanan,Rumah sakit,0.0
Singapura,SGP,2010,Air minum,Tanpa layanan,Non-rumah sakit,0.0
Singapura,SGP,2011,Air minum,Dasar,Nasional,100.0
Singapura,SGP,2011,Air minum,Dasar,Perkotaan,100.0
Singapura,SGP,2011,Air minum,Dasar,Perdesaan,-999.0
Singapura,SGP,2011,Air minum,Dasar,Rumah sakit,100.0
Singapura,SGP,2011,Air minum,Dasar,Non-rumah sakit,100.0
Singapura,SGP,2011,Air minum,Terbatas,Nasional,0.0
Singapura,SGP,2011,Air minum,Terbatas,Perkotaan,0.0
Singapura,SGP,2011,Air minum,Terbatas,Perdesaan,-999.0
Singapura,SGP,2011,Air minum,Terbatas,Rumah sakit,0.0
Singapura,SGP,2011,Air minum,Terbatas,Non-rumah sakit,0.0
Singapura,SGP,2011,Air minum,Tanpa layanan,Nasional,0.0
Singapura,SGP,2011,Air minum,Tanpa layanan,Perkotaan,0.0
Singapura,SGP,2011,Air minum,Tanpa layanan,Perdesaan,-999.0
Singapura,SGP,2011,Air minum,Tanpa layanan,Rumah sakit,0.0
Singapura,SGP,2011,Air minum,Tanpa layanan,Non-rumah sakit,0.0
Singapura,SGP,2012,Air minum,Dasar,Nasional,100.0
Singapura,SGP,2012,Air minum,Dasar,Perkotaan,100.0
Singapura,SGP,2012,Air minum,Dasar,Perdesaan,-999.0
Singapura,SGP,2012,Air minum,Dasar,Rumah sakit,100.0
Singapura,SGP,2012,Air minum,Dasar,Non-rumah sakit,100.0
Singapura,SGP,2012,Air minum,Terbatas,Nasional,0.0
Singapura,SGP,2012,Air minum,Terbatas,Perkotaan,0.0
Singapura,SGP,2012,Air minum,Terbatas,Perdesaan,-999.0
Singapura,SGP,2012,Air minum,Terbatas,Rumah sakit,0.0
Singapura,SGP,2012,Air minum,Terbatas,Non-rumah sakit,0.0
Singapura,SGP,2012,Air minum,Tanpa layanan,Nasional,0.0
Singapura,SGP,2012,Air minum,Tanpa layanan,Perkotaan,0.0
Singapura,SGP,2012,Air minum,Tanpa layanan,Perdesaan,-999.0
Singapura,SGP,2012,Air minum,Tanpa layanan,Rumah sakit,0.0
Singapura,SGP,2012,Air minum,Tanpa layanan,Non-rumah sakit,0.0
Singapura,SGP,2013,Air minum,Dasar,Nasional,100.0
Singapura,SGP,2013,Air minum,Dasar,Perkotaan,100.0
Singapura,SGP,2013,Air minum,Dasar,Perdesaan,-999.0
Singapura,SGP,2013,Air minum,Dasar,Rumah sakit,100.0
Singapura,SGP,2013,Air minum,Dasar,Non-rumah sakit,100.0
Singapura,SGP,2013,Air minum,Terbatas,Nasional,0.0
Singapura,SGP,2013,Air minum,Terbatas,Perkotaan,0.0
Singapura,SGP,2013,Air minum,Terbatas,Perdesaan,-999.0
Singapura,SGP,2013,Air minum,Terbatas,Rumah sakit,0.0
Singapura,SGP,2013,Air minum,Terbatas,Non-rumah sakit,0.0
Singapura,SGP,2013,Air minum,Tanpa layanan,Nasional,0.0
Singapura,SGP,2013,Air minum,Tanpa layanan,Perkotaan,0.0
Singapura,SGP,2013,Air minum,Tanpa layanan,Perdesaan,-999.0
Singapura,SGP,2013,Air minum,Tanpa layanan,Rumah sakit,0.0
Singapura,SGP,2013,Air minum,Tanpa layanan,Non-rumah sakit,0.0
Singapura,SGP,2014,Air minum,Dasar,Nasional,100.0
Singapura,SGP,2014,Air minum,Dasar,Perkotaan,100.0
Singapura,SGP,2014,Air minum,Dasar,Perdesaan,-999.0
Singapura,SGP,2014,Air minum,Dasar,Rumah sakit,100.0
Singapura,SGP,2014,Air minum,Dasar,Non-rumah sakit,100.0
Singapura,SGP,2014,Air minum,Terbatas,Nasional,0.0
Singapura,SGP,2014,Air minum,Terbatas,Perkotaan,0.0
Singapura,SGP,2014,Air minum,Terbatas,Perdesaan,-999.0
Singapura,SGP,2014,Air minum,Terbatas,Rumah sakit,0.0
Singapura,SGP,2014,Air minum,Terbatas,Non-rumah sakit,0.0
Singapura,SGP,2014,Air minum,Tanpa layanan,Nasional,0.0
Singapura,SGP,2014,Air minum,Tanpa layanan,Perkotaan,0.0
Singapura,SGP,2014,Air minum,Tanpa layanan,Perdesaan,-999.0
Singapura,SGP,2014,Air minum,Tanpa layanan,Rumah sakit,0.0
Singapura,SGP,2014,Air minum,Tanpa layanan,Non-rumah sakit,0.0
Singapura,SGP,2015,Air minum,Dasar,Nasional,100.0
Singapura,SGP,2015,Air minum,Dasar,Perkotaan,100.0
Singapura,SGP,2015,Air minum,Dasar,Perdesaan,-999.0
Singapura,SGP,2015,Air minum,Dasar,Rumah sakit,100.0
Singapura,SGP,2015,Air minum,Dasar,Non-rumah sakit,100.0
Singapura,SGP,2015,Air minum,Terbatas,Nasional,0.0
Singapura,SGP,2015,Air minum,Terbatas,Perkotaan,0.0
Singapura,SGP,2015,Air minum,Terbatas,Perdesaan,-999.0
Singapura,SGP,2015,Air minum,Terbatas,Rumah sakit,0.0
Singapura,SGP,2015,Air minum,Terbatas,Non-rumah sakit,0.0
Singapura,SGP,2015,Air minum,Tanpa layanan,Nasional,0.0
Singapura,SGP,2015,Air minum,Tanpa layanan,Perkotaan,0.0
Singapura,SGP,2015,Air minum,Tanpa layanan,Perdesaan,-999.0
Singapura,SGP,2015,Air minum,Tanpa layanan,Rumah sakit,0.0
Singapura,SGP,2015,Air minum,Tanpa layanan,Non-rumah sakit,0.0
Singapura,SGP,2016,Air minum,Dasar,Nasional,100.0
Singapura,SGP,2016,Air minum,Dasar,Perkotaan,100.0
Singapura,SGP,2016,Air minum,Dasar,Perdesaan,-999.0
Singapura,SGP,2016,Air minum,Dasar,Rumah sakit,100.0
Singapura,SGP,2016,Air minum,Dasar,Non-rumah sakit,100.0
Singapura,SGP,2016,Air minum,Terbatas,Nasional,0.0
Singapura,SGP,2016,Air minum,Terbatas,Perkotaan,0.0
Singapura,SGP,2016,Air minum,Terbatas,Perdesaan,-999.0
Singapura,SGP,2016,Air minum,Terbatas,Rumah sakit,0.0
Singapura,SGP,2016,Air minum,Terbatas,Non-rumah sakit,0.0
Singapura,SGP,2016,Air minum,Tanpa layanan,Nasional,0.0
Singapura,SGP,2016,Air minum,Tanpa layanan,Perkotaan,0.0
Singapura,SGP,2016,Air minum,Tanpa layanan,Perdesaan,-999.0
Singapura,SGP,2016,Air minum,Tanpa layanan,Rumah sakit,0.0
Singapura,SGP,2016,Air minum,Tanpa layanan,Non-rumah sakit,0.0
Singapura,SGP,2017,Air minum,Dasar,Nasional,100.0
Singapura,SGP,2017,Air minum,Dasar,Perkotaan,100.0
Singapura,SGP,2017,Air minum,Dasar,Perdesaan,-999.0
Singapura,SGP,2017,Air minum,Dasar,Rumah sakit,100.0
Singapura,SGP,2017,Air minum,Dasar,Non-rumah sakit,100.0
Singapura,SGP,2017,Air minum,Terbatas,Nasional,0.0
Singapura,SGP,2017,Air minum,Terbatas,Perkotaan,0.0
Singapura,SGP,2017,Air minum,Terbatas,Perdesaan,-999.0
Singapura,SGP,2017,Air minum,Terbatas,Rumah sakit,0.0
Singapura,SGP,2017,Air minum,Terbatas,Non-rumah sakit,0.0
Singapura,SGP,2017,Air minum,Tanpa layanan,Nasional,0.0
Singapura,SGP,2017,Air minum,Tanpa layanan,Perkotaan,0.0
Singapura,SGP,2017,Air minum,Tanpa layanan,Perdesaan,-999.0
Singapura,SGP,2017,Air minum,Tanpa layanan,Rumah sakit,0.0
Singapura,SGP,2017,Air minum,Tanpa layanan,Non-rumah sakit,0.0
Singapura,SGP,2018,Air minum,Dasar,Nasional,100.0
Singapura,SGP,2018,Air minum,Dasar,Perkotaan,100.0
Singapura,SGP,2018,Air minum,Dasar,Perdesaan,-999.0
Singapura,SGP,2018,Air minum,Dasar,Rumah sakit,100.0
Singapura,SGP,2018,Air minum,Dasar,Non-rumah sakit,100.0
Singapura,SGP,2018,Air minum,Terbatas,Nasional,0.0
Singapura,SGP,2018,Air minum,Terbatas,Perkotaan,0.0
Singapura,SGP,2018,Air minum,Terbatas,Perdesaan,-999.0
Singapura,SGP,2018,Air minum,Terbatas,Rumah sakit,0.0
Singapura,SGP,2018,Air minum,Terbatas,Non-rumah sakit,0.0
Singapura,SGP,2018,Air minum,Tanpa layanan,Nasional,0.0
Singapura,SGP,2018,Air minum,Tanpa layanan,Perkotaan,0.0
Singapura,SGP,2018,Air minum,Tanpa layanan,Perdesaan,-999.0
Singapura,SGP,2018,Air minum,Tanpa layanan,Rumah sakit,0.0
Singapura,SGP,2018,Air minum,Tanpa layanan,Non-rumah sakit,0.0
Singapura,SGP,2019,Air minum,Dasar,Nasional,100.0
Singapura,SGP,2019,Air minum,Dasar,Perkotaan,100.0
Singapura,SGP,2019,Air minum,Dasar,Perdesaan,-999.0
Singapura,SGP,2019,Air minum,Dasar,Rumah sakit,100.0
Singapura,SGP,2019,Air minum,Dasar,Non-rumah sakit,100.0
Singapura,SGP,2019,Air minum,Terbatas,Nasional,0.0
Singapura,SGP,2019,Air minum,Terbatas,Perkotaan,0.0
Singapura,SGP,2019,Air minum,Terbatas,Perdesaan,-999.0
Singapura,SGP,2019,Air minum,Terbatas,Rumah sakit,0.0
Singapura,SGP,2019,Air minum,Terbatas,Non-rumah sakit,0.0
Singapura,SGP,2019,Air minum,Tanpa layanan,Nasional,0.0
Singapura,SGP,2019,Air minum,Tanpa layanan,Perkotaan,0.0
Singapura,SGP,2019,Air minum,Tanpa layanan,Perdesaan,-999.0
Singapura,SGP,2019,Air minum,Tanpa layanan,Rumah sakit,0.0
Singapura,SGP,2019,Air minum,Tanpa layanan,Non-rumah sakit,0.0
Singapura,SGP,2020,Air minum,Dasar,Nasional,100.0
Singapura,SGP,2020,Air minum,Dasar,Perkotaan,100.0
Singapura,SGP,2020,Air minum,Dasar,Perdesaan,-999.0
Singapura,SGP,2020,Air minum,Dasar,Rumah sakit,100.0
Singapura,SGP,2020,Air minum,Dasar,Non-rumah sakit,100.0
Singapura,SGP,2020,Air minum,Terbatas,Nasional,0.0
Singapura,SGP,2020,Air minum,Terbatas,Perkotaan,0.0
Singapura,SGP,2020,Air minum,Terbatas,Perdesaan,-999.0
Singapura,SGP,2020,Air minum,Terbatas,Rumah sakit,0.0
Singapura,SGP,2020,Air minum,Terbatas,Non-rumah sakit,0.0
Singapura,SGP,2020,Air minum,Tanpa layanan,Nasional,0.0
Singapura,SGP,2020,Air minum,Tanpa layanan,Perkotaan,0.0
Singapura,SGP,2020,Air minum,Tanpa layanan,Perdesaan,-999.0
Singapura,SGP,2020,Air minum,Tanpa layanan,Rumah sakit,0.0
Singapura,SGP,2020,Air minum,Tanpa layanan,Non-rumah sakit,0.0
Singapura,SGP,2021,Air minum,Dasar,Nasional,100.0
Singapura,SGP,2021,Air minum,Dasar,Perkotaan,100.0
Singapura,SGP,2021,Air minum,Dasar,Perdesaan,-999.0
Singapura,SGP,2021,Air minum,Dasar,Rumah sakit,100.0
Singapura,SGP,2021,Air minum,Dasar,Non-rumah sakit,100.0
Singapura,SGP,2021,Air minum,Terbatas,Nasional,0.0
Singapura,SGP,2021,Air minum,Terbatas,Perkotaan,0.0
Singapura,SGP,2021,Air minum,Terbatas,Perdesaan,-999.0
Singapura,SGP,2021,Air minum,Terbatas,Rumah sakit,0.0
Singapura,SGP,2021,Air minum,Terbatas,Non-rumah sakit,0.0
Singapura,SGP,2021,Air minum,Tanpa layanan,Nasional,0.0
Singapura,SGP,2021,Air minum,Tanpa layanan,Perkotaan,0.0
Singapura,SGP,2021,Air minum,Tanpa layanan,Perdesaan,-999.0
Singapura,SGP,2021,Air minum,Tanpa layanan,Rumah sakit,0.0
Singapura,SGP,2021,Air minum,Tanpa layanan,Non-rumah sakit,0.0
Singapura,SGP,2022,Air minum,Dasar,Nasional,100.0
Singapura,SGP,2022,Air minum,Dasar,Perkotaan,100.0
Singapura,SGP,2022,Air minum,Dasar,Perdesaan,-999.0
Singapura,SGP,2022,Air minum,Dasar,Rumah sakit,100.0
Singapura,SGP,2022,Air minum,Dasar,Non-rumah sakit,100.0
Singapura,SGP,2022,Air minum,Terbatas,Nasional,0.0
Singapura,SGP,2022,Air minum,Terbatas,Perkotaan,0.0
Singapura,SGP,2022,Air minum,Terbatas,Perdesaan,-999.0
Singapura,SGP,2022,Air minum,Terbatas,Rumah sakit,0.0
Singapura,SGP,2022,Air minum,Terbatas,Non-rumah sakit,0.0
Singapura,SGP,2022,Air minum,Tanpa layanan,Nasional,0.0
Singapura,SGP,2022,Air minum,Tanpa layanan,Perkotaan,0.0
Singapura,SGP,2022,Air minum,Tanpa layanan,Perdesaan,-999.0
Singapura,SGP,2022,Air minum,Tanpa layanan,Rumah sakit,0.0
Singapura,SGP,2022,Air minum,Tanpa layanan,Non-rumah sakit,0.0
Singapura,SGP,2023,Air minum,Dasar,Nasional,100.0
Singapura,SGP,2023,Air minum,Dasar,Perkotaan,100.0
Singapura,SGP,2023,Air minum,Dasar,Perdesaan,-999.0
Singapura,SGP,2023,Air minum,Dasar,Rumah sakit,100.0
Singapura,SGP,2023,Air minum,Dasar,Non-rumah sakit,100.0
Singapura,SGP,2023,Air minum,Terbatas,Nasional,0.0
Singapura,SGP,2023,Air minum,Terbatas,Perkotaan,0.0
Singapura,SGP,2023,Air minum,Terbatas,Perdesaan,-999.0
Singapura,SGP,2023,Air minum,Terbatas,Rumah sakit,0.0
Singapura,SGP,2023,Air minum,Terbatas,Non-rumah sakit,0.0
Singapura,SGP,2023,Air minum,Tanpa layanan,Nasional,0.0
Singapura,SGP,2023,Air minum,Tanpa layanan,Perkotaan,0.0
Singapura,SGP,2023,Air minum,Tanpa layanan,Perdesaan,-999.0
Singapura,SGP,2023,Air minum,Tanpa layanan,Rumah sakit,0.0
Singapura,SGP,2023,Air minum,Tanpa layanan,Non-rumah sakit,0.0
Thailand,THA,2014,Air minum,Dasar,Nasional,87.52
Thailand,THA,2014,Air minum,Dasar,Rumah sakit,92.5
Thailand,THA,2014,Air minum,Dasar,Non-rumah sakit,81.6
Thailand,THA,2015,Air minum,Dasar,Nasional,87.52
Thailand,THA,2015,Air minum,Dasar,Rumah sakit,92.5
Thailand,THA,2015,Air minum,Dasar,Non-rumah sakit,81.6
Thailand,THA,2016,Air minum,Dasar,Nasional,87.52
Thailand,THA,2016,Air minum,Dasar,Rumah sakit,92.5
Thailand,THA,2016,Air minum,Dasar,Non-rumah sakit,81.6
Thailand,THA,2017,Air minum,Dasar,Nasional,87.52
Thailand,THA,2017,Air minum,Dasar,Rumah sakit,92.5
Thailand,THA,2017,Air minum,Dasar,Non-rumah sakit,81.6
Thailand,THA,2018,Air minum,Dasar,Nasional,87.52
Thailand,THA,2018,Air minum,Dasar,Rumah sakit,92.5
Thailand,THA,2018,Air minum,Dasar,Non-rumah sakit,81.6
Thailand,THA,2019,Air minum,Dasar,Nasional,87.52
Thailand,THA,2019,Air minum,Dasar,Rumah sakit,92.5
Thailand,THA,2019,Air minum,Dasar,Non-rumah sakit,81.6
Thailand,THA,2020,Air minum,Dasar,Nasional,87.52
Thailand,THA,2020,Air minum,Dasar,Rumah sakit,92.5
Thailand,THA,2020,Air minum,Dasar,Non-rumah sakit,81.6
Thailand,THA,2021,Air minum,Dasar,Nasional,87.52
Thailand,THA,2021,Air minum,Dasar,Rumah sakit,92.5
Thailand,THA,2021,Air minum,Dasar,Non-rumah sakit,81.6
Thailand,THA,2022,Air minum,Dasar,Nasional,87.52
Thailand,THA,2022,Air minum,Dasar,Rumah sakit,92.5
Thailand,THA,2022,Air minum,Dasar,Non-rumah sakit,81.6
Vietnam,VNM,2000,Air minum,Tanpa layanan,Perkotaan,0.5
Vietnam,VNM,2001,Air minum,Tanpa layanan,Perkotaan,0.5
Vietnam,VNM,2002,Air minum,Tanpa layanan,Perkotaan,0.5
Vietnam,VNM,2003,Air minum,Tanpa layanan,Perkotaan,0.5
Vietnam,VNM,2004,Air minum,Tanpa layanan,Perkotaan,0.5
Vietnam,VNM,2005,Air minum,Tanpa layanan,Perkotaan,0.5
Vietnam,VNM,2006,Air minum,Tanpa layanan,Perkotaan,0.5
Vietnam,VNM,2007,Air minum,Tanpa layanan,Perkotaan,0.5
Vietnam,VNM,2008,Air minum,Tanpa layanan,Nasional,2.4
Vietnam,VNM,2008,Air minum,Tanpa layanan,Perkotaan,0.5
Vietnam,VNM,2009,Air minum,Tanpa layanan,Nasional,2.4
Vietnam,VNM,2009,Air minum,Tanpa layanan,Perkotaan,0.5
Vietnam,VNM,2010,Air minum,Dasar,Nasional,50.62
Vietnam,VNM,2010,Air minum,Dasar,Rumah sakit,46.15
Vietnam,VNM,2010,Air minum,Dasar,Non-rumah sakit,52.03
Vietnam,VNM,2010,Air minum,Terbatas,Nasional,46.99
Vietnam,VNM,2010,Air minum,Terbatas,Rumah sakit,52.56
Vietnam,VNM,2010,Air minum,Terbatas,Non-rumah sakit,43.9
Vietnam,VNM,2010,Air minum,Tanpa layanan,Nasional,2.4
Vietnam,VNM,2010,Air minum,Tanpa layanan,Perkotaan,0.5
Vietnam,VNM,2010,Air minum,Tanpa layanan,Rumah sakit,1.28
Vietnam,VNM,2010,Air minum,Tanpa layanan,Non-rumah sakit,4.07
Vietnam,VNM,2011,Air minum,Dasar,Nasional,50.62
Vietnam,VNM,2011,Air minum,Dasar,Rumah sakit,46.15
Vietnam,VNM,2011,Air minum,Dasar,Non-rumah sakit,52.03
Vietnam,VNM,2011,Air minum,Terbatas,Nasional,46.99
Vietnam,VNM,2011,Air minum,Terbatas,Rumah sakit,52.56
Vietnam,VNM,2011,Air minum,Terbatas,Non-rumah sakit,43.9
Vietnam,VNM,2011,Air minum,Tanpa layanan,Nasional,2.4
Vietnam,VNM,2011,Air minum,Tanpa layanan,Perkotaan,0.5
Vietnam,VNM,2011,Air minum,Tanpa layanan,Rumah sakit,1.28
Vietnam,VNM,2011,Air minum,Tanpa layanan,Non-rumah sakit,4.07
Vietnam,VNM,2012,Air minum,Dasar,Nasional,50.62
Vietnam,VNM,2012,Air minum,Dasar,Rumah sakit,46.15
Vietnam,VNM,2012,Air minum,Dasar,Non-rumah sakit,52.03
Vietnam,VNM,2012,Air minum,Terbatas,Nasional,46.99
Vietnam,VNM,2012,Air minum,Terbatas,Rumah sakit,52.56
Vietnam,VNM,2012,Air minum,Terbatas,Non-rumah sakit,43.9
Vietnam,VNM,2012,Air minum,Tanpa layanan,Nasional,2.4
Vietnam,VNM,2012,Air minum,Tanpa layanan,Perkotaan,0.5
Vietnam,VNM,2012,Air minum,Tanpa layanan,Perdesaan,2.1
Vietnam,VNM,2012,Air minum,Tanpa layanan,Rumah sakit,1.28
Vietnam,VNM,2012,Air minum,Tanpa layanan,Non-rumah sakit,4.07
Vietnam,VNM,2013,Air minum,Dasar,Nasional,50.62
Vietnam,VNM,2013,Air minum,Dasar,Rumah sakit,46.15
Vietnam,VNM,2013,Air minum,Dasar,Non-rumah sakit,52.03
Vietnam,VNM,2013,Air minum,Terbatas,Nasional,46.99
Vietnam,VNM,2013,Air minum,Terbatas,Rumah sakit,52.56
Vietnam,VNM,2013,Air minum,Terbatas,Non-rumah sakit,43.9
Vietnam,VNM,2013,Air minum,Tanpa layanan,Nasional,2.4
Vietnam,VNM,2013,Air minum,Tanpa layanan,Perkotaan,0.5
Vietnam,VNM,2013,Air minum,Tanpa layanan,Perdesaan,2.1
Vietnam,VNM,2013,Air minum,Tanpa layanan,Rumah sakit,1.28
Vietnam,VNM,2013,Air minum,Tanpa layanan,Non-rumah sakit,4.07
Vietnam,VNM,2014,Air minum,Dasar,Nasional,50.62
Vietnam,VNM,2014,Air minum,Dasar,Rumah sakit,46.15
Vietnam,VNM,2014,Air minum,Dasar,Non-rumah sakit,52.03
Vietnam,VNM,2014,Air minum,Terbatas,Nasional,46.99
Vietnam,VNM,2014,Air minum,Terbatas,Rumah sakit,52.56
Vietnam,VNM,2014,Air minum,Terbatas,Non-rumah sakit,43.9
Vietnam,VNM,2014,Air minum,Tanpa layanan,Nasional,2.4
Vietnam,VNM,2014,Air minum,Tanpa layanan,Perkotaan,0.5
Vietnam,VNM,2014,Air minum,Tanpa layanan,Perdesaan,2.1
Vietnam,VNM,2014,Air minum,Tanpa layanan,Rumah sakit,1.28
Vietnam,VNM,2014,Air minum,Tanpa layanan,Non-rumah sakit,4.07
Vietnam,VNM,2015,Air minum,Dasar,Nasional,50.62
Vietnam,VNM,2015,Air minum,Dasar,Rumah sakit,46.15
Vietnam,VNM,2015,Air minum,Dasar,Non-rumah sakit,52.03
Vietnam,VNM,2015,Air minum,Terbatas,Nasional,46.99
Vietnam,VNM,2015,Air minum,Terbatas,Rumah sakit,52.56
Vietnam,VNM,2015,Air minum,Terbatas,Non-rumah sakit,43.9
Vietnam,VNM,2015,Air minum,Tanpa layanan,Nasional,2.4
Vietnam,VNM,2015,Air minum,Tanpa layanan,Perkotaan,0.5
Vietnam,VNM,2015,Air minum,Tanpa layanan,Perdesaan,2.1
Vietnam,VNM,2015,Air minum,Tanpa layanan,Rumah sakit,1.28
Vietnam,VNM,2015,Air minum,Tanpa layanan,Non-rumah sakit,4.07
Vietnam,VNM,2016,Air minum,Dasar,Nasional,50.62
Vietnam,VNM,2016,Air minum,Dasar,Rumah sakit,46.15
Vietnam,VNM,2016,Air minum,Dasar,Non-rumah sakit,52.03
Vietnam,VNM,2016,Air minum,Terbatas,Nasional,46.99
Vietnam,VNM,2016,Air minum,Terbatas,Rumah sakit,52.56
Vietnam,VNM,2016,Air minum,Terbatas,Non-rumah sakit,43.9
Vietnam,VNM,2016,Air minum,Tanpa layanan,Nasional,2.4
Vietnam,VNM,2016,Air minum,Tanpa layanan,Perkotaan,0.5
Vietnam,VNM,2016,Air minum,Tanpa layanan,Perdesaan,2.1
Vietnam,VNM,2016,Air minum,Tanpa layanan,Rumah sakit,1.28
Vietnam,VNM,2016,Air minum,Tanpa layanan,Non-rumah sakit,4.07
Vietnam,VNM,2017,Air minum,Dasar,Nasional,50.62
Vietnam,VNM,2017,Air minum,Dasar,Rumah sakit,46.15
Vietnam,VNM,2017,Air minum,Dasar,Non-rumah sakit,52.03
Vietnam,VNM,2017,Air minum,Terbatas,Nasional,46.99
Vietnam,VNM,2017,Air minum,Terbatas,Rumah sakit,52.56
Vietnam,VNM,2017,Air minum,Terbatas,Non-rumah sakit,43.9
Vietnam,VNM,2017,Air minum,Tanpa layanan,Nasional,2.4
Vietnam,VNM,2017,Air minum,Tanpa layanan,Perkotaan,0.5
Vietnam,VNM,2017,Air minum,Tanpa layanan,Perdesaan,2.1
Vietnam,VNM,2017,Air minum,Tanpa layanan,Rumah sakit,1.28
Vietnam,VNM,2017,Air minum,Tanpa layanan,Non-rumah sakit,4.07
Vietnam,VNM,2018,Air minum,Dasar,Nasional,50.62
Vietnam,VNM,2018,Air minum,Dasar,Rumah sakit,46.15
Vietnam,VNM,2018,Air minum,Dasar,Non-rumah sakit,52.03
Vietnam,VNM,2018,Air minum,Terbatas,Nasional,46.99
Vietnam,VNM,2018,Air minum,Terbatas,Rumah sakit,52.56
Vietnam,VNM,2018,Air minum,Terbatas,Non-rumah sakit,43.9
Vietnam,VNM,2018,Air minum,Tanpa layanan,Nasional,2.4
Vietnam,VNM,2018,Air minum,Tanpa layanan,Perkotaan,0.5
Vietnam,VNM,2018,Air minum,Tanpa layanan,Perdesaan,2.1
Vietnam,VNM,2018,Air minum,Tanpa layanan,Rumah sakit,1.28
Vietnam,VNM,2018,Air minum,Tanpa layanan,Non-rumah sakit,4.07
Vietnam,VNM,2019,Air minum,Tanpa layanan,Nasional,2.4
Vietnam,VNM,2019,Air minum,Tanpa layanan,Perkotaan,0.5
Vietnam,VNM,2019,Air minum,Tanpa layanan,Perdesaan,2.1
Vietnam,VNM,2020,Air minum,Tanpa layanan,Nasional,2.4
Vietnam,VNM,2020,Air minum,Tanpa layanan,Perkotaan,0.5
Vietnam,VNM,2020,Air minum,Tanpa layanan,Perdesaan,2.1
Vietnam,VNM,2021,Air minum,Tanpa layanan,Nasional,2.4
Vietnam,VNM,2021,Air minum,Tanpa layanan,Perkotaan,0.5
Vietnam,VNM,2022,Air minum,Tanpa layanan,Nasional,2.4
Vietnam,VNM,2022,Air minum,Tanpa layanan,Perkotaan,0.5
Vietnam,VNM,2023,Air minum,Tanpa layanan,Perkotaan,0.5
Kamboja,KHM,2000,Sanitasi,Tanpa layanan,Perkotaan,0.0
Kamboja,KHM,2000,Sanitasi,Tanpa layanan,Perdesaan,0.0
Kamboja,KHM,2000,Sanitasi,Tanpa layanan,Rumah sakit,0.0
Kamboja,KHM,2000,Sanitasi,Tanpa layanan,Non-rumah sakit,0.0
Kamboja,KHM,2001,Sanitasi,Tanpa layanan,Perkotaan,0.0
Kamboja,KHM,2001,Sanitasi,Tanpa layanan,Perdesaan,0.0
Kamboja,KHM,2001,Sanitasi,Tanpa layanan,Rumah sakit,0.0
Kamboja,KHM,2001,Sanitasi,Tanpa layanan,Non-rumah sakit,0.0
Kamboja,KHM,2002,Sanitasi,Tanpa layanan,Perkotaan,0.0
Kamboja,KHM,2002,Sanitasi,Tanpa layanan,Perdesaan,0.0
Kamboja,KHM,2002,Sanitasi,Tanpa layanan,Rumah sakit,0.0
Kamboja,KHM,2002,Sanitasi,Tanpa layanan,Non-rumah sakit,0.0
Kamboja,KHM,2003,Sanitasi,Tanpa layanan,Perkotaan,0.0
Kamboja,KHM,2003,Sanitasi,Tanpa layanan,Perdesaan,0.0
Kamboja,KHM,2003,Sanitasi,Tanpa layanan,Rumah sakit,0.0
Kamboja,KHM,2003,Sanitasi,Tanpa layanan,Non-rumah sakit,0.0
Kamboja,KHM,2004,Sanitasi,Tanpa layanan,Perkotaan,0.0
Kamboja,KHM,2004,Sanitasi,Tanpa layanan,Perdesaan,0.0
Kamboja,KHM,2004,Sanitasi,Tanpa layanan,Rumah sakit,0.0
Kamboja,KHM,2004,Sanitasi,Tanpa layanan,Non-rumah sakit,0.0
Kamboja,KHM,2005,Sanitasi,Tanpa layanan,Perkotaan,0.0
Kamboja,KHM,2005,Sanitasi,Tanpa layanan,Perdesaan,0.0
Kamboja,KHM,2005,Sanitasi,Tanpa layanan,Rumah sakit,0.0
Kamboja,KHM,2005,Sanitasi,Tanpa layanan,Non-rumah sakit,0.0
Kamboja,KHM,2006,Sanitasi,Tanpa layanan,Perkotaan,0.0
Kamboja,KHM,2006,Sanitasi,Tanpa layanan,Perdesaan,0.0
Kamboja,KHM,2006,Sanitasi,Tanpa layanan,Rumah sakit,0.0
Kamboja,KHM,2006,Sanitasi,Tanpa layanan,Non-rumah sakit,0.0
Kamboja,KHM,2007,Sanitasi,Tanpa layanan,Perkotaan,0.0
Kamboja,KHM,2007,Sanitasi,Tanpa layanan,Perdesaan,0.0
Kamboja,KHM,2007,Sanitasi,Tanpa layanan,Rumah sakit,0.0
Kamboja,KHM,2007,Sanitasi,Tanpa layanan,Non-rumah sakit,0.0
Kamboja,KHM,2008,Sanitasi,Tanpa layanan,Nasional,2.16
Kamboja,KHM,2008,Sanitasi,Tanpa layanan,Perkotaan,0.0
Kamboja,KHM,2008,Sanitasi,Tanpa layanan,Perdesaan,0.0
Kamboja,KHM,2008,Sanitasi,Tanpa layanan,Rumah sakit,0.0
Kamboja,KHM,2008,Sanitasi,Tanpa layanan,Non-rumah sakit,0.0
Kamboja,KHM,2009,Sanitasi,Tanpa layanan,Nasional,2.16
Kamboja,KHM,2009,Sanitasi,Tanpa layanan,Perkotaan,0.0
Kamboja,KHM,2009,Sanitasi,Tanpa layanan,Perdesaan,0.0
Kamboja,KHM,2009,Sanitasi,Tanpa layanan,Rumah sakit,0.0
Kamboja,KHM,2009,Sanitasi,Tanpa layanan,Non-rumah sakit,0.0
Kamboja,KHM,2010,Sanitasi,Tanpa layanan,Nasional,2.16
Kamboja,KHM,2010,Sanitasi,Tanpa layanan,Perkotaan,0.0
Kamboja,KHM,2010,Sanitasi,Tanpa layanan,Perdesaan,0.0
Kamboja,KHM,2010,Sanitasi,Tanpa layanan,Rumah sakit,0.0
Kamboja,KHM,2010,Sanitasi,Tanpa layanan,Non-rumah sakit,0.0
Kamboja,KHM,2011,Sanitasi,Tanpa layanan,Nasional,2.16
Kamboja,KHM,2011,Sanitasi,Tanpa layanan,Perkotaan,0.0
Kamboja,KHM,2011,Sanitasi,Tanpa layanan,Perdesaan,0.0
Kamboja,KHM,2011,Sanitasi,Tanpa layanan,Rumah sakit,0.0
Kamboja,KHM,2011,Sanitasi,Tanpa layanan,Non-rumah sakit,0.0
Kamboja,KHM,2012,Sanitasi,Tanpa layanan,Nasional,2.16
Kamboja,KHM,2012,Sanitasi,Tanpa layanan,Perkotaan,0.0
Kamboja,KHM,2012,Sanitasi,Tanpa layanan,Perdesaan,0.0
Kamboja,KHM,2012,Sanitasi,Tanpa layanan,Rumah sakit,0.0
Kamboja,KHM,2012,Sanitasi,Tanpa layanan,Non-rumah sakit,0.0
Kamboja,KHM,2013,Sanitasi,Tanpa layanan,Nasional,1.95
Kamboja,KHM,2013,Sanitasi,Tanpa layanan,Perkotaan,0.0
Kamboja,KHM,2013,Sanitasi,Tanpa layanan,Perdesaan,0.0
Kamboja,KHM,2013,Sanitasi,Tanpa layanan,Rumah sakit,0.0
Kamboja,KHM,2013,Sanitasi,Tanpa layanan,Non-rumah sakit,0.0
Kamboja,KHM,2014,Sanitasi,Tanpa layanan,Nasional,1.74
Kamboja,KHM,2014,Sanitasi,Tanpa layanan,Perkotaan,0.0
Kamboja,KHM,2014,Sanitasi,Tanpa layanan,Perdesaan,0.0
Kamboja,KHM,2014,Sanitasi,Tanpa layanan,Rumah sakit,0.0
Kamboja,KHM,2014,Sanitasi,Tanpa layanan,Non-rumah sakit,0.0
Kamboja,KHM,2015,Sanitasi,Tanpa layanan,Nasional,1.54
Kamboja,KHM,2015,Sanitasi,Tanpa layanan,Perkotaan,0.0
Kamboja,KHM,2015,Sanitasi,Tanpa layanan,Perdesaan,0.0
Kamboja,KHM,2015,Sanitasi,Tanpa layanan,Rumah sakit,0.0
Kamboja,KHM,2015,Sanitasi,Tanpa layanan,Non-rumah sakit,0.0
Kamboja,KHM,2016,Sanitasi,Tanpa layanan,Nasional,1.33
Kamboja,KHM,2016,Sanitasi,Tanpa layanan,Perkotaan,0.0
Kamboja,KHM,2016,Sanitasi,Tanpa layanan,Perdesaan,0.0
Kamboja,KHM,2016,Sanitasi,Tanpa layanan,Rumah sakit,0.0
Kamboja,KHM,2016,Sanitasi,Tanpa layanan,Non-rumah sakit,0.0
Kamboja,KHM,2017,Sanitasi,Tanpa layanan,Nasional,1.13
Kamboja,KHM,2017,Sanitasi,Tanpa layanan,Perkotaan,0.0
Kamboja,KHM,2017,Sanitasi,Tanpa layanan,Perdesaan,0.0
Kamboja,KHM,2017,Sanitasi,Tanpa layanan,Rumah sakit,0.0
Kamboja,KHM,2017,Sanitasi,Tanpa layanan,Non-rumah sakit,0.0
Kamboja,KHM,2018,Sanitasi,Tanpa layanan,Nasional,0.92
Kamboja,KHM,2018,Sanitasi,Tanpa layanan,Perkotaan,0.0
Kamboja,KHM,2018,Sanitasi,Tanpa layanan,Perdesaan,0.0
Kamboja,KHM,2018,Sanitasi,Tanpa layanan,Rumah sakit,0.0
Kamboja,KHM,2018,Sanitasi,Tanpa layanan,Non-rumah sakit,0.0
Kamboja,KHM,2019,Sanitasi,Tanpa layanan,Nasional,0.72
Kamboja,KHM,2019,Sanitasi,Tanpa layanan,Perkotaan,0.0
Kamboja,KHM,2019,Sanitasi,Tanpa layanan,Perdesaan,0.0
Kamboja,KHM,2019,Sanitasi,Tanpa layanan,Rumah sakit,0.0
Kamboja,KHM,2019,Sanitasi,Tanpa layanan,Non-rumah sakit,0.0
Kamboja,KHM,2020,Sanitasi,Dasar,Nasional,22.19
Kamboja,KHM,2020,Sanitasi,Dasar,Perkotaan,13.75
Kamboja,KHM,2020,Sanitasi,Dasar,Perdesaan,25.23
Kamboja,KHM,2020,Sanitasi,Dasar,Non-rumah sakit,21.48
Kamboja,KHM,2020,Sanitasi,Terbatas,Nasional,77.3
Kamboja,KHM,2020,Sanitasi,Terbatas,Perkotaan,86.25
Kamboja,KHM,2020,Sanitasi,Terbatas,Perdesaan,74.77
Kamboja,KHM,2020,Sanitasi,Terbatas,Non-rumah sakit,78.52
Kamboja,KHM,2020,Sanitasi,Tanpa layanan,Nasional,0.51
Kamboja,KHM,2020,Sanitasi,Tanpa layanan,Perkotaan,0.0
Kamboja,KHM,2020,Sanitasi,Tanpa layanan,Perdesaan,0.0
Kamboja,KHM,2020,Sanitasi,Tanpa layanan,Rumah sakit,0.0
Kamboja,KHM,2020,Sanitasi,Tanpa layanan,Non-rumah sakit,0.0
Kamboja,KHM,2021,Sanitasi,Dasar,Nasional,22.19
Kamboja,KHM,2021,Sanitasi,Dasar,Perkotaan,13.75
Kamboja,KHM,2021,Sanitasi,Dasar,Perdesaan,25.23
Kamboja,KHM,2021,Sanitasi,Dasar,Non-rumah sakit,21.48
Kamboja,KHM,2021,Sanitasi,Terbatas,Nasional,77.51
Kamboja,KHM,2021,Sanitasi,Terbatas,Perkotaan,86.25
Kamboja,KHM,2021,Sanitasi,Terbatas,Perdesaan,74.77
Kamboja,KHM,2021,Sanitasi,Terbatas,Non-rumah sakit,78.52
Kamboja,KHM,2021,Sanitasi,Tanpa layanan,Nasional,0.31
Kamboja,KHM,2021,Sanitasi,Tanpa layanan,Perkotaan,0.0
Kamboja,KHM,2021,Sanitasi,Tanpa layanan,Perdesaan,0.0
Kamboja,KHM,2021,Sanitasi,Tanpa layanan,Rumah sakit,0.0
Kamboja,KHM,2021,Sanitasi,Tanpa layanan,Non-rumah sakit,0.0
Kamboja,KHM,2022,Sanitasi,Dasar,Nasional,22.19
Kamboja,KHM,2022,Sanitasi,Dasar,Perkotaan,13.75
Kamboja,KHM,2022,Sanitasi,Dasar,Perdesaan,25.23
Kamboja,KHM,2022,Sanitasi,Dasar,Non-rumah sakit,21.48
Kamboja,KHM,2022,Sanitasi,Terbatas,Nasional,77.71
Kamboja,KHM,2022,Sanitasi,Terbatas,Perkotaan,86.25
Kamboja,KHM,2022,Sanitasi,Terbatas,Perdesaan,74.77
Kamboja,KHM,2022,Sanitasi,Terbatas,Non-rumah sakit,78.52
Kamboja,KHM,2022,Sanitasi,Tanpa layanan,Nasional,0.1
Kamboja,KHM,2022,Sanitasi,Tanpa layanan,Perkotaan,0.0
Kamboja,KHM,2022,Sanitasi,Tanpa layanan,Perdesaan,0.0
Kamboja,KHM,2022,Sanitasi,Tanpa layanan,Rumah sakit,0.0
Kamboja,KHM,2022,Sanitasi,Tanpa layanan,Non-rumah sakit,0.0
Kamboja,KHM,2023,Sanitasi,Dasar,Nasional,22.19
Kamboja,KHM,2023,Sanitasi,Dasar,Perkotaan,13.75
Kamboja,KHM,2023,Sanitasi,Dasar,Perdesaan,25.23
Kamboja,KHM,2023,Sanitasi,Dasar,Non-rumah sakit,21.48
Kamboja,KHM,2023,Sanitasi,Terbatas,Nasional,77.81
Kamboja,KHM,2023,Sanitasi,Terbatas,Perkotaan,86.25
Kamboja,KHM,2023,Sanitasi,Terbatas,Perdesaan,74.77
Kamboja,KHM,2023,Sanitasi,Terbatas,Non-rumah sakit,78.52
Kamboja,KHM,2023,Sanitasi,Tanpa layanan,Nasional,0.0
Kamboja,KHM,2023,Sanitasi,Tanpa layanan,Perkotaan,0.0
Kamboja,KHM,2023,Sanitasi,Tanpa layanan,Perdesaan,0.0
Kamboja,KHM,2023,Sanitasi,Tanpa layanan,Rumah sakit,0.0
Kamboja,KHM,2023,Sanitasi,Tanpa layanan,Non-rumah sakit,0.0
Indonesia,IDN,2000,Sanitasi,Tanpa layanan,Nasional,5.6
Indonesia,IDN,2000,Sanitasi,Tanpa layanan,Perkotaan,3.11
Indonesia,IDN,2000,Sanitasi,Tanpa layanan,Perdesaan,6.83
Indonesia,IDN,2000,Sanitasi,Tanpa layanan,Non-rumah sakit,5.6
Indonesia,IDN,2001,Sanitasi,Tanpa layanan,Nasional,6.07
Indonesia,IDN,2001,Sanitasi,Tanpa layanan,Perkotaan,2.97
Indonesia,IDN,2001,Sanitasi,Tanpa layanan,Perdesaan,6.49
Indonesia,IDN,2001,Sanitasi,Tanpa layanan,Non-rumah sakit,6.07
Indonesia,IDN,2002,Sanitasi,Tanpa layanan,Nasional,6.54
Indonesia,IDN,2002,Sanitasi,Tanpa layanan,Perkotaan,2.83
Indonesia,IDN,2002,Sanitasi,Tanpa layanan,Perdesaan,6.15
Indonesia,IDN,2002,Sanitasi,Tanpa layanan,Non-rumah sakit,6.54
Indonesia,IDN,2003,Sanitasi,Tanpa layanan,Nasional,7.0
Indonesia,IDN,2003,Sanitasi,Tanpa layanan,Perkotaan,2.69
Indonesia,IDN,2003,Sanitasi,Tanpa layanan,Perdesaan,5.81
Indonesia,IDN,2003,Sanitasi,Tanpa layanan,Non-rumah sakit,7.0
Indonesia,IDN,2004,Sanitasi,Tanpa layanan,Nasional,7.47
Indonesia,IDN,2004,Sanitasi,Tanpa layanan,Perkotaan,2.55
Indonesia,IDN,2004,Sanitasi,Tanpa layanan,Perdesaan,5.47
Indonesia,IDN,2004,Sanitasi,Tanpa layanan,Non-rumah sakit,7.47
Indonesia,IDN,2005,Sanitasi,Tanpa layanan,Nasional,7.94
Indonesia,IDN,2005,Sanitasi,Tanpa layanan,Perkotaan,2.41
Indonesia,IDN,2005,Sanitasi,Tanpa layanan,Perdesaan,5.13
Indonesia,IDN,2005,Sanitasi,Tanpa layanan,Non-rumah sakit,7.94
Indonesia,IDN,2006,Sanitasi,Tanpa layanan,Nasional,8.4
Indonesia,IDN,2006,Sanitasi,Tanpa layanan,Perkotaan,2.27
Indonesia,IDN,2006,Sanitasi,Tanpa layanan,Perdesaan,4.79
Indonesia,IDN,2006,Sanitasi,Tanpa layanan,Non-rumah sakit,8.4
Indonesia,IDN,2007,Sanitasi,Tanpa layanan,Nasional,8.87
Indonesia,IDN,2007,Sanitasi,Tanpa layanan,Perkotaan,2.13
Indonesia,IDN,2007,Sanitasi,Tanpa layanan,Perdesaan,4.45
Indonesia,IDN,2007,Sanitasi,Tanpa layanan,Non-rumah sakit,8.87
Indonesia,IDN,2008,Sanitasi,Tanpa layanan,Nasional,9.34
Indonesia,IDN,2008,Sanitasi,Tanpa layanan,Perkotaan,1.99
Indonesia,IDN,2008,Sanitasi,Tanpa layanan,Perdesaan,4.11
Indonesia,IDN,2008,Sanitasi,Tanpa layanan,Non-rumah sakit,9.34
Indonesia,IDN,2009,Sanitasi,Tanpa layanan,Nasional,9.8
Indonesia,IDN,2009,Sanitasi,Tanpa layanan,Perkotaan,1.85
Indonesia,IDN,2009,Sanitasi,Tanpa layanan,Perdesaan,3.77
Indonesia,IDN,2009,Sanitasi,Tanpa layanan,Non-rumah sakit,9.8
Indonesia,IDN,2010,Sanitasi,Tanpa layanan,Nasional,10.27
Indonesia,IDN,2010,Sanitasi,Tanpa layanan,Perkotaan,1.71
Indonesia,IDN,2010,Sanitasi,Tanpa layanan,Perdesaan,3.43
Indonesia,IDN,2010,Sanitasi,Tanpa layanan,Non-rumah sakit,10.27
Indonesia,IDN,2011,Sanitasi,Tanpa layanan,Nasional,10.74
Indonesia,IDN,2011,Sanitasi,Tanpa layanan,Perkotaan,1.57
Indonesia,IDN,2011,Sanitasi,Tanpa layanan,Perdesaan,3.09
Indonesia,IDN,2011,Sanitasi,Tanpa layanan,Non-rumah sakit,10.74
Indonesia,IDN,2012,Sanitasi,Tanpa layanan,Nasional,11.2
Indonesia,IDN,2012,Sanitasi,Tanpa layanan,Perkotaan,1.43
Indonesia,IDN,2012,Sanitasi,Tanpa layanan,Perdesaan,2.75
Indonesia,IDN,2012,Sanitasi,Tanpa layanan,Non-rumah sakit,11.2
Indonesia,IDN,2013,Sanitasi,Tanpa layanan,Nasional,11.67
Indonesia,IDN,2013,Sanitasi,Tanpa layanan,Perkotaan,1.29
Indonesia,IDN,2013,Sanitasi,Tanpa layanan,Perdesaan,2.41
Indonesia,IDN,2013,Sanitasi,Tanpa layanan,Non-rumah sakit,11.67
Indonesia,IDN,2014,Sanitasi,Tanpa layanan,Nasional,12.14
Indonesia,IDN,2014,Sanitasi,Tanpa layanan,Perkotaan,1.15
Indonesia,IDN,2014,Sanitasi,Tanpa layanan,Perdesaan,2.07
Indonesia,IDN,2014,Sanitasi,Tanpa layanan,Non-rumah sakit,12.14
Indonesia,IDN,2015,Sanitasi,Tanpa layanan,Nasional,12.6
Indonesia,IDN,2015,Sanitasi,Tanpa layanan,Perkotaan,1.01
Indonesia,IDN,2015,Sanitasi,Tanpa layanan,Perdesaan,1.73
Indonesia,IDN,2015,Sanitasi,Tanpa layanan,Non-rumah sakit,12.6
Indonesia,IDN,2016,Sanitasi,Tanpa layanan,Nasional,13.16
Indonesia,IDN,2016,Sanitasi,Tanpa layanan,Perkotaan,0.87
Indonesia,IDN,2016,Sanitasi,Tanpa layanan,Perdesaan,1.39
Indonesia,IDN,2016,Sanitasi,Tanpa layanan,Non-rumah sakit,13.16
Indonesia,IDN,2017,Sanitasi,Tanpa layanan,Nasional,13.16
Indonesia,IDN,2017,Sanitasi,Tanpa layanan,Perkotaan,0.87
Indonesia,IDN,2017,Sanitasi,Tanpa layanan,Perdesaan,1.39
Indonesia,IDN,2017,Sanitasi,Tanpa layanan,Rumah sakit,4.65
Indonesia,IDN,2017,Sanitasi,Tanpa layanan,Non-rumah sakit,13.16
Indonesia,IDN,2018,Sanitasi,Tanpa layanan,Nasional,13.16
Indonesia,IDN,2018,Sanitasi,Tanpa layanan,Perkotaan,0.87
Indonesia,IDN,2018,Sanitasi,Tanpa layanan,Perdesaan,1.39
Indonesia,IDN,2018,Sanitasi,Tanpa layanan,Rumah sakit,4.65
Indonesia,IDN,2018,Sanitasi,Tanpa layanan,Non-rumah sakit,13.16
Indonesia,IDN,2019,Sanitasi,Tanpa layanan,Nasional,13.16
Indonesia,IDN,2019,Sanitasi,Tanpa layanan,Perkotaan,0.87
Indonesia,IDN,2019,Sanitasi,Tanpa layanan,Perdesaan,1.39
Indonesia,IDN,2019,Sanitasi,Tanpa layanan,Rumah sakit,4.65
Indonesia,IDN,2019,Sanitasi,Tanpa layanan,Non-rumah sakit,13.16
Indonesia,IDN,2020,Sanitasi,Tanpa layanan,Nasional,13.16
Indonesia,IDN,2020,Sanitasi,Tanpa layanan,Perkotaan,0.87
Indonesia,IDN,2020,Sanitasi,Tanpa layanan,Perdesaan,1.39
Indonesia,IDN,2020,Sanitasi,Tanpa layanan,Rumah sakit,4.65
Indonesia,IDN,2020,Sanitasi,Tanpa layanan,Non-rumah sakit,13.16
Indonesia,IDN,2021,Sanitasi,Tanpa layanan,Rumah sakit,4.65
Indonesia,IDN,2022,Sanitasi,Tanpa layanan,Rumah sakit,4.65
Indonesia,IDN,2023,Sanitasi,Tanpa layanan,Rumah sakit,4.65
Laos,LAO,2000,Sanitasi,Tanpa layanan,Nasional,0.0
Laos,LAO,2000,Sanitasi,Tanpa layanan,Rumah sakit,0.0
Laos,LAO,2000,Sanitasi,Tanpa layanan,Non-rumah sakit,0.0
Laos,LAO,2001,Sanitasi,Tanpa layanan,Nasional,0.0
Laos,LAO,2001,Sanitasi,Tanpa layanan,Rumah sakit,0.0
Laos,LAO,2001,Sanitasi,Tanpa layanan,Non-rumah sakit,0.0
Laos,LAO,2002,Sanitasi,Tanpa layanan,Nasional,0.0
Laos,LAO,2002,Sanitasi,Tanpa layanan,Rumah sakit,0.0
Laos,LAO,2002,Sanitasi,Tanpa layanan,Non-rumah sakit,0.0
Laos,LAO,2003,Sanitasi,Tanpa layanan,Nasional,0.0
Laos,LAO,2003,Sanitasi,Tanpa layanan,Rumah sakit,0.0
Laos,LAO,2003,Sanitasi,Tanpa layanan,Non-rumah sakit,0.0
Laos,LAO,2004,Sanitasi,Tanpa layanan,Nasional,0.0
Laos,LAO,2004,Sanitasi,Tanpa layanan,Rumah sakit,0.0
Laos,LAO,2004,Sanitasi,Tanpa layanan,Non-rumah sakit,0.0
Laos,LAO,2005,Sanitasi,Tanpa layanan,Nasional,0.0
Laos,LAO,2005,Sanitasi,Tanpa layanan,Rumah sakit,0.0
Laos,LAO,2005,Sanitasi,Tanpa layanan,Non-rumah sakit,0.0
Laos,LAO,2006,Sanitasi,Tanpa layanan,Nasional,0.0
Laos,LAO,2006,Sanitasi,Tanpa layanan,Rumah sakit,0.0
Laos,LAO,2006,Sanitasi,Tanpa layanan,Non-rumah sakit,0.0
Laos,LAO,2007,Sanitasi,Tanpa layanan,Nasional,0.0
Laos,LAO,2007,Sanitasi,Tanpa layanan,Rumah sakit,0.0
Laos,LAO,2007,Sanitasi,Tanpa layanan,Non-rumah sakit,0.0
Laos,LAO,2008,Sanitasi,Tanpa layanan,Nasional,0.0
Laos,LAO,2008,Sanitasi,Tanpa layanan,Rumah sakit,0.0
Laos,LAO,2008,Sanitasi,Tanpa layanan,Non-rumah sakit,0.0
Laos,LAO,2009,Sanitasi,Tanpa layanan,Nasional,0.0
Laos,LAO,2009,Sanitasi,Tanpa layanan,Rumah sakit,0.0
Laos,LAO,2009,Sanitasi,Tanpa layanan,Non-rumah sakit,0.0
Laos,LAO,2010,Sanitasi,Tanpa layanan,Nasional,0.0
Laos,LAO,2010,Sanitasi,Tanpa layanan,Rumah sakit,0.0
Laos,LAO,2010,Sanitasi,Tanpa layanan,Non-rumah sakit,0.0
Laos,LAO,2011,Sanitasi,Tanpa layanan,Nasional,0.0
Laos,LAO,2011,Sanitasi,Tanpa layanan,Rumah sakit,0.0
Laos,LAO,2011,Sanitasi,Tanpa layanan,Non-rumah sakit,0.0
Laos,LAO,2012,Sanitasi,Tanpa layanan,Nasional,0.0
Laos,LAO,2012,Sanitasi,Tanpa layanan,Rumah sakit,0.0
Laos,LAO,2012,Sanitasi,Tanpa layanan,Non-rumah sakit,0.0
Laos,LAO,2013,Sanitasi,Tanpa layanan,Nasional,0.0
Laos,LAO,2013,Sanitasi,Tanpa layanan,Rumah sakit,0.0
Laos,LAO,2013,Sanitasi,Tanpa layanan,Non-rumah sakit,0.0
Laos,LAO,2014,Sanitasi,Tanpa layanan,Nasional,0.0
Laos,LAO,2014,Sanitasi,Tanpa layanan,Rumah sakit,0.0
Laos,LAO,2014,Sanitasi,Tanpa layanan,Non-rumah sakit,0.0
Laos,LAO,2015,Sanitasi,Tanpa layanan,Nasional,0.0
Laos,LAO,2015,Sanitasi,Tanpa layanan,Rumah sakit,0.0
Laos,LAO,2015,Sanitasi,Tanpa layanan,Non-rumah sakit,0.0
Laos,LAO,2016,Sanitasi,Tanpa layanan,Nasional,0.0
Laos,LAO,2016,Sanitasi,Tanpa layanan,Rumah sakit,0.0
Laos,LAO,2016,Sanitasi,Tanpa layanan,Non-rumah sakit,0.0
Laos,LAO,2017,Sanitasi,Tanpa layanan,Nasional,0.0
Laos,LAO,2017,Sanitasi,Tanpa layanan,Rumah sakit,0.0
Laos,LAO,2017,Sanitasi,Tanpa layanan,Non-rumah sakit,0.0
Laos,LAO,2018,Sanitasi,Dasar,Nasional,4.13
Laos,LAO,2018,Sanitasi,Dasar,Rumah sakit,16.11
Laos,LAO,2018,Sanitasi,Dasar,Non-rumah sakit,2.14
Laos,LAO,2018,Sanitasi,Terbatas,Nasional,95.87
Laos,LAO,2018,Sanitasi,Terbatas,Rumah sakit,83.89
Laos,LAO,2018,Sanitasi,Terbatas,Non-rumah sakit,97.86
Laos,LAO,2018,Sanitasi,Tanpa layanan,Nasional,0.0
Laos,LAO,2018,Sanitasi,Tanpa layanan,Rumah sakit,0.0
Laos,LAO,2018,Sanitasi,Tanpa layanan,Non-rumah sakit,0.0
Laos,LAO,2019,Sanitasi,Dasar,Nasional,4.13
Laos,LAO,2019,Sanitasi,Dasar,Rumah sakit,16.11
Laos,LAO,2019,Sanitasi,Dasar,Non-rumah sakit,2.14
Laos,LAO,2019,Sanitasi,Terbatas,Nasional,95.87
Laos,LAO,2019,Sanitasi,Terbatas,Rumah sakit,83.89
Laos,LAO,2019,Sanitasi,Terbatas,Non-rumah sakit,97.86
Laos,LAO,2019,Sanitasi,Tanpa layanan,Nasional,0.0
Laos,LAO,2019,Sanitasi,Tanpa layanan,Rumah sakit,0.0
Laos,LAO,2019,Sanitasi,Tanpa layanan,Non-rumah sakit,0.0
Laos,LAO,2020,Sanitasi,Dasar,Nasional,4.13
Laos,LAO,2020,Sanitasi,Dasar,Rumah sakit,16.11
Laos,LAO,2020,Sanitasi,Dasar,Non-rumah sakit,2.14
Laos,LAO,2020,Sanitasi,Terbatas,Nasional,95.87
Laos,LAO,2020,Sanitasi,Terbatas,Rumah sakit,83.89
Laos,LAO,2020,Sanitasi,Terbatas,Non-rumah sakit,97.86
Laos,LAO,2020,Sanitasi,Tanpa layanan,Nasional,0.0
Laos,LAO,2020,Sanitasi,Tanpa layanan,Rumah sakit,0.0
Laos,LAO,2020,Sanitasi,Tanpa layanan,Non-rumah sakit,0.0
Laos,LAO,2021,Sanitasi,Dasar,Nasional,4.13
Laos,LAO,2021,Sanitasi,Dasar,Rumah sakit,16.11
Laos,LAO,2021,Sanitasi,Dasar,Non-rumah sakit,2.14
Laos,LAO,2021,Sanitasi,Terbatas,Nasional,95.87
Laos,LAO,2021,Sanitasi,Terbatas,Rumah sakit,83.89
Laos,LAO,2021,Sanitasi,Terbatas,Non-rumah sakit,97.86
Laos,LAO,2021,Sanitasi,Tanpa layanan,Nasional,0.0
Laos,LAO,2021,Sanitasi,Tanpa layanan,Rumah sakit,0.0
Laos,LAO,2021,Sanitasi,Tanpa layanan,Non-rumah sakit,0.0
Laos,LAO,2022,Sanitasi,Dasar,Nasional,4.13
Laos,LAO,2022,Sanitasi,Dasar,Rumah sakit,16.11
Laos,LAO,2022,Sanitasi,Dasar,Non-rumah sakit,2.14
Laos,LAO,2022,Sanitasi,Terbatas,Nasional,95.87
Laos,LAO,2022,Sanitasi,Terbatas,Rumah sakit,83.89
Laos,LAO,2022,Sanitasi,Terbatas,Non-rumah sakit,97.86
Laos,LAO,2022,Sanitasi,Tanpa layanan,Nasional,0.0
Laos,LAO,2022,Sanitasi,Tanpa layanan,Rumah sakit,0.0
Laos,LAO,2022,Sanitasi,Tanpa layanan,Non-rumah sakit,0.0
Laos,LAO,2023,Sanitasi,Dasar,Nasional,4.13
Laos,LAO,2023,Sanitasi,Dasar,Rumah sakit,16.11
Laos,LAO,2023,Sanitasi,Dasar,Non-rumah sakit,2.14
Laos,LAO,2023,Sanitasi,Terbatas,Nasional,95.87
Laos,LAO,2023,Sanitasi,Terbatas,Rumah sakit,83.89
Laos,LAO,2023,Sanitasi,Terbatas,Non-rumah sakit,97.86
Laos,LAO,2023,Sanitasi,Tanpa layanan,Nasional,0.0
Laos,LAO,2023,Sanitasi,Tanpa layanan,Rumah sakit,0.0
Laos,LAO,2023,Sanitasi,Tanpa layanan,Non-rumah sakit,0.0
Malaysia,MYS,2000,Sanitasi,Dasar,Rumah sakit,100.0
Malaysia,MYS,2000,Sanitasi,Terbatas,Rumah sakit,0.0
Malaysia,MYS,2000,Sanitasi,Tanpa layanan,Nasional,0.0
Malaysia,MYS,2000,Sanitasi,Tanpa layanan,Perkotaan,0.0
Malaysia,MYS,2000,Sanitasi,Tanpa layanan,Perdesaan,0.0
Malaysia,MYS,2000,Sanitasi,Tanpa layanan,Rumah sakit,0.0
Malaysia,MYS,2000,Sanitasi,Tanpa layanan,Non-rumah sakit,0.0
Malaysia,MYS,2001,Sanitasi,Dasar,Rumah sakit,100.0
Malaysia,MYS,2001,Sanitasi,Terbatas,Rumah sakit,0.0
Malaysia,MYS,2001,Sanitasi,Tanpa layanan,Nasional,0.0
Malaysia,MYS,2001,Sanitasi,Tanpa layanan,Perkotaan,0.0
Malaysia,MYS,2001,Sanitasi,Tanpa layanan,Perdesaan,0.0
Malaysia,MYS,2001,Sanitasi,Tanpa layanan,Rumah sakit,0.0
Malaysia,MYS,2001,Sanitasi,Tanpa layanan,Non-rumah sakit,0.0
Malaysia,MYS,2002,Sanitasi,Dasar,Rumah sakit,100.0
Malaysia,MYS,2002,Sanitasi,Terbatas,Rumah sakit,0.0
Malaysia,MYS,2002,Sanitasi,Tanpa layanan,Nasional,0.0
Malaysia,MYS,2002,Sanitasi,Tanpa layanan,Perkotaan,0.0
Malaysia,MYS,2002,Sanitasi,Tanpa layanan,Perdesaan,0.0
Malaysia,MYS,2002,Sanitasi,Tanpa layanan,Rumah sakit,0.0
Malaysia,MYS,2002,Sanitasi,Tanpa layanan,Non-rumah sakit,0.0
Malaysia,MYS,2003,Sanitasi,Dasar,Rumah sakit,100.0
Malaysia,MYS,2003,Sanitasi,Terbatas,Rumah sakit,0.0
Malaysia,MYS,2003,Sanitasi,Tanpa layanan,Nasional,0.0
Malaysia,MYS,2003,Sanitasi,Tanpa layanan,Perkotaan,0.0
Malaysia,MYS,2003,Sanitasi,Tanpa layanan,Perdesaan,0.0
Malaysia,MYS,2003,Sanitasi,Tanpa layanan,Rumah sakit,0.0
Malaysia,MYS,2003,Sanitasi,Tanpa layanan,Non-rumah sakit,0.0
Malaysia,MYS,2004,Sanitasi,Dasar,Rumah sakit,100.0
Malaysia,MYS,2004,Sanitasi,Terbatas,Rumah sakit,0.0
Malaysia,MYS,2004,Sanitasi,Tanpa layanan,Nasional,0.0
Malaysia,MYS,2004,Sanitasi,Tanpa layanan,Perkotaan,0.0
Malaysia,MYS,2004,Sanitasi,Tanpa layanan,Perdesaan,0.0
Malaysia,MYS,2004,Sanitasi,Tanpa layanan,Rumah sakit,0.0
Malaysia,MYS,2004,Sanitasi,Tanpa layanan,Non-rumah sakit,0.0
Malaysia,MYS,2005,Sanitasi,Dasar,Rumah sakit,100.0
Malaysia,MYS,2005,Sanitasi,Terbatas,Rumah sakit,0.0
Malaysia,MYS,2005,Sanitasi,Tanpa layanan,Nasional,0.0
Malaysia,MYS,2005,Sanitasi,Tanpa layanan,Perkotaan,0.0
Malaysia,MYS,2005,Sanitasi,Tanpa layanan,Perdesaan,0.0
Malaysia,MYS,2005,Sanitasi,Tanpa layanan,Rumah sakit,0.0
Malaysia,MYS,2005,Sanitasi,Tanpa layanan,Non-rumah sakit,0.0
Malaysia,MYS,2006,Sanitasi,Dasar,Rumah sakit,100.0
Malaysia,MYS,2006,Sanitasi,Terbatas,Rumah sakit,0.0
Malaysia,MYS,2006,Sanitasi,Tanpa layanan,Nasional,0.0
Malaysia,MYS,2006,Sanitasi,Tanpa layanan,Perkotaan,0.0
Malaysia,MYS,2006,Sanitasi,Tanpa layanan,Perdesaan,0.0
Malaysia,MYS,2006,Sanitasi,Tanpa layanan,Rumah sakit,0.0
Malaysia,MYS,2006,Sanitasi,Tanpa layanan,Non-rumah sakit,0.0
Malaysia,MYS,2007,Sanitasi,Dasar,Rumah sakit,100.0
Malaysia,MYS,2007,Sanitasi,Terbatas,Rumah sakit,0.0
Malaysia,MYS,2007,Sanitasi,Tanpa layanan,Nasional,0.0
Malaysia,MYS,2007,Sanitasi,Tanpa layanan,Perkotaan,0.0
Malaysia,MYS,2007,Sanitasi,Tanpa layanan,Perdesaan,0.0
Malaysia,MYS,2007,Sanitasi,Tanpa layanan,Rumah sakit,0.0
Malaysia,MYS,2007,Sanitasi,Tanpa layanan,Non-rumah sakit,0.0
Malaysia,MYS,2008,Sanitasi,Dasar,Rumah sakit,100.0
Malaysia,MYS,2008,Sanitasi,Terbatas,Rumah sakit,0.0
Malaysia,MYS,2008,Sanitasi,Tanpa layanan,Nasional,0.0
Malaysia,MYS,2008,Sanitasi,Tanpa layanan,Perkotaan,0.0
Malaysia,MYS,2008,Sanitasi,Tanpa layanan,Perdesaan,0.0
Malaysia,MYS,2008,Sanitasi,Tanpa layanan,Rumah sakit,0.0
Malaysia,MYS,2008,Sanitasi,Tanpa layanan,Non-rumah sakit,0.0
Malaysia,MYS,2009,Sanitasi,Dasar,Rumah sakit,100.0
Malaysia,MYS,2009,Sanitasi,Terbatas,Rumah sakit,0.0
Malaysia,MYS,2009,Sanitasi,Tanpa layanan,Nasional,0.0
Malaysia,MYS,2009,Sanitasi,Tanpa layanan,Perkotaan,0.0
Malaysia,MYS,2009,Sanitasi,Tanpa layanan,Perdesaan,0.0
Malaysia,MYS,2009,Sanitasi,Tanpa layanan,Rumah sakit,0.0
Malaysia,MYS,2009,Sanitasi,Tanpa layanan,Non-rumah sakit,0.0
Malaysia,MYS,2010,Sanitasi,Dasar,Rumah sakit,100.0
Malaysia,MYS,2010,Sanitasi,Terbatas,Rumah sakit,0.0
Malaysia,MYS,2010,Sanitasi,Tanpa layanan,Nasional,0.0
Malaysia,MYS,2010,Sanitasi,Tanpa layanan,Perkotaan,0.0
Malaysia,MYS,2010,Sanitasi,Tanpa layanan,Perdesaan,0.0
Malaysia,MYS,2010,Sanitasi,Tanpa layanan,Rumah sakit,0.0
Malaysia,MYS,2010,Sanitasi,Tanpa layanan,Non-rumah sakit,0.0
Malaysia,MYS,2011,Sanitasi,Dasar,Rumah sakit,100.0
Malaysia,MYS,2011,Sanitasi,Terbatas,Rumah sakit,0.0
Malaysia,MYS,2011,Sanitasi,Tanpa layanan,Nasional,0.0
Malaysia,MYS,2011,Sanitasi,Tanpa layanan,Perkotaan,0.0
Malaysia,MYS,2011,Sanitasi,Tanpa layanan,Perdesaan,0.0
Malaysia,MYS,2011,Sanitasi,Tanpa layanan,Rumah sakit,0.0
Malaysia,MYS,2011,Sanitasi,Tanpa layanan,Non-rumah sakit,0.0
Malaysia,MYS,2012,Sanitasi,Dasar,Rumah sakit,100.0
Malaysia,MYS,2012,Sanitasi,Terbatas,Rumah sakit,0.0
Malaysia,MYS,2012,Sanitasi,Tanpa layanan,Nasional,0.0
Malaysia,MYS,2012,Sanitasi,Tanpa layanan,Perkotaan,0.0
Malaysia,MYS,2012,Sanitasi,Tanpa layanan,Perdesaan,0.0
Malaysia,MYS,2012,Sanitasi,Tanpa layanan,Rumah sakit,0.0
Malaysia,MYS,2012,Sanitasi,Tanpa layanan,Non-rumah sakit,0.0
Malaysia,MYS,2013,Sanitasi,Dasar,Rumah sakit,100.0
Malaysia,MYS,2013,Sanitasi,Terbatas,Rumah sakit,0.0
Malaysia,MYS,2013,Sanitasi,Tanpa layanan,Nasional,0.0
Malaysia,MYS,2013,Sanitasi,Tanpa layanan,Perkotaan,0.0
Malaysia,MYS,2013,Sanitasi,Tanpa layanan,Perdesaan,0.0
Malaysia,MYS,2013,Sanitasi,Tanpa layanan,Rumah sakit,0.0
Malaysia,MYS,2013,Sanitasi,Tanpa layanan,Non-rumah sakit,0.0
Malaysia,MYS,2014,Sanitasi,Dasar,Rumah sakit,100.0
Malaysia,MYS,2014,Sanitasi,Terbatas,Rumah sakit,0.0
Malaysia,MYS,2014,Sanitasi,Tanpa layanan,Nasional,0.0
Malaysia,MYS,2014,Sanitasi,Tanpa layanan,Perkotaan,0.0
Malaysia,MYS,2014,Sanitasi,Tanpa layanan,Perdesaan,0.0
Malaysia,MYS,2014,Sanitasi,Tanpa layanan,Rumah sakit,0.0
Malaysia,MYS,2014,Sanitasi,Tanpa layanan,Non-rumah sakit,0.0
Malaysia,MYS,2015,Sanitasi,Dasar,Rumah sakit,100.0
Malaysia,MYS,2015,Sanitasi,Terbatas,Rumah sakit,0.0
Malaysia,MYS,2015,Sanitasi,Tanpa layanan,Nasional,0.0
Malaysia,MYS,2015,Sanitasi,Tanpa layanan,Perkotaan,0.0
Malaysia,MYS,2015,Sanitasi,Tanpa layanan,Perdesaan,0.0
Malaysia,MYS,2015,Sanitasi,Tanpa layanan,Rumah sakit,0.0
Malaysia,MYS,2015,Sanitasi,Tanpa layanan,Non-rumah sakit,0.0
Malaysia,MYS,2016,Sanitasi,Dasar,Rumah sakit,100.0
Malaysia,MYS,2016,Sanitasi,Terbatas,Rumah sakit,0.0
Malaysia,MYS,2016,Sanitasi,Tanpa layanan,Nasional,0.0
Malaysia,MYS,2016,Sanitasi,Tanpa layanan,Perkotaan,0.0
Malaysia,MYS,2016,Sanitasi,Tanpa layanan,Perdesaan,0.0
Malaysia,MYS,2016,Sanitasi,Tanpa layanan,Rumah sakit,0.0
Malaysia,MYS,2016,Sanitasi,Tanpa layanan,Non-rumah sakit,0.0
Malaysia,MYS,2017,Sanitasi,Dasar,Rumah sakit,100.0
Malaysia,MYS,2017,Sanitasi,Terbatas,Rumah sakit,0.0
Malaysia,MYS,2017,Sanitasi,Tanpa layanan,Nasional,0.0
Malaysia,MYS,2017,Sanitasi,Tanpa layanan,Perkotaan,0.0
Malaysia,MYS,2017,Sanitasi,Tanpa layanan,Perdesaan,0.0
Malaysia,MYS,2017,Sanitasi,Tanpa layanan,Rumah sakit,0.0
Malaysia,MYS,2017,Sanitasi,Tanpa layanan,Non-rumah sakit,0.0
Malaysia,MYS,2018,Sanitasi,Dasar,Rumah sakit,100.0
Malaysia,MYS,2018,Sanitasi,Terbatas,Rumah sakit,0.0
Malaysia,MYS,2018,Sanitasi,Tanpa layanan,Nasional,0.0
Malaysia,MYS,2018,Sanitasi,Tanpa layanan,Perkotaan,0.0
Malaysia,MYS,2018,Sanitasi,Tanpa layanan,Perdesaan,0.0
Malaysia,MYS,2018,Sanitasi,Tanpa layanan,Rumah sakit,0.0
Malaysia,MYS,2018,Sanitasi,Tanpa layanan,Non-rumah sakit,0.0
Malaysia,MYS,2019,Sanitasi,Dasar,Nasional,70.36
Malaysia,MYS,2019,Sanitasi,Dasar,Perkotaan,88.78
Malaysia,MYS,2019,Sanitasi,Dasar,Perdesaan,50.72
Malaysia,MYS,2019,Sanitasi,Dasar,Rumah sakit,100.0
Malaysia,MYS,2019,Sanitasi,Dasar,Non-rumah sakit,59.91
Malaysia,MYS,2019,Sanitasi,Terbatas,Nasional,29.64
Malaysia,MYS,2019,Sanitasi,Terbatas,Perkotaan,11.22
Malaysia,MYS,2019,Sanitasi,Terbatas,Perdesaan,49.28
Malaysia,MYS,2019,Sanitasi,Terbatas,Rumah sakit,0.0
Malaysia,MYS,2019,Sanitasi,Terbatas,Non-rumah sakit,40.09
Malaysia,MYS,2019,Sanitasi,Tanpa layanan,Nasional,0.0
Malaysia,MYS,2019,Sanitasi,Tanpa layanan,Perkotaan,0.0
Malaysia,MYS,2019,Sanitasi,Tanpa layanan,Perdesaan,0.0
Malaysia,MYS,2019,Sanitasi,Tanpa layanan,Rumah sakit,0.0
Malaysia,MYS,2019,Sanitasi,Tanpa layanan,Non-rumah sakit,0.0
Malaysia,MYS,2020,Sanitasi,Dasar,Nasional,70.36
Malaysia,MYS,2020,Sanitasi,Dasar,Perkotaan,88.78
Malaysia,MYS,2020,Sanitasi,Dasar,Perdesaan,50.72
Malaysia,MYS,2020,Sanitasi,Dasar,Rumah sakit,100.0
Malaysia,MYS,2020,Sanitasi,Dasar,Non-rumah sakit,59.91
Malaysia,MYS,2020,Sanitasi,Terbatas,Nasional,29.64
Malaysia,MYS,2020,Sanitasi,Terbatas,Perkotaan,11.22
Malaysia,MYS,2020,Sanitasi,Terbatas,Perdesaan,49.28
Malaysia,MYS,2020,Sanitasi,Terbatas,Rumah sakit,0.0
Malaysia,MYS,2020,Sanitasi,Terbatas,Non-rumah sakit,40.09
Malaysia,MYS,2020,Sanitasi,Tanpa layanan,Nasional,0.0
Malaysia,MYS,2020,Sanitasi,Tanpa layanan,Perkotaan,0.0
Malaysia,MYS,2020,Sanitasi,Tanpa layanan,Perdesaan,0.0
Malaysia,MYS,2020,Sanitasi,Tanpa layanan,Rumah sakit,0.0
Malaysia,MYS,2020,Sanitasi,Tanpa layanan,Non-rumah sakit,0.0
Malaysia,MYS,2021,Sanitasi,Dasar,Nasional,70.36
Malaysia,MYS,2021,Sanitasi,Dasar,Perkotaan,88.78
Malaysia,MYS,2021,Sanitasi,Dasar,Perdesaan,50.72
Malaysia,MYS,2021,Sanitasi,Dasar,Rumah sakit,100.0
Malaysia,MYS,2021,Sanitasi,Dasar,Non-rumah sakit,59.91
Malaysia,MYS,2021,Sanitasi,Terbatas,Nasional,29.64
Malaysia,MYS,2021,Sanitasi,Terbatas,Perkotaan,11.22
Malaysia,MYS,2021,Sanitasi,Terbatas,Perdesaan,49.28
Malaysia,MYS,2021,Sanitasi,Terbatas,Rumah sakit,0.0
Malaysia,MYS,2021,Sanitasi,Terbatas,Non-rumah sakit,40.09
Malaysia,MYS,2021,Sanitasi,Tanpa layanan,Nasional,0.0
Malaysia,MYS,2021,Sanitasi,Tanpa layanan,Perkotaan,0.0
Malaysia,MYS,2021,Sanitasi,Tanpa layanan,Perdesaan,0.0
Malaysia,MYS,2021,Sanitasi,Tanpa layanan,Rumah sakit,0.0
Malaysia,MYS,2021,Sanitasi,Tanpa layanan,Non-rumah sakit,0.0
Malaysia,MYS,2022,Sanitasi,Dasar,Nasional,70.36
Malaysia,MYS,2022,Sanitasi,Dasar,Perkotaan,88.78
Malaysia,MYS,2022,Sanitasi,Dasar,Perdesaan,50.72
Malaysia,MYS,2022,Sanitasi,Dasar,Rumah sakit,100.0
Malaysia,MYS,2022,Sanitasi,Dasar,Non-rumah sakit,59.91
Malaysia,MYS,2022,Sanitasi,Terbatas,Nasional,29.64
Malaysia,MYS,2022,Sanitasi,Terbatas,Perkotaan,11.22
Malaysia,MYS,2022,Sanitasi,Terbatas,Perdesaan,49.28
Malaysia,MYS,2022,Sanitasi,Terbatas,Rumah sakit,0.0
Malaysia,MYS,2022,Sanitasi,Terbatas,Non-rumah sakit,40.09
Malaysia,MYS,2022,Sanitasi,Tanpa layanan,Nasional,0.0
Malaysia,MYS,2022,Sanitasi,Tanpa layanan,Perkotaan,0.0
Malaysia,MYS,2022,Sanitasi,Tanpa layanan,Perdesaan,0.0
Malaysia,MYS,2022,Sanitasi,Tanpa layanan,Rumah sakit,0.0
Malaysia,MYS,2022,Sanitasi,Tanpa layanan,Non-rumah sakit,0.0
Malaysia,MYS,2023,Sanitasi,Dasar,Nasional,70.36
Malaysia,MYS,2023,Sanitasi,Dasar,Perkotaan,88.78
Malaysia,MYS,2023,Sanitasi,Dasar,Perdesaan,50.72
Malaysia,MYS,2023,Sanitasi,Dasar,Rumah sakit,100.0
Malaysia,MYS,2023,Sanitasi,Dasar,Non-rumah sakit,59.91
Malaysia,MYS,2023,Sanitasi,Terbatas,Nasional,29.64
Malaysia,MYS,2023,Sanitasi,Terbatas,Perkotaan,11.22
Malaysia,MYS,2023,Sanitasi,Terbatas,Perdesaan,49.28
Malaysia,MYS,2023,Sanitasi,Terbatas,Rumah sakit,0.0
Malaysia,MYS,2023,Sanitasi,Terbatas,Non-rumah sakit,40.09
Malaysia,MYS,2023,Sanitasi,Tanpa layanan,Nasional,0.0
Malaysia,MYS,2023,Sanitasi,Tanpa layanan,Perkotaan,0.0
Malaysia,MYS,2023,Sanitasi,Tanpa layanan,Perdesaan,0.0
Malaysia,MYS,2023,Sanitasi,Tanpa layanan,Rumah sakit,0.0
Malaysia,MYS,2023,Sanitasi,Tanpa layanan,Non-rumah sakit,0.0
Myanmar,MMR,2000,Sanitasi,Tanpa layanan,Perkotaan,0.0
Myanmar,MMR,2000,Sanitasi,Tanpa layanan,Rumah sakit,0.0
Myanmar,MMR,2001,Sanitasi,Tanpa layanan,Perkotaan,0.0
Myanmar,MMR,2001,Sanitasi,Tanpa layanan,Rumah sakit,0.0
Myanmar,MMR,2002,Sanitasi,Tanpa layanan,Perkotaan,0.0
Myanmar,MMR,2002,Sanitasi,Tanpa layanan,Rumah sakit,0.0
Myanmar,MMR,2003,Sanitasi,Tanpa layanan,Perkotaan,0.0
Myanmar,MMR,2003,Sanitasi,Tanpa layanan,Rumah sakit,0.0
Myanmar,MMR,2004,Sanitasi,Tanpa layanan,Perkotaan,0.0
Myanmar,MMR,2004,Sanitasi,Tanpa layanan,Rumah sakit,0.0
Myanmar,MMR,2005,Sanitasi,Tanpa layanan,Perkotaan,0.0
Myanmar,MMR,2005,Sanitasi,Tanpa layanan,Rumah sakit,0.0
Myanmar,MMR,2006,Sanitasi,Tanpa layanan,Perkotaan,0.0
Myanmar,MMR,2006,Sanitasi,Tanpa layanan,Rumah sakit,0.0
Myanmar,MMR,2007,Sanitasi,Tanpa layanan,Perkotaan,0.0
Myanmar,MMR,2007,Sanitasi,Tanpa layanan,Rumah sakit,0.0
Myanmar,MMR,2008,Sanitasi,Tanpa layanan,Perkotaan,0.0
Myanmar,MMR,2008,Sanitasi,Tanpa layanan,Rumah sakit,0.0
Myanmar,MMR,2009,Sanitasi,Tanpa layanan,Perkotaan,0.0
Myanmar,MMR,2009,Sanitasi,Tanpa layanan,Rumah sakit,0.0
Myanmar,MMR,2010,Sanitasi,Tanpa layanan,Nasional,1.49
Myanmar,MMR,2010,Sanitasi,Tanpa layanan,Perkotaan,0.0
Myanmar,MMR,2010,Sanitasi,Tanpa layanan,Perdesaan,2.73
Myanmar,MMR,2010,Sanitasi,Tanpa layanan,Rumah sakit,0.0
Myanmar,MMR,2010,Sanitasi,Tanpa layanan,Non-rumah sakit,3.49
Myanmar,MMR,2011,Sanitasi,Tanpa layanan,Nasional,1.49
Myanmar,MMR,2011,Sanitasi,Tanpa layanan,Perkotaan,0.0
Myanmar,MMR,2011,Sanitasi,Tanpa layanan,Perdesaan,2.73
Myanmar,MMR,2011,Sanitasi,Tanpa layanan,Rumah sakit,0.0
Myanmar,MMR,2011,Sanitasi,Tanpa layanan,Non-rumah sakit,3.49
Myanmar,MMR,2012,Sanitasi,Tanpa layanan,Nasional,1.49
Myanmar,MMR,2012,Sanitasi,Tanpa layanan,Perkotaan,0.0
Myanmar,MMR,2012,Sanitasi,Tanpa layanan,Perdesaan,2.73
Myanmar,MMR,2012,Sanitasi,Tanpa layanan,Rumah sakit,0.0
Myanmar,MMR,2012,Sanitasi,Tanpa layanan,Non-rumah sakit,3.49
Myanmar,MMR,2013,Sanitasi,Tanpa layanan,Nasional,1.49
Myanmar,MMR,2013,Sanitasi,Tanpa layanan,Perkotaan,0.0
Myanmar,MMR,2013,Sanitasi,Tanpa layanan,Perdesaan,2.73
Myanmar,MMR,2013,Sanitasi,Tanpa layanan,Rumah sakit,0.0
Myanmar,MMR,2013,Sanitasi,Tanpa layanan,Non-rumah sakit,3.49
Myanmar,MMR,2014,Sanitasi,Tanpa layanan,Nasional,1.49
Myanmar,MMR,2014,Sanitasi,Tanpa layanan,Perkotaan,0.0
Myanmar,MMR,2014,Sanitasi,Tanpa layanan,Perdesaan,2.73
Myanmar,MMR,2014,Sanitasi,Tanpa layanan,Rumah sakit,0.0
Myanmar,MMR,2014,Sanitasi,Tanpa layanan,Non-rumah sakit,3.49
Myanmar,MMR,2015,Sanitasi,Tanpa layanan,Nasional,1.49
Myanmar,MMR,2015,Sanitasi,Tanpa layanan,Perkotaan,0.0
Myanmar,MMR,2015,Sanitasi,Tanpa layanan,Perdesaan,2.73
Myanmar,MMR,2015,Sanitasi,Tanpa layanan,Rumah sakit,0.0
Myanmar,MMR,2015,Sanitasi,Tanpa layanan,Non-rumah sakit,3.49
Myanmar,MMR,2016,Sanitasi,Tanpa layanan,Nasional,1.49
Myanmar,MMR,2016,Sanitasi,Tanpa layanan,Perkotaan,0.0
Myanmar,MMR,2016,Sanitasi,Tanpa layanan,Perdesaan,2.73
Myanmar,MMR,2016,Sanitasi,Tanpa layanan,Rumah sakit,0.0
Myanmar,MMR,2016,Sanitasi,Tanpa layanan,Non-rumah sakit,3.49
Myanmar,MMR,2017,Sanitasi,Tanpa layanan,Nasional,1.49
Myanmar,MMR,2017,Sanitasi,Tanpa layanan,Perkotaan,0.0
Myanmar,MMR,2017,Sanitasi,Tanpa layanan,Perdesaan,2.73
Myanmar,MMR,2017,Sanitasi,Tanpa layanan,Rumah sakit,0.0
Myanmar,MMR,2017,Sanitasi,Tanpa layanan,Non-rumah sakit,3.49
Myanmar,MMR,2018,Sanitasi,Tanpa layanan,Nasional,1.49
Myanmar,MMR,2018,Sanitasi,Tanpa layanan,Perkotaan,0.0
Myanmar,MMR,2018,Sanitasi,Tanpa layanan,Perdesaan,2.73
Myanmar,MMR,2018,Sanitasi,Tanpa layanan,Rumah sakit,0.0
Myanmar,MMR,2018,Sanitasi,Tanpa layanan,Non-rumah sakit,3.49
Myanmar,MMR,2019,Sanitasi,Tanpa layanan,Perkotaan,0.0
Myanmar,MMR,2019,Sanitasi,Tanpa layanan,Rumah sakit,0.0
Myanmar,MMR,2020,Sanitasi,Tanpa layanan,Perkotaan,0.0
Myanmar,MMR,2020,Sanitasi,Tanpa layanan,Rumah sakit,0.0
Myanmar,MMR,2021,Sanitasi,Tanpa layanan,Perkotaan,0.0
Myanmar,MMR,2021,Sanitasi,Tanpa layanan,Rumah sakit,0.0
Myanmar,MMR,2022,Sanitasi,Tanpa layanan,Perkotaan,0.0
Myanmar,MMR,2022,Sanitasi,Tanpa layanan,Rumah sakit,0.0
Myanmar,MMR,2023,Sanitasi,Tanpa layanan,Perkotaan,0.0
Myanmar,MMR,2023,Sanitasi,Tanpa layanan,Rumah sakit,0.0
Filipina,PHL,2010,Sanitasi,Tanpa layanan,Perdesaan,4.56
Filipina,PHL,2010,Sanitasi,Tanpa layanan,Non-rumah sakit,4.56
Filipina,PHL,2011,Sanitasi,Tanpa layanan,Perdesaan,4.56
Filipina,PHL,2011,Sanitasi,Tanpa layanan,Non-rumah sakit,4.56
Filipina,PHL,2012,Sanitasi,Tanpa layanan,Perdesaan,4.56
Filipina,PHL,2012,Sanitasi,Tanpa layanan,Non-rumah sakit,4.56
Filipina,PHL,2013,Sanitasi,Tanpa layanan,Perdesaan,4.56
Filipina,PHL,2013,Sanitasi,Tanpa layanan,Non-rumah sakit,4.56
Filipina,PHL,2014,Sanitasi,Tanpa layanan,Perdesaan,4.56
Filipina,PHL,2014,Sanitasi,Tanpa layanan,Non-rumah sakit,4.56
Filipina,PHL,2015,Sanitasi,Tanpa layanan,Perdesaan,4.56
Filipina,PHL,2015,Sanitasi,Tanpa layanan,Non-rumah sakit,4.56
Filipina,PHL,2016,Sanitasi,Tanpa layanan,Perdesaan,4.56
Filipina,PHL,2016,Sanitasi,Tanpa layanan,Non-rumah sakit,4.56
Filipina,PHL,2017,Sanitasi,Tanpa layanan,Perdesaan,4.56
Filipina,PHL,2017,Sanitasi,Tanpa layanan,Non-rumah sakit,4.56
Filipina,PHL,2018,Sanitasi,Tanpa layanan,Perdesaan,4.56
Filipina,PHL,2018,Sanitasi,Tanpa layanan,Non-rumah sakit,4.56
Filipina,PHL,2019,Sanitasi,Dasar,Nasional,75.19
Filipina,PHL,2019,Sanitasi,Dasar,Perkotaan,85.47
Filipina,PHL,2019,Sanitasi,Dasar,Perdesaan,55.68
Filipina,PHL,2019,Sanitasi,Dasar,Rumah sakit,85.54
Filipina,PHL,2019,Sanitasi,Dasar,Non-rumah sakit,44.44
Filipina,PHL,2020,Sanitasi,Dasar,Nasional,75.19
Filipina,PHL,2020,Sanitasi,Dasar,Perkotaan,85.47
Filipina,PHL,2020,Sanitasi,Dasar,Perdesaan,55.68
Filipina,PHL,2020,Sanitasi,Dasar,Rumah sakit,85.54
Filipina,PHL,2020,Sanitasi,Dasar,Non-rumah sakit,44.44
Filipina,PHL,2021,Sanitasi,Dasar,Nasional,75.19
Filipina,PHL,2021,Sanitasi,Dasar,Perkotaan,85.47
Filipina,PHL,2021,Sanitasi,Dasar,Perdesaan,55.68
Filipina,PHL,2021,Sanitasi,Dasar,Rumah sakit,85.54
Filipina,PHL,2021,Sanitasi,Dasar,Non-rumah sakit,44.44
Filipina,PHL,2022,Sanitasi,Dasar,Nasional,75.19
Filipina,PHL,2022,Sanitasi,Dasar,Perkotaan,85.47
Filipina,PHL,2022,Sanitasi,Dasar,Perdesaan,55.68
Filipina,PHL,2022,Sanitasi,Dasar,Rumah sakit,85.54
Filipina,PHL,2022,Sanitasi,Dasar,Non-rumah sakit,44.44
Filipina,PHL,2023,Sanitasi,Dasar,Nasional,75.19
Filipina,PHL,2023,Sanitasi,Dasar,Perkotaan,85.47
Filipina,PHL,2023,Sanitasi,Dasar,Perdesaan,55.68
Filipina,PHL,2023,Sanitasi,Dasar,Rumah sakit,85.54
Filipina,PHL,2023,Sanitasi,Dasar,Non-rumah sakit,44.44
Singapura,SGP,2000,Sanitasi,Dasar,Nasional,100.0
Singapura,SGP,2000,Sanitasi,Dasar,Perkotaan,100.0
Singapura,SGP,2000,Sanitasi,Dasar,Perdesaan,-999.0
Singapura,SGP,2000,Sanitasi,Dasar,Rumah sakit,100.0
Singapura,SGP,2000,Sanitasi,Dasar,Non-rumah sakit,100.0
Singapura,SGP,2000,Sanitasi,Terbatas,Nasional,0.0
Singapura,SGP,2000,Sanitasi,Terbatas,Perkotaan,0.0
Singapura,SGP,2000,Sanitasi,Terbatas,Perdesaan,-999.0
Singapura,SGP,2000,Sanitasi,Terbatas,Rumah sakit,0.0
Singapura,SGP,2000,Sanitasi,Terbatas,Non-rumah sakit,0.0
Singapura,SGP,2000,Sanitasi,Tanpa layanan,Nasional,0.0
Singapura,SGP,2000,Sanitasi,Tanpa layanan,Perkotaan,0.0
Singapura,SGP,2000,Sanitasi,Tanpa layanan,Perdesaan,-999.0
Singapura,SGP,2000,Sanitasi,Tanpa layanan,Rumah sakit,0.0
Singapura,SGP,2000,Sanitasi,Tanpa layanan,Non-rumah sakit,0.0
Singapura,SGP,2001,Sanitasi,Dasar,Nasional,100.0
Singapura,SGP,2001,Sanitasi,Dasar,Perkotaan,100.0
Singapura,SGP,2001,Sanitasi,Dasar,Perdesaan,-999.0
Singapura,SGP,2001,Sanitasi,Dasar,Rumah sakit,100.0
Singapura,SGP,2001,Sanitasi,Dasar,Non-rumah sakit,100.0
Singapura,SGP,2001,Sanitasi,Terbatas,Nasional,0.0
Singapura,SGP,2001,Sanitasi,Terbatas,Perkotaan,0.0
Singapura,SGP,2001,Sanitasi,Terbatas,Perdesaan,-999.0
Singapura,SGP,2001,Sanitasi,Terbatas,Rumah sakit,0.0
Singapura,SGP,2001,Sanitasi,Terbatas,Non-rumah sakit,0.0
Singapura,SGP,2001,Sanitasi,Tanpa layanan,Nasional,0.0
Singapura,SGP,2001,Sanitasi,Tanpa layanan,Perkotaan,0.0
Singapura,SGP,2001,Sanitasi,Tanpa layanan,Perdesaan,-999.0
Singapura,SGP,2001,Sanitasi,Tanpa layanan,Rumah sakit,0.0
Singapura,SGP,2001,Sanitasi,Tanpa layanan,Non-rumah sakit,0.0
Singapura,SGP,2002,Sanitasi,Dasar,Nasional,100.0
Singapura,SGP,2002,Sanitasi,Dasar,Perkotaan,100.0
Singapura,SGP,2002,Sanitasi,Dasar,Perdesaan,-999.0
Singapura,SGP,2002,Sanitasi,Dasar,Rumah sakit,100.0
Singapura,SGP,2002,Sanitasi,Dasar,Non-rumah sakit,100.0
Singapura,SGP,2002,Sanitasi,Terbatas,Nasional,0.0
Singapura,SGP,2002,Sanitasi,Terbatas,Perkotaan,0.0
Singapura,SGP,2002,Sanitasi,Terbatas,Perdesaan,-999.0
Singapura,SGP,2002,Sanitasi,Terbatas,Rumah sakit,0.0
Singapura,SGP,2002,Sanitasi,Terbatas,Non-rumah sakit,0.0
Singapura,SGP,2002,Sanitasi,Tanpa layanan,Nasional,0.0
Singapura,SGP,2002,Sanitasi,Tanpa layanan,Perkotaan,0.0
Singapura,SGP,2002,Sanitasi,Tanpa layanan,Perdesaan,-999.0
Singapura,SGP,2002,Sanitasi,Tanpa layanan,Rumah sakit,0.0
Singapura,SGP,2002,Sanitasi,Tanpa layanan,Non-rumah sakit,0.0
Singapura,SGP,2003,Sanitasi,Dasar,Nasional,100.0
Singapura,SGP,2003,Sanitasi,Dasar,Perkotaan,100.0
Singapura,SGP,2003,Sanitasi,Dasar,Perdesaan,-999.0
Singapura,SGP,2003,Sanitasi,Dasar,Rumah sakit,100.0
Singapura,SGP,2003,Sanitasi,Dasar,Non-rumah sakit,100.0
Singapura,SGP,2003,Sanitasi,Terbatas,Nasional,0.0
Singapura,SGP,2003,Sanitasi,Terbatas,Perkotaan,0.0
Singapura,SGP,2003,Sanitasi,Terbatas,Perdesaan,-999.0
Singapura,SGP,2003,Sanitasi,Terbatas,Rumah sakit,0.0
Singapura,SGP,2003,Sanitasi,Terbatas,Non-rumah sakit,0.0
Singapura,SGP,2003,Sanitasi,Tanpa layanan,Nasional,0.0
Singapura,SGP,2003,Sanitasi,Tanpa layanan,Perkotaan,0.0
Singapura,SGP,2003,Sanitasi,Tanpa layanan,Perdesaan,-999.0
Singapura,SGP,2003,Sanitasi,Tanpa layanan,Rumah sakit,0.0
Singapura,SGP,2003,Sanitasi,Tanpa layanan,Non-rumah sakit,0.0
Singapura,SGP,2004,Sanitasi,Dasar,Nasional,100.0
Singapura,SGP,2004,Sanitasi,Dasar,Perkotaan,100.0
Singapura,SGP,2004,Sanitasi,Dasar,Perdesaan,-999.0
Singapura,SGP,2004,Sanitasi,Dasar,Rumah sakit,100.0
Singapura,SGP,2004,Sanitasi,Dasar,Non-rumah sakit,100.0
Singapura,SGP,2004,Sanitasi,Terbatas,Nasional,0.0
Singapura,SGP,2004,Sanitasi,Terbatas,Perkotaan,0.0
Singapura,SGP,2004,Sanitasi,Terbatas,Perdesaan,-999.0
Singapura,SGP,2004,Sanitasi,Terbatas,Rumah sakit,0.0
Singapura,SGP,2004,Sanitasi,Terbatas,Non-rumah sakit,0.0
Singapura,SGP,2004,Sanitasi,Tanpa layanan,Nasional,0.0
Singapura,SGP,2004,Sanitasi,Tanpa layanan,Perkotaan,0.0
Singapura,SGP,2004,Sanitasi,Tanpa layanan,Perdesaan,-999.0
Singapura,SGP,2004,Sanitasi,Tanpa layanan,Rumah sakit,0.0
Singapura,SGP,2004,Sanitasi,Tanpa layanan,Non-rumah sakit,0.0
Singapura,SGP,2005,Sanitasi,Dasar,Nasional,100.0
Singapura,SGP,2005,Sanitasi,Dasar,Perkotaan,100.0
Singapura,SGP,2005,Sanitasi,Dasar,Perdesaan,-999.0
Singapura,SGP,2005,Sanitasi,Dasar,Rumah sakit,100.0
Singapura,SGP,2005,Sanitasi,Dasar,Non-rumah sakit,100.0
Singapura,SGP,2005,Sanitasi,Terbatas,Nasional,0.0
Singapura,SGP,2005,Sanitasi,Terbatas,Perkotaan,0.0
Singapura,SGP,2005,Sanitasi,Terbatas,Perdesaan,-999.0
Singapura,SGP,2005,Sanitasi,Terbatas,Rumah sakit,0.0
Singapura,SGP,2005,Sanitasi,Terbatas,Non-rumah sakit,0.0
Singapura,SGP,2005,Sanitasi,Tanpa layanan,Nasional,0.0
Singapura,SGP,2005,Sanitasi,Tanpa layanan,Perkotaan,0.0
Singapura,SGP,2005,Sanitasi,Tanpa layanan,Perdesaan,-999.0
Singapura,SGP,2005,Sanitasi,Tanpa layanan,Rumah sakit,0.0
Singapura,SGP,2005,Sanitasi,Tanpa layanan,Non-rumah sakit,0.0
Singapura,SGP,2006,Sanitasi,Dasar,Nasional,100.0
Singapura,SGP,2006,Sanitasi,Dasar,Perkotaan,100.0
Singapura,SGP,2006,Sanitasi,Dasar,Perdesaan,-999.0
Singapura,SGP,2006,Sanitasi,Dasar,Rumah sakit,100.0
Singapura,SGP,2006,Sanitasi,Dasar,Non-rumah sakit,100.0
Singapura,SGP,2006,Sanitasi,Terbatas,Nasional,0.0
Singapura,SGP,2006,Sanitasi,Terbatas,Perkotaan,0.0
Singapura,SGP,2006,Sanitasi,Terbatas,Perdesaan,-999.0
Singapura,SGP,2006,Sanitasi,Terbatas,Rumah sakit,0.0
Singapura,SGP,2006,Sanitasi,Terbatas,Non-rumah sakit,0.0
Singapura,SGP,2006,Sanitasi,Tanpa layanan,Nasional,0.0
Singapura,SGP,2006,Sanitasi,Tanpa layanan,Perkotaan,0.0
Singapura,SGP,2006,Sanitasi,Tanpa layanan,Perdesaan,-999.0
Singapura,SGP,2006,Sanitasi,Tanpa layanan,Rumah sakit,0.0
Singapura,SGP,2006,Sanitasi,Tanpa layanan,Non-rumah sakit,0.0
Singapura,SGP,2007,Sanitasi,Dasar,Nasional,100.0
Singapura,SGP,2007,Sanitasi,Dasar,Perkotaan,100.0
Singapura,SGP,2007,Sanitasi,Dasar,Perdesaan,-999.0
Singapura,SGP,2007,Sanitasi,Dasar,Rumah sakit,100.0
Singapura,SGP,2007,Sanitasi,Dasar,Non-rumah sakit,100.0
Singapura,SGP,2007,Sanitasi,Terbatas,Nasional,0.0
Singapura,SGP,2007,Sanitasi,Terbatas,Perkotaan,0.0
Singapura,SGP,2007,Sanitasi,Terbatas,Perdesaan,-999.0
Singapura,SGP,2007,Sanitasi,Terbatas,Rumah sakit,0.0
Singapura,SGP,2007,Sanitasi,Terbatas,Non-rumah sakit,0.0
Singapura,SGP,2007,Sanitasi,Tanpa layanan,Nasional,0.0
Singapura,SGP,2007,Sanitasi,Tanpa layanan,Perkotaan,0.0
Singapura,SGP,2007,Sanitasi,Tanpa layanan,Perdesaan,-999.0
Singapura,SGP,2007,Sanitasi,Tanpa layanan,Rumah sakit,0.0
Singapura,SGP,2007,Sanitasi,Tanpa layanan,Non-rumah sakit,0.0
Singapura,SGP,2008,Sanitasi,Dasar,Nasional,100.0
Singapura,SGP,2008,Sanitasi,Dasar,Perkotaan,100.0
Singapura,SGP,2008,Sanitasi,Dasar,Perdesaan,-999.0
Singapura,SGP,2008,Sanitasi,Dasar,Rumah sakit,100.0
Singapura,SGP,2008,Sanitasi,Dasar,Non-rumah sakit,100.0
Singapura,SGP,2008,Sanitasi,Terbatas,Nasional,0.0
Singapura,SGP,2008,Sanitasi,Terbatas,Perkotaan,0.0
Singapura,SGP,2008,Sanitasi,Terbatas,Perdesaan,-999.0
Singapura,SGP,2008,Sanitasi,Terbatas,Rumah sakit,0.0
Singapura,SGP,2008,Sanitasi,Terbatas,Non-rumah sakit,0.0
Singapura,SGP,2008,Sanitasi,Tanpa layanan,Nasional,0.0
Singapura,SGP,2008,Sanitasi,Tanpa layanan,Perkotaan,0.0
Singapura,SGP,2008,Sanitasi,Tanpa layanan,Perdesaan,-999.0
Singapura,SGP,2008,Sanitasi,Tanpa layanan,Rumah sakit,0.0
Singapura,SGP,2008,Sanitasi,Tanpa layanan,Non-rumah sakit,0.0
Singapura,SGP,2009,Sanitasi,Dasar,Nasional,100.0
Singapura,SGP,2009,Sanitasi,Dasar,Perkotaan,100.0
Singapura,SGP,2009,Sanitasi,Dasar,Perdesaan,-999.0
Singapura,SGP,2009,Sanitasi,Dasar,Rumah sakit,100.0
Singapura,SGP,2009,Sanitasi,Dasar,Non-rumah sakit,100.0
Singapura,SGP,2009,Sanitasi,Terbatas,Nasional,0.0
Singapura,SGP,2009,Sanitasi,Terbatas,Perkotaan,0.0
Singapura,SGP,2009,Sanitasi,Terbatas,Perdesaan,-999.0
Singapura,SGP,2009,Sanitasi,Terbatas,Rumah sakit,0.0
Singapura,SGP,2009,Sanitasi,Terbatas,Non-rumah sakit,0.0
Singapura,SGP,2009,Sanitasi,Tanpa layanan,Nasional,0.0
Singapura,SGP,2009,Sanitasi,Tanpa layanan,Perkotaan,0.0
Singapura,SGP,2009,Sanitasi,Tanpa layanan,Perdesaan,-999.0
Singapura,SGP,2009,Sanitasi,Tanpa layanan,Rumah sakit,0.0
Singapura,SGP,2009,Sanitasi,Tanpa layanan,Non-rumah sakit,0.0
Singapura,SGP,2010,Sanitasi,Dasar,Nasional,100.0
Singapura,SGP,2010,Sanitasi,Dasar,Perkotaan,100.0
Singapura,SGP,2010,Sanitasi,Dasar,Perdesaan,-999.0
Singapura,SGP,2010,Sanitasi,Dasar,Rumah sakit,100.0
Singapura,SGP,2010,Sanitasi,Dasar,Non-rumah sakit,100.0
Singapura,SGP,2010,Sanitasi,Terbatas,Nasional,0.0
Singapura,SGP,2010,Sanitasi,Terbatas,Perkotaan,0.0
Singapura,SGP,2010,Sanitasi,Terbatas,Perdesaan,-999.0
Singapura,SGP,2010,Sanitasi,Terbatas,Rumah sakit,0.0
Singapura,SGP,2010,Sanitasi,Terbatas,Non-rumah sakit,0.0
Singapura,SGP,2010,Sanitasi,Tanpa layanan,Nasional,0.0
Singapura,SGP,2010,Sanitasi,Tanpa layanan,Perkotaan,0.0
Singapura,SGP,2010,Sanitasi,Tanpa layanan,Perdesaan,-999.0
Singapura,SGP,2010,Sanitasi,Tanpa layanan,Rumah sakit,0.0
Singapura,SGP,2010,Sanitasi,Tanpa layanan,Non-rumah sakit,0.0
Singapura,SGP,2011,Sanitasi,Dasar,Nasional,100.0
Singapura,SGP,2011,Sanitasi,Dasar,Perkotaan,100.0
Singapura,SGP,2011,Sanitasi,Dasar,Perdesaan,-999.0
Singapura,SGP,2011,Sanitasi,Dasar,Rumah sakit,100.0
Singapura,SGP,2011,Sanitasi,Dasar,Non-rumah sakit,100.0
Singapura,SGP,2011,Sanitasi,Terbatas,Nasional,0.0
Singapura,SGP,2011,Sanitasi,Terbatas,Perkotaan,0.0
Singapura,SGP,2011,Sanitasi,Terbatas,Perdesaan,-999.0
Singapura,SGP,2011,Sanitasi,Terbatas,Rumah sakit,0.0
Singapura,SGP,2011,Sanitasi,Terbatas,Non-rumah sakit,0.0
Singapura,SGP,2011,Sanitasi,Tanpa layanan,Nasional,0.0
Singapura,SGP,2011,Sanitasi,Tanpa layanan,Perkotaan,0.0
Singapura,SGP,2011,Sanitasi,Tanpa layanan,Perdesaan,-999.0
Singapura,SGP,2011,Sanitasi,Tanpa layanan,Rumah sakit,0.0
Singapura,SGP,2011,Sanitasi,Tanpa layanan,Non-rumah sakit,0.0
Singapura,SGP,2012,Sanitasi,Dasar,Nasional,100.0
Singapura,SGP,2012,Sanitasi,Dasar,Perkotaan,100.0
Singapura,SGP,2012,Sanitasi,Dasar,Perdesaan,-999.0
Singapura,SGP,2012,Sanitasi,Dasar,Rumah sakit,100.0
Singapura,SGP,2012,Sanitasi,Dasar,Non-rumah sakit,100.0
Singapura,SGP,2012,Sanitasi,Terbatas,Nasional,0.0
Singapura,SGP,2012,Sanitasi,Terbatas,Perkotaan,0.0
Singapura,SGP,2012,Sanitasi,Terbatas,Perdesaan,-999.0
Singapura,SGP,2012,Sanitasi,Terbatas,Rumah sakit,0.0
Singapura,SGP,2012,Sanitasi,Terbatas,Non-rumah sakit,0.0
Singapura,SGP,2012,Sanitasi,Tanpa layanan,Nasional,0.0
Singapura,SGP,2012,Sanitasi,Tanpa layanan,Perkotaan,0.0
Singapura,SGP,2012,Sanitasi,Tanpa layanan,Perdesaan,-999.0
Singapura,SGP,2012,Sanitasi,Tanpa layanan,Rumah sakit,0.0
Singapura,SGP,2012,Sanitasi,Tanpa layanan,Non-rumah sakit,0.0
Singapura,SGP,2013,Sanitasi,Dasar,Nasional,100.0
Singapura,SGP,2013,Sanitasi,Dasar,Perkotaan,100.0
Singapura,SGP,2013,Sanitasi,Dasar,Perdesaan,-999.0
Singapura,SGP,2013,Sanitasi,Dasar,Rumah sakit,100.0
Singapura,SGP,2013,Sanitasi,Dasar,Non-rumah sakit,100.0
Singapura,SGP,2013,Sanitasi,Terbatas,Nasional,0.0
Singapura,SGP,2013,Sanitasi,Terbatas,Perkotaan,0.0
Singapura,SGP,2013,Sanitasi,Terbatas,Perdesaan,-999.0
Singapura,SGP,2013,Sanitasi,Terbatas,Rumah sakit,0.0
Singapura,SGP,2013,Sanitasi,Terbatas,Non-rumah sakit,0.0
Singapura,SGP,2013,Sanitasi,Tanpa layanan,Nasional,0.0
Singapura,SGP,2013,Sanitasi,Tanpa layanan,Perkotaan,0.0
Singapura,SGP,2013,Sanitasi,Tanpa layanan,Perdesaan,-999.0
Singapura,SGP,2013,Sanitasi,Tanpa layanan,Rumah sakit,0.0
Singapura,SGP,2013,Sanitasi,Tanpa layanan,Non-rumah sakit,0.0
Singapura,SGP,2014,Sanitasi,Dasar,Nasional,100.0
Singapura,SGP,2014,Sanitasi,Dasar,Perkotaan,100.0
Singapura,SGP,2014,Sanitasi,Dasar,Perdesaan,-999.0
Singapura,SGP,2014,Sanitasi,Dasar,Rumah sakit,100.0
Singapura,SGP,2014,Sanitasi,Dasar,Non-rumah sakit,100.0
Singapura,SGP,2014,Sanitasi,Terbatas,Nasional,0.0
Singapura,SGP,2014,Sanitasi,Terbatas,Perkotaan,0.0
Singapura,SGP,2014,Sanitasi,Terbatas,Perdesaan,-999.0
Singapura,SGP,2014,Sanitasi,Terbatas,Rumah sakit,0.0
Singapura,SGP,2014,Sanitasi,Terbatas,Non-rumah sakit,0.0
Singapura,SGP,2014,Sanitasi,Tanpa layanan,Nasional,0.0
Singapura,SGP,2014,Sanitasi,Tanpa layanan,Perkotaan,0.0
Singapura,SGP,2014,Sanitasi,Tanpa layanan,Perdesaan,-999.0
Singapura,SGP,2014,Sanitasi,Tanpa layanan,Rumah sakit,0.0
Singapura,SGP,2014,Sanitasi,Tanpa layanan,Non-rumah sakit,0.0
Singapura,SGP,2015,Sanitasi,Dasar,Nasional,100.0
Singapura,SGP,2015,Sanitasi,Dasar,Perkotaan,100.0
Singapura,SGP,2015,Sanitasi,Dasar,Perdesaan,-999.0
Singapura,SGP,2015,Sanitasi,Dasar,Rumah sakit,100.0
Singapura,SGP,2015,Sanitasi,Dasar,Non-rumah sakit,100.0
Singapura,SGP,2015,Sanitasi,Terbatas,Nasional,0.0
Singapura,SGP,2015,Sanitasi,Terbatas,Perkotaan,0.0
Singapura,SGP,2015,Sanitasi,Terbatas,Perdesaan,-999.0
Singapura,SGP,2015,Sanitasi,Terbatas,Rumah sakit,0.0
Singapura,SGP,2015,Sanitasi,Terbatas,Non-rumah sakit,0.0
Singapura,SGP,2015,Sanitasi,Tanpa layanan,Nasional,0.0
Singapura,SGP,2015,Sanitasi,Tanpa layanan,Perkotaan,0.0
Singapura,SGP,2015,Sanitasi,Tanpa layanan,Perdesaan,-999.0
Singapura,SGP,2015,Sanitasi,Tanpa layanan,Rumah sakit,0.0
Singapura,SGP,2015,Sanitasi,Tanpa layanan,Non-rumah sakit,0.0
Singapura,SGP,2016,Sanitasi,Dasar,Nasional,100.0
Singapura,SGP,2016,Sanitasi,Dasar,Perkotaan,100.0
Singapura,SGP,2016,Sanitasi,Dasar,Perdesaan,-999.0
Singapura,SGP,2016,Sanitasi,Dasar,Rumah sakit,100.0
Singapura,SGP,2016,Sanitasi,Dasar,Non-rumah sakit,100.0
Singapura,SGP,2016,Sanitasi,Terbatas,Nasional,0.0
Singapura,SGP,2016,Sanitasi,Terbatas,Perkotaan,0.0
Singapura,SGP,2016,Sanitasi,Terbatas,Perdesaan,-999.0
Singapura,SGP,2016,Sanitasi,Terbatas,Rumah sakit,0.0
Singapura,SGP,2016,Sanitasi,Terbatas,Non-rumah sakit,0.0
Singapura,SGP,2016,Sanitasi,Tanpa layanan,Nasional,0.0
Singapura,SGP,2016,Sanitasi,Tanpa layanan,Perkotaan,0.0
Singapura,SGP,2016,Sanitasi,Tanpa layanan,Perdesaan,-999.0
Singapura,SGP,2016,Sanitasi,Tanpa layanan,Rumah sakit,0.0
Singapura,SGP,2016,Sanitasi,Tanpa layanan,Non-rumah sakit,0.0
Singapura,SGP,2017,Sanitasi,Dasar,Nasional,100.0
Singapura,SGP,2017,Sanitasi,Dasar,Perkotaan,100.0
Singapura,SGP,2017,Sanitasi,Dasar,Perdesaan,-999.0
Singapura,SGP,2017,Sanitasi,Dasar,Rumah sakit,100.0
Singapura,SGP,2017,Sanitasi,Dasar,Non-rumah sakit,100.0
Singapura,SGP,2017,Sanitasi,Terbatas,Nasional,0.0
Singapura,SGP,2017,Sanitasi,Terbatas,Perkotaan,0.0
Singapura,SGP,2017,Sanitasi,Terbatas,Perdesaan,-999.0
Singapura,SGP,2017,Sanitasi,Terbatas,Rumah sakit,0.0
Singapura,SGP,2017,Sanitasi,Terbatas,Non-rumah sakit,0.0
Singapura,SGP,2017,Sanitasi,Tanpa layanan,Nasional,0.0
Singapura,SGP,2017,Sanitasi,Tanpa layanan,Perkotaan,0.0
Singapura,SGP,2017,Sanitasi,Tanpa layanan,Perdesaan,-999.0
Singapura,SGP,2017,Sanitasi,Tanpa layanan,Rumah sakit,0.0
Singapura,SGP,2017,Sanitasi,Tanpa layanan,Non-rumah sakit,0.0
Singapura,SGP,2018,Sanitasi,Dasar,Nasional,100.0
Singapura,SGP,2018,Sanitasi,Dasar,Perkotaan,100.0
Singapura,SGP,2018,Sanitasi,Dasar,Perdesaan,-999.0
Singapura,SGP,2018,Sanitasi,Dasar,Rumah sakit,100.0
Singapura,SGP,2018,Sanitasi,Dasar,Non-rumah sakit,100.0
Singapura,SGP,2018,Sanitasi,Terbatas,Nasional,0.0
Singapura,SGP,2018,Sanitasi,Terbatas,Perkotaan,0.0
Singapura,SGP,2018,Sanitasi,Terbatas,Perdesaan,-999.0
Singapura,SGP,2018,Sanitasi,Terbatas,Rumah sakit,0.0
Singapura,SGP,2018,Sanitasi,Terbatas,Non-rumah sakit,0.0
Singapura,SGP,2018,Sanitasi,Tanpa layanan,Nasional,0.0
Singapura,SGP,2018,Sanitasi,Tanpa layanan,Perkotaan,0.0
Singapura,SGP,2018,Sanitasi,Tanpa layanan,Perdesaan,-999.0
Singapura,SGP,2018,Sanitasi,Tanpa layanan,Rumah sakit,0.0
Singapura,SGP,2018,Sanitasi,Tanpa layanan,Non-rumah sakit,0.0
Singapura,SGP,2019,Sanitasi,Dasar,Nasional,100.0
Singapura,SGP,2019,Sanitasi,Dasar,Perkotaan,100.0
Singapura,SGP,2019,Sanitasi,Dasar,Perdesaan,-999.0
Singapura,SGP,2019,Sanitasi,Dasar,Rumah sakit,100.0
Singapura,SGP,2019,Sanitasi,Dasar,Non-rumah sakit,100.0
Singapura,SGP,2019,Sanitasi,Terbatas,Nasional,0.0
Singapura,SGP,2019,Sanitasi,Terbatas,Perkotaan,0.0
Singapura,SGP,2019,Sanitasi,Terbatas,Perdesaan,-999.0
Singapura,SGP,2019,Sanitasi,Terbatas,Rumah sakit,0.0
Singapura,SGP,2019,Sanitasi,Terbatas,Non-rumah sakit,0.0
Singapura,SGP,2019,Sanitasi,Tanpa layanan,Nasional,0.0
Singapura,SGP,2019,Sanitasi,Tanpa layanan,Perkotaan,0.0
Singapura,SGP,2019,Sanitasi,Tanpa layanan,Perdesaan,-999.0
Singapura,SGP,2019,Sanitasi,Tanpa layanan,Rumah sakit,0.0
Singapura,SGP,2019,Sanitasi,Tanpa layanan,Non-rumah sakit,0.0
Singapura,SGP,2020,Sanitasi,Dasar,Nasional,100.0
Singapura,SGP,2020,Sanitasi,Dasar,Perkotaan,100.0
Singapura,SGP,2020,Sanitasi,Dasar,Perdesaan,-999.0
Singapura,SGP,2020,Sanitasi,Dasar,Rumah sakit,100.0
Singapura,SGP,2020,Sanitasi,Dasar,Non-rumah sakit,100.0
Singapura,SGP,2020,Sanitasi,Terbatas,Nasional,0.0
Singapura,SGP,2020,Sanitasi,Terbatas,Perkotaan,0.0
Singapura,SGP,2020,Sanitasi,Terbatas,Perdesaan,-999.0
Singapura,SGP,2020,Sanitasi,Terbatas,Rumah sakit,0.0
Singapura,SGP,2020,Sanitasi,Terbatas,Non-rumah sakit,0.0
Singapura,SGP,2020,Sanitasi,Tanpa layanan,Nasional,0.0
Singapura,SGP,2020,Sanitasi,Tanpa layanan,Perkotaan,0.0
Singapura,SGP,2020,Sanitasi,Tanpa layanan,Perdesaan,-999.0
Singapura,SGP,2020,Sanitasi,Tanpa layanan,Rumah sakit,0.0
Singapura,SGP,2020,Sanitasi,Tanpa layanan,Non-rumah sakit,0.0
Singapura,SGP,2021,Sanitasi,Dasar,Nasional,100.0
Singapura,SGP,2021,Sanitasi,Dasar,Perkotaan,100.0
Singapura,SGP,2021,Sanitasi,Dasar,Perdesaan,-999.0
Singapura,SGP,2021,Sanitasi,Dasar,Rumah sakit,100.0
Singapura,SGP,2021,Sanitasi,Dasar,Non-rumah sakit,100.0
Singapura,SGP,2021,Sanitasi,Terbatas,Nasional,0.0
Singapura,SGP,2021,Sanitasi,Terbatas,Perkotaan,0.0
Singapura,SGP,2021,Sanitasi,Terbatas,Perdesaan,-999.0
Singapura,SGP,2021,Sanitasi,Terbatas,Rumah sakit,0.0
Singapura,SGP,2021,Sanitasi,Terbatas,Non-rumah sakit,0.0
Singapura,SGP,2021,Sanitasi,Tanpa layanan,Nasional,0.0
Singapura,SGP,2021,Sanitasi,Tanpa layanan,Perkotaan,0.0
Singapura,SGP,2021,Sanitasi,Tanpa layanan,Perdesaan,-999.0
Singapura,SGP,2021,Sanitasi,Tanpa layanan,Rumah sakit,0.0
Singapura,SGP,2021,Sanitasi,Tanpa layanan,Non-rumah sakit,0.0
Singapura,SGP,2022,Sanitasi,Dasar,Nasional,100.0
Singapura,SGP,2022,Sanitasi,Dasar,Perkotaan,100.0
Singapura,SGP,2022,Sanitasi,Dasar,Perdesaan,-999.0
Singapura,SGP,2022,Sanitasi,Dasar,Rumah sakit,100.0
Singapura,SGP,2022,Sanitasi,Dasar,Non-rumah sakit,100.0
Singapura,SGP,2022,Sanitasi,Terbatas,Nasional,0.0
Singapura,SGP,2022,Sanitasi,Terbatas,Perkotaan,0.0
Singapura,SGP,2022,Sanitasi,Terbatas,Perdesaan,-999.0
Singapura,SGP,2022,Sanitasi,Terbatas,Rumah sakit,0.0
Singapura,SGP,2022,Sanitasi,Terbatas,Non-rumah sakit,0.0
Singapura,SGP,2022,Sanitasi,Tanpa layanan,Nasional,0.0
Singapura,SGP,2022,Sanitasi,Tanpa layanan,Perkotaan,0.0
Singapura,SGP,2022,Sanitasi,Tanpa layanan,Perdesaan,-999.0
Singapura,SGP,2022,Sanitasi,Tanpa layanan,Rumah sakit,0.0
Singapura,SGP,2022,Sanitasi,Tanpa layanan,Non-rumah sakit,0.0
Singapura,SGP,2023,Sanitasi,Dasar,Nasional,100.0
Singapura,SGP,2023,Sanitasi,Dasar,Perkotaan,100.0
Singapura,SGP,2023,Sanitasi,Dasar,Perdesaan,-999.0
Singapura,SGP,2023,Sanitasi,Dasar,Rumah sakit,100.0
Singapura,SGP,2023,Sanitasi,Dasar,Non-rumah sakit,100.0
Singapura,SGP,2023,Sanitasi,Terbatas,Nasional,0.0
Singapura,SGP,2023,Sanitasi,Terbatas,Perkotaan,0.0
Singapura,SGP,2023,Sanitasi,Terbatas,Perdesaan,-999.0
Singapura,SGP,2023,Sanitasi,Terbatas,Rumah sakit,0.0
Singapura,SGP,2023,Sanitasi,Terbatas,Non-rumah sakit,0.0
Singapura,SGP,2023,Sanitasi,Tanpa layanan,Nasional,0.0
Singapura,SGP,2023,Sanitasi,Tanpa layanan,Perkotaan,0.0
Singapura,SGP,2023,Sanitasi,Tanpa layanan,Perdesaan,-999.0
Singapura,SGP,2023,Sanitasi,Tanpa layanan,Rumah sakit,0.0
Singapura,SGP,2023,Sanitasi,Tanpa layanan,Non-rumah sakit,0.0
Thailand,THA,2014,Sanitasi,Dasar,Nasional,81.14
Thailand,THA,2014,Sanitasi,Dasar,Rumah sakit,81.6
Thailand,THA,2014,Sanitasi,Dasar,Non-rumah sakit,80.6
Thailand,THA,2015,Sanitasi,Dasar,Nasional,81.14
Thailand,THA,2015,Sanitasi,Dasar,Rumah sakit,81.6
Thailand,THA,2015,Sanitasi,Dasar,Non-rumah sakit,80.6
Thailand,THA,2016,Sanitasi,Dasar,Nasional,81.14
Thailand,THA,2016,Sanitasi,Dasar,Rumah sakit,81.6
Thailand,THA,2016,Sanitasi,Dasar,Non-rumah sakit,80.6
Thailand,THA,2017,Sanitasi,Dasar,Nasional,81.14
Thailand,THA,2017,Sanitasi,Dasar,Rumah sakit,81.6
Thailand,THA,2017,Sanitasi,Dasar,Non-rumah sakit,80.6
Thailand,THA,2018,Sanitasi,Dasar,Nasional,81.14
Thailand,THA,2018,Sanitasi,Dasar,Rumah sakit,81.6
Thailand,THA,2018,Sanitasi,Dasar,Non-rumah sakit,80.6
Thailand,THA,2019,Sanitasi,Dasar,Nasional,81.14
Thailand,THA,2019,Sanitasi,Dasar,Rumah sakit,81.6
Thailand,THA,2019,Sanitasi,Dasar,Non-rumah sakit,80.6
Thailand,THA,2020,Sanitasi,Dasar,Nasional,81.14
Thailand,THA,2020,Sanitasi,Dasar,Rumah sakit,81.6
Thailand,THA,2020,Sanitasi,Dasar,Non-rumah sakit,80.6
Thailand,THA,2021,Sanitasi,Dasar,Nasional,81.14
Thailand,THA,2021,Sanitasi,Dasar,Rumah sakit,81.6
Thailand,THA,2021,Sanitasi,Dasar,Non-rumah sakit,80.6
Thailand,THA,2022,Sanitasi,Dasar,Nasional,81.14
Thailand,THA,2022,Sanitasi,Dasar,Rumah sakit,81.6
Thailand,THA,2022,Sanitasi,Dasar,Non-rumah sakit,80.6
Vietnam,VNM,2002,Sanitasi,Tanpa layanan,Nasional,2.34
Vietnam,VNM,2003,Sanitasi,Tanpa layanan,Nasional,2.34
Vietnam,VNM,2004,Sanitasi,Tanpa layanan,Nasional,2.34
Vietnam,VNM,2005,Sanitasi,Tanpa layanan,Nasional,2.34
Vietnam,VNM,2006,Sanitasi,Tanpa layanan,Nasional,2.34
Vietnam,VNM,2007,Sanitasi,Tanpa layanan,Nasional,2.22
Vietnam,VNM,2008,Sanitasi,Tanpa layanan,Nasional,2.1
Vietnam,VNM,2009,Sanitasi,Tanpa layanan,Nasional,1.98
Vietnam,VNM,2010,Sanitasi,Tanpa layanan,Nasional,1.86
Vietnam,VNM,2010,Sanitasi,Tanpa layanan,Rumah sakit,1.3
Vietnam,VNM,2010,Sanitasi,Tanpa layanan,Non-rumah sakit,5.49
Vietnam,VNM,2011,Sanitasi,Tanpa layanan,Nasional,1.75
Vietnam,VNM,2011,Sanitasi,Tanpa layanan,Rumah sakit,1.3
Vietnam,VNM,2011,Sanitasi,Tanpa layanan,Non-rumah sakit,5.49
Vietnam,VNM,2012,Sanitasi,Tanpa layanan,Nasional,1.63
Vietnam,VNM,2012,Sanitasi,Tanpa layanan,Rumah sakit,1.3
Vietnam,VNM,2012,Sanitasi,Tanpa layanan,Non-rumah sakit,5.49
Vietnam,VNM,2013,Sanitasi,Tanpa layanan,Nasional,1.51
Vietnam,VNM,2013,Sanitasi,Tanpa layanan,Rumah sakit,1.3
Vietnam,VNM,2013,Sanitasi,Tanpa layanan,Non-rumah sakit,5.49
Vietnam,VNM,2014,Sanitasi,Tanpa layanan,Nasional,1.39
Vietnam,VNM,2014,Sanitasi,Tanpa layanan,Rumah sakit,1.3
Vietnam,VNM,2014,Sanitasi,Tanpa layanan,Non-rumah sakit,5.49
Vietnam,VNM,2015,Sanitasi,Tanpa layanan,Nasional,1.27
Vietnam,VNM,2015,Sanitasi,Tanpa layanan,Rumah sakit,1.3
Vietnam,VNM,2015,Sanitasi,Tanpa layanan,Non-rumah sakit,5.49
Vietnam,VNM,2016,Sanitasi,Tanpa layanan,Nasional,1.16
Vietnam,VNM,2016,Sanitasi,Tanpa layanan,Rumah sakit,1.3
Vietnam,VNM,2016,Sanitasi,Tanpa layanan,Non-rumah sakit,5.49
Vietnam,VNM,2017,Sanitasi,Tanpa layanan,Nasional,1.04
Vietnam,VNM,2017,Sanitasi,Tanpa layanan,Rumah sakit,1.3
Vietnam,VNM,2017,Sanitasi,Tanpa layanan,Non-rumah sakit,5.49
Vietnam,VNM,2018,Sanitasi,Tanpa layanan,Nasional,0.92
Vietnam,VNM,2018,Sanitasi,Tanpa layanan,Rumah sakit,1.3
Vietnam,VNM,2018,Sanitasi,Tanpa layanan,Non-rumah sakit,5.49
Vietnam,VNM,2019,Sanitasi,Tanpa layanan,Nasional,0.92
Vietnam,VNM,2020,Sanitasi,Tanpa layanan,Nasional,0.92
Vietnam,VNM,2021,Sanitasi,Tanpa layanan,Nasional,0.92
Vietnam,VNM,2022,Sanitasi,Tanpa layanan,Nasional,0.92
Kamboja,KHM,2020,Higiene tangan,Dasar,Nasional,77.15
Kamboja,KHM,2020,Higiene tangan,Dasar,Perkotaan,76.25
Kamboja,KHM,2020,Higiene tangan,Dasar,Perdesaan,77.48
Kamboja,KHM,2020,Higiene tangan,Dasar,Non-rumah sakit,77.04
Kamboja,KHM,2020,Higiene tangan,Terbatas,Nasional,21.85
Kamboja,KHM,2020,Higiene tangan,Terbatas,Perkotaan,22.5
Kamboja,KHM,2020,Higiene tangan,Terbatas,Perdesaan,21.62
Kamboja,KHM,2020,Higiene tangan,Terbatas,Non-rumah sakit,21.85
Kamboja,KHM,2020,Higiene tangan,Tanpa layanan,Nasional,0.99
Kamboja,KHM,2020,Higiene tangan,Tanpa layanan,Perkotaan,1.25
Kamboja,KHM,2020,Higiene tangan,Tanpa layanan,Perdesaan,0.9
Kamboja,KHM,2020,Higiene tangan,Tanpa layanan,Non-rumah sakit,1.11
Kamboja,KHM,2021,Higiene tangan,Dasar,Nasional,77.15
Kamboja,KHM,2021,Higiene tangan,Dasar,Perkotaan,76.25
Kamboja,KHM,2021,Higiene tangan,Dasar,Perdesaan,77.48
Kamboja,KHM,2021,Higiene tangan,Dasar,Non-rumah sakit,77.04
Kamboja,KHM,2021,Higiene tangan,Terbatas,Nasional,21.85
Kamboja,KHM,2021,Higiene tangan,Terbatas,Perkotaan,22.5
Kamboja,KHM,2021,Higiene tangan,Terbatas,Perdesaan,21.62
Kamboja,KHM,2021,Higiene tangan,Terbatas,Non-rumah sakit,21.85
Kamboja,KHM,2021,Higiene tangan,Tanpa layanan,Nasional,0.99
Kamboja,KHM,2021,Higiene tangan,Tanpa layanan,Perkotaan,1.25
Kamboja,KHM,2021,Higiene tangan,Tanpa layanan,Perdesaan,0.9
Kamboja,KHM,2021,Higiene tangan,Tanpa layanan,Non-rumah sakit,1.11
Kamboja,KHM,2022,Higiene tangan,Dasar,Nasional,77.15
Kamboja,KHM,2022,Higiene tangan,Dasar,Perkotaan,76.25
Kamboja,KHM,2022,Higiene tangan,Dasar,Perdesaan,77.48
Kamboja,KHM,2022,Higiene tangan,Dasar,Non-rumah sakit,77.04
Kamboja,KHM,2022,Higiene tangan,Terbatas,Nasional,21.85
Kamboja,KHM,2022,Higiene tangan,Terbatas,Perkotaan,22.5
Kamboja,KHM,2022,Higiene tangan,Terbatas,Perdesaan,21.62
Kamboja,KHM,2022,Higiene tangan,Terbatas,Non-rumah sakit,21.85
Kamboja,KHM,2022,Higiene tangan,Tanpa layanan,Nasional,0.99
Kamboja,KHM,2022,Higiene tangan,Tanpa layanan,Perkotaan,1.25
Kamboja,KHM,2022,Higiene tangan,Tanpa layanan,Perdesaan,0.9
Kamboja,KHM,2022,Higiene tangan,Tanpa layanan,Non-rumah sakit,1.11
Kamboja,KHM,2023,Higiene tangan,Dasar,Nasional,77.15
Kamboja,KHM,2023,Higiene tangan,Dasar,Perkotaan,76.25
Kamboja,KHM,2023,Higiene tangan,Dasar,Perdesaan,77.48
Kamboja,KHM,2023,Higiene tangan,Dasar,Non-rumah sakit,77.04
Kamboja,KHM,2023,Higiene tangan,Terbatas,Nasional,21.85
Kamboja,KHM,2023,Higiene tangan,Terbatas,Perkotaan,22.5
Kamboja,KHM,2023,Higiene tangan,Terbatas,Perdesaan,21.62
Kamboja,KHM,2023,Higiene tangan,Terbatas,Non-rumah sakit,21.85
Kamboja,KHM,2023,Higiene tangan,Tanpa layanan,Nasional,0.99
Kamboja,KHM,2023,Higiene tangan,Tanpa layanan,Perkotaan,1.25
Kamboja,KHM,2023,Higiene tangan,Tanpa layanan,Perdesaan,0.9
Kamboja,KHM,2023,Higiene tangan,Tanpa layanan,Non-rumah sakit,1.11
Indonesia,IDN,2009,Higiene tangan,Tanpa layanan,Nasional,0.87
Indonesia,IDN,2009,Higiene tangan,Tanpa layanan,Perkotaan,1.1
Indonesia,IDN,2009,Higiene tangan,Tanpa layanan,Perdesaan,0.64
Indonesia,IDN,2009,Higiene tangan,Tanpa layanan,Rumah sakit,0.79
Indonesia,IDN,2009,Higiene tangan,Tanpa layanan,Non-rumah sakit,0.9
Indonesia,IDN,2010,Higiene tangan,Tanpa layanan,Nasional,0.87
Indonesia,IDN,2010,Higiene tangan,Tanpa layanan,Perkotaan,1.1
Indonesia,IDN,2010,Higiene tangan,Tanpa layanan,Perdesaan,0.64
Indonesia,IDN,2010,Higiene tangan,Tanpa layanan,Rumah sakit,0.79
Indonesia,IDN,2010,Higiene tangan,Tanpa layanan,Non-rumah sakit,0.9
Indonesia,IDN,2011,Higiene tangan,Tanpa layanan,Nasional,0.87
Indonesia,IDN,2011,Higiene tangan,Tanpa layanan,Perkotaan,1.1
Indonesia,IDN,2011,Higiene tangan,Tanpa layanan,Perdesaan,0.64
Indonesia,IDN,2011,Higiene tangan,Tanpa layanan,Rumah sakit,0.79
Indonesia,IDN,2011,Higiene tangan,Tanpa layanan,Non-rumah sakit,0.9
Indonesia,IDN,2012,Higiene tangan,Tanpa layanan,Nasional,0.87
Indonesia,IDN,2012,Higiene tangan,Tanpa layanan,Perkotaan,1.1
Indonesia,IDN,2012,Higiene tangan,Tanpa layanan,Perdesaan,0.64
Indonesia,IDN,2012,Higiene tangan,Tanpa layanan,Rumah sakit,0.79
Indonesia,IDN,2012,Higiene tangan,Tanpa layanan,Non-rumah sakit,0.9
Indonesia,IDN,2013,Higiene tangan,Tanpa layanan,Nasional,0.87
Indonesia,IDN,2013,Higiene tangan,Tanpa layanan,Perkotaan,1.1
Indonesia,IDN,2013,Higiene tangan,Tanpa layanan,Perdesaan,0.64
Indonesia,IDN,2013,Higiene tangan,Tanpa layanan,Rumah sakit,0.79
Indonesia,IDN,2013,Higiene tangan,Tanpa layanan,Non-rumah sakit,0.9
Indonesia,IDN,2014,Higiene tangan,Tanpa layanan,Nasional,0.87
Indonesia,IDN,2014,Higiene tangan,Tanpa layanan,Perkotaan,1.1
Indonesia,IDN,2014,Higiene tangan,Tanpa layanan,Perdesaan,0.64
Indonesia,IDN,2014,Higiene tangan,Tanpa layanan,Rumah sakit,0.79
Indonesia,IDN,2014,Higiene tangan,Tanpa layanan,Non-rumah sakit,0.9
Indonesia,IDN,2015,Higiene tangan,Tanpa layanan,Nasional,0.87
Indonesia,IDN,2015,Higiene tangan,Tanpa layanan,Perkotaan,1.1
Indonesia,IDN,2015,Higiene tangan,Tanpa layanan,Perdesaan,0.64
Indonesia,IDN,2015,Higiene tangan,Tanpa layanan,Rumah sakit,0.79
Indonesia,IDN,2015,Higiene tangan,Tanpa layanan,Non-rumah sakit,0.9
Indonesia,IDN,2016,Higiene tangan,Tanpa layanan,Nasional,0.87
Indonesia,IDN,2016,Higiene tangan,Tanpa layanan,Perkotaan,1.1
Indonesia,IDN,2016,Higiene tangan,Tanpa layanan,Perdesaan,0.64
Indonesia,IDN,2016,Higiene tangan,Tanpa layanan,Rumah sakit,0.79
Indonesia,IDN,2016,Higiene tangan,Tanpa layanan,Non-rumah sakit,0.9
Indonesia,IDN,2017,Higiene tangan,Tanpa layanan,Nasional,0.87
Indonesia,IDN,2017,Higiene tangan,Tanpa layanan,Perkotaan,1.1
Indonesia,IDN,2017,Higiene tangan,Tanpa layanan,Perdesaan,0.64
Indonesia,IDN,2017,Higiene tangan,Tanpa layanan,Rumah sakit,0.79
Indonesia,IDN,2017,Higiene tangan,Tanpa layanan,Non-rumah sakit,0.9
Indonesia,IDN,2018,Higiene tangan,Tanpa layanan,Nasional,0.87
Indonesia,IDN,2018,Higiene tangan,Tanpa layanan,Perkotaan,1.1
Indonesia,IDN,2018,Higiene tangan,Tanpa layanan,Perdesaan,0.64
Indonesia,IDN,2018,Higiene tangan,Tanpa layanan,Rumah sakit,0.79
Indonesia,IDN,2018,Higiene tangan,Tanpa layanan,Non-rumah sakit,0.9
Indonesia,IDN,2019,Higiene tangan,Tanpa layanan,Nasional,0.87
Indonesia,IDN,2019,Higiene tangan,Tanpa layanan,Perkotaan,1.1
Indonesia,IDN,2019,Higiene tangan,Tanpa layanan,Perdesaan,0.64
Indonesia,IDN,2019,Higiene tangan,Tanpa layanan,Rumah sakit,0.79
Indonesia,IDN,2019,Higiene tangan,Tanpa layanan,Non-rumah sakit,0.9
Indonesia,IDN,2020,Higiene tangan,Tanpa layanan,Nasional,0.87
Indonesia,IDN,2020,Higiene tangan,Tanpa layanan,Perkotaan,1.1
Indonesia,IDN,2020,Higiene tangan,Tanpa layanan,Perdesaan,0.64
Indonesia,IDN,2020,Higiene tangan,Tanpa layanan,Rumah sakit,0.79
Indonesia,IDN,2020,Higiene tangan,Tanpa layanan,Non-rumah sakit,0.9
Indonesia,IDN,2021,Higiene tangan,Tanpa layanan,Nasional,0.87
Indonesia,IDN,2021,Higiene tangan,Tanpa layanan,Perkotaan,1.1
Indonesia,IDN,2021,Higiene tangan,Tanpa layanan,Perdesaan,0.64
Indonesia,IDN,2021,Higiene tangan,Tanpa layanan,Rumah sakit,0.79
Indonesia,IDN,2021,Higiene tangan,Tanpa layanan,Non-rumah sakit,0.9
Indonesia,IDN,2022,Higiene tangan,Tanpa layanan,Nasional,0.87
Indonesia,IDN,2022,Higiene tangan,Tanpa layanan,Perkotaan,1.1
Indonesia,IDN,2022,Higiene tangan,Tanpa layanan,Perdesaan,0.64
Indonesia,IDN,2022,Higiene tangan,Tanpa layanan,Rumah sakit,0.79
Indonesia,IDN,2022,Higiene tangan,Tanpa layanan,Non-rumah sakit,0.9
Indonesia,IDN,2023,Higiene tangan,Tanpa layanan,Nasional,0.87
Indonesia,IDN,2023,Higiene tangan,Tanpa layanan,Perkotaan,1.1
Indonesia,IDN,2023,Higiene tangan,Tanpa layanan,Perdesaan,0.64
Indonesia,IDN,2023,Higiene tangan,Tanpa layanan,Rumah sakit,0.79
Indonesia,IDN,2023,Higiene tangan,Tanpa layanan,Non-rumah sakit,0.9
Laos,LAO,2018,Higiene tangan,Dasar,Nasional,16.6
Laos,LAO,2018,Higiene tangan,Dasar,Rumah sakit,42.95
Laos,LAO,2018,Higiene tangan,Dasar,Non-rumah sakit,12.45
Laos,LAO,2018,Higiene tangan,Terbatas,Nasional,20.81
Laos,LAO,2018,Higiene tangan,Terbatas,Rumah sakit,26.17
Laos,LAO,2018,Higiene tangan,Terbatas,Non-rumah sakit,20.17
Laos,LAO,2018,Higiene tangan,Tanpa layanan,Nasional,62.59
Laos,LAO,2018,Higiene tangan,Tanpa layanan,Rumah sakit,30.87
Laos,LAO,2018,Higiene tangan,Tanpa layanan,Non-rumah sakit,67.38
Laos,LAO,2019,Higiene tangan,Dasar,Nasional,16.6
Laos,LAO,2019,Higiene tangan,Dasar,Rumah sakit,42.95
Laos,LAO,2019,Higiene tangan,Dasar,Non-rumah sakit,12.45
Laos,LAO,2019,Higiene tangan,Terbatas,Nasional,20.81
Laos,LAO,2019,Higiene tangan,Terbatas,Rumah sakit,26.17
Laos,LAO,2019,Higiene tangan,Terbatas,Non-rumah sakit,20.17
Laos,LAO,2019,Higiene tangan,Tanpa layanan,Nasional,62.59
Laos,LAO,2019,Higiene tangan,Tanpa layanan,Rumah sakit,30.87
Laos,LAO,2019,Higiene tangan,Tanpa layanan,Non-rumah sakit,67.38
Laos,LAO,2020,Higiene tangan,Dasar,Nasional,16.6
Laos,LAO,2020,Higiene tangan,Dasar,Rumah sakit,42.95
Laos,LAO,2020,Higiene tangan,Dasar,Non-rumah sakit,12.45
Laos,LAO,2020,Higiene tangan,Terbatas,Nasional,20.81
Laos,LAO,2020,Higiene tangan,Terbatas,Rumah sakit,26.17
Laos,LAO,2020,Higiene tangan,Terbatas,Non-rumah sakit,20.17
Laos,LAO,2020,Higiene tangan,Tanpa layanan,Nasional,62.59
Laos,LAO,2020,Higiene tangan,Tanpa layanan,Rumah sakit,30.87
Laos,LAO,2020,Higiene tangan,Tanpa layanan,Non-rumah sakit,67.38
Laos,LAO,2021,Higiene tangan,Dasar,Nasional,16.6
Laos,LAO,2021,Higiene tangan,Dasar,Rumah sakit,42.95
Laos,LAO,2021,Higiene tangan,Dasar,Non-rumah sakit,12.45
Laos,LAO,2021,Higiene tangan,Terbatas,Nasional,20.81
Laos,LAO,2021,Higiene tangan,Terbatas,Rumah sakit,26.17
Laos,LAO,2021,Higiene tangan,Terbatas,Non-rumah sakit,20.17
Laos,LAO,2021,Higiene tangan,Tanpa layanan,Nasional,62.59
Laos,LAO,2021,Higiene tangan,Tanpa layanan,Rumah sakit,30.87
Laos,LAO,2021,Higiene tangan,Tanpa layanan,Non-rumah sakit,67.38
Laos,LAO,2022,Higiene tangan,Dasar,Nasional,16.6
Laos,LAO,2022,Higiene tangan,Dasar,Rumah sakit,42.95
Laos,LAO,2022,Higiene tangan,Dasar,Non-rumah sakit,12.45
Laos,LAO,2022,Higiene tangan,Terbatas,Nasional,20.81
Laos,LAO,2022,Higiene tangan,Terbatas,Rumah sakit,26.17
Laos,LAO,2022,Higiene tangan,Terbatas,Non-rumah sakit,20.17
Laos,LAO,2022,Higiene tangan,Tanpa layanan,Nasional,62.59
Laos,LAO,2022,Higiene tangan,Tanpa layanan,Rumah sakit,30.87
Laos,LAO,2022,Higiene tangan,Tanpa layanan,Non-rumah sakit,67.38
Laos,LAO,2023,Higiene tangan,Dasar,Nasional,16.6
Laos,LAO,2023,Higiene tangan,Dasar,Rumah sakit,42.95
Laos,LAO,2023,Higiene tangan,Dasar,Non-rumah sakit,12.45
Laos,LAO,2023,Higiene tangan,Terbatas,Nasional,20.81
Laos,LAO,2023,Higiene tangan,Terbatas,Rumah sakit,26.17
Laos,LAO,2023,Higiene tangan,Terbatas,Non-rumah sakit,20.17
Laos,LAO,2023,Higiene tangan,Tanpa layanan,Nasional,62.59
Laos,LAO,2023,Higiene tangan,Tanpa layanan,Rumah sakit,30.87
Laos,LAO,2023,Higiene tangan,Tanpa layanan,Non-rumah sakit,67.38
Malaysia,MYS,2000,Higiene tangan,Dasar,Nasional,100.0
Malaysia,MYS,2000,Higiene tangan,Dasar,Perkotaan,100.0
Malaysia,MYS,2000,Higiene tangan,Dasar,Perdesaan,100.0
Malaysia,MYS,2000,Higiene tangan,Dasar,Rumah sakit,100.0
Malaysia,MYS,2000,Higiene tangan,Dasar,Non-rumah sakit,100.0
Malaysia,MYS,2000,Higiene tangan,Terbatas,Nasional,0.0
Malaysia,MYS,2000,Higiene tangan,Terbatas,Perkotaan,0.0
Malaysia,MYS,2000,Higiene tangan,Terbatas,Perdesaan,0.0
Malaysia,MYS,2000,Higiene tangan,Terbatas,Rumah sakit,0.0
Malaysia,MYS,2000,Higiene tangan,Terbatas,Non-rumah sakit,0.0
Malaysia,MYS,2000,Higiene tangan,Tanpa layanan,Nasional,0.0
Malaysia,MYS,2000,Higiene tangan,Tanpa layanan,Perkotaan,0.0
Malaysia,MYS,2000,Higiene tangan,Tanpa layanan,Perdesaan,0.0
Malaysia,MYS,2000,Higiene tangan,Tanpa layanan,Rumah sakit,0.0
Malaysia,MYS,2000,Higiene tangan,Tanpa layanan,Non-rumah sakit,0.0
Malaysia,MYS,2001,Higiene tangan,Dasar,Nasional,100.0
Malaysia,MYS,2001,Higiene tangan,Dasar,Perkotaan,100.0
Malaysia,MYS,2001,Higiene tangan,Dasar,Perdesaan,100.0
Malaysia,MYS,2001,Higiene tangan,Dasar,Rumah sakit,100.0
Malaysia,MYS,2001,Higiene tangan,Dasar,Non-rumah sakit,100.0
Malaysia,MYS,2001,Higiene tangan,Terbatas,Nasional,0.0
Malaysia,MYS,2001,Higiene tangan,Terbatas,Perkotaan,0.0
Malaysia,MYS,2001,Higiene tangan,Terbatas,Perdesaan,0.0
Malaysia,MYS,2001,Higiene tangan,Terbatas,Rumah sakit,0.0
Malaysia,MYS,2001,Higiene tangan,Terbatas,Non-rumah sakit,0.0
Malaysia,MYS,2001,Higiene tangan,Tanpa layanan,Nasional,0.0
Malaysia,MYS,2001,Higiene tangan,Tanpa layanan,Perkotaan,0.0
Malaysia,MYS,2001,Higiene tangan,Tanpa layanan,Perdesaan,0.0
Malaysia,MYS,2001,Higiene tangan,Tanpa layanan,Rumah sakit,0.0
Malaysia,MYS,2001,Higiene tangan,Tanpa layanan,Non-rumah sakit,0.0
Malaysia,MYS,2002,Higiene tangan,Dasar,Nasional,100.0
Malaysia,MYS,2002,Higiene tangan,Dasar,Perkotaan,100.0
Malaysia,MYS,2002,Higiene tangan,Dasar,Perdesaan,100.0
Malaysia,MYS,2002,Higiene tangan,Dasar,Rumah sakit,100.0
Malaysia,MYS,2002,Higiene tangan,Dasar,Non-rumah sakit,100.0
Malaysia,MYS,2002,Higiene tangan,Terbatas,Nasional,0.0
Malaysia,MYS,2002,Higiene tangan,Terbatas,Perkotaan,0.0
Malaysia,MYS,2002,Higiene tangan,Terbatas,Perdesaan,0.0
Malaysia,MYS,2002,Higiene tangan,Terbatas,Rumah sakit,0.0
Malaysia,MYS,2002,Higiene tangan,Terbatas,Non-rumah sakit,0.0
Malaysia,MYS,2002,Higiene tangan,Tanpa layanan,Nasional,0.0
Malaysia,MYS,2002,Higiene tangan,Tanpa layanan,Perkotaan,0.0
Malaysia,MYS,2002,Higiene tangan,Tanpa layanan,Perdesaan,0.0
Malaysia,MYS,2002,Higiene tangan,Tanpa layanan,Rumah sakit,0.0
Malaysia,MYS,2002,Higiene tangan,Tanpa layanan,Non-rumah sakit,0.0
Malaysia,MYS,2003,Higiene tangan,Dasar,Nasional,100.0
Malaysia,MYS,2003,Higiene tangan,Dasar,Perkotaan,100.0
Malaysia,MYS,2003,Higiene tangan,Dasar,Perdesaan,100.0
Malaysia,MYS,2003,Higiene tangan,Dasar,Rumah sakit,100.0
Malaysia,MYS,2003,Higiene tangan,Dasar,Non-rumah sakit,100.0
Malaysia,MYS,2003,Higiene tangan,Terbatas,Nasional,0.0
Malaysia,MYS,2003,Higiene tangan,Terbatas,Perkotaan,0.0
Malaysia,MYS,2003,Higiene tangan,Terbatas,Perdesaan,0.0
Malaysia,MYS,2003,Higiene tangan,Terbatas,Rumah sakit,0.0
Malaysia,MYS,2003,Higiene tangan,Terbatas,Non-rumah sakit,0.0
Malaysia,MYS,2003,Higiene tangan,Tanpa layanan,Nasional,0.0
Malaysia,MYS,2003,Higiene tangan,Tanpa layanan,Perkotaan,0.0
Malaysia,MYS,2003,Higiene tangan,Tanpa layanan,Perdesaan,0.0
Malaysia,MYS,2003,Higiene tangan,Tanpa layanan,Rumah sakit,0.0
Malaysia,MYS,2003,Higiene tangan,Tanpa layanan,Non-rumah sakit,0.0
Malaysia,MYS,2004,Higiene tangan,Dasar,Nasional,100.0
Malaysia,MYS,2004,Higiene tangan,Dasar,Perkotaan,100.0
Malaysia,MYS,2004,Higiene tangan,Dasar,Perdesaan,100.0
Malaysia,MYS,2004,Higiene tangan,Dasar,Rumah sakit,100.0
Malaysia,MYS,2004,Higiene tangan,Dasar,Non-rumah sakit,100.0
Malaysia,MYS,2004,Higiene tangan,Terbatas,Nasional,0.0
Malaysia,MYS,2004,Higiene tangan,Terbatas,Perkotaan,0.0
Malaysia,MYS,2004,Higiene tangan,Terbatas,Perdesaan,0.0
Malaysia,MYS,2004,Higiene tangan,Terbatas,Rumah sakit,0.0
Malaysia,MYS,2004,Higiene tangan,Terbatas,Non-rumah sakit,0.0
Malaysia,MYS,2004,Higiene tangan,Tanpa layanan,Nasional,0.0
Malaysia,MYS,2004,Higiene tangan,Tanpa layanan,Perkotaan,0.0
Malaysia,MYS,2004,Higiene tangan,Tanpa layanan,Perdesaan,0.0
Malaysia,MYS,2004,Higiene tangan,Tanpa layanan,Rumah sakit,0.0
Malaysia,MYS,2004,Higiene tangan,Tanpa layanan,Non-rumah sakit,0.0
Malaysia,MYS,2005,Higiene tangan,Dasar,Nasional,100.0
Malaysia,MYS,2005,Higiene tangan,Dasar,Perkotaan,100.0
Malaysia,MYS,2005,Higiene tangan,Dasar,Perdesaan,100.0
Malaysia,MYS,2005,Higiene tangan,Dasar,Rumah sakit,100.0
Malaysia,MYS,2005,Higiene tangan,Dasar,Non-rumah sakit,100.0
Malaysia,MYS,2005,Higiene tangan,Terbatas,Nasional,0.0
Malaysia,MYS,2005,Higiene tangan,Terbatas,Perkotaan,0.0
Malaysia,MYS,2005,Higiene tangan,Terbatas,Perdesaan,0.0
Malaysia,MYS,2005,Higiene tangan,Terbatas,Rumah sakit,0.0
Malaysia,MYS,2005,Higiene tangan,Terbatas,Non-rumah sakit,0.0
Malaysia,MYS,2005,Higiene tangan,Tanpa layanan,Nasional,0.0
Malaysia,MYS,2005,Higiene tangan,Tanpa layanan,Perkotaan,0.0
Malaysia,MYS,2005,Higiene tangan,Tanpa layanan,Perdesaan,0.0
Malaysia,MYS,2005,Higiene tangan,Tanpa layanan,Rumah sakit,0.0
Malaysia,MYS,2005,Higiene tangan,Tanpa layanan,Non-rumah sakit,0.0
Malaysia,MYS,2006,Higiene tangan,Dasar,Nasional,100.0
Malaysia,MYS,2006,Higiene tangan,Dasar,Perkotaan,100.0
Malaysia,MYS,2006,Higiene tangan,Dasar,Perdesaan,100.0
Malaysia,MYS,2006,Higiene tangan,Dasar,Rumah sakit,100.0
Malaysia,MYS,2006,Higiene tangan,Dasar,Non-rumah sakit,100.0
Malaysia,MYS,2006,Higiene tangan,Terbatas,Nasional,0.0
Malaysia,MYS,2006,Higiene tangan,Terbatas,Perkotaan,0.0
Malaysia,MYS,2006,Higiene tangan,Terbatas,Perdesaan,0.0
Malaysia,MYS,2006,Higiene tangan,Terbatas,Rumah sakit,0.0
Malaysia,MYS,2006,Higiene tangan,Terbatas,Non-rumah sakit,0.0
Malaysia,MYS,2006,Higiene tangan,Tanpa layanan,Nasional,0.0
Malaysia,MYS,2006,Higiene tangan,Tanpa layanan,Perkotaan,0.0
Malaysia,MYS,2006,Higiene tangan,Tanpa layanan,Perdesaan,0.0
Malaysia,MYS,2006,Higiene tangan,Tanpa layanan,Rumah sakit,0.0
Malaysia,MYS,2006,Higiene tangan,Tanpa layanan,Non-rumah sakit,0.0
Malaysia,MYS,2007,Higiene tangan,Dasar,Nasional,100.0
Malaysia,MYS,2007,Higiene tangan,Dasar,Perkotaan,100.0
Malaysia,MYS,2007,Higiene tangan,Dasar,Perdesaan,100.0
Malaysia,MYS,2007,Higiene tangan,Dasar,Rumah sakit,100.0
Malaysia,MYS,2007,Higiene tangan,Dasar,Non-rumah sakit,100.0
Malaysia,MYS,2007,Higiene tangan,Terbatas,Nasional,0.0
Malaysia,MYS,2007,Higiene tangan,Terbatas,Perkotaan,0.0
Malaysia,MYS,2007,Higiene tangan,Terbatas,Perdesaan,0.0
Malaysia,MYS,2007,Higiene tangan,Terbatas,Rumah sakit,0.0
Malaysia,MYS,2007,Higiene tangan,Terbatas,Non-rumah sakit,0.0
Malaysia,MYS,2007,Higiene tangan,Tanpa layanan,Nasional,0.0
Malaysia,MYS,2007,Higiene tangan,Tanpa layanan,Perkotaan,0.0
Malaysia,MYS,2007,Higiene tangan,Tanpa layanan,Perdesaan,0.0
Malaysia,MYS,2007,Higiene tangan,Tanpa layanan,Rumah sakit,0.0
Malaysia,MYS,2007,Higiene tangan,Tanpa layanan,Non-rumah sakit,0.0
Malaysia,MYS,2008,Higiene tangan,Dasar,Nasional,100.0
Malaysia,MYS,2008,Higiene tangan,Dasar,Perkotaan,100.0
Malaysia,MYS,2008,Higiene tangan,Dasar,Perdesaan,100.0
Malaysia,MYS,2008,Higiene tangan,Dasar,Rumah sakit,100.0
Malaysia,MYS,2008,Higiene tangan,Dasar,Non-rumah sakit,100.0
Malaysia,MYS,2008,Higiene tangan,Terbatas,Nasional,0.0
Malaysia,MYS,2008,Higiene tangan,Terbatas,Perkotaan,0.0
Malaysia,MYS,2008,Higiene tangan,Terbatas,Perdesaan,0.0
Malaysia,MYS,2008,Higiene tangan,Terbatas,Rumah sakit,0.0
Malaysia,MYS,2008,Higiene tangan,Terbatas,Non-rumah sakit,0.0
Malaysia,MYS,2008,Higiene tangan,Tanpa layanan,Nasional,0.0
Malaysia,MYS,2008,Higiene tangan,Tanpa layanan,Perkotaan,0.0
Malaysia,MYS,2008,Higiene tangan,Tanpa layanan,Perdesaan,0.0
Malaysia,MYS,2008,Higiene tangan,Tanpa layanan,Rumah sakit,0.0
Malaysia,MYS,2008,Higiene tangan,Tanpa layanan,Non-rumah sakit,0.0
Malaysia,MYS,2009,Higiene tangan,Dasar,Nasional,100.0
Malaysia,MYS,2009,Higiene tangan,Dasar,Perkotaan,100.0
Malaysia,MYS,2009,Higiene tangan,Dasar,Perdesaan,100.0
Malaysia,MYS,2009,Higiene tangan,Dasar,Rumah sakit,100.0
Malaysia,MYS,2009,Higiene tangan,Dasar,Non-rumah sakit,100.0
Malaysia,MYS,2009,Higiene tangan,Terbatas,Nasional,0.0
Malaysia,MYS,2009,Higiene tangan,Terbatas,Perkotaan,0.0
Malaysia,MYS,2009,Higiene tangan,Terbatas,Perdesaan,0.0
Malaysia,MYS,2009,Higiene tangan,Terbatas,Rumah sakit,0.0
Malaysia,MYS,2009,Higiene tangan,Terbatas,Non-rumah sakit,0.0
Malaysia,MYS,2009,Higiene tangan,Tanpa layanan,Nasional,0.0
Malaysia,MYS,2009,Higiene tangan,Tanpa layanan,Perkotaan,0.0
Malaysia,MYS,2009,Higiene tangan,Tanpa layanan,Perdesaan,0.0
Malaysia,MYS,2009,Higiene tangan,Tanpa layanan,Rumah sakit,0.0
Malaysia,MYS,2009,Higiene tangan,Tanpa layanan,Non-rumah sakit,0.0
Malaysia,MYS,2010,Higiene tangan,Dasar,Nasional,100.0
Malaysia,MYS,2010,Higiene tangan,Dasar,Perkotaan,100.0
Malaysia,MYS,2010,Higiene tangan,Dasar,Perdesaan,100.0
Malaysia,MYS,2010,Higiene tangan,Dasar,Rumah sakit,100.0
Malaysia,MYS,2010,Higiene tangan,Dasar,Non-rumah sakit,100.0
Malaysia,MYS,2010,Higiene tangan,Terbatas,Nasional,0.0
Malaysia,MYS,2010,Higiene tangan,Terbatas,Perkotaan,0.0
Malaysia,MYS,2010,Higiene tangan,Terbatas,Perdesaan,0.0
Malaysia,MYS,2010,Higiene tangan,Terbatas,Rumah sakit,0.0
Malaysia,MYS,2010,Higiene tangan,Terbatas,Non-rumah sakit,0.0
Malaysia,MYS,2010,Higiene tangan,Tanpa layanan,Nasional,0.0
Malaysia,MYS,2010,Higiene tangan,Tanpa layanan,Perkotaan,0.0
Malaysia,MYS,2010,Higiene tangan,Tanpa layanan,Perdesaan,0.0
Malaysia,MYS,2010,Higiene tangan,Tanpa layanan,Rumah sakit,0.0
Malaysia,MYS,2010,Higiene tangan,Tanpa layanan,Non-rumah sakit,0.0
Malaysia,MYS,2011,Higiene tangan,Dasar,Nasional,100.0
Malaysia,MYS,2011,Higiene tangan,Dasar,Perkotaan,100.0
Malaysia,MYS,2011,Higiene tangan,Dasar,Perdesaan,100.0
Malaysia,MYS,2011,Higiene tangan,Dasar,Rumah sakit,100.0
Malaysia,MYS,2011,Higiene tangan,Dasar,Non-rumah sakit,100.0
Malaysia,MYS,2011,Higiene tangan,Terbatas,Nasional,0.0
Malaysia,MYS,2011,Higiene tangan,Terbatas,Perkotaan,0.0
Malaysia,MYS,2011,Higiene tangan,Terbatas,Perdesaan,0.0
Malaysia,MYS,2011,Higiene tangan,Terbatas,Rumah sakit,0.0
Malaysia,MYS,2011,Higiene tangan,Terbatas,Non-rumah sakit,0.0
Malaysia,MYS,2011,Higiene tangan,Tanpa layanan,Nasional,0.0
Malaysia,MYS,2011,Higiene tangan,Tanpa layanan,Perkotaan,0.0
Malaysia,MYS,2011,Higiene tangan,Tanpa layanan,Perdesaan,0.0
Malaysia,MYS,2011,Higiene tangan,Tanpa layanan,Rumah sakit,0.0
Malaysia,MYS,2011,Higiene tangan,Tanpa layanan,Non-rumah sakit,0.0
Malaysia,MYS,2012,Higiene tangan,Dasar,Nasional,100.0
Malaysia,MYS,2012,Higiene tangan,Dasar,Perkotaan,100.0
Malaysia,MYS,2012,Higiene tangan,Dasar,Perdesaan,100.0
Malaysia,MYS,2012,Higiene tangan,Dasar,Rumah sakit,100.0
Malaysia,MYS,2012,Higiene tangan,Dasar,Non-rumah sakit,100.0
Malaysia,MYS,2012,Higiene tangan,Terbatas,Nasional,0.0
Malaysia,MYS,2012,Higiene tangan,Terbatas,Perkotaan,0.0
Malaysia,MYS,2012,Higiene tangan,Terbatas,Perdesaan,0.0
Malaysia,MYS,2012,Higiene tangan,Terbatas,Rumah sakit,0.0
Malaysia,MYS,2012,Higiene tangan,Terbatas,Non-rumah sakit,0.0
Malaysia,MYS,2012,Higiene tangan,Tanpa layanan,Nasional,0.0
Malaysia,MYS,2012,Higiene tangan,Tanpa layanan,Perkotaan,0.0
Malaysia,MYS,2012,Higiene tangan,Tanpa layanan,Perdesaan,0.0
Malaysia,MYS,2012,Higiene tangan,Tanpa layanan,Rumah sakit,0.0
Malaysia,MYS,2012,Higiene tangan,Tanpa layanan,Non-rumah sakit,0.0
Malaysia,MYS,2013,Higiene tangan,Dasar,Nasional,100.0
Malaysia,MYS,2013,Higiene tangan,Dasar,Perkotaan,100.0
Malaysia,MYS,2013,Higiene tangan,Dasar,Perdesaan,100.0
Malaysia,MYS,2013,Higiene tangan,Dasar,Rumah sakit,100.0
Malaysia,MYS,2013,Higiene tangan,Dasar,Non-rumah sakit,100.0
Malaysia,MYS,2013,Higiene tangan,Terbatas,Nasional,0.0
Malaysia,MYS,2013,Higiene tangan,Terbatas,Perkotaan,0.0
Malaysia,MYS,2013,Higiene tangan,Terbatas,Perdesaan,0.0
Malaysia,MYS,2013,Higiene tangan,Terbatas,Rumah sakit,0.0
Malaysia,MYS,2013,Higiene tangan,Terbatas,Non-rumah sakit,0.0
Malaysia,MYS,2013,Higiene tangan,Tanpa layanan,Nasional,0.0
Malaysia,MYS,2013,Higiene tangan,Tanpa layanan,Perkotaan,0.0
Malaysia,MYS,2013,Higiene tangan,Tanpa layanan,Perdesaan,0.0
Malaysia,MYS,2013,Higiene tangan,Tanpa layanan,Rumah sakit,0.0
Malaysia,MYS,2013,Higiene tangan,Tanpa layanan,Non-rumah sakit,0.0
Malaysia,MYS,2014,Higiene tangan,Dasar,Nasional,100.0
Malaysia,MYS,2014,Higiene tangan,Dasar,Perkotaan,100.0
Malaysia,MYS,2014,Higiene tangan,Dasar,Perdesaan,100.0
Malaysia,MYS,2014,Higiene tangan,Dasar,Rumah sakit,100.0
Malaysia,MYS,2014,Higiene tangan,Dasar,Non-rumah sakit,100.0
Malaysia,MYS,2014,Higiene tangan,Terbatas,Nasional,0.0
Malaysia,MYS,2014,Higiene tangan,Terbatas,Perkotaan,0.0
Malaysia,MYS,2014,Higiene tangan,Terbatas,Perdesaan,0.0
Malaysia,MYS,2014,Higiene tangan,Terbatas,Rumah sakit,0.0
Malaysia,MYS,2014,Higiene tangan,Terbatas,Non-rumah sakit,0.0
Malaysia,MYS,2014,Higiene tangan,Tanpa layanan,Nasional,0.0
Malaysia,MYS,2014,Higiene tangan,Tanpa layanan,Perkotaan,0.0
Malaysia,MYS,2014,Higiene tangan,Tanpa layanan,Perdesaan,0.0
Malaysia,MYS,2014,Higiene tangan,Tanpa layanan,Rumah sakit,0.0
Malaysia,MYS,2014,Higiene tangan,Tanpa layanan,Non-rumah sakit,0.0
Malaysia,MYS,2015,Higiene tangan,Dasar,Nasional,100.0
Malaysia,MYS,2015,Higiene tangan,Dasar,Perkotaan,100.0
Malaysia,MYS,2015,Higiene tangan,Dasar,Perdesaan,100.0
Malaysia,MYS,2015,Higiene tangan,Dasar,Rumah sakit,100.0
Malaysia,MYS,2015,Higiene tangan,Dasar,Non-rumah sakit,100.0
Malaysia,MYS,2015,Higiene tangan,Terbatas,Nasional,0.0
Malaysia,MYS,2015,Higiene tangan,Terbatas,Perkotaan,0.0
Malaysia,MYS,2015,Higiene tangan,Terbatas,Perdesaan,0.0
Malaysia,MYS,2015,Higiene tangan,Terbatas,Rumah sakit,0.0
Malaysia,MYS,2015,Higiene tangan,Terbatas,Non-rumah sakit,0.0
Malaysia,MYS,2015,Higiene tangan,Tanpa layanan,Nasional,0.0
Malaysia,MYS,2015,Higiene tangan,Tanpa layanan,Perkotaan,0.0
Malaysia,MYS,2015,Higiene tangan,Tanpa layanan,Perdesaan,0.0
Malaysia,MYS,2015,Higiene tangan,Tanpa layanan,Rumah sakit,0.0
Malaysia,MYS,2015,Higiene tangan,Tanpa layanan,Non-rumah sakit,0.0
Malaysia,MYS,2016,Higiene tangan,Dasar,Nasional,100.0
Malaysia,MYS,2016,Higiene tangan,Dasar,Perkotaan,100.0
Malaysia,MYS,2016,Higiene tangan,Dasar,Perdesaan,100.0
Malaysia,MYS,2016,Higiene tangan,Dasar,Rumah sakit,100.0
Malaysia,MYS,2016,Higiene tangan,Dasar,Non-rumah sakit,100.0
Malaysia,MYS,2016,Higiene tangan,Terbatas,Nasional,0.0
Malaysia,MYS,2016,Higiene tangan,Terbatas,Perkotaan,0.0
Malaysia,MYS,2016,Higiene tangan,Terbatas,Perdesaan,0.0
Malaysia,MYS,2016,Higiene tangan,Terbatas,Rumah sakit,0.0
Malaysia,MYS,2016,Higiene tangan,Terbatas,Non-rumah sakit,0.0
Malaysia,MYS,2016,Higiene tangan,Tanpa layanan,Nasional,0.0
Malaysia,MYS,2016,Higiene tangan,Tanpa layanan,Perkotaan,0.0
Malaysia,MYS,2016,Higiene tangan,Tanpa layanan,Perdesaan,0.0
Malaysia,MYS,2016,Higiene tangan,Tanpa layanan,Rumah sakit,0.0
Malaysia,MYS,2016,Higiene tangan,Tanpa layanan,Non-rumah sakit,0.0
Malaysia,MYS,2017,Higiene tangan,Dasar,Nasional,100.0
Malaysia,MYS,2017,Higiene tangan,Dasar,Perkotaan,100.0
Malaysia,MYS,2017,Higiene tangan,Dasar,Perdesaan,100.0
Malaysia,MYS,2017,Higiene tangan,Dasar,Rumah sakit,100.0
Malaysia,MYS,2017,Higiene tangan,Dasar,Non-rumah sakit,100.0
Malaysia,MYS,2017,Higiene tangan,Terbatas,Nasional,0.0
Malaysia,MYS,2017,Higiene tangan,Terbatas,Perkotaan,0.0
Malaysia,MYS,2017,Higiene tangan,Terbatas,Perdesaan,0.0
Malaysia,MYS,2017,Higiene tangan,Terbatas,Rumah sakit,0.0
Malaysia,MYS,2017,Higiene tangan,Terbatas,Non-rumah sakit,0.0
Malaysia,MYS,2017,Higiene tangan,Tanpa layanan,Nasional,0.0
Malaysia,MYS,2017,Higiene tangan,Tanpa layanan,Perkotaan,0.0
Malaysia,MYS,2017,Higiene tangan,Tanpa layanan,Perdesaan,0.0
Malaysia,MYS,2017,Higiene tangan,Tanpa layanan,Rumah sakit,0.0
Malaysia,MYS,2017,Higiene tangan,Tanpa layanan,Non-rumah sakit,0.0
Malaysia,MYS,2018,Higiene tangan,Dasar,Nasional,100.0
Malaysia,MYS,2018,Higiene tangan,Dasar,Perkotaan,100.0
Malaysia,MYS,2018,Higiene tangan,Dasar,Perdesaan,100.0
Malaysia,MYS,2018,Higiene tangan,Dasar,Rumah sakit,100.0
Malaysia,MYS,2018,Higiene tangan,Dasar,Non-rumah sakit,100.0
Malaysia,MYS,2018,Higiene tangan,Terbatas,Nasional,0.0
Malaysia,MYS,2018,Higiene tangan,Terbatas,Perkotaan,0.0
Malaysia,MYS,2018,Higiene tangan,Terbatas,Perdesaan,0.0
Malaysia,MYS,2018,Higiene tangan,Terbatas,Rumah sakit,0.0
Malaysia,MYS,2018,Higiene tangan,Terbatas,Non-rumah sakit,0.0
Malaysia,MYS,2018,Higiene tangan,Tanpa layanan,Nasional,0.0
Malaysia,MYS,2018,Higiene tangan,Tanpa layanan,Perkotaan,0.0
Malaysia,MYS,2018,Higiene tangan,Tanpa layanan,Perdesaan,0.0
Malaysia,MYS,2018,Higiene tangan,Tanpa layanan,Rumah sakit,0.0
Malaysia,MYS,2018,Higiene tangan,Tanpa layanan,Non-rumah sakit,0.0
Malaysia,MYS,2019,Higiene tangan,Dasar,Nasional,100.0
Malaysia,MYS,2019,Higiene tangan,Dasar,Perkotaan,100.0
Malaysia,MYS,2019,Higiene tangan,Dasar,Perdesaan,100.0
Malaysia,MYS,2019,Higiene tangan,Dasar,Rumah sakit,100.0
Malaysia,MYS,2019,Higiene tangan,Dasar,Non-rumah sakit,100.0
Malaysia,MYS,2019,Higiene tangan,Terbatas,Nasional,0.0
Malaysia,MYS,2019,Higiene tangan,Terbatas,Perkotaan,0.0
Malaysia,MYS,2019,Higiene tangan,Terbatas,Perdesaan,0.0
Malaysia,MYS,2019,Higiene tangan,Terbatas,Rumah sakit,0.0
Malaysia,MYS,2019,Higiene tangan,Terbatas,Non-rumah sakit,0.0
Malaysia,MYS,2019,Higiene tangan,Tanpa layanan,Nasional,0.0
Malaysia,MYS,2019,Higiene tangan,Tanpa layanan,Perkotaan,0.0
Malaysia,MYS,2019,Higiene tangan,Tanpa layanan,Perdesaan,0.0
Malaysia,MYS,2019,Higiene tangan,Tanpa layanan,Rumah sakit,0.0
Malaysia,MYS,2019,Higiene tangan,Tanpa layanan,Non-rumah sakit,0.0
Malaysia,MYS,2020,Higiene tangan,Dasar,Nasional,100.0
Malaysia,MYS,2020,Higiene tangan,Dasar,Perkotaan,100.0
Malaysia,MYS,2020,Higiene tangan,Dasar,Perdesaan,100.0
Malaysia,MYS,2020,Higiene tangan,Dasar,Rumah sakit,100.0
Malaysia,MYS,2020,Higiene tangan,Dasar,Non-rumah sakit,100.0
Malaysia,MYS,2020,Higiene tangan,Terbatas,Nasional,0.0
Malaysia,MYS,2020,Higiene tangan,Terbatas,Perkotaan,0.0
Malaysia,MYS,2020,Higiene tangan,Terbatas,Perdesaan,0.0
Malaysia,MYS,2020,Higiene tangan,Terbatas,Rumah sakit,0.0
Malaysia,MYS,2020,Higiene tangan,Terbatas,Non-rumah sakit,0.0
Malaysia,MYS,2020,Higiene tangan,Tanpa layanan,Nasional,0.0
Malaysia,MYS,2020,Higiene tangan,Tanpa layanan,Perkotaan,0.0
Malaysia,MYS,2020,Higiene tangan,Tanpa layanan,Perdesaan,0.0
Malaysia,MYS,2020,Higiene tangan,Tanpa layanan,Rumah sakit,0.0
Malaysia,MYS,2020,Higiene tangan,Tanpa layanan,Non-rumah sakit,0.0
Malaysia,MYS,2021,Higiene tangan,Dasar,Nasional,100.0
Malaysia,MYS,2021,Higiene tangan,Dasar,Perkotaan,100.0
Malaysia,MYS,2021,Higiene tangan,Dasar,Perdesaan,100.0
Malaysia,MYS,2021,Higiene tangan,Dasar,Rumah sakit,100.0
Malaysia,MYS,2021,Higiene tangan,Dasar,Non-rumah sakit,100.0
Malaysia,MYS,2021,Higiene tangan,Terbatas,Nasional,0.0
Malaysia,MYS,2021,Higiene tangan,Terbatas,Perkotaan,0.0
Malaysia,MYS,2021,Higiene tangan,Terbatas,Perdesaan,0.0
Malaysia,MYS,2021,Higiene tangan,Terbatas,Rumah sakit,0.0
Malaysia,MYS,2021,Higiene tangan,Terbatas,Non-rumah sakit,0.0
Malaysia,MYS,2021,Higiene tangan,Tanpa layanan,Nasional,0.0
Malaysia,MYS,2021,Higiene tangan,Tanpa layanan,Perkotaan,0.0
Malaysia,MYS,2021,Higiene tangan,Tanpa layanan,Perdesaan,0.0
Malaysia,MYS,2021,Higiene tangan,Tanpa layanan,Rumah sakit,0.0
Malaysia,MYS,2021,Higiene tangan,Tanpa layanan,Non-rumah sakit,0.0
Malaysia,MYS,2022,Higiene tangan,Dasar,Nasional,100.0
Malaysia,MYS,2022,Higiene tangan,Dasar,Perkotaan,100.0
Malaysia,MYS,2022,Higiene tangan,Dasar,Perdesaan,100.0
Malaysia,MYS,2022,Higiene tangan,Dasar,Rumah sakit,100.0
Malaysia,MYS,2022,Higiene tangan,Dasar,Non-rumah sakit,100.0
Malaysia,MYS,2022,Higiene tangan,Terbatas,Nasional,0.0
Malaysia,MYS,2022,Higiene tangan,Terbatas,Perkotaan,0.0
Malaysia,MYS,2022,Higiene tangan,Terbatas,Perdesaan,0.0
Malaysia,MYS,2022,Higiene tangan,Terbatas,Rumah sakit,0.0
Malaysia,MYS,2022,Higiene tangan,Terbatas,Non-rumah sakit,0.0
Malaysia,MYS,2022,Higiene tangan,Tanpa layanan,Nasional,0.0
Malaysia,MYS,2022,Higiene tangan,Tanpa layanan,Perkotaan,0.0
Malaysia,MYS,2022,Higiene tangan,Tanpa layanan,Perdesaan,0.0
Malaysia,MYS,2022,Higiene tangan,Tanpa layanan,Rumah sakit,0.0
Malaysia,MYS,2022,Higiene tangan,Tanpa layanan,Non-rumah sakit,0.0
Malaysia,MYS,2023,Higiene tangan,Dasar,Nasional,100.0
Malaysia,MYS,2023,Higiene tangan,Dasar,Perkotaan,100.0
Malaysia,MYS,2023,Higiene tangan,Dasar,Perdesaan,100.0
Malaysia,MYS,2023,Higiene tangan,Dasar,Rumah sakit,100.0
Malaysia,MYS,2023,Higiene tangan,Dasar,Non-rumah sakit,100.0
Malaysia,MYS,2023,Higiene tangan,Terbatas,Nasional,0.0
Malaysia,MYS,2023,Higiene tangan,Terbatas,Perkotaan,0.0
Malaysia,MYS,2023,Higiene tangan,Terbatas,Perdesaan,0.0
Malaysia,MYS,2023,Higiene tangan,Terbatas,Rumah sakit,0.0
Malaysia,MYS,2023,Higiene tangan,Terbatas,Non-rumah sakit,0.0
Malaysia,MYS,2023,Higiene tangan,Tanpa layanan,Nasional,0.0
Malaysia,MYS,2023,Higiene tangan,Tanpa layanan,Perkotaan,0.0
Malaysia,MYS,2023,Higiene tangan,Tanpa layanan,Perdesaan,0.0
Malaysia,MYS,2023,Higiene tangan,Tanpa layanan,Rumah sakit,0.0
Malaysia,MYS,2023,Higiene tangan,Tanpa layanan,Non-rumah sakit,0.0
Filipina,PHL,2019,Higiene tangan,Dasar,Nasional,78.08
Filipina,PHL,2019,Higiene tangan,Dasar,Perkotaan,83.76
Filipina,PHL,2019,Higiene tangan,Dasar,Perdesaan,67.3
Filipina,PHL,2019,Higiene tangan,Dasar,Rumah sakit,84.54
Filipina,PHL,2019,Higiene tangan,Dasar,Non-rumah sakit,58.89
Filipina,PHL,2019,Higiene tangan,Terbatas,Nasional,20.24
Filipina,PHL,2019,Higiene tangan,Terbatas,Perkotaan,14.25
Filipina,PHL,2019,Higiene tangan,Terbatas,Perdesaan,31.62
Filipina,PHL,2019,Higiene tangan,Terbatas,Rumah sakit,13.72
Filipina,PHL,2019,Higiene tangan,Terbatas,Non-rumah sakit,39.63
Filipina,PHL,2019,Higiene tangan,Tanpa layanan,Nasional,1.68
Filipina,PHL,2019,Higiene tangan,Tanpa layanan,Perkotaan,1.99
Filipina,PHL,2019,Higiene tangan,Tanpa layanan,Perdesaan,1.08
Filipina,PHL,2019,Higiene tangan,Tanpa layanan,Rumah sakit,1.75
Filipina,PHL,2019,Higiene tangan,Tanpa layanan,Non-rumah sakit,1.48
Filipina,PHL,2020,Higiene tangan,Dasar,Nasional,78.08
Filipina,PHL,2020,Higiene tangan,Dasar,Perkotaan,83.76
Filipina,PHL,2020,Higiene tangan,Dasar,Perdesaan,67.3
Filipina,PHL,2020,Higiene tangan,Dasar,Rumah sakit,84.54
Filipina,PHL,2020,Higiene tangan,Dasar,Non-rumah sakit,58.89
Filipina,PHL,2020,Higiene tangan,Terbatas,Nasional,20.24
Filipina,PHL,2020,Higiene tangan,Terbatas,Perkotaan,14.25
Filipina,PHL,2020,Higiene tangan,Terbatas,Perdesaan,31.62
Filipina,PHL,2020,Higiene tangan,Terbatas,Rumah sakit,13.72
Filipina,PHL,2020,Higiene tangan,Terbatas,Non-rumah sakit,39.63
Filipina,PHL,2020,Higiene tangan,Tanpa layanan,Nasional,1.68
Filipina,PHL,2020,Higiene tangan,Tanpa layanan,Perkotaan,1.99
Filipina,PHL,2020,Higiene tangan,Tanpa layanan,Perdesaan,1.08
Filipina,PHL,2020,Higiene tangan,Tanpa layanan,Rumah sakit,1.75
Filipina,PHL,2020,Higiene tangan,Tanpa layanan,Non-rumah sakit,1.48
Filipina,PHL,2021,Higiene tangan,Dasar,Nasional,78.08
Filipina,PHL,2021,Higiene tangan,Dasar,Perkotaan,83.76
Filipina,PHL,2021,Higiene tangan,Dasar,Perdesaan,67.3
Filipina,PHL,2021,Higiene tangan,Dasar,Rumah sakit,84.54
Filipina,PHL,2021,Higiene tangan,Dasar,Non-rumah sakit,58.89
Filipina,PHL,2021,Higiene tangan,Terbatas,Nasional,20.24
Filipina,PHL,2021,Higiene tangan,Terbatas,Perkotaan,14.25
Filipina,PHL,2021,Higiene tangan,Terbatas,Perdesaan,31.62
Filipina,PHL,2021,Higiene tangan,Terbatas,Rumah sakit,13.72
Filipina,PHL,2021,Higiene tangan,Terbatas,Non-rumah sakit,39.63
Filipina,PHL,2021,Higiene tangan,Tanpa layanan,Nasional,1.68
Filipina,PHL,2021,Higiene tangan,Tanpa layanan,Perkotaan,1.99
Filipina,PHL,2021,Higiene tangan,Tanpa layanan,Perdesaan,1.08
Filipina,PHL,2021,Higiene tangan,Tanpa layanan,Rumah sakit,1.75
Filipina,PHL,2021,Higiene tangan,Tanpa layanan,Non-rumah sakit,1.48
Filipina,PHL,2022,Higiene tangan,Dasar,Nasional,78.08
Filipina,PHL,2022,Higiene tangan,Dasar,Perkotaan,83.76
Filipina,PHL,2022,Higiene tangan,Dasar,Perdesaan,67.3
Filipina,PHL,2022,Higiene tangan,Dasar,Rumah sakit,84.54
Filipina,PHL,2022,Higiene tangan,Dasar,Non-rumah sakit,58.89
Filipina,PHL,2022,Higiene tangan,Terbatas,Nasional,20.24
Filipina,PHL,2022,Higiene tangan,Terbatas,Perkotaan,14.25
Filipina,PHL,2022,Higiene tangan,Terbatas,Perdesaan,31.62
Filipina,PHL,2022,Higiene tangan,Terbatas,Rumah sakit,13.72
Filipina,PHL,2022,Higiene tangan,Terbatas,Non-rumah sakit,39.63
Filipina,PHL,2022,Higiene tangan,Tanpa layanan,Nasional,1.68
Filipina,PHL,2022,Higiene tangan,Tanpa layanan,Perkotaan,1.99
Filipina,PHL,2022,Higiene tangan,Tanpa layanan,Perdesaan,1.08
Filipina,PHL,2022,Higiene tangan,Tanpa layanan,Rumah sakit,1.75
Filipina,PHL,2022,Higiene tangan,Tanpa layanan,Non-rumah sakit,1.48
Filipina,PHL,2023,Higiene tangan,Dasar,Nasional,78.08
Filipina,PHL,2023,Higiene tangan,Dasar,Perkotaan,83.76
Filipina,PHL,2023,Higiene tangan,Dasar,Perdesaan,67.3
Filipina,PHL,2023,Higiene tangan,Dasar,Rumah sakit,84.54
Filipina,PHL,2023,Higiene tangan,Dasar,Non-rumah sakit,58.89
Filipina,PHL,2023,Higiene tangan,Terbatas,Nasional,20.24
Filipina,PHL,2023,Higiene tangan,Terbatas,Perkotaan,14.25
Filipina,PHL,2023,Higiene tangan,Terbatas,Perdesaan,31.62
Filipina,PHL,2023,Higiene tangan,Terbatas,Rumah sakit,13.72
Filipina,PHL,2023,Higiene tangan,Terbatas,Non-rumah sakit,39.63
Filipina,PHL,2023,Higiene tangan,Tanpa layanan,Nasional,1.68
Filipina,PHL,2023,Higiene tangan,Tanpa layanan,Perkotaan,1.99
Filipina,PHL,2023,Higiene tangan,Tanpa layanan,Perdesaan,1.08
Filipina,PHL,2023,Higiene tangan,Tanpa layanan,Rumah sakit,1.75
Filipina,PHL,2023,Higiene tangan,Tanpa layanan,Non-rumah sakit,1.48
Singapura,SGP,2000,Higiene tangan,Dasar,Nasional,100.0
Singapura,SGP,2000,Higiene tangan,Dasar,Perkotaan,100.0
Singapura,SGP,2000,Higiene tangan,Dasar,Perdesaan,-999.0
Singapura,SGP,2000,Higiene tangan,Dasar,Rumah sakit,100.0
Singapura,SGP,2000,Higiene tangan,Dasar,Non-rumah sakit,100.0
Singapura,SGP,2000,Higiene tangan,Terbatas,Nasional,0.0
Singapura,SGP,2000,Higiene tangan,Terbatas,Perkotaan,0.0
Singapura,SGP,2000,Higiene tangan,Terbatas,Perdesaan,-999.0
Singapura,SGP,2000,Higiene tangan,Terbatas,Rumah sakit,0.0
Singapura,SGP,2000,Higiene tangan,Terbatas,Non-rumah sakit,0.0
Singapura,SGP,2000,Higiene tangan,Tanpa layanan,Nasional,0.0
Singapura,SGP,2000,Higiene tangan,Tanpa layanan,Perkotaan,0.0
Singapura,SGP,2000,Higiene tangan,Tanpa layanan,Perdesaan,-999.0
Singapura,SGP,2000,Higiene tangan,Tanpa layanan,Rumah sakit,0.0
Singapura,SGP,2000,Higiene tangan,Tanpa layanan,Non-rumah sakit,0.0
Singapura,SGP,2001,Higiene tangan,Dasar,Nasional,100.0
Singapura,SGP,2001,Higiene tangan,Dasar,Perkotaan,100.0
Singapura,SGP,2001,Higiene tangan,Dasar,Perdesaan,-999.0
Singapura,SGP,2001,Higiene tangan,Dasar,Rumah sakit,100.0
Singapura,SGP,2001,Higiene tangan,Dasar,Non-rumah sakit,100.0
Singapura,SGP,2001,Higiene tangan,Terbatas,Nasional,0.0
Singapura,SGP,2001,Higiene tangan,Terbatas,Perkotaan,0.0
Singapura,SGP,2001,Higiene tangan,Terbatas,Perdesaan,-999.0
Singapura,SGP,2001,Higiene tangan,Terbatas,Rumah sakit,0.0
Singapura,SGP,2001,Higiene tangan,Terbatas,Non-rumah sakit,0.0
Singapura,SGP,2001,Higiene tangan,Tanpa layanan,Nasional,0.0
Singapura,SGP,2001,Higiene tangan,Tanpa layanan,Perkotaan,0.0
Singapura,SGP,2001,Higiene tangan,Tanpa layanan,Perdesaan,-999.0
Singapura,SGP,2001,Higiene tangan,Tanpa layanan,Rumah sakit,0.0
Singapura,SGP,2001,Higiene tangan,Tanpa layanan,Non-rumah sakit,0.0
Singapura,SGP,2002,Higiene tangan,Dasar,Nasional,100.0
Singapura,SGP,2002,Higiene tangan,Dasar,Perkotaan,100.0
Singapura,SGP,2002,Higiene tangan,Dasar,Perdesaan,-999.0
Singapura,SGP,2002,Higiene tangan,Dasar,Rumah sakit,100.0
Singapura,SGP,2002,Higiene tangan,Dasar,Non-rumah sakit,100.0
Singapura,SGP,2002,Higiene tangan,Terbatas,Nasional,0.0
Singapura,SGP,2002,Higiene tangan,Terbatas,Perkotaan,0.0
Singapura,SGP,2002,Higiene tangan,Terbatas,Perdesaan,-999.0
Singapura,SGP,2002,Higiene tangan,Terbatas,Rumah sakit,0.0
Singapura,SGP,2002,Higiene tangan,Terbatas,Non-rumah sakit,0.0
Singapura,SGP,2002,Higiene tangan,Tanpa layanan,Nasional,0.0
Singapura,SGP,2002,Higiene tangan,Tanpa layanan,Perkotaan,0.0
Singapura,SGP,2002,Higiene tangan,Tanpa layanan,Perdesaan,-999.0
Singapura,SGP,2002,Higiene tangan,Tanpa layanan,Rumah sakit,0.0
Singapura,SGP,2002,Higiene tangan,Tanpa layanan,Non-rumah sakit,0.0
Singapura,SGP,2003,Higiene tangan,Dasar,Nasional,100.0
Singapura,SGP,2003,Higiene tangan,Dasar,Perkotaan,100.0
Singapura,SGP,2003,Higiene tangan,Dasar,Perdesaan,-999.0
Singapura,SGP,2003,Higiene tangan,Dasar,Rumah sakit,100.0
Singapura,SGP,2003,Higiene tangan,Dasar,Non-rumah sakit,100.0
Singapura,SGP,2003,Higiene tangan,Terbatas,Nasional,0.0
Singapura,SGP,2003,Higiene tangan,Terbatas,Perkotaan,0.0
Singapura,SGP,2003,Higiene tangan,Terbatas,Perdesaan,-999.0
Singapura,SGP,2003,Higiene tangan,Terbatas,Rumah sakit,0.0
Singapura,SGP,2003,Higiene tangan,Terbatas,Non-rumah sakit,0.0
Singapura,SGP,2003,Higiene tangan,Tanpa layanan,Nasional,0.0
Singapura,SGP,2003,Higiene tangan,Tanpa layanan,Perkotaan,0.0
Singapura,SGP,2003,Higiene tangan,Tanpa layanan,Perdesaan,-999.0
Singapura,SGP,2003,Higiene tangan,Tanpa layanan,Rumah sakit,0.0
Singapura,SGP,2003,Higiene tangan,Tanpa layanan,Non-rumah sakit,0.0
Singapura,SGP,2004,Higiene tangan,Dasar,Nasional,100.0
Singapura,SGP,2004,Higiene tangan,Dasar,Perkotaan,100.0
Singapura,SGP,2004,Higiene tangan,Dasar,Perdesaan,-999.0
Singapura,SGP,2004,Higiene tangan,Dasar,Rumah sakit,100.0
Singapura,SGP,2004,Higiene tangan,Dasar,Non-rumah sakit,100.0
Singapura,SGP,2004,Higiene tangan,Terbatas,Nasional,0.0
Singapura,SGP,2004,Higiene tangan,Terbatas,Perkotaan,0.0
Singapura,SGP,2004,Higiene tangan,Terbatas,Perdesaan,-999.0
Singapura,SGP,2004,Higiene tangan,Terbatas,Rumah sakit,0.0
Singapura,SGP,2004,Higiene tangan,Terbatas,Non-rumah sakit,0.0
Singapura,SGP,2004,Higiene tangan,Tanpa layanan,Nasional,0.0
Singapura,SGP,2004,Higiene tangan,Tanpa layanan,Perkotaan,0.0
Singapura,SGP,2004,Higiene tangan,Tanpa layanan,Perdesaan,-999.0
Singapura,SGP,2004,Higiene tangan,Tanpa layanan,Rumah sakit,0.0
Singapura,SGP,2004,Higiene tangan,Tanpa layanan,Non-rumah sakit,0.0
Singapura,SGP,2005,Higiene tangan,Dasar,Nasional,100.0
Singapura,SGP,2005,Higiene tangan,Dasar,Perkotaan,100.0
Singapura,SGP,2005,Higiene tangan,Dasar,Perdesaan,-999.0
Singapura,SGP,2005,Higiene tangan,Dasar,Rumah sakit,100.0
Singapura,SGP,2005,Higiene tangan,Dasar,Non-rumah sakit,100.0
Singapura,SGP,2005,Higiene tangan,Terbatas,Nasional,0.0
Singapura,SGP,2005,Higiene tangan,Terbatas,Perkotaan,0.0
Singapura,SGP,2005,Higiene tangan,Terbatas,Perdesaan,-999.0
Singapura,SGP,2005,Higiene tangan,Terbatas,Rumah sakit,0.0
Singapura,SGP,2005,Higiene tangan,Terbatas,Non-rumah sakit,0.0
Singapura,SGP,2005,Higiene tangan,Tanpa layanan,Nasional,0.0
Singapura,SGP,2005,Higiene tangan,Tanpa layanan,Perkotaan,0.0
Singapura,SGP,2005,Higiene tangan,Tanpa layanan,Perdesaan,-999.0
Singapura,SGP,2005,Higiene tangan,Tanpa layanan,Rumah sakit,0.0
Singapura,SGP,2005,Higiene tangan,Tanpa layanan,Non-rumah sakit,0.0
Singapura,SGP,2006,Higiene tangan,Dasar,Nasional,100.0
Singapura,SGP,2006,Higiene tangan,Dasar,Perkotaan,100.0
Singapura,SGP,2006,Higiene tangan,Dasar,Perdesaan,-999.0
Singapura,SGP,2006,Higiene tangan,Dasar,Rumah sakit,100.0
Singapura,SGP,2006,Higiene tangan,Dasar,Non-rumah sakit,100.0
Singapura,SGP,2006,Higiene tangan,Terbatas,Nasional,0.0
Singapura,SGP,2006,Higiene tangan,Terbatas,Perkotaan,0.0
Singapura,SGP,2006,Higiene tangan,Terbatas,Perdesaan,-999.0
Singapura,SGP,2006,Higiene tangan,Terbatas,Rumah sakit,0.0
Singapura,SGP,2006,Higiene tangan,Terbatas,Non-rumah sakit,0.0
Singapura,SGP,2006,Higiene tangan,Tanpa layanan,Nasional,0.0
Singapura,SGP,2006,Higiene tangan,Tanpa layanan,Perkotaan,0.0
Singapura,SGP,2006,Higiene tangan,Tanpa layanan,Perdesaan,-999.0
Singapura,SGP,2006,Higiene tangan,Tanpa layanan,Rumah sakit,0.0
Singapura,SGP,2006,Higiene tangan,Tanpa layanan,Non-rumah sakit,0.0
Singapura,SGP,2007,Higiene tangan,Dasar,Nasional,100.0
Singapura,SGP,2007,Higiene tangan,Dasar,Perkotaan,100.0
Singapura,SGP,2007,Higiene tangan,Dasar,Perdesaan,-999.0
Singapura,SGP,2007,Higiene tangan,Dasar,Rumah sakit,100.0
Singapura,SGP,2007,Higiene tangan,Dasar,Non-rumah sakit,100.0
Singapura,SGP,2007,Higiene tangan,Terbatas,Nasional,0.0
Singapura,SGP,2007,Higiene tangan,Terbatas,Perkotaan,0.0
Singapura,SGP,2007,Higiene tangan,Terbatas,Perdesaan,-999.0
Singapura,SGP,2007,Higiene tangan,Terbatas,Rumah sakit,0.0
Singapura,SGP,2007,Higiene tangan,Terbatas,Non-rumah sakit,0.0
Singapura,SGP,2007,Higiene tangan,Tanpa layanan,Nasional,0.0
Singapura,SGP,2007,Higiene tangan,Tanpa layanan,Perkotaan,0.0
Singapura,SGP,2007,Higiene tangan,Tanpa layanan,Perdesaan,-999.0
Singapura,SGP,2007,Higiene tangan,Tanpa layanan,Rumah sakit,0.0
Singapura,SGP,2007,Higiene tangan,Tanpa layanan,Non-rumah sakit,0.0
Singapura,SGP,2008,Higiene tangan,Dasar,Nasional,100.0
Singapura,SGP,2008,Higiene tangan,Dasar,Perkotaan,100.0
Singapura,SGP,2008,Higiene tangan,Dasar,Perdesaan,-999.0
Singapura,SGP,2008,Higiene tangan,Dasar,Rumah sakit,100.0
Singapura,SGP,2008,Higiene tangan,Dasar,Non-rumah sakit,100.0
Singapura,SGP,2008,Higiene tangan,Terbatas,Nasional,0.0
Singapura,SGP,2008,Higiene tangan,Terbatas,Perkotaan,0.0
Singapura,SGP,2008,Higiene tangan,Terbatas,Perdesaan,-999.0
Singapura,SGP,2008,Higiene tangan,Terbatas,Rumah sakit,0.0
Singapura,SGP,2008,Higiene tangan,Terbatas,Non-rumah sakit,0.0
Singapura,SGP,2008,Higiene tangan,Tanpa layanan,Nasional,0.0
Singapura,SGP,2008,Higiene tangan,Tanpa layanan,Perkotaan,0.0
Singapura,SGP,2008,Higiene tangan,Tanpa layanan,Perdesaan,-999.0
Singapura,SGP,2008,Higiene tangan,Tanpa layanan,Rumah sakit,0.0
Singapura,SGP,2008,Higiene tangan,Tanpa layanan,Non-rumah sakit,0.0
Singapura,SGP,2009,Higiene tangan,Dasar,Nasional,100.0
Singapura,SGP,2009,Higiene tangan,Dasar,Perkotaan,100.0
Singapura,SGP,2009,Higiene tangan,Dasar,Perdesaan,-999.0
Singapura,SGP,2009,Higiene tangan,Dasar,Rumah sakit,100.0
Singapura,SGP,2009,Higiene tangan,Dasar,Non-rumah sakit,100.0
Singapura,SGP,2009,Higiene tangan,Terbatas,Nasional,0.0
Singapura,SGP,2009,Higiene tangan,Terbatas,Perkotaan,0.0
Singapura,SGP,2009,Higiene tangan,Terbatas,Perdesaan,-999.0
Singapura,SGP,2009,Higiene tangan,Terbatas,Rumah sakit,0.0
Singapura,SGP,2009,Higiene tangan,Terbatas,Non-rumah sakit,0.0
Singapura,SGP,2009,Higiene tangan,Tanpa layanan,Nasional,0.0
Singapura,SGP,2009,Higiene tangan,Tanpa layanan,Perkotaan,0.0
Singapura,SGP,2009,Higiene tangan,Tanpa layanan,Perdesaan,-999.0
Singapura,SGP,2009,Higiene tangan,Tanpa layanan,Rumah sakit,0.0
Singapura,SGP,2009,Higiene tangan,Tanpa layanan,Non-rumah sakit,0.0
Singapura,SGP,2010,Higiene tangan,Dasar,Nasional,100.0
Singapura,SGP,2010,Higiene tangan,Dasar,Perkotaan,100.0
Singapura,SGP,2010,Higiene tangan,Dasar,Perdesaan,-999.0
Singapura,SGP,2010,Higiene tangan,Dasar,Rumah sakit,100.0
Singapura,SGP,2010,Higiene tangan,Dasar,Non-rumah sakit,100.0
Singapura,SGP,2010,Higiene tangan,Terbatas,Nasional,0.0
Singapura,SGP,2010,Higiene tangan,Terbatas,Perkotaan,0.0
Singapura,SGP,2010,Higiene tangan,Terbatas,Perdesaan,-999.0
Singapura,SGP,2010,Higiene tangan,Terbatas,Rumah sakit,0.0
Singapura,SGP,2010,Higiene tangan,Terbatas,Non-rumah sakit,0.0
Singapura,SGP,2010,Higiene tangan,Tanpa layanan,Nasional,0.0
Singapura,SGP,2010,Higiene tangan,Tanpa layanan,Perkotaan,0.0
Singapura,SGP,2010,Higiene tangan,Tanpa layanan,Perdesaan,-999.0
Singapura,SGP,2010,Higiene tangan,Tanpa layanan,Rumah sakit,0.0
Singapura,SGP,2010,Higiene tangan,Tanpa layanan,Non-rumah sakit,0.0
Singapura,SGP,2011,Higiene tangan,Dasar,Nasional,100.0
Singapura,SGP,2011,Higiene tangan,Dasar,Perkotaan,100.0
Singapura,SGP,2011,Higiene tangan,Dasar,Perdesaan,-999.0
Singapura,SGP,2011,Higiene tangan,Dasar,Rumah sakit,100.0
Singapura,SGP,2011,Higiene tangan,Dasar,Non-rumah sakit,100.0
Singapura,SGP,2011,Higiene tangan,Terbatas,Nasional,0.0
Singapura,SGP,2011,Higiene tangan,Terbatas,Perkotaan,0.0
Singapura,SGP,2011,Higiene tangan,Terbatas,Perdesaan,-999.0
Singapura,SGP,2011,Higiene tangan,Terbatas,Rumah sakit,0.0
Singapura,SGP,2011,Higiene tangan,Terbatas,Non-rumah sakit,0.0
Singapura,SGP,2011,Higiene tangan,Tanpa layanan,Nasional,0.0
Singapura,SGP,2011,Higiene tangan,Tanpa layanan,Perkotaan,0.0
Singapura,SGP,2011,Higiene tangan,Tanpa layanan,Perdesaan,-999.0
Singapura,SGP,2011,Higiene tangan,Tanpa layanan,Rumah sakit,0.0
Singapura,SGP,2011,Higiene tangan,Tanpa layanan,Non-rumah sakit,0.0
Singapura,SGP,2012,Higiene tangan,Dasar,Nasional,100.0
Singapura,SGP,2012,Higiene tangan,Dasar,Perkotaan,100.0
Singapura,SGP,2012,Higiene tangan,Dasar,Perdesaan,-999.0
Singapura,SGP,2012,Higiene tangan,Dasar,Rumah sakit,100.0
Singapura,SGP,2012,Higiene tangan,Dasar,Non-rumah sakit,100.0
Singapura,SGP,2012,Higiene tangan,Terbatas,Nasional,0.0
Singapura,SGP,2012,Higiene tangan,Terbatas,Perkotaan,0.0
Singapura,SGP,2012,Higiene tangan,Terbatas,Perdesaan,-999.0
Singapura,SGP,2012,Higiene tangan,Terbatas,Rumah sakit,0.0
Singapura,SGP,2012,Higiene tangan,Terbatas,Non-rumah sakit,0.0
Singapura,SGP,2012,Higiene tangan,Tanpa layanan,Nasional,0.0
Singapura,SGP,2012,Higiene tangan,Tanpa layanan,Perkotaan,0.0
Singapura,SGP,2012,Higiene tangan,Tanpa layanan,Perdesaan,-999.0
Singapura,SGP,2012,Higiene tangan,Tanpa layanan,Rumah sakit,0.0
Singapura,SGP,2012,Higiene tangan,Tanpa layanan,Non-rumah sakit,0.0
Singapura,SGP,2013,Higiene tangan,Dasar,Nasional,100.0
Singapura,SGP,2013,Higiene tangan,Dasar,Perkotaan,100.0
Singapura,SGP,2013,Higiene tangan,Dasar,Perdesaan,-999.0
Singapura,SGP,2013,Higiene tangan,Dasar,Rumah sakit,100.0
Singapura,SGP,2013,Higiene tangan,Dasar,Non-rumah sakit,100.0
Singapura,SGP,2013,Higiene tangan,Terbatas,Nasional,0.0
Singapura,SGP,2013,Higiene tangan,Terbatas,Perkotaan,0.0
Singapura,SGP,2013,Higiene tangan,Terbatas,Perdesaan,-999.0
Singapura,SGP,2013,Higiene tangan,Terbatas,Rumah sakit,0.0
Singapura,SGP,2013,Higiene tangan,Terbatas,Non-rumah sakit,0.0
Singapura,SGP,2013,Higiene tangan,Tanpa layanan,Nasional,0.0
Singapura,SGP,2013,Higiene tangan,Tanpa layanan,Perkotaan,0.0
Singapura,SGP,2013,Higiene tangan,Tanpa layanan,Perdesaan,-999.0
Singapura,SGP,2013,Higiene tangan,Tanpa layanan,Rumah sakit,0.0
Singapura,SGP,2013,Higiene tangan,Tanpa layanan,Non-rumah sakit,0.0
Singapura,SGP,2014,Higiene tangan,Dasar,Nasional,100.0
Singapura,SGP,2014,Higiene tangan,Dasar,Perkotaan,100.0
Singapura,SGP,2014,Higiene tangan,Dasar,Perdesaan,-999.0
Singapura,SGP,2014,Higiene tangan,Dasar,Rumah sakit,100.0
Singapura,SGP,2014,Higiene tangan,Dasar,Non-rumah sakit,100.0
Singapura,SGP,2014,Higiene tangan,Terbatas,Nasional,0.0
Singapura,SGP,2014,Higiene tangan,Terbatas,Perkotaan,0.0
Singapura,SGP,2014,Higiene tangan,Terbatas,Perdesaan,-999.0
Singapura,SGP,2014,Higiene tangan,Terbatas,Rumah sakit,0.0
Singapura,SGP,2014,Higiene tangan,Terbatas,Non-rumah sakit,0.0
Singapura,SGP,2014,Higiene tangan,Tanpa layanan,Nasional,0.0
Singapura,SGP,2014,Higiene tangan,Tanpa layanan,Perkotaan,0.0
Singapura,SGP,2014,Higiene tangan,Tanpa layanan,Perdesaan,-999.0
Singapura,SGP,2014,Higiene tangan,Tanpa layanan,Rumah sakit,0.0
Singapura,SGP,2014,Higiene tangan,Tanpa layanan,Non-rumah sakit,0.0
Singapura,SGP,2015,Higiene tangan,Dasar,Nasional,100.0
Singapura,SGP,2015,Higiene tangan,Dasar,Perkotaan,100.0
Singapura,SGP,2015,Higiene tangan,Dasar,Perdesaan,-999.0
Singapura,SGP,2015,Higiene tangan,Dasar,Rumah sakit,100.0
Singapura,SGP,2015,Higiene tangan,Dasar,Non-rumah sakit,100.0
Singapura,SGP,2015,Higiene tangan,Terbatas,Nasional,0.0
Singapura,SGP,2015,Higiene tangan,Terbatas,Perkotaan,0.0
Singapura,SGP,2015,Higiene tangan,Terbatas,Perdesaan,-999.0
Singapura,SGP,2015,Higiene tangan,Terbatas,Rumah sakit,0.0
Singapura,SGP,2015,Higiene tangan,Terbatas,Non-rumah sakit,0.0
Singapura,SGP,2015,Higiene tangan,Tanpa layanan,Nasional,0.0
Singapura,SGP,2015,Higiene tangan,Tanpa layanan,Perkotaan,0.0
Singapura,SGP,2015,Higiene tangan,Tanpa layanan,Perdesaan,-999.0
Singapura,SGP,2015,Higiene tangan,Tanpa layanan,Rumah sakit,0.0
Singapura,SGP,2015,Higiene tangan,Tanpa layanan,Non-rumah sakit,0.0
Singapura,SGP,2016,Higiene tangan,Dasar,Nasional,100.0
Singapura,SGP,2016,Higiene tangan,Dasar,Perkotaan,100.0
Singapura,SGP,2016,Higiene tangan,Dasar,Perdesaan,-999.0
Singapura,SGP,2016,Higiene tangan,Dasar,Rumah sakit,100.0
Singapura,SGP,2016,Higiene tangan,Dasar,Non-rumah sakit,100.0
Singapura,SGP,2016,Higiene tangan,Terbatas,Nasional,0.0
Singapura,SGP,2016,Higiene tangan,Terbatas,Perkotaan,0.0
Singapura,SGP,2016,Higiene tangan,Terbatas,Perdesaan,-999.0
Singapura,SGP,2016,Higiene tangan,Terbatas,Rumah sakit,0.0
Singapura,SGP,2016,Higiene tangan,Terbatas,Non-rumah sakit,0.0
Singapura,SGP,2016,Higiene tangan,Tanpa layanan,Nasional,0.0
Singapura,SGP,2016,Higiene tangan,Tanpa layanan,Perkotaan,0.0
Singapura,SGP,2016,Higiene tangan,Tanpa layanan,Perdesaan,-999.0
Singapura,SGP,2016,Higiene tangan,Tanpa layanan,Rumah sakit,0.0
Singapura,SGP,2016,Higiene tangan,Tanpa layanan,Non-rumah sakit,0.0
Singapura,SGP,2017,Higiene tangan,Dasar,Nasional,100.0
Singapura,SGP,2017,Higiene tangan,Dasar,Perkotaan,100.0
Singapura,SGP,2017,Higiene tangan,Dasar,Perdesaan,-999.0
Singapura,SGP,2017,Higiene tangan,Dasar,Rumah sakit,100.0
Singapura,SGP,2017,Higiene tangan,Dasar,Non-rumah sakit,100.0
Singapura,SGP,2017,Higiene tangan,Terbatas,Nasional,0.0
Singapura,SGP,2017,Higiene tangan,Terbatas,Perkotaan,0.0
Singapura,SGP,2017,Higiene tangan,Terbatas,Perdesaan,-999.0
Singapura,SGP,2017,Higiene tangan,Terbatas,Rumah sakit,0.0
Singapura,SGP,2017,Higiene tangan,Terbatas,Non-rumah sakit,0.0
Singapura,SGP,2017,Higiene tangan,Tanpa layanan,Nasional,0.0
Singapura,SGP,2017,Higiene tangan,Tanpa layanan,Perkotaan,0.0
Singapura,SGP,2017,Higiene tangan,Tanpa layanan,Perdesaan,-999.0
Singapura,SGP,2017,Higiene tangan,Tanpa layanan,Rumah sakit,0.0
Singapura,SGP,2017,Higiene tangan,Tanpa layanan,Non-rumah sakit,0.0
Singapura,SGP,2018,Higiene tangan,Dasar,Nasional,100.0
Singapura,SGP,2018,Higiene tangan,Dasar,Perkotaan,100.0
Singapura,SGP,2018,Higiene tangan,Dasar,Perdesaan,-999.0
Singapura,SGP,2018,Higiene tangan,Dasar,Rumah sakit,100.0
Singapura,SGP,2018,Higiene tangan,Dasar,Non-rumah sakit,100.0
Singapura,SGP,2018,Higiene tangan,Terbatas,Nasional,0.0
Singapura,SGP,2018,Higiene tangan,Terbatas,Perkotaan,0.0
Singapura,SGP,2018,Higiene tangan,Terbatas,Perdesaan,-999.0
Singapura,SGP,2018,Higiene tangan,Terbatas,Rumah sakit,0.0
Singapura,SGP,2018,Higiene tangan,Terbatas,Non-rumah sakit,0.0
Singapura,SGP,2018,Higiene tangan,Tanpa layanan,Nasional,0.0
Singapura,SGP,2018,Higiene tangan,Tanpa layanan,Perkotaan,0.0
Singapura,SGP,2018,Higiene tangan,Tanpa layanan,Perdesaan,-999.0
Singapura,SGP,2018,Higiene tangan,Tanpa layanan,Rumah sakit,0.0
Singapura,SGP,2018,Higiene tangan,Tanpa layanan,Non-rumah sakit,0.0
Singapura,SGP,2019,Higiene tangan,Dasar,Nasional,100.0
Singapura,SGP,2019,Higiene tangan,Dasar,Perkotaan,100.0
Singapura,SGP,2019,Higiene tangan,Dasar,Perdesaan,-999.0
Singapura,SGP,2019,Higiene tangan,Dasar,Rumah sakit,100.0
Singapura,SGP,2019,Higiene tangan,Dasar,Non-rumah sakit,100.0
Singapura,SGP,2019,Higiene tangan,Terbatas,Nasional,0.0
Singapura,SGP,2019,Higiene tangan,Terbatas,Perkotaan,0.0
Singapura,SGP,2019,Higiene tangan,Terbatas,Perdesaan,-999.0
Singapura,SGP,2019,Higiene tangan,Terbatas,Rumah sakit,0.0
Singapura,SGP,2019,Higiene tangan,Terbatas,Non-rumah sakit,0.0
Singapura,SGP,2019,Higiene tangan,Tanpa layanan,Nasional,0.0
Singapura,SGP,2019,Higiene tangan,Tanpa layanan,Perkotaan,0.0
Singapura,SGP,2019,Higiene tangan,Tanpa layanan,Perdesaan,-999.0
Singapura,SGP,2019,Higiene tangan,Tanpa layanan,Rumah sakit,0.0
Singapura,SGP,2019,Higiene tangan,Tanpa layanan,Non-rumah sakit,0.0
Singapura,SGP,2020,Higiene tangan,Dasar,Nasional,100.0
Singapura,SGP,2020,Higiene tangan,Dasar,Perkotaan,100.0
Singapura,SGP,2020,Higiene tangan,Dasar,Perdesaan,-999.0
Singapura,SGP,2020,Higiene tangan,Dasar,Rumah sakit,100.0
Singapura,SGP,2020,Higiene tangan,Dasar,Non-rumah sakit,100.0
Singapura,SGP,2020,Higiene tangan,Terbatas,Nasional,0.0
Singapura,SGP,2020,Higiene tangan,Terbatas,Perkotaan,0.0
Singapura,SGP,2020,Higiene tangan,Terbatas,Perdesaan,-999.0
Singapura,SGP,2020,Higiene tangan,Terbatas,Rumah sakit,0.0
Singapura,SGP,2020,Higiene tangan,Terbatas,Non-rumah sakit,0.0
Singapura,SGP,2020,Higiene tangan,Tanpa layanan,Nasional,0.0
Singapura,SGP,2020,Higiene tangan,Tanpa layanan,Perkotaan,0.0
Singapura,SGP,2020,Higiene tangan,Tanpa layanan,Perdesaan,-999.0
Singapura,SGP,2020,Higiene tangan,Tanpa layanan,Rumah sakit,0.0
Singapura,SGP,2020,Higiene tangan,Tanpa layanan,Non-rumah sakit,0.0
Singapura,SGP,2021,Higiene tangan,Dasar,Nasional,100.0
Singapura,SGP,2021,Higiene tangan,Dasar,Perkotaan,100.0
Singapura,SGP,2021,Higiene tangan,Dasar,Perdesaan,-999.0
Singapura,SGP,2021,Higiene tangan,Dasar,Rumah sakit,100.0
Singapura,SGP,2021,Higiene tangan,Dasar,Non-rumah sakit,100.0
Singapura,SGP,2021,Higiene tangan,Terbatas,Nasional,0.0
Singapura,SGP,2021,Higiene tangan,Terbatas,Perkotaan,0.0
Singapura,SGP,2021,Higiene tangan,Terbatas,Perdesaan,-999.0
Singapura,SGP,2021,Higiene tangan,Terbatas,Rumah sakit,0.0
Singapura,SGP,2021,Higiene tangan,Terbatas,Non-rumah sakit,0.0
Singapura,SGP,2021,Higiene tangan,Tanpa layanan,Nasional,0.0
Singapura,SGP,2021,Higiene tangan,Tanpa layanan,Perkotaan,0.0
Singapura,SGP,2021,Higiene tangan,Tanpa layanan,Perdesaan,-999.0
Singapura,SGP,2021,Higiene tangan,Tanpa layanan,Rumah sakit,0.0
Singapura,SGP,2021,Higiene tangan,Tanpa layanan,Non-rumah sakit,0.0
Singapura,SGP,2022,Higiene tangan,Dasar,Nasional,100.0
Singapura,SGP,2022,Higiene tangan,Dasar,Perkotaan,100.0
Singapura,SGP,2022,Higiene tangan,Dasar,Perdesaan,-999.0
Singapura,SGP,2022,Higiene tangan,Dasar,Rumah sakit,100.0
Singapura,SGP,2022,Higiene tangan,Dasar,Non-rumah sakit,100.0
Singapura,SGP,2022,Higiene tangan,Terbatas,Nasional,0.0
Singapura,SGP,2022,Higiene tangan,Terbatas,Perkotaan,0.0
Singapura,SGP,2022,Higiene tangan,Terbatas,Perdesaan,-999.0
Singapura,SGP,2022,Higiene tangan,Terbatas,Rumah sakit,0.0
Singapura,SGP,2022,Higiene tangan,Terbatas,Non-rumah sakit,0.0
Singapura,SGP,2022,Higiene tangan,Tanpa layanan,Nasional,0.0
Singapura,SGP,2022,Higiene tangan,Tanpa layanan,Perkotaan,0.0
Singapura,SGP,2022,Higiene tangan,Tanpa layanan,Perdesaan,-999.0
Singapura,SGP,2022,Higiene tangan,Tanpa layanan,Rumah sakit,0.0
Singapura,SGP,2022,Higiene tangan,Tanpa layanan,Non-rumah sakit,0.0
Singapura,SGP,2023,Higiene tangan,Dasar,Nasional,100.0
Singapura,SGP,2023,Higiene tangan,Dasar,Perkotaan,100.0
Singapura,SGP,2023,Higiene tangan,Dasar,Perdesaan,-999.0
Singapura,SGP,2023,Higiene tangan,Dasar,Rumah sakit,100.0
Singapura,SGP,2023,Higiene tangan,Dasar,Non-rumah sakit,100.0
Singapura,SGP,2023,Higiene tangan,Terbatas,Nasional,0.0
Singapura,SGP,2023,Higiene tangan,Terbatas,Perkotaan,0.0
Singapura,SGP,2023,Higiene tangan,Terbatas,Perdesaan,-999.0
Singapura,SGP,2023,Higiene tangan,Terbatas,Rumah sakit,0.0
Singapura,SGP,2023,Higiene tangan,Terbatas,Non-rumah sakit,0.0
Singapura,SGP,2023,Higiene tangan,Tanpa layanan,Nasional,0.0
Singapura,SGP,2023,Higiene tangan,Tanpa layanan,Perkotaan,0.0
Singapura,SGP,2023,Higiene tangan,Tanpa layanan,Perdesaan,-999.0
Singapura,SGP,2023,Higiene tangan,Tanpa layanan,Rumah sakit,0.0
Singapura,SGP,2023,Higiene tangan,Tanpa layanan,Non-rumah sakit,0.0
Thailand,THA,2014,Higiene tangan,Dasar,Nasional,93.28
Thailand,THA,2014,Higiene tangan,Dasar,Rumah sakit,94.1
Thailand,THA,2014,Higiene tangan,Dasar,Non-rumah sakit,92.3
Thailand,THA,2015,Higiene tangan,Dasar,Nasional,93.28
Thailand,THA,2015,Higiene tangan,Dasar,Rumah sakit,94.1
Thailand,THA,2015,Higiene tangan,Dasar,Non-rumah sakit,92.3
Thailand,THA,2016,Higiene tangan,Dasar,Nasional,93.28
Thailand,THA,2016,Higiene tangan,Dasar,Rumah sakit,94.1
Thailand,THA,2016,Higiene tangan,Dasar,Non-rumah sakit,92.3
Thailand,THA,2017,Higiene tangan,Dasar,Nasional,93.28
Thailand,THA,2017,Higiene tangan,Dasar,Rumah sakit,94.1
Thailand,THA,2017,Higiene tangan,Dasar,Non-rumah sakit,92.3
Thailand,THA,2018,Higiene tangan,Dasar,Nasional,93.28
Thailand,THA,2018,Higiene tangan,Dasar,Rumah sakit,94.1
Thailand,THA,2018,Higiene tangan,Dasar,Non-rumah sakit,92.3
Thailand,THA,2019,Higiene tangan,Dasar,Nasional,93.28
Thailand,THA,2019,Higiene tangan,Dasar,Rumah sakit,94.1
Thailand,THA,2019,Higiene tangan,Dasar,Non-rumah sakit,92.3
Thailand,THA,2020,Higiene tangan,Dasar,Nasional,93.28
Thailand,THA,2020,Higiene tangan,Dasar,Rumah sakit,94.1
Thailand,THA,2020,Higiene tangan,Dasar,Non-rumah sakit,92.3
Thailand,THA,2021,Higiene tangan,Dasar,Nasional,93.28
Thailand,THA,2021,Higiene tangan,Dasar,Rumah sakit,94.1
Thailand,THA,2021,Higiene tangan,Dasar,Non-rumah sakit,92.3
Thailand,THA,2022,Higiene tangan,Dasar,Nasional,93.28
Thailand,THA,2022,Higiene tangan,Dasar,Rumah sakit,94.1
Thailand,THA,2022,Higiene tangan,Dasar,Non-rumah sakit,92.3
Kamboja,KHM,2000,Pengelolaan limbah medis,Tanpa layanan,Nasional,0.0
Kamboja,KHM,2000,Pengelolaan limbah medis,Tanpa layanan,Perkotaan,0.0
Kamboja,KHM,2000,Pengelolaan limbah medis,Tanpa layanan,Perdesaan,0.0
Kamboja,KHM,2000,Pengelolaan limbah medis,Tanpa layanan,Non-rumah sakit,0.0
Kamboja,KHM,2001,Pengelolaan limbah medis,Tanpa layanan,Nasional,0.0
Kamboja,KHM,2001,Pengelolaan limbah medis,Tanpa layanan,Perkotaan,0.0
Kamboja,KHM,2001,Pengelolaan limbah medis,Tanpa layanan,Perdesaan,0.0
Kamboja,KHM,2001,Pengelolaan limbah medis,Tanpa layanan,Non-rumah sakit,0.0
Kamboja,KHM,2002,Pengelolaan limbah medis,Tanpa layanan,Nasional,0.0
Kamboja,KHM,2002,Pengelolaan limbah medis,Tanpa layanan,Perkotaan,0.0
Kamboja,KHM,2002,Pengelolaan limbah medis,Tanpa layanan,Perdesaan,0.0
Kamboja,KHM,2002,Pengelolaan limbah medis,Tanpa layanan,Non-rumah sakit,0.0
Kamboja,KHM,2003,Pengelolaan limbah medis,Tanpa layanan,Nasional,0.0
Kamboja,KHM,2003,Pengelolaan limbah medis,Tanpa layanan,Perkotaan,0.0
Kamboja,KHM,2003,Pengelolaan limbah medis,Tanpa layanan,Perdesaan,0.0
Kamboja,KHM,2003,Pengelolaan limbah medis,Tanpa layanan,Non-rumah sakit,0.0
Kamboja,KHM,2004,Pengelolaan limbah medis,Tanpa layanan,Nasional,0.0
Kamboja,KHM,2004,Pengelolaan limbah medis,Tanpa layanan,Perkotaan,0.0
Kamboja,KHM,2004,Pengelolaan limbah medis,Tanpa layanan,Perdesaan,0.0
Kamboja,KHM,2004,Pengelolaan limbah medis,Tanpa layanan,Non-rumah sakit,0.0
Kamboja,KHM,2005,Pengelolaan limbah medis,Tanpa layanan,Nasional,0.0
Kamboja,KHM,2005,Pengelolaan limbah medis,Tanpa layanan,Perkotaan,0.0
Kamboja,KHM,2005,Pengelolaan limbah medis,Tanpa layanan,Perdesaan,0.0
Kamboja,KHM,2005,Pengelolaan limbah medis,Tanpa layanan,Non-rumah sakit,0.0
Kamboja,KHM,2006,Pengelolaan limbah medis,Tanpa layanan,Nasional,0.0
Kamboja,KHM,2006,Pengelolaan limbah medis,Tanpa layanan,Perkotaan,0.0
Kamboja,KHM,2006,Pengelolaan limbah medis,Tanpa layanan,Perdesaan,0.0
Kamboja,KHM,2006,Pengelolaan limbah medis,Tanpa layanan,Non-rumah sakit,0.0
Kamboja,KHM,2007,Pengelolaan limbah medis,Tanpa layanan,Nasional,0.0
Kamboja,KHM,2007,Pengelolaan limbah medis,Tanpa layanan,Perkotaan,0.0
Kamboja,KHM,2007,Pengelolaan limbah medis,Tanpa layanan,Perdesaan,0.0
Kamboja,KHM,2007,Pengelolaan limbah medis,Tanpa layanan,Non-rumah sakit,0.0
Kamboja,KHM,2008,Pengelolaan limbah medis,Tanpa layanan,Nasional,0.0
Kamboja,KHM,2008,Pengelolaan limbah medis,Tanpa layanan,Perkotaan,0.0
Kamboja,KHM,2008,Pengelolaan limbah medis,Tanpa layanan,Perdesaan,0.0
Kamboja,KHM,2008,Pengelolaan limbah medis,Tanpa layanan,Non-rumah sakit,0.0
Kamboja,KHM,2009,Pengelolaan limbah medis,Tanpa layanan,Nasional,0.0
Kamboja,KHM,2009,Pengelolaan limbah medis,Tanpa layanan,Perkotaan,0.0
Kamboja,KHM,2009,Pengelolaan limbah medis,Tanpa layanan,Perdesaan,0.0
Kamboja,KHM,2009,Pengelolaan limbah medis,Tanpa layanan,Non-rumah sakit,0.0
Kamboja,KHM,2010,Pengelolaan limbah medis,Tanpa layanan,Nasional,0.0
Kamboja,KHM,2010,Pengelolaan limbah medis,Tanpa layanan,Perkotaan,0.0
Kamboja,KHM,2010,Pengelolaan limbah medis,Tanpa layanan,Perdesaan,0.0
Kamboja,KHM,2010,Pengelolaan limbah medis,Tanpa layanan,Non-rumah sakit,0.0
Kamboja,KHM,2011,Pengelolaan limbah medis,Tanpa layanan,Nasional,0.0
Kamboja,KHM,2011,Pengelolaan limbah medis,Tanpa layanan,Perkotaan,0.0
Kamboja,KHM,2011,Pengelolaan limbah medis,Tanpa layanan,Perdesaan,0.0
Kamboja,KHM,2011,Pengelolaan limbah medis,Tanpa layanan,Non-rumah sakit,0.0
Kamboja,KHM,2012,Pengelolaan limbah medis,Tanpa layanan,Nasional,0.0
Kamboja,KHM,2012,Pengelolaan limbah medis,Tanpa layanan,Perkotaan,0.0
Kamboja,KHM,2012,Pengelolaan limbah medis,Tanpa layanan,Perdesaan,0.0
Kamboja,KHM,2012,Pengelolaan limbah medis,Tanpa layanan,Non-rumah sakit,0.0
Kamboja,KHM,2013,Pengelolaan limbah medis,Tanpa layanan,Nasional,0.0
Kamboja,KHM,2013,Pengelolaan limbah medis,Tanpa layanan,Perkotaan,0.0
Kamboja,KHM,2013,Pengelolaan limbah medis,Tanpa layanan,Perdesaan,0.0
Kamboja,KHM,2013,Pengelolaan limbah medis,Tanpa layanan,Non-rumah sakit,0.0
Kamboja,KHM,2014,Pengelolaan limbah medis,Dasar,Nasional,75.8
Kamboja,KHM,2014,Pengelolaan limbah medis,Terbatas,Nasional,24.2
Kamboja,KHM,2014,Pengelolaan limbah medis,Tanpa layanan,Nasional,0.0
Kamboja,KHM,2014,Pengelolaan limbah medis,Tanpa layanan,Perkotaan,0.0
Kamboja,KHM,2014,Pengelolaan limbah medis,Tanpa layanan,Perdesaan,0.0
Kamboja,KHM,2014,Pengelolaan limbah medis,Tanpa layanan,Non-rumah sakit,0.0
Kamboja,KHM,2015,Pengelolaan limbah medis,Dasar,Nasional,75.8
Kamboja,KHM,2015,Pengelolaan limbah medis,Terbatas,Nasional,24.2
Kamboja,KHM,2015,Pengelolaan limbah medis,Tanpa layanan,Nasional,0.0
Kamboja,KHM,2015,Pengelolaan limbah medis,Tanpa layanan,Perkotaan,0.0
Kamboja,KHM,2015,Pengelolaan limbah medis,Tanpa layanan,Perdesaan,0.0
Kamboja,KHM,2015,Pengelolaan limbah medis,Tanpa layanan,Non-rumah sakit,0.0
Kamboja,KHM,2016,Pengelolaan limbah medis,Dasar,Nasional,75.8
Kamboja,KHM,2016,Pengelolaan limbah medis,Terbatas,Nasional,24.2
Kamboja,KHM,2016,Pengelolaan limbah medis,Tanpa layanan,Nasional,0.0
Kamboja,KHM,2016,Pengelolaan limbah medis,Tanpa layanan,Perkotaan,0.0
Kamboja,KHM,2016,Pengelolaan limbah medis,Tanpa layanan,Perdesaan,0.0
Kamboja,KHM,2016,Pengelolaan limbah medis,Tanpa layanan,Non-rumah sakit,0.0
Kamboja,KHM,2017,Pengelolaan limbah medis,Dasar,Nasional,75.8
Kamboja,KHM,2017,Pengelolaan limbah medis,Terbatas,Nasional,24.2
Kamboja,KHM,2017,Pengelolaan limbah medis,Tanpa layanan,Nasional,0.0
Kamboja,KHM,2017,Pengelolaan limbah medis,Tanpa layanan,Perkotaan,0.0
Kamboja,KHM,2017,Pengelolaan limbah medis,Tanpa layanan,Perdesaan,0.0
Kamboja,KHM,2017,Pengelolaan limbah medis,Tanpa layanan,Non-rumah sakit,0.0
Kamboja,KHM,2018,Pengelolaan limbah medis,Dasar,Nasional,75.8
Kamboja,KHM,2018,Pengelolaan limbah medis,Terbatas,Nasional,24.2
Kamboja,KHM,2018,Pengelolaan limbah medis,Tanpa layanan,Nasional,0.0
Kamboja,KHM,2018,Pengelolaan limbah medis,Tanpa layanan,Perkotaan,0.0
Kamboja,KHM,2018,Pengelolaan limbah medis,Tanpa layanan,Perdesaan,0.0
Kamboja,KHM,2018,Pengelolaan limbah medis,Tanpa layanan,Non-rumah sakit,0.0
Kamboja,KHM,2019,Pengelolaan limbah medis,Dasar,Nasional,79.34
Kamboja,KHM,2019,Pengelolaan limbah medis,Terbatas,Nasional,20.66
Kamboja,KHM,2019,Pengelolaan limbah medis,Tanpa layanan,Nasional,0.0
Kamboja,KHM,2019,Pengelolaan limbah medis,Tanpa layanan,Perkotaan,0.0
Kamboja,KHM,2019,Pengelolaan limbah medis,Tanpa layanan,Perdesaan,0.0
Kamboja,KHM,2019,Pengelolaan limbah medis,Tanpa layanan,Non-rumah sakit,0.0
Kamboja,KHM,2020,Pengelolaan limbah medis,Dasar,Nasional,52.98
Kamboja,KHM,2020,Pengelolaan limbah medis,Dasar,Perkotaan,45.0
Kamboja,KHM,2020,Pengelolaan limbah medis,Dasar,Perdesaan,55.86
Kamboja,KHM,2020,Pengelolaan limbah medis,Dasar,Non-rumah sakit,55.56
Kamboja,KHM,2020,Pengelolaan limbah medis,Terbatas,Nasional,47.02
Kamboja,KHM,2020,Pengelolaan limbah medis,Terbatas,Perkotaan,55.0
Kamboja,KHM,2020,Pengelolaan limbah medis,Terbatas,Perdesaan,44.14
Kamboja,KHM,2020,Pengelolaan limbah medis,Terbatas,Non-rumah sakit,44.44
Kamboja,KHM,2020,Pengelolaan limbah medis,Tanpa layanan,Nasional,0.0
Kamboja,KHM,2020,Pengelolaan limbah medis,Tanpa layanan,Perkotaan,0.0
Kamboja,KHM,2020,Pengelolaan limbah medis,Tanpa layanan,Perdesaan,0.0
Kamboja,KHM,2020,Pengelolaan limbah medis,Tanpa layanan,Non-rumah sakit,0.0
Kamboja,KHM,2021,Pengelolaan limbah medis,Dasar,Nasional,52.98
Kamboja,KHM,2021,Pengelolaan limbah medis,Dasar,Perkotaan,45.0
Kamboja,KHM,2021,Pengelolaan limbah medis,Dasar,Perdesaan,55.86
Kamboja,KHM,2021,Pengelolaan limbah medis,Dasar,Non-rumah sakit,55.56
Kamboja,KHM,2021,Pengelolaan limbah medis,Terbatas,Nasional,47.02
Kamboja,KHM,2021,Pengelolaan limbah medis,Terbatas,Perkotaan,55.0
Kamboja,KHM,2021,Pengelolaan limbah medis,Terbatas,Perdesaan,44.14
Kamboja,KHM,2021,Pengelolaan limbah medis,Terbatas,Non-rumah sakit,44.44
Kamboja,KHM,2021,Pengelolaan limbah medis,Tanpa layanan,Nasional,0.0
Kamboja,KHM,2021,Pengelolaan limbah medis,Tanpa layanan,Perkotaan,0.0
Kamboja,KHM,2021,Pengelolaan limbah medis,Tanpa layanan,Perdesaan,0.0
Kamboja,KHM,2021,Pengelolaan limbah medis,Tanpa layanan,Non-rumah sakit,0.0
Kamboja,KHM,2022,Pengelolaan limbah medis,Dasar,Nasional,52.98
Kamboja,KHM,2022,Pengelolaan limbah medis,Dasar,Perkotaan,45.0
Kamboja,KHM,2022,Pengelolaan limbah medis,Dasar,Perdesaan,55.86
Kamboja,KHM,2022,Pengelolaan limbah medis,Dasar,Non-rumah sakit,55.56
Kamboja,KHM,2022,Pengelolaan limbah medis,Terbatas,Nasional,47.02
Kamboja,KHM,2022,Pengelolaan limbah medis,Terbatas,Perkotaan,55.0
Kamboja,KHM,2022,Pengelolaan limbah medis,Terbatas,Perdesaan,44.14
Kamboja,KHM,2022,Pengelolaan limbah medis,Terbatas,Non-rumah sakit,44.44
Kamboja,KHM,2022,Pengelolaan limbah medis,Tanpa layanan,Nasional,0.0
Kamboja,KHM,2022,Pengelolaan limbah medis,Tanpa layanan,Perkotaan,0.0
Kamboja,KHM,2022,Pengelolaan limbah medis,Tanpa layanan,Perdesaan,0.0
Kamboja,KHM,2022,Pengelolaan limbah medis,Tanpa layanan,Non-rumah sakit,0.0
Kamboja,KHM,2023,Pengelolaan limbah medis,Dasar,Nasional,52.98
Kamboja,KHM,2023,Pengelolaan limbah medis,Dasar,Perkotaan,45.0
Kamboja,KHM,2023,Pengelolaan limbah medis,Dasar,Perdesaan,55.86
Kamboja,KHM,2023,Pengelolaan limbah medis,Dasar,Non-rumah sakit,55.56
Kamboja,KHM,2023,Pengelolaan limbah medis,Terbatas,Nasional,47.02
Kamboja,KHM,2023,Pengelolaan limbah medis,Terbatas,Perkotaan,55.0
Kamboja,KHM,2023,Pengelolaan limbah medis,Terbatas,Perdesaan,44.14
Kamboja,KHM,2023,Pengelolaan limbah medis,Terbatas,Non-rumah sakit,44.44
Kamboja,KHM,2023,Pengelolaan limbah medis,Tanpa layanan,Nasional,0.0
Kamboja,KHM,2023,Pengelolaan limbah medis,Tanpa layanan,Perkotaan,0.0
Kamboja,KHM,2023,Pengelolaan limbah medis,Tanpa layanan,Perdesaan,0.0
Kamboja,KHM,2023,Pengelolaan limbah medis,Tanpa layanan,Non-rumah sakit,0.0
Indonesia,IDN,2005,Pengelolaan limbah medis,Dasar,Nasional,22.07
Indonesia,IDN,2005,Pengelolaan limbah medis,Dasar,Perkotaan,58.99
Indonesia,IDN,2005,Pengelolaan limbah medis,Dasar,Perdesaan,1.56
Indonesia,IDN,2005,Pengelolaan limbah medis,Dasar,Non-rumah sakit,25.69
Indonesia,IDN,2006,Pengelolaan limbah medis,Dasar,Nasional,22.07
Indonesia,IDN,2006,Pengelolaan limbah medis,Dasar,Perkotaan,58.99
Indonesia,IDN,2006,Pengelolaan limbah medis,Dasar,Perdesaan,1.56
Indonesia,IDN,2006,Pengelolaan limbah medis,Dasar,Non-rumah sakit,25.69
Indonesia,IDN,2007,Pengelolaan limbah medis,Dasar,Nasional,22.07
Indonesia,IDN,2007,Pengelolaan limbah medis,Dasar,Perkotaan,58.99
Indonesia,IDN,2007,Pengelolaan limbah medis,Dasar,Perdesaan,1.56
Indonesia,IDN,2007,Pengelolaan limbah medis,Dasar,Non-rumah sakit,25.69
Indonesia,IDN,2007,Pengelolaan limbah medis,Terbatas,Nasional,47.03
Indonesia,IDN,2007,Pengelolaan limbah medis,Terbatas,Perkotaan,23.11
Indonesia,IDN,2007,Pengelolaan limbah medis,Terbatas,Perdesaan,57.14
Indonesia,IDN,2007,Pengelolaan limbah medis,Terbatas,Non-rumah sakit,43.41
Indonesia,IDN,2007,Pengelolaan limbah medis,Tanpa layanan,Nasional,30.9
Indonesia,IDN,2007,Pengelolaan limbah medis,Tanpa layanan,Perkotaan,17.9
Indonesia,IDN,2007,Pengelolaan limbah medis,Tanpa layanan,Perdesaan,41.3
Indonesia,IDN,2007,Pengelolaan limbah medis,Tanpa layanan,Non-rumah sakit,30.9
Indonesia,IDN,2008,Pengelolaan limbah medis,Dasar,Nasional,22.07
Indonesia,IDN,2008,Pengelolaan limbah medis,Dasar,Perkotaan,58.99
Indonesia,IDN,2008,Pengelolaan limbah medis,Dasar,Perdesaan,1.56
Indonesia,IDN,2008,Pengelolaan limbah medis,Dasar,Non-rumah sakit,25.69
Indonesia,IDN,2008,Pengelolaan limbah medis,Terbatas,Nasional,47.03
Indonesia,IDN,2008,Pengelolaan limbah medis,Terbatas,Perkotaan,23.11
Indonesia,IDN,2008,Pengelolaan limbah medis,Terbatas,Perdesaan,57.14
Indonesia,IDN,2008,Pengelolaan limbah medis,Terbatas,Non-rumah sakit,43.41
Indonesia,IDN,2008,Pengelolaan limbah medis,Tanpa layanan,Nasional,30.9
Indonesia,IDN,2008,Pengelolaan limbah medis,Tanpa layanan,Perkotaan,17.9
Indonesia,IDN,2008,Pengelolaan limbah medis,Tanpa layanan,Perdesaan,41.3
Indonesia,IDN,2008,Pengelolaan limbah medis,Tanpa layanan,Non-rumah sakit,30.9
Indonesia,IDN,2009,Pengelolaan limbah medis,Dasar,Nasional,22.07
Indonesia,IDN,2009,Pengelolaan limbah medis,Dasar,Perkotaan,58.99
Indonesia,IDN,2009,Pengelolaan limbah medis,Dasar,Perdesaan,1.56
Indonesia,IDN,2009,Pengelolaan limbah medis,Dasar,Non-rumah sakit,25.69
Indonesia,IDN,2009,Pengelolaan limbah medis,Terbatas,Nasional,47.03
Indonesia,IDN,2009,Pengelolaan limbah medis,Terbatas,Perkotaan,23.11
Indonesia,IDN,2009,Pengelolaan limbah medis,Terbatas,Perdesaan,57.14
Indonesia,IDN,2009,Pengelolaan limbah medis,Terbatas,Non-rumah sakit,43.41
Indonesia,IDN,2009,Pengelolaan limbah medis,Tanpa layanan,Nasional,30.9
Indonesia,IDN,2009,Pengelolaan limbah medis,Tanpa layanan,Perkotaan,17.9
Indonesia,IDN,2009,Pengelolaan limbah medis,Tanpa layanan,Perdesaan,41.3
Indonesia,IDN,2009,Pengelolaan limbah medis,Tanpa layanan,Non-rumah sakit,30.9
Indonesia,IDN,2010,Pengelolaan limbah medis,Dasar,Nasional,28.58
Indonesia,IDN,2010,Pengelolaan limbah medis,Dasar,Perkotaan,59.94
Indonesia,IDN,2010,Pengelolaan limbah medis,Dasar,Perdesaan,10.88
Indonesia,IDN,2010,Pengelolaan limbah medis,Dasar,Non-rumah sakit,30.39
Indonesia,IDN,2010,Pengelolaan limbah medis,Terbatas,Nasional,40.52
Indonesia,IDN,2010,Pengelolaan limbah medis,Terbatas,Perkotaan,22.16
Indonesia,IDN,2010,Pengelolaan limbah medis,Terbatas,Perdesaan,47.82
Indonesia,IDN,2010,Pengelolaan limbah medis,Terbatas,Non-rumah sakit,38.71
Indonesia,IDN,2010,Pengelolaan limbah medis,Tanpa layanan,Nasional,30.9
Indonesia,IDN,2010,Pengelolaan limbah medis,Tanpa layanan,Perkotaan,17.9
Indonesia,IDN,2010,Pengelolaan limbah medis,Tanpa layanan,Perdesaan,41.3
Indonesia,IDN,2010,Pengelolaan limbah medis,Tanpa layanan,Non-rumah sakit,30.9
Indonesia,IDN,2011,Pengelolaan limbah medis,Dasar,Nasional,35.1
Indonesia,IDN,2011,Pengelolaan limbah medis,Dasar,Perkotaan,60.9
Indonesia,IDN,2011,Pengelolaan limbah medis,Dasar,Perdesaan,20.2
Indonesia,IDN,2011,Pengelolaan limbah medis,Dasar,Rumah sakit,83.6
Indonesia,IDN,2011,Pengelolaan limbah medis,Dasar,Non-rumah sakit,35.1
Indonesia,IDN,2011,Pengelolaan limbah medis,Terbatas,Nasional,34.0
Indonesia,IDN,2011,Pengelolaan limbah medis,Terbatas,Perkotaan,21.2
Indonesia,IDN,2011,Pengelolaan limbah medis,Terbatas,Perdesaan,38.5
Indonesia,IDN,2011,Pengelolaan limbah medis,Terbatas,Non-rumah sakit,34.0
Indonesia,IDN,2011,Pengelolaan limbah medis,Tanpa layanan,Nasional,30.9
Indonesia,IDN,2011,Pengelolaan limbah medis,Tanpa layanan,Perkotaan,17.9
Indonesia,IDN,2011,Pengelolaan limbah medis,Tanpa layanan,Perdesaan,41.3
Indonesia,IDN,2011,Pengelolaan limbah medis,Tanpa layanan,Non-rumah sakit,30.9
Indonesia,IDN,2012,Pengelolaan limbah medis,Dasar,Nasional,41.62
Indonesia,IDN,2012,Pengelolaan limbah medis,Dasar,Perkotaan,61.86
Indonesia,IDN,2012,Pengelolaan limbah medis,Dasar,Perdesaan,29.52
Indonesia,IDN,2012,Pengelolaan limbah medis,Dasar,Rumah sakit,83.6
Indonesia,IDN,2012,Pengelolaan limbah medis,Dasar,Non-rumah sakit,39.81
Indonesia,IDN,2012,Pengelolaan limbah medis,Terbatas,Nasional,27.48
Indonesia,IDN,2012,Pengelolaan limbah medis,Terbatas,Perkotaan,20.24
Indonesia,IDN,2012,Pengelolaan limbah medis,Terbatas,Perdesaan,29.18
Indonesia,IDN,2012,Pengelolaan limbah medis,Terbatas,Non-rumah sakit,29.29
Indonesia,IDN,2012,Pengelolaan limbah medis,Tanpa layanan,Nasional,30.9
Indonesia,IDN,2012,Pengelolaan limbah medis,Tanpa layanan,Perkotaan,17.9
Indonesia,IDN,2012,Pengelolaan limbah medis,Tanpa layanan,Perdesaan,41.3
Indonesia,IDN,2012,Pengelolaan limbah medis,Tanpa layanan,Non-rumah sakit,30.9
Indonesia,IDN,2013,Pengelolaan limbah medis,Dasar,Nasional,48.13
Indonesia,IDN,2013,Pengelolaan limbah medis,Dasar,Perkotaan,62.81
Indonesia,IDN,2013,Pengelolaan limbah medis,Dasar,Perdesaan,38.84
Indonesia,IDN,2013,Pengelolaan limbah medis,Dasar,Rumah sakit,83.6
Indonesia,IDN,2013,Pengelolaan limbah medis,Dasar,Non-rumah sakit,44.51
Indonesia,IDN,2013,Pengelolaan limbah medis,Terbatas,Nasional,20.97
Indonesia,IDN,2013,Pengelolaan limbah medis,Terbatas,Perkotaan,19.29
Indonesia,IDN,2013,Pengelolaan limbah medis,Terbatas,Perdesaan,19.86
Indonesia,IDN,2013,Pengelolaan limbah medis,Terbatas,Non-rumah sakit,24.59
Indonesia,IDN,2013,Pengelolaan limbah medis,Tanpa layanan,Nasional,30.9
Indonesia,IDN,2013,Pengelolaan limbah medis,Tanpa layanan,Perkotaan,17.9
Indonesia,IDN,2013,Pengelolaan limbah medis,Tanpa layanan,Perdesaan,41.3
Indonesia,IDN,2013,Pengelolaan limbah medis,Tanpa layanan,Non-rumah sakit,30.9
Indonesia,IDN,2014,Pengelolaan limbah medis,Dasar,Nasional,54.65
Indonesia,IDN,2014,Pengelolaan limbah medis,Dasar,Perkotaan,63.77
Indonesia,IDN,2014,Pengelolaan limbah medis,Dasar,Perdesaan,48.16
Indonesia,IDN,2014,Pengelolaan limbah medis,Dasar,Rumah sakit,83.6
Indonesia,IDN,2014,Pengelolaan limbah medis,Dasar,Non-rumah sakit,49.22
Indonesia,IDN,2014,Pengelolaan limbah medis,Terbatas,Nasional,14.45
Indonesia,IDN,2014,Pengelolaan limbah medis,Terbatas,Perkotaan,18.33
Indonesia,IDN,2014,Pengelolaan limbah medis,Terbatas,Perdesaan,10.54
Indonesia,IDN,2014,Pengelolaan limbah medis,Terbatas,Non-rumah sakit,19.88
Indonesia,IDN,2014,Pengelolaan limbah medis,Tanpa layanan,Nasional,30.9
Indonesia,IDN,2014,Pengelolaan limbah medis,Tanpa layanan,Perkotaan,17.9
Indonesia,IDN,2014,Pengelolaan limbah medis,Tanpa layanan,Perdesaan,41.3
Indonesia,IDN,2014,Pengelolaan limbah medis,Tanpa layanan,Non-rumah sakit,30.9
Indonesia,IDN,2015,Pengelolaan limbah medis,Dasar,Nasional,61.16
Indonesia,IDN,2015,Pengelolaan limbah medis,Dasar,Perkotaan,64.72
Indonesia,IDN,2015,Pengelolaan limbah medis,Dasar,Perdesaan,57.48
Indonesia,IDN,2015,Pengelolaan limbah medis,Dasar,Rumah sakit,83.6
Indonesia,IDN,2015,Pengelolaan limbah medis,Dasar,Non-rumah sakit,53.92
Indonesia,IDN,2015,Pengelolaan limbah medis,Terbatas,Nasional,7.94
Indonesia,IDN,2015,Pengelolaan limbah medis,Terbatas,Perkotaan,17.38
Indonesia,IDN,2015,Pengelolaan limbah medis,Terbatas,Perdesaan,1.22
Indonesia,IDN,2015,Pengelolaan limbah medis,Terbatas,Non-rumah sakit,15.18
Indonesia,IDN,2015,Pengelolaan limbah medis,Tanpa layanan,Nasional,30.9
Indonesia,IDN,2015,Pengelolaan limbah medis,Tanpa layanan,Perkotaan,17.9
Indonesia,IDN,2015,Pengelolaan limbah medis,Tanpa layanan,Perdesaan,41.3
Indonesia,IDN,2015,Pengelolaan limbah medis,Tanpa layanan,Non-rumah sakit,30.9
Indonesia,IDN,2016,Pengelolaan limbah medis,Dasar,Nasional,66.06
Indonesia,IDN,2016,Pengelolaan limbah medis,Dasar,Perkotaan,65.68
Indonesia,IDN,2016,Pengelolaan limbah medis,Dasar,Perdesaan,63.65
Indonesia,IDN,2016,Pengelolaan limbah medis,Dasar,Rumah sakit,83.6
Indonesia,IDN,2016,Pengelolaan limbah medis,Dasar,Non-rumah sakit,57.76
Indonesia,IDN,2017,Pengelolaan limbah medis,Dasar,Nasional,66.06
Indonesia,IDN,2017,Pengelolaan limbah medis,Dasar,Perkotaan,66.63
Indonesia,IDN,2017,Pengelolaan limbah medis,Dasar,Perdesaan,63.65
Indonesia,IDN,2017,Pengelolaan limbah medis,Dasar,Rumah sakit,83.6
Indonesia,IDN,2017,Pengelolaan limbah medis,Dasar,Non-rumah sakit,57.76
Indonesia,IDN,2018,Pengelolaan limbah medis,Dasar,Nasional,66.06
Indonesia,IDN,2018,Pengelolaan limbah medis,Dasar,Perkotaan,66.63
Indonesia,IDN,2018,Pengelolaan limbah medis,Dasar,Perdesaan,63.65
Indonesia,IDN,2018,Pengelolaan limbah medis,Dasar,Rumah sakit,83.6
Indonesia,IDN,2018,Pengelolaan limbah medis,Dasar,Non-rumah sakit,57.76
Indonesia,IDN,2019,Pengelolaan limbah medis,Dasar,Nasional,66.06
Indonesia,IDN,2019,Pengelolaan limbah medis,Dasar,Perkotaan,66.63
Indonesia,IDN,2019,Pengelolaan limbah medis,Dasar,Perdesaan,63.65
Indonesia,IDN,2019,Pengelolaan limbah medis,Dasar,Rumah sakit,83.6
Indonesia,IDN,2019,Pengelolaan limbah medis,Dasar,Non-rumah sakit,57.76
Indonesia,IDN,2020,Pengelolaan limbah medis,Dasar,Nasional,74.19
Indonesia,IDN,2020,Pengelolaan limbah medis,Dasar,Perkotaan,66.63
Indonesia,IDN,2020,Pengelolaan limbah medis,Dasar,Perdesaan,76.12
Indonesia,IDN,2020,Pengelolaan limbah medis,Dasar,Non-rumah sakit,63.34
Indonesia,IDN,2021,Pengelolaan limbah medis,Dasar,Nasional,74.19
Indonesia,IDN,2021,Pengelolaan limbah medis,Dasar,Perkotaan,66.63
Indonesia,IDN,2021,Pengelolaan limbah medis,Dasar,Perdesaan,76.12
Indonesia,IDN,2021,Pengelolaan limbah medis,Dasar,Non-rumah sakit,63.34
Laos,LAO,2000,Pengelolaan limbah medis,Tanpa layanan,Rumah sakit,0.0
Laos,LAO,2001,Pengelolaan limbah medis,Tanpa layanan,Rumah sakit,0.0
Laos,LAO,2002,Pengelolaan limbah medis,Tanpa layanan,Rumah sakit,0.0
Laos,LAO,2003,Pengelolaan limbah medis,Tanpa layanan,Rumah sakit,0.0
Laos,LAO,2004,Pengelolaan limbah medis,Tanpa layanan,Rumah sakit,0.0
Laos,LAO,2005,Pengelolaan limbah medis,Tanpa layanan,Rumah sakit,0.0
Laos,LAO,2006,Pengelolaan limbah medis,Tanpa layanan,Rumah sakit,0.0
Laos,LAO,2007,Pengelolaan limbah medis,Tanpa layanan,Rumah sakit,0.0
Laos,LAO,2008,Pengelolaan limbah medis,Dasar,Nasional,28.55
Laos,LAO,2008,Pengelolaan limbah medis,Dasar,Rumah sakit,4.21
Laos,LAO,2008,Pengelolaan limbah medis,Dasar,Non-rumah sakit,38.59
Laos,LAO,2008,Pengelolaan limbah medis,Terbatas,Rumah sakit,95.79
Laos,LAO,2008,Pengelolaan limbah medis,Tanpa layanan,Rumah sakit,0.0
Laos,LAO,2009,Pengelolaan limbah medis,Dasar,Nasional,28.55
Laos,LAO,2009,Pengelolaan limbah medis,Dasar,Rumah sakit,4.21
Laos,LAO,2009,Pengelolaan limbah medis,Dasar,Non-rumah sakit,38.59
Laos,LAO,2009,Pengelolaan limbah medis,Terbatas,Rumah sakit,95.79
Laos,LAO,2009,Pengelolaan limbah medis,Tanpa layanan,Rumah sakit,0.0
Laos,LAO,2010,Pengelolaan limbah medis,Dasar,Nasional,28.55
Laos,LAO,2010,Pengelolaan limbah medis,Dasar,Rumah sakit,4.21
Laos,LAO,2010,Pengelolaan limbah medis,Dasar,Non-rumah sakit,38.59
Laos,LAO,2010,Pengelolaan limbah medis,Terbatas,Rumah sakit,95.79
Laos,LAO,2010,Pengelolaan limbah medis,Tanpa layanan,Rumah sakit,0.0
Laos,LAO,2011,Pengelolaan limbah medis,Dasar,Nasional,28.55
Laos,LAO,2011,Pengelolaan limbah medis,Dasar,Rumah sakit,4.21
Laos,LAO,2011,Pengelolaan limbah medis,Dasar,Non-rumah sakit,38.59
Laos,LAO,2011,Pengelolaan limbah medis,Terbatas,Rumah sakit,95.79
Laos,LAO,2011,Pengelolaan limbah medis,Tanpa layanan,Rumah sakit,0.0
Laos,LAO,2012,Pengelolaan limbah medis,Dasar,Nasional,28.55
Laos,LAO,2012,Pengelolaan limbah medis,Dasar,Rumah sakit,4.21
Laos,LAO,2012,Pengelolaan limbah medis,Dasar,Non-rumah sakit,38.59
Laos,LAO,2012,Pengelolaan limbah medis,Terbatas,Rumah sakit,95.79
Laos,LAO,2012,Pengelolaan limbah medis,Tanpa layanan,Rumah sakit,0.0
Laos,LAO,2013,Pengelolaan limbah medis,Dasar,Nasional,30.61
Laos,LAO,2013,Pengelolaan limbah medis,Dasar,Rumah sakit,11.11
Laos,LAO,2013,Pengelolaan limbah medis,Dasar,Non-rumah sakit,39.3
Laos,LAO,2013,Pengelolaan limbah medis,Terbatas,Rumah sakit,88.89
Laos,LAO,2013,Pengelolaan limbah medis,Tanpa layanan,Rumah sakit,0.0
Laos,LAO,2014,Pengelolaan limbah medis,Dasar,Nasional,32.67
Laos,LAO,2014,Pengelolaan limbah medis,Dasar,Rumah sakit,18.0
Laos,LAO,2014,Pengelolaan limbah medis,Dasar,Non-rumah sakit,40.0
Laos,LAO,2014,Pengelolaan limbah medis,Terbatas,Rumah sakit,82.0
Laos,LAO,2014,Pengelolaan limbah medis,Tanpa layanan,Rumah sakit,0.0
Laos,LAO,2015,Pengelolaan limbah medis,Dasar,Nasional,34.73
Laos,LAO,2015,Pengelolaan limbah medis,Dasar,Rumah sakit,24.89
Laos,LAO,2015,Pengelolaan limbah medis,Dasar,Non-rumah sakit,38.07
Laos,LAO,2015,Pengelolaan limbah medis,Terbatas,Rumah sakit,75.11
Laos,LAO,2015,Pengelolaan limbah medis,Tanpa layanan,Rumah sakit,0.0
Laos,LAO,2016,Pengelolaan limbah medis,Dasar,Nasional,36.79
Laos,LAO,2016,Pengelolaan limbah medis,Dasar,Rumah sakit,31.79
Laos,LAO,2016,Pengelolaan limbah medis,Dasar,Non-rumah sakit,36.13
Laos,LAO,2016,Pengelolaan limbah medis,Terbatas,Rumah sakit,68.21
Laos,LAO,2016,Pengelolaan limbah medis,Tanpa layanan,Rumah sakit,0.0
Laos,LAO,2017,Pengelolaan limbah medis,Dasar,Nasional,38.85
Laos,LAO,2017,Pengelolaan limbah medis,Dasar,Rumah sakit,38.68
Laos,LAO,2017,Pengelolaan limbah medis,Dasar,Non-rumah sakit,34.2
Laos,LAO,2017,Pengelolaan limbah medis,Terbatas,Rumah sakit,61.32
Laos,LAO,2017,Pengelolaan limbah medis,Tanpa layanan,Rumah sakit,0.0
Laos,LAO,2018,Pengelolaan limbah medis,Dasar,Nasional,19.03
Laos,LAO,2018,Pengelolaan limbah medis,Dasar,Rumah sakit,45.58
Laos,LAO,2018,Pengelolaan limbah medis,Dasar,Non-rumah sakit,14.22
Laos,LAO,2018,Pengelolaan limbah medis,Terbatas,Nasional,78.54
Laos,LAO,2018,Pengelolaan limbah medis,Terbatas,Rumah sakit,54.42
Laos,LAO,2018,Pengelolaan limbah medis,Terbatas,Non-rumah sakit,82.99
Laos,LAO,2018,Pengelolaan limbah medis,Tanpa layanan,Nasional,2.43
Laos,LAO,2018,Pengelolaan limbah medis,Tanpa layanan,Rumah sakit,0.0
Laos,LAO,2018,Pengelolaan limbah medis,Tanpa layanan,Non-rumah sakit,2.79
Laos,LAO,2019,Pengelolaan limbah medis,Dasar,Nasional,19.03
Laos,LAO,2019,Pengelolaan limbah medis,Dasar,Rumah sakit,50.34
Laos,LAO,2019,Pengelolaan limbah medis,Dasar,Non-rumah sakit,14.22
Laos,LAO,2019,Pengelolaan limbah medis,Terbatas,Nasional,78.54
Laos,LAO,2019,Pengelolaan limbah medis,Terbatas,Rumah sakit,49.66
Laos,LAO,2019,Pengelolaan limbah medis,Terbatas,Non-rumah sakit,82.99
Laos,LAO,2019,Pengelolaan limbah medis,Tanpa layanan,Nasional,2.43
Laos,LAO,2019,Pengelolaan limbah medis,Tanpa layanan,Rumah sakit,0.0
Laos,LAO,2019,Pengelolaan limbah medis,Tanpa layanan,Non-rumah sakit,2.79
Laos,LAO,2020,Pengelolaan limbah medis,Dasar,Nasional,19.03
Laos,LAO,2020,Pengelolaan limbah medis,Dasar,Rumah sakit,50.34
Laos,LAO,2020,Pengelolaan limbah medis,Dasar,Non-rumah sakit,14.22
Laos,LAO,2020,Pengelolaan limbah medis,Terbatas,Nasional,78.54
Laos,LAO,2020,Pengelolaan limbah medis,Terbatas,Rumah sakit,49.66
Laos,LAO,2020,Pengelolaan limbah medis,Terbatas,Non-rumah sakit,82.99
Laos,LAO,2020,Pengelolaan limbah medis,Tanpa layanan,Nasional,2.43
Laos,LAO,2020,Pengelolaan limbah medis,Tanpa layanan,Rumah sakit,0.0
Laos,LAO,2020,Pengelolaan limbah medis,Tanpa layanan,Non-rumah sakit,2.79
Laos,LAO,2021,Pengelolaan limbah medis,Dasar,Nasional,19.03
Laos,LAO,2021,Pengelolaan limbah medis,Dasar,Rumah sakit,50.34
Laos,LAO,2021,Pengelolaan limbah medis,Dasar,Non-rumah sakit,14.22
Laos,LAO,2021,Pengelolaan limbah medis,Terbatas,Nasional,78.54
Laos,LAO,2021,Pengelolaan limbah medis,Terbatas,Rumah sakit,49.66
Laos,LAO,2021,Pengelolaan limbah medis,Terbatas,Non-rumah sakit,82.99
Laos,LAO,2021,Pengelolaan limbah medis,Tanpa layanan,Nasional,2.43
Laos,LAO,2021,Pengelolaan limbah medis,Tanpa layanan,Rumah sakit,0.0
Laos,LAO,2021,Pengelolaan limbah medis,Tanpa layanan,Non-rumah sakit,2.79
Laos,LAO,2022,Pengelolaan limbah medis,Dasar,Nasional,19.03
Laos,LAO,2022,Pengelolaan limbah medis,Dasar,Rumah sakit,50.34
Laos,LAO,2022,Pengelolaan limbah medis,Dasar,Non-rumah sakit,14.22
Laos,LAO,2022,Pengelolaan limbah medis,Terbatas,Nasional,78.54
Laos,LAO,2022,Pengelolaan limbah medis,Terbatas,Rumah sakit,49.66
Laos,LAO,2022,Pengelolaan limbah medis,Terbatas,Non-rumah sakit,82.99
Laos,LAO,2022,Pengelolaan limbah medis,Tanpa layanan,Nasional,2.43
Laos,LAO,2022,Pengelolaan limbah medis,Tanpa layanan,Rumah sakit,0.0
Laos,LAO,2022,Pengelolaan limbah medis,Tanpa layanan,Non-rumah sakit,2.79
Laos,LAO,2023,Pengelolaan limbah medis,Dasar,Nasional,19.03
Laos,LAO,2023,Pengelolaan limbah medis,Dasar,Rumah sakit,50.34
Laos,LAO,2023,Pengelolaan limbah medis,Dasar,Non-rumah sakit,14.22
Laos,LAO,2023,Pengelolaan limbah medis,Terbatas,Nasional,78.54
Laos,LAO,2023,Pengelolaan limbah medis,Terbatas,Rumah sakit,49.66
Laos,LAO,2023,Pengelolaan limbah medis,Terbatas,Non-rumah sakit,82.99
Laos,LAO,2023,Pengelolaan limbah medis,Tanpa layanan,Nasional,2.43
Laos,LAO,2023,Pengelolaan limbah medis,Tanpa layanan,Rumah sakit,0.0
Laos,LAO,2023,Pengelolaan limbah medis,Tanpa layanan,Non-rumah sakit,2.79
Malaysia,MYS,2000,Pengelolaan limbah medis,Dasar,Nasional,100.0
Malaysia,MYS,2000,Pengelolaan limbah medis,Dasar,Perkotaan,100.0
Malaysia,MYS,2000,Pengelolaan limbah medis,Dasar,Perdesaan,100.0
Malaysia,MYS,2000,Pengelolaan limbah medis,Dasar,Rumah sakit,100.0
Malaysia,MYS,2000,Pengelolaan limbah medis,Dasar,Non-rumah sakit,100.0
Malaysia,MYS,2000,Pengelolaan limbah medis,Terbatas,Nasional,0.0
Malaysia,MYS,2000,Pengelolaan limbah medis,Terbatas,Perkotaan,0.0
Malaysia,MYS,2000,Pengelolaan limbah medis,Terbatas,Perdesaan,0.0
Malaysia,MYS,2000,Pengelolaan limbah medis,Terbatas,Rumah sakit,0.0
Malaysia,MYS,2000,Pengelolaan limbah medis,Terbatas,Non-rumah sakit,0.0
Malaysia,MYS,2000,Pengelolaan limbah medis,Tanpa layanan,Nasional,0.0
Malaysia,MYS,2000,Pengelolaan limbah medis,Tanpa layanan,Perkotaan,0.0
Malaysia,MYS,2000,Pengelolaan limbah medis,Tanpa layanan,Perdesaan,0.0
Malaysia,MYS,2000,Pengelolaan limbah medis,Tanpa layanan,Rumah sakit,0.0
Malaysia,MYS,2000,Pengelolaan limbah medis,Tanpa layanan,Non-rumah sakit,0.0
Malaysia,MYS,2001,Pengelolaan limbah medis,Dasar,Nasional,100.0
Malaysia,MYS,2001,Pengelolaan limbah medis,Dasar,Perkotaan,100.0
Malaysia,MYS,2001,Pengelolaan limbah medis,Dasar,Perdesaan,100.0
Malaysia,MYS,2001,Pengelolaan limbah medis,Dasar,Rumah sakit,100.0
Malaysia,MYS,2001,Pengelolaan limbah medis,Dasar,Non-rumah sakit,100.0
Malaysia,MYS,2001,Pengelolaan limbah medis,Terbatas,Nasional,0.0
Malaysia,MYS,2001,Pengelolaan limbah medis,Terbatas,Perkotaan,0.0
Malaysia,MYS,2001,Pengelolaan limbah medis,Terbatas,Perdesaan,0.0
Malaysia,MYS,2001,Pengelolaan limbah medis,Terbatas,Rumah sakit,0.0
Malaysia,MYS,2001,Pengelolaan limbah medis,Terbatas,Non-rumah sakit,0.0
Malaysia,MYS,2001,Pengelolaan limbah medis,Tanpa layanan,Nasional,0.0
Malaysia,MYS,2001,Pengelolaan limbah medis,Tanpa layanan,Perkotaan,0.0
Malaysia,MYS,2001,Pengelolaan limbah medis,Tanpa layanan,Perdesaan,0.0
Malaysia,MYS,2001,Pengelolaan limbah medis,Tanpa layanan,Rumah sakit,0.0
Malaysia,MYS,2001,Pengelolaan limbah medis,Tanpa layanan,Non-rumah sakit,0.0
Malaysia,MYS,2002,Pengelolaan limbah medis,Dasar,Nasional,100.0
Malaysia,MYS,2002,Pengelolaan limbah medis,Dasar,Perkotaan,100.0
Malaysia,MYS,2002,Pengelolaan limbah medis,Dasar,Perdesaan,100.0
Malaysia,MYS,2002,Pengelolaan limbah medis,Dasar,Rumah sakit,100.0
Malaysia,MYS,2002,Pengelolaan limbah medis,Dasar,Non-rumah sakit,100.0
Malaysia,MYS,2002,Pengelolaan limbah medis,Terbatas,Nasional,0.0
Malaysia,MYS,2002,Pengelolaan limbah medis,Terbatas,Perkotaan,0.0
Malaysia,MYS,2002,Pengelolaan limbah medis,Terbatas,Perdesaan,0.0
Malaysia,MYS,2002,Pengelolaan limbah medis,Terbatas,Rumah sakit,0.0
Malaysia,MYS,2002,Pengelolaan limbah medis,Terbatas,Non-rumah sakit,0.0
Malaysia,MYS,2002,Pengelolaan limbah medis,Tanpa layanan,Nasional,0.0
Malaysia,MYS,2002,Pengelolaan limbah medis,Tanpa layanan,Perkotaan,0.0
Malaysia,MYS,2002,Pengelolaan limbah medis,Tanpa layanan,Perdesaan,0.0
Malaysia,MYS,2002,Pengelolaan limbah medis,Tanpa layanan,Rumah sakit,0.0
Malaysia,MYS,2002,Pengelolaan limbah medis,Tanpa layanan,Non-rumah sakit,0.0
Malaysia,MYS,2003,Pengelolaan limbah medis,Dasar,Nasional,100.0
Malaysia,MYS,2003,Pengelolaan limbah medis,Dasar,Perkotaan,100.0
Malaysia,MYS,2003,Pengelolaan limbah medis,Dasar,Perdesaan,100.0
Malaysia,MYS,2003,Pengelolaan limbah medis,Dasar,Rumah sakit,100.0
Malaysia,MYS,2003,Pengelolaan limbah medis,Dasar,Non-rumah sakit,100.0
Malaysia,MYS,2003,Pengelolaan limbah medis,Terbatas,Nasional,0.0
Malaysia,MYS,2003,Pengelolaan limbah medis,Terbatas,Perkotaan,0.0
Malaysia,MYS,2003,Pengelolaan limbah medis,Terbatas,Perdesaan,0.0
Malaysia,MYS,2003,Pengelolaan limbah medis,Terbatas,Rumah sakit,0.0
Malaysia,MYS,2003,Pengelolaan limbah medis,Terbatas,Non-rumah sakit,0.0
Malaysia,MYS,2003,Pengelolaan limbah medis,Tanpa layanan,Nasional,0.0
Malaysia,MYS,2003,Pengelolaan limbah medis,Tanpa layanan,Perkotaan,0.0
Malaysia,MYS,2003,Pengelolaan limbah medis,Tanpa layanan,Perdesaan,0.0
Malaysia,MYS,2003,Pengelolaan limbah medis,Tanpa layanan,Rumah sakit,0.0
Malaysia,MYS,2003,Pengelolaan limbah medis,Tanpa layanan,Non-rumah sakit,0.0
Malaysia,MYS,2004,Pengelolaan limbah medis,Dasar,Nasional,100.0
Malaysia,MYS,2004,Pengelolaan limbah medis,Dasar,Perkotaan,100.0
Malaysia,MYS,2004,Pengelolaan limbah medis,Dasar,Perdesaan,100.0
Malaysia,MYS,2004,Pengelolaan limbah medis,Dasar,Rumah sakit,100.0
Malaysia,MYS,2004,Pengelolaan limbah medis,Dasar,Non-rumah sakit,100.0
Malaysia,MYS,2004,Pengelolaan limbah medis,Terbatas,Nasional,0.0
Malaysia,MYS,2004,Pengelolaan limbah medis,Terbatas,Perkotaan,0.0
Malaysia,MYS,2004,Pengelolaan limbah medis,Terbatas,Perdesaan,0.0
Malaysia,MYS,2004,Pengelolaan limbah medis,Terbatas,Rumah sakit,0.0
Malaysia,MYS,2004,Pengelolaan limbah medis,Terbatas,Non-rumah sakit,0.0
Malaysia,MYS,2004,Pengelolaan limbah medis,Tanpa layanan,Nasional,0.0
Malaysia,MYS,2004,Pengelolaan limbah medis,Tanpa layanan,Perkotaan,0.0
Malaysia,MYS,2004,Pengelolaan limbah medis,Tanpa layanan,Perdesaan,0.0
Malaysia,MYS,2004,Pengelolaan limbah medis,Tanpa layanan,Rumah sakit,0.0
Malaysia,MYS,2004,Pengelolaan limbah medis,Tanpa layanan,Non-rumah sakit,0.0
Malaysia,MYS,2005,Pengelolaan limbah medis,Dasar,Nasional,100.0
Malaysia,MYS,2005,Pengelolaan limbah medis,Dasar,Perkotaan,100.0
Malaysia,MYS,2005,Pengelolaan limbah medis,Dasar,Perdesaan,100.0
Malaysia,MYS,2005,Pengelolaan limbah medis,Dasar,Rumah sakit,100.0
Malaysia,MYS,2005,Pengelolaan limbah medis,Dasar,Non-rumah sakit,100.0
Malaysia,MYS,2005,Pengelolaan limbah medis,Terbatas,Nasional,0.0
Malaysia,MYS,2005,Pengelolaan limbah medis,Terbatas,Perkotaan,0.0
Malaysia,MYS,2005,Pengelolaan limbah medis,Terbatas,Perdesaan,0.0
Malaysia,MYS,2005,Pengelolaan limbah medis,Terbatas,Rumah sakit,0.0
Malaysia,MYS,2005,Pengelolaan limbah medis,Terbatas,Non-rumah sakit,0.0
Malaysia,MYS,2005,Pengelolaan limbah medis,Tanpa layanan,Nasional,0.0
Malaysia,MYS,2005,Pengelolaan limbah medis,Tanpa layanan,Perkotaan,0.0
Malaysia,MYS,2005,Pengelolaan limbah medis,Tanpa layanan,Perdesaan,0.0
Malaysia,MYS,2005,Pengelolaan limbah medis,Tanpa layanan,Rumah sakit,0.0
Malaysia,MYS,2005,Pengelolaan limbah medis,Tanpa layanan,Non-rumah sakit,0.0
Malaysia,MYS,2006,Pengelolaan limbah medis,Dasar,Nasional,100.0
Malaysia,MYS,2006,Pengelolaan limbah medis,Dasar,Perkotaan,100.0
Malaysia,MYS,2006,Pengelolaan limbah medis,Dasar,Perdesaan,100.0
Malaysia,MYS,2006,Pengelolaan limbah medis,Dasar,Rumah sakit,100.0
Malaysia,MYS,2006,Pengelolaan limbah medis,Dasar,Non-rumah sakit,100.0
Malaysia,MYS,2006,Pengelolaan limbah medis,Terbatas,Nasional,0.0
Malaysia,MYS,2006,Pengelolaan limbah medis,Terbatas,Perkotaan,0.0
Malaysia,MYS,2006,Pengelolaan limbah medis,Terbatas,Perdesaan,0.0
Malaysia,MYS,2006,Pengelolaan limbah medis,Terbatas,Rumah sakit,0.0
Malaysia,MYS,2006,Pengelolaan limbah medis,Terbatas,Non-rumah sakit,0.0
Malaysia,MYS,2006,Pengelolaan limbah medis,Tanpa layanan,Nasional,0.0
Malaysia,MYS,2006,Pengelolaan limbah medis,Tanpa layanan,Perkotaan,0.0
Malaysia,MYS,2006,Pengelolaan limbah medis,Tanpa layanan,Perdesaan,0.0
Malaysia,MYS,2006,Pengelolaan limbah medis,Tanpa layanan,Rumah sakit,0.0
Malaysia,MYS,2006,Pengelolaan limbah medis,Tanpa layanan,Non-rumah sakit,0.0
Malaysia,MYS,2007,Pengelolaan limbah medis,Dasar,Nasional,100.0
Malaysia,MYS,2007,Pengelolaan limbah medis,Dasar,Perkotaan,100.0
Malaysia,MYS,2007,Pengelolaan limbah medis,Dasar,Perdesaan,100.0
Malaysia,MYS,2007,Pengelolaan limbah medis,Dasar,Rumah sakit,100.0
Malaysia,MYS,2007,Pengelolaan limbah medis,Dasar,Non-rumah sakit,100.0
Malaysia,MYS,2007,Pengelolaan limbah medis,Terbatas,Nasional,0.0
Malaysia,MYS,2007,Pengelolaan limbah medis,Terbatas,Perkotaan,0.0
Malaysia,MYS,2007,Pengelolaan limbah medis,Terbatas,Perdesaan,0.0
Malaysia,MYS,2007,Pengelolaan limbah medis,Terbatas,Rumah sakit,0.0
Malaysia,MYS,2007,Pengelolaan limbah medis,Terbatas,Non-rumah sakit,0.0
Malaysia,MYS,2007,Pengelolaan limbah medis,Tanpa layanan,Nasional,0.0
Malaysia,MYS,2007,Pengelolaan limbah medis,Tanpa layanan,Perkotaan,0.0
Malaysia,MYS,2007,Pengelolaan limbah medis,Tanpa layanan,Perdesaan,0.0
Malaysia,MYS,2007,Pengelolaan limbah medis,Tanpa layanan,Rumah sakit,0.0
Malaysia,MYS,2007,Pengelolaan limbah medis,Tanpa layanan,Non-rumah sakit,0.0
Malaysia,MYS,2008,Pengelolaan limbah medis,Dasar,Nasional,100.0
Malaysia,MYS,2008,Pengelolaan limbah medis,Dasar,Perkotaan,100.0
Malaysia,MYS,2008,Pengelolaan limbah medis,Dasar,Perdesaan,100.0
Malaysia,MYS,2008,Pengelolaan limbah medis,Dasar,Rumah sakit,100.0
Malaysia,MYS,2008,Pengelolaan limbah medis,Dasar,Non-rumah sakit,100.0
Malaysia,MYS,2008,Pengelolaan limbah medis,Terbatas,Nasional,0.0
Malaysia,MYS,2008,Pengelolaan limbah medis,Terbatas,Perkotaan,0.0
Malaysia,MYS,2008,Pengelolaan limbah medis,Terbatas,Perdesaan,0.0
Malaysia,MYS,2008,Pengelolaan limbah medis,Terbatas,Rumah sakit,0.0
Malaysia,MYS,2008,Pengelolaan limbah medis,Terbatas,Non-rumah sakit,0.0
Malaysia,MYS,2008,Pengelolaan limbah medis,Tanpa layanan,Nasional,0.0
Malaysia,MYS,2008,Pengelolaan limbah medis,Tanpa layanan,Perkotaan,0.0
Malaysia,MYS,2008,Pengelolaan limbah medis,Tanpa layanan,Perdesaan,0.0
Malaysia,MYS,2008,Pengelolaan limbah medis,Tanpa layanan,Rumah sakit,0.0
Malaysia,MYS,2008,Pengelolaan limbah medis,Tanpa layanan,Non-rumah sakit,0.0
Malaysia,MYS,2009,Pengelolaan limbah medis,Dasar,Nasional,100.0
Malaysia,MYS,2009,Pengelolaan limbah medis,Dasar,Perkotaan,100.0
Malaysia,MYS,2009,Pengelolaan limbah medis,Dasar,Perdesaan,100.0
Malaysia,MYS,2009,Pengelolaan limbah medis,Dasar,Rumah sakit,100.0
Malaysia,MYS,2009,Pengelolaan limbah medis,Dasar,Non-rumah sakit,100.0
Malaysia,MYS,2009,Pengelolaan limbah medis,Terbatas,Nasional,0.0
Malaysia,MYS,2009,Pengelolaan limbah medis,Terbatas,Perkotaan,0.0
Malaysia,MYS,2009,Pengelolaan limbah medis,Terbatas,Perdesaan,0.0
Malaysia,MYS,2009,Pengelolaan limbah medis,Terbatas,Rumah sakit,0.0
Malaysia,MYS,2009,Pengelolaan limbah medis,Terbatas,Non-rumah sakit,0.0
Malaysia,MYS,2009,Pengelolaan limbah medis,Tanpa layanan,Nasional,0.0
Malaysia,MYS,2009,Pengelolaan limbah medis,Tanpa layanan,Perkotaan,0.0
Malaysia,MYS,2009,Pengelolaan limbah medis,Tanpa layanan,Perdesaan,0.0
Malaysia,MYS,2009,Pengelolaan limbah medis,Tanpa layanan,Rumah sakit,0.0
Malaysia,MYS,2009,Pengelolaan limbah medis,Tanpa layanan,Non-rumah sakit,0.0
Malaysia,MYS,2010,Pengelolaan limbah medis,Dasar,Nasional,100.0
Malaysia,MYS,2010,Pengelolaan limbah medis,Dasar,Perkotaan,100.0
Malaysia,MYS,2010,Pengelolaan limbah medis,Dasar,Perdesaan,100.0
Malaysia,MYS,2010,Pengelolaan limbah medis,Dasar,Rumah sakit,100.0
Malaysia,MYS,2010,Pengelolaan limbah medis,Dasar,Non-rumah sakit,100.0
Malaysia,MYS,2010,Pengelolaan limbah medis,Terbatas,Nasional,0.0
Malaysia,MYS,2010,Pengelolaan limbah medis,Terbatas,Perkotaan,0.0
Malaysia,MYS,2010,Pengelolaan limbah medis,Terbatas,Perdesaan,0.0
Malaysia,MYS,2010,Pengelolaan limbah medis,Terbatas,Rumah sakit,0.0
Malaysia,MYS,2010,Pengelolaan limbah medis,Terbatas,Non-rumah sakit,0.0
Malaysia,MYS,2010,Pengelolaan limbah medis,Tanpa layanan,Nasional,0.0
Malaysia,MYS,2010,Pengelolaan limbah medis,Tanpa layanan,Perkotaan,0.0
Malaysia,MYS,2010,Pengelolaan limbah medis,Tanpa layanan,Perdesaan,0.0
Malaysia,MYS,2010,Pengelolaan limbah medis,Tanpa layanan,Rumah sakit,0.0
Malaysia,MYS,2010,Pengelolaan limbah medis,Tanpa layanan,Non-rumah sakit,0.0
Malaysia,MYS,2011,Pengelolaan limbah medis,Dasar,Nasional,100.0
Malaysia,MYS,2011,Pengelolaan limbah medis,Dasar,Perkotaan,100.0
Malaysia,MYS,2011,Pengelolaan limbah medis,Dasar,Perdesaan,100.0
Malaysia,MYS,2011,Pengelolaan limbah medis,Dasar,Rumah sakit,100.0
Malaysia,MYS,2011,Pengelolaan limbah medis,Dasar,Non-rumah sakit,100.0
Malaysia,MYS,2011,Pengelolaan limbah medis,Terbatas,Nasional,0.0
Malaysia,MYS,2011,Pengelolaan limbah medis,Terbatas,Perkotaan,0.0
Malaysia,MYS,2011,Pengelolaan limbah medis,Terbatas,Perdesaan,0.0
Malaysia,MYS,2011,Pengelolaan limbah medis,Terbatas,Rumah sakit,0.0
Malaysia,MYS,2011,Pengelolaan limbah medis,Terbatas,Non-rumah sakit,0.0
Malaysia,MYS,2011,Pengelolaan limbah medis,Tanpa layanan,Nasional,0.0
Malaysia,MYS,2011,Pengelolaan limbah medis,Tanpa layanan,Perkotaan,0.0
Malaysia,MYS,2011,Pengelolaan limbah medis,Tanpa layanan,Perdesaan,0.0
Malaysia,MYS,2011,Pengelolaan limbah medis,Tanpa layanan,Rumah sakit,0.0
Malaysia,MYS,2011,Pengelolaan limbah medis,Tanpa layanan,Non-rumah sakit,0.0
Malaysia,MYS,2012,Pengelolaan limbah medis,Dasar,Nasional,100.0
Malaysia,MYS,2012,Pengelolaan limbah medis,Dasar,Perkotaan,100.0
Malaysia,MYS,2012,Pengelolaan limbah medis,Dasar,Perdesaan,100.0
Malaysia,MYS,2012,Pengelolaan limbah medis,Dasar,Rumah sakit,100.0
Malaysia,MYS,2012,Pengelolaan limbah medis,Dasar,Non-rumah sakit,100.0
Malaysia,MYS,2012,Pengelolaan limbah medis,Terbatas,Nasional,0.0
Malaysia,MYS,2012,Pengelolaan limbah medis,Terbatas,Perkotaan,0.0
Malaysia,MYS,2012,Pengelolaan limbah medis,Terbatas,Perdesaan,0.0
Malaysia,MYS,2012,Pengelolaan limbah medis,Terbatas,Rumah sakit,0.0
Malaysia,MYS,2012,Pengelolaan limbah medis,Terbatas,Non-rumah sakit,0.0
Malaysia,MYS,2012,Pengelolaan limbah medis,Tanpa layanan,Nasional,0.0
Malaysia,MYS,2012,Pengelolaan limbah medis,Tanpa layanan,Perkotaan,0.0
Malaysia,MYS,2012,Pengelolaan limbah medis,Tanpa layanan,Perdesaan,0.0
Malaysia,MYS,2012,Pengelolaan limbah medis,Tanpa layanan,Rumah sakit,0.0
Malaysia,MYS,2012,Pengelolaan limbah medis,Tanpa layanan,Non-rumah sakit,0.0
Malaysia,MYS,2013,Pengelolaan limbah medis,Dasar,Nasional,100.0
Malaysia,MYS,2013,Pengelolaan limbah medis,Dasar,Perkotaan,100.0
Malaysia,MYS,2013,Pengelolaan limbah medis,Dasar,Perdesaan,100.0
Malaysia,MYS,2013,Pengelolaan limbah medis,Dasar,Rumah sakit,100.0
Malaysia,MYS,2013,Pengelolaan limbah medis,Dasar,Non-rumah sakit,100.0
Malaysia,MYS,2013,Pengelolaan limbah medis,Terbatas,Nasional,0.0
Malaysia,MYS,2013,Pengelolaan limbah medis,Terbatas,Perkotaan,0.0
Malaysia,MYS,2013,Pengelolaan limbah medis,Terbatas,Perdesaan,0.0
Malaysia,MYS,2013,Pengelolaan limbah medis,Terbatas,Rumah sakit,0.0
Malaysia,MYS,2013,Pengelolaan limbah medis,Terbatas,Non-rumah sakit,0.0
Malaysia,MYS,2013,Pengelolaan limbah medis,Tanpa layanan,Nasional,0.0
Malaysia,MYS,2013,Pengelolaan limbah medis,Tanpa layanan,Perkotaan,0.0
Malaysia,MYS,2013,Pengelolaan limbah medis,Tanpa layanan,Perdesaan,0.0
Malaysia,MYS,2013,Pengelolaan limbah medis,Tanpa layanan,Rumah sakit,0.0
Malaysia,MYS,2013,Pengelolaan limbah medis,Tanpa layanan,Non-rumah sakit,0.0
Malaysia,MYS,2014,Pengelolaan limbah medis,Dasar,Nasional,100.0
Malaysia,MYS,2014,Pengelolaan limbah medis,Dasar,Perkotaan,100.0
Malaysia,MYS,2014,Pengelolaan limbah medis,Dasar,Perdesaan,100.0
Malaysia,MYS,2014,Pengelolaan limbah medis,Dasar,Rumah sakit,100.0
Malaysia,MYS,2014,Pengelolaan limbah medis,Dasar,Non-rumah sakit,100.0
Malaysia,MYS,2014,Pengelolaan limbah medis,Terbatas,Nasional,0.0
Malaysia,MYS,2014,Pengelolaan limbah medis,Terbatas,Perkotaan,0.0
Malaysia,MYS,2014,Pengelolaan limbah medis,Terbatas,Perdesaan,0.0
Malaysia,MYS,2014,Pengelolaan limbah medis,Terbatas,Rumah sakit,0.0
Malaysia,MYS,2014,Pengelolaan limbah medis,Terbatas,Non-rumah sakit,0.0
Malaysia,MYS,2014,Pengelolaan limbah medis,Tanpa layanan,Nasional,0.0
Malaysia,MYS,2014,Pengelolaan limbah medis,Tanpa layanan,Perkotaan,0.0
Malaysia,MYS,2014,Pengelolaan limbah medis,Tanpa layanan,Perdesaan,0.0
Malaysia,MYS,2014,Pengelolaan limbah medis,Tanpa layanan,Rumah sakit,0.0
Malaysia,MYS,2014,Pengelolaan limbah medis,Tanpa layanan,Non-rumah sakit,0.0
Malaysia,MYS,2015,Pengelolaan limbah medis,Dasar,Nasional,100.0
Malaysia,MYS,2015,Pengelolaan limbah medis,Dasar,Perkotaan,100.0
Malaysia,MYS,2015,Pengelolaan limbah medis,Dasar,Perdesaan,100.0
Malaysia,MYS,2015,Pengelolaan limbah medis,Dasar,Rumah sakit,100.0
Malaysia,MYS,2015,Pengelolaan limbah medis,Dasar,Non-rumah sakit,100.0
Malaysia,MYS,2015,Pengelolaan limbah medis,Terbatas,Nasional,0.0
Malaysia,MYS,2015,Pengelolaan limbah medis,Terbatas,Perkotaan,0.0
Malaysia,MYS,2015,Pengelolaan limbah medis,Terbatas,Perdesaan,0.0
Malaysia,MYS,2015,Pengelolaan limbah medis,Terbatas,Rumah sakit,0.0
Malaysia,MYS,2015,Pengelolaan limbah medis,Terbatas,Non-rumah sakit,0.0
Malaysia,MYS,2015,Pengelolaan limbah medis,Tanpa layanan,Nasional,0.0
Malaysia,MYS,2015,Pengelolaan limbah medis,Tanpa layanan,Perkotaan,0.0
Malaysia,MYS,2015,Pengelolaan limbah medis,Tanpa layanan,Perdesaan,0.0
Malaysia,MYS,2015,Pengelolaan limbah medis,Tanpa layanan,Rumah sakit,0.0
Malaysia,MYS,2015,Pengelolaan limbah medis,Tanpa layanan,Non-rumah sakit,0.0
Malaysia,MYS,2016,Pengelolaan limbah medis,Dasar,Nasional,100.0
Malaysia,MYS,2016,Pengelolaan limbah medis,Dasar,Perkotaan,100.0
Malaysia,MYS,2016,Pengelolaan limbah medis,Dasar,Perdesaan,100.0
Malaysia,MYS,2016,Pengelolaan limbah medis,Dasar,Rumah sakit,100.0
Malaysia,MYS,2016,Pengelolaan limbah medis,Dasar,Non-rumah sakit,100.0
Malaysia,MYS,2016,Pengelolaan limbah medis,Terbatas,Nasional,0.0
Malaysia,MYS,2016,Pengelolaan limbah medis,Terbatas,Perkotaan,0.0
Malaysia,MYS,2016,Pengelolaan limbah medis,Terbatas,Perdesaan,0.0
Malaysia,MYS,2016,Pengelolaan limbah medis,Terbatas,Rumah sakit,0.0
Malaysia,MYS,2016,Pengelolaan limbah medis,Terbatas,Non-rumah sakit,0.0
Malaysia,MYS,2016,Pengelolaan limbah medis,Tanpa layanan,Nasional,0.0
Malaysia,MYS,2016,Pengelolaan limbah medis,Tanpa layanan,Perkotaan,0.0
Malaysia,MYS,2016,Pengelolaan limbah medis,Tanpa layanan,Perdesaan,0.0
Malaysia,MYS,2016,Pengelolaan limbah medis,Tanpa layanan,Rumah sakit,0.0
Malaysia,MYS,2016,Pengelolaan limbah medis,Tanpa layanan,Non-rumah sakit,0.0
Malaysia,MYS,2017,Pengelolaan limbah medis,Dasar,Nasional,100.0
Malaysia,MYS,2017,Pengelolaan limbah medis,Dasar,Perkotaan,100.0
Malaysia,MYS,2017,Pengelolaan limbah medis,Dasar,Perdesaan,100.0
Malaysia,MYS,2017,Pengelolaan limbah medis,Dasar,Rumah sakit,100.0
Malaysia,MYS,2017,Pengelolaan limbah medis,Dasar,Non-rumah sakit,100.0
Malaysia,MYS,2017,Pengelolaan limbah medis,Terbatas,Nasional,0.0
Malaysia,MYS,2017,Pengelolaan limbah medis,Terbatas,Perkotaan,0.0
Malaysia,MYS,2017,Pengelolaan limbah medis,Terbatas,Perdesaan,0.0
Malaysia,MYS,2017,Pengelolaan limbah medis,Terbatas,Rumah sakit,0.0
Malaysia,MYS,2017,Pengelolaan limbah medis,Terbatas,Non-rumah sakit,0.0
Malaysia,MYS,2017,Pengelolaan limbah medis,Tanpa layanan,Nasional,0.0
Malaysia,MYS,2017,Pengelolaan limbah medis,Tanpa layanan,Perkotaan,0.0
Malaysia,MYS,2017,Pengelolaan limbah medis,Tanpa layanan,Perdesaan,0.0
Malaysia,MYS,2017,Pengelolaan limbah medis,Tanpa layanan,Rumah sakit,0.0
Malaysia,MYS,2017,Pengelolaan limbah medis,Tanpa layanan,Non-rumah sakit,0.0
Malaysia,MYS,2018,Pengelolaan limbah medis,Dasar,Nasional,100.0
Malaysia,MYS,2018,Pengelolaan limbah medis,Dasar,Perkotaan,100.0
Malaysia,MYS,2018,Pengelolaan limbah medis,Dasar,Perdesaan,100.0
Malaysia,MYS,2018,Pengelolaan limbah medis,Dasar,Rumah sakit,100.0
Malaysia,MYS,2018,Pengelolaan limbah medis,Dasar,Non-rumah sakit,100.0
Malaysia,MYS,2018,Pengelolaan limbah medis,Terbatas,Nasional,0.0
Malaysia,MYS,2018,Pengelolaan limbah medis,Terbatas,Perkotaan,0.0
Malaysia,MYS,2018,Pengelolaan limbah medis,Terbatas,Perdesaan,0.0
Malaysia,MYS,2018,Pengelolaan limbah medis,Terbatas,Rumah sakit,0.0
Malaysia,MYS,2018,Pengelolaan limbah medis,Terbatas,Non-rumah sakit,0.0
Malaysia,MYS,2018,Pengelolaan limbah medis,Tanpa layanan,Nasional,0.0
Malaysia,MYS,2018,Pengelolaan limbah medis,Tanpa layanan,Perkotaan,0.0
Malaysia,MYS,2018,Pengelolaan limbah medis,Tanpa layanan,Perdesaan,0.0
Malaysia,MYS,2018,Pengelolaan limbah medis,Tanpa layanan,Rumah sakit,0.0
Malaysia,MYS,2018,Pengelolaan limbah medis,Tanpa layanan,Non-rumah sakit,0.0
Malaysia,MYS,2019,Pengelolaan limbah medis,Dasar,Nasional,100.0
Malaysia,MYS,2019,Pengelolaan limbah medis,Dasar,Perkotaan,100.0
Malaysia,MYS,2019,Pengelolaan limbah medis,Dasar,Perdesaan,100.0
Malaysia,MYS,2019,Pengelolaan limbah medis,Dasar,Rumah sakit,100.0
Malaysia,MYS,2019,Pengelolaan limbah medis,Dasar,Non-rumah sakit,100.0
Malaysia,MYS,2019,Pengelolaan limbah medis,Terbatas,Nasional,0.0
Malaysia,MYS,2019,Pengelolaan limbah medis,Terbatas,Perkotaan,0.0
Malaysia,MYS,2019,Pengelolaan limbah medis,Terbatas,Perdesaan,0.0
Malaysia,MYS,2019,Pengelolaan limbah medis,Terbatas,Rumah sakit,0.0
Malaysia,MYS,2019,Pengelolaan limbah medis,Terbatas,Non-rumah sakit,0.0
Malaysia,MYS,2019,Pengelolaan limbah medis,Tanpa layanan,Nasional,0.0
Malaysia,MYS,2019,Pengelolaan limbah medis,Tanpa layanan,Perkotaan,0.0
Malaysia,MYS,2019,Pengelolaan limbah medis,Tanpa layanan,Perdesaan,0.0
Malaysia,MYS,2019,Pengelolaan limbah medis,Tanpa layanan,Rumah sakit,0.0
Malaysia,MYS,2019,Pengelolaan limbah medis,Tanpa layanan,Non-rumah sakit,0.0
Malaysia,MYS,2020,Pengelolaan limbah medis,Dasar,Nasional,100.0
Malaysia,MYS,2020,Pengelolaan limbah medis,Dasar,Perkotaan,100.0
Malaysia,MYS,2020,Pengelolaan limbah medis,Dasar,Perdesaan,100.0
Malaysia,MYS,2020,Pengelolaan limbah medis,Dasar,Rumah sakit,100.0
Malaysia,MYS,2020,Pengelolaan limbah medis,Dasar,Non-rumah sakit,100.0
Malaysia,MYS,2020,Pengelolaan limbah medis,Terbatas,Nasional,0.0
Malaysia,MYS,2020,Pengelolaan limbah medis,Terbatas,Perkotaan,0.0
Malaysia,MYS,2020,Pengelolaan limbah medis,Terbatas,Perdesaan,0.0
Malaysia,MYS,2020,Pengelolaan limbah medis,Terbatas,Rumah sakit,0.0
Malaysia,MYS,2020,Pengelolaan limbah medis,Terbatas,Non-rumah sakit,0.0
Malaysia,MYS,2020,Pengelolaan limbah medis,Tanpa layanan,Nasional,0.0
Malaysia,MYS,2020,Pengelolaan limbah medis,Tanpa layanan,Perkotaan,0.0
Malaysia,MYS,2020,Pengelolaan limbah medis,Tanpa layanan,Perdesaan,0.0
Malaysia,MYS,2020,Pengelolaan limbah medis,Tanpa layanan,Rumah sakit,0.0
Malaysia,MYS,2020,Pengelolaan limbah medis,Tanpa layanan,Non-rumah sakit,0.0
Malaysia,MYS,2021,Pengelolaan limbah medis,Dasar,Nasional,100.0
Malaysia,MYS,2021,Pengelolaan limbah medis,Dasar,Perkotaan,100.0
Malaysia,MYS,2021,Pengelolaan limbah medis,Dasar,Perdesaan,100.0
Malaysia,MYS,2021,Pengelolaan limbah medis,Dasar,Rumah sakit,100.0
Malaysia,MYS,2021,Pengelolaan limbah medis,Dasar,Non-rumah sakit,100.0
Malaysia,MYS,2021,Pengelolaan limbah medis,Terbatas,Nasional,0.0
Malaysia,MYS,2021,Pengelolaan limbah medis,Terbatas,Perkotaan,0.0
Malaysia,MYS,2021,Pengelolaan limbah medis,Terbatas,Perdesaan,0.0
Malaysia,MYS,2021,Pengelolaan limbah medis,Terbatas,Rumah sakit,0.0
Malaysia,MYS,2021,Pengelolaan limbah medis,Terbatas,Non-rumah sakit,0.0
Malaysia,MYS,2021,Pengelolaan limbah medis,Tanpa layanan,Nasional,0.0
Malaysia,MYS,2021,Pengelolaan limbah medis,Tanpa layanan,Perkotaan,0.0
Malaysia,MYS,2021,Pengelolaan limbah medis,Tanpa layanan,Perdesaan,0.0
Malaysia,MYS,2021,Pengelolaan limbah medis,Tanpa layanan,Rumah sakit,0.0
Malaysia,MYS,2021,Pengelolaan limbah medis,Tanpa layanan,Non-rumah sakit,0.0
Malaysia,MYS,2022,Pengelolaan limbah medis,Dasar,Nasional,100.0
Malaysia,MYS,2022,Pengelolaan limbah medis,Dasar,Perkotaan,100.0
Malaysia,MYS,2022,Pengelolaan limbah medis,Dasar,Perdesaan,100.0
Malaysia,MYS,2022,Pengelolaan limbah medis,Dasar,Rumah sakit,100.0
Malaysia,MYS,2022,Pengelolaan limbah medis,Dasar,Non-rumah sakit,100.0
Malaysia,MYS,2022,Pengelolaan limbah medis,Terbatas,Nasional,0.0
Malaysia,MYS,2022,Pengelolaan limbah medis,Terbatas,Perkotaan,0.0
Malaysia,MYS,2022,Pengelolaan limbah medis,Terbatas,Perdesaan,0.0
Malaysia,MYS,2022,Pengelolaan limbah medis,Terbatas,Rumah sakit,0.0
Malaysia,MYS,2022,Pengelolaan limbah medis,Terbatas,Non-rumah sakit,0.0
Malaysia,MYS,2022,Pengelolaan limbah medis,Tanpa layanan,Nasional,0.0
Malaysia,MYS,2022,Pengelolaan limbah medis,Tanpa layanan,Perkotaan,0.0
Malaysia,MYS,2022,Pengelolaan limbah medis,Tanpa layanan,Perdesaan,0.0
Malaysia,MYS,2022,Pengelolaan limbah medis,Tanpa layanan,Rumah sakit,0.0
Malaysia,MYS,2022,Pengelolaan limbah medis,Tanpa layanan,Non-rumah sakit,0.0
Malaysia,MYS,2023,Pengelolaan limbah medis,Dasar,Nasional,100.0
Malaysia,MYS,2023,Pengelolaan limbah medis,Dasar,Perkotaan,100.0
Malaysia,MYS,2023,Pengelolaan limbah medis,Dasar,Perdesaan,100.0
Malaysia,MYS,2023,Pengelolaan limbah medis,Dasar,Rumah sakit,100.0
Malaysia,MYS,2023,Pengelolaan limbah medis,Dasar,Non-rumah sakit,100.0
Malaysia,MYS,2023,Pengelolaan limbah medis,Terbatas,Nasional,0.0
Malaysia,MYS,2023,Pengelolaan limbah medis,Terbatas,Perkotaan,0.0
Malaysia,MYS,2023,Pengelolaan limbah medis,Terbatas,Perdesaan,0.0
Malaysia,MYS,2023,Pengelolaan limbah medis,Terbatas,Rumah sakit,0.0
Malaysia,MYS,2023,Pengelolaan limbah medis,Terbatas,Non-rumah sakit,0.0
Malaysia,MYS,2023,Pengelolaan limbah medis,Tanpa layanan,Nasional,0.0
Malaysia,MYS,2023,Pengelolaan limbah medis,Tanpa layanan,Perkotaan,0.0
Malaysia,MYS,2023,Pengelolaan limbah medis,Tanpa layanan,Perdesaan,0.0
Malaysia,MYS,2023,Pengelolaan limbah medis,Tanpa layanan,Rumah sakit,0.0
Malaysia,MYS,2023,Pengelolaan limbah medis,Tanpa layanan,Non-rumah sakit,0.0
Myanmar,MMR,2000,Pengelolaan limbah medis,Tanpa layanan,Perkotaan,0.0
Myanmar,MMR,2001,Pengelolaan limbah medis,Tanpa layanan,Perkotaan,0.0
Myanmar,MMR,2002,Pengelolaan limbah medis,Tanpa layanan,Perkotaan,0.0
Myanmar,MMR,2003,Pengelolaan limbah medis,Tanpa layanan,Perkotaan,0.0
Myanmar,MMR,2004,Pengelolaan limbah medis,Tanpa layanan,Perkotaan,0.0
Myanmar,MMR,2005,Pengelolaan limbah medis,Tanpa layanan,Perkotaan,0.0
Myanmar,MMR,2006,Pengelolaan limbah medis,Tanpa layanan,Perkotaan,0.0
Myanmar,MMR,2007,Pengelolaan limbah medis,Tanpa layanan,Perkotaan,0.0
Myanmar,MMR,2008,Pengelolaan limbah medis,Tanpa layanan,Perkotaan,0.0
Myanmar,MMR,2009,Pengelolaan limbah medis,Tanpa layanan,Perkotaan,0.0
Myanmar,MMR,2010,Pengelolaan limbah medis,Dasar,Nasional,22.39
Myanmar,MMR,2010,Pengelolaan limbah medis,Dasar,Perkotaan,45.05
Myanmar,MMR,2010,Pengelolaan limbah medis,Dasar,Perdesaan,3.64
Myanmar,MMR,2010,Pengelolaan limbah medis,Dasar,Rumah sakit,37.39
Myanmar,MMR,2010,Pengelolaan limbah medis,Dasar,Non-rumah sakit,2.33
Myanmar,MMR,2010,Pengelolaan limbah medis,Terbatas,Nasional,75.62
Myanmar,MMR,2010,Pengelolaan limbah medis,Terbatas,Perkotaan,54.95
Myanmar,MMR,2010,Pengelolaan limbah medis,Terbatas,Perdesaan,92.73
Myanmar,MMR,2010,Pengelolaan limbah medis,Terbatas,Rumah sakit,60.87
Myanmar,MMR,2010,Pengelolaan limbah medis,Terbatas,Non-rumah sakit,95.35
Myanmar,MMR,2010,Pengelolaan limbah medis,Tanpa layanan,Nasional,1.99
Myanmar,MMR,2010,Pengelolaan limbah medis,Tanpa layanan,Perkotaan,0.0
Myanmar,MMR,2010,Pengelolaan limbah medis,Tanpa layanan,Perdesaan,3.64
Myanmar,MMR,2010,Pengelolaan limbah medis,Tanpa layanan,Rumah sakit,1.74
Myanmar,MMR,2010,Pengelolaan limbah medis,Tanpa layanan,Non-rumah sakit,2.33
Myanmar,MMR,2011,Pengelolaan limbah medis,Dasar,Nasional,22.39
Myanmar,MMR,2011,Pengelolaan limbah medis,Dasar,Perkotaan,45.05
Myanmar,MMR,2011,Pengelolaan limbah medis,Dasar,Perdesaan,3.64
Myanmar,MMR,2011,Pengelolaan limbah medis,Dasar,Rumah sakit,37.39
Myanmar,MMR,2011,Pengelolaan limbah medis,Dasar,Non-rumah sakit,2.33
Myanmar,MMR,2011,Pengelolaan limbah medis,Terbatas,Nasional,75.62
Myanmar,MMR,2011,Pengelolaan limbah medis,Terbatas,Perkotaan,54.95
Myanmar,MMR,2011,Pengelolaan limbah medis,Terbatas,Perdesaan,92.73
Myanmar,MMR,2011,Pengelolaan limbah medis,Terbatas,Rumah sakit,60.87
Myanmar,MMR,2011,Pengelolaan limbah medis,Terbatas,Non-rumah sakit,95.35
Myanmar,MMR,2011,Pengelolaan limbah medis,Tanpa layanan,Nasional,1.99
Myanmar,MMR,2011,Pengelolaan limbah medis,Tanpa layanan,Perkotaan,0.0
Myanmar,MMR,2011,Pengelolaan limbah medis,Tanpa layanan,Perdesaan,3.64
Myanmar,MMR,2011,Pengelolaan limbah medis,Tanpa layanan,Rumah sakit,1.74
Myanmar,MMR,2011,Pengelolaan limbah medis,Tanpa layanan,Non-rumah sakit,2.33
Myanmar,MMR,2012,Pengelolaan limbah medis,Dasar,Nasional,22.39
Myanmar,MMR,2012,Pengelolaan limbah medis,Dasar,Perkotaan,45.05
Myanmar,MMR,2012,Pengelolaan limbah medis,Dasar,Perdesaan,3.64
Myanmar,MMR,2012,Pengelolaan limbah medis,Dasar,Rumah sakit,37.39
Myanmar,MMR,2012,Pengelolaan limbah medis,Dasar,Non-rumah sakit,2.33
Myanmar,MMR,2012,Pengelolaan limbah medis,Terbatas,Nasional,75.62
Myanmar,MMR,2012,Pengelolaan limbah medis,Terbatas,Perkotaan,54.95
Myanmar,MMR,2012,Pengelolaan limbah medis,Terbatas,Perdesaan,92.73
Myanmar,MMR,2012,Pengelolaan limbah medis,Terbatas,Rumah sakit,60.87
Myanmar,MMR,2012,Pengelolaan limbah medis,Terbatas,Non-rumah sakit,95.35
Myanmar,MMR,2012,Pengelolaan limbah medis,Tanpa layanan,Nasional,1.99
Myanmar,MMR,2012,Pengelolaan limbah medis,Tanpa layanan,Perkotaan,0.0
Myanmar,MMR,2012,Pengelolaan limbah medis,Tanpa layanan,Perdesaan,3.64
Myanmar,MMR,2012,Pengelolaan limbah medis,Tanpa layanan,Rumah sakit,1.74
Myanmar,MMR,2012,Pengelolaan limbah medis,Tanpa layanan,Non-rumah sakit,2.33
Myanmar,MMR,2013,Pengelolaan limbah medis,Dasar,Nasional,22.39
Myanmar,MMR,2013,Pengelolaan limbah medis,Dasar,Perkotaan,45.05
Myanmar,MMR,2013,Pengelolaan limbah medis,Dasar,Perdesaan,3.64
Myanmar,MMR,2013,Pengelolaan limbah medis,Dasar,Rumah sakit,37.39
Myanmar,MMR,2013,Pengelolaan limbah medis,Dasar,Non-rumah sakit,2.33
Myanmar,MMR,2013,Pengelolaan limbah medis,Terbatas,Nasional,75.62
Myanmar,MMR,2013,Pengelolaan limbah medis,Terbatas,Perkotaan,54.95
Myanmar,MMR,2013,Pengelolaan limbah medis,Terbatas,Perdesaan,92.73
Myanmar,MMR,2013,Pengelolaan limbah medis,Terbatas,Rumah sakit,60.87
Myanmar,MMR,2013,Pengelolaan limbah medis,Terbatas,Non-rumah sakit,95.35
Myanmar,MMR,2013,Pengelolaan limbah medis,Tanpa layanan,Nasional,1.99
Myanmar,MMR,2013,Pengelolaan limbah medis,Tanpa layanan,Perkotaan,0.0
Myanmar,MMR,2013,Pengelolaan limbah medis,Tanpa layanan,Perdesaan,3.64
Myanmar,MMR,2013,Pengelolaan limbah medis,Tanpa layanan,Rumah sakit,1.74
Myanmar,MMR,2013,Pengelolaan limbah medis,Tanpa layanan,Non-rumah sakit,2.33
Myanmar,MMR,2014,Pengelolaan limbah medis,Dasar,Nasional,22.39
Myanmar,MMR,2014,Pengelolaan limbah medis,Dasar,Perkotaan,45.05
Myanmar,MMR,2014,Pengelolaan limbah medis,Dasar,Perdesaan,3.64
Myanmar,MMR,2014,Pengelolaan limbah medis,Dasar,Rumah sakit,37.39
Myanmar,MMR,2014,Pengelolaan limbah medis,Dasar,Non-rumah sakit,2.33
Myanmar,MMR,2014,Pengelolaan limbah medis,Terbatas,Nasional,75.62
Myanmar,MMR,2014,Pengelolaan limbah medis,Terbatas,Perkotaan,54.95
Myanmar,MMR,2014,Pengelolaan limbah medis,Terbatas,Perdesaan,92.73
Myanmar,MMR,2014,Pengelolaan limbah medis,Terbatas,Rumah sakit,60.87
Myanmar,MMR,2014,Pengelolaan limbah medis,Terbatas,Non-rumah sakit,95.35
Myanmar,MMR,2014,Pengelolaan limbah medis,Tanpa layanan,Nasional,1.99
Myanmar,MMR,2014,Pengelolaan limbah medis,Tanpa layanan,Perkotaan,0.0
Myanmar,MMR,2014,Pengelolaan limbah medis,Tanpa layanan,Perdesaan,3.64
Myanmar,MMR,2014,Pengelolaan limbah medis,Tanpa layanan,Rumah sakit,1.74
Myanmar,MMR,2014,Pengelolaan limbah medis,Tanpa layanan,Non-rumah sakit,2.33
Myanmar,MMR,2015,Pengelolaan limbah medis,Dasar,Nasional,22.39
Myanmar,MMR,2015,Pengelolaan limbah medis,Dasar,Perkotaan,45.05
Myanmar,MMR,2015,Pengelolaan limbah medis,Dasar,Perdesaan,3.64
Myanmar,MMR,2015,Pengelolaan limbah medis,Dasar,Rumah sakit,37.39
Myanmar,MMR,2015,Pengelolaan limbah medis,Dasar,Non-rumah sakit,2.33
Myanmar,MMR,2015,Pengelolaan limbah medis,Terbatas,Nasional,75.62
Myanmar,MMR,2015,Pengelolaan limbah medis,Terbatas,Perkotaan,54.95
Myanmar,MMR,2015,Pengelolaan limbah medis,Terbatas,Perdesaan,92.73
Myanmar,MMR,2015,Pengelolaan limbah medis,Terbatas,Rumah sakit,60.87
Myanmar,MMR,2015,Pengelolaan limbah medis,Terbatas,Non-rumah sakit,95.35
Myanmar,MMR,2015,Pengelolaan limbah medis,Tanpa layanan,Nasional,1.99
Myanmar,MMR,2015,Pengelolaan limbah medis,Tanpa layanan,Perkotaan,0.0
Myanmar,MMR,2015,Pengelolaan limbah medis,Tanpa layanan,Perdesaan,3.64
Myanmar,MMR,2015,Pengelolaan limbah medis,Tanpa layanan,Rumah sakit,1.74
Myanmar,MMR,2015,Pengelolaan limbah medis,Tanpa layanan,Non-rumah sakit,2.33
Myanmar,MMR,2016,Pengelolaan limbah medis,Dasar,Nasional,22.39
Myanmar,MMR,2016,Pengelolaan limbah medis,Dasar,Perkotaan,45.05
Myanmar,MMR,2016,Pengelolaan limbah medis,Dasar,Perdesaan,3.64
Myanmar,MMR,2016,Pengelolaan limbah medis,Dasar,Rumah sakit,37.39
Myanmar,MMR,2016,Pengelolaan limbah medis,Dasar,Non-rumah sakit,2.33
Myanmar,MMR,2016,Pengelolaan limbah medis,Terbatas,Nasional,75.62
Myanmar,MMR,2016,Pengelolaan limbah medis,Terbatas,Perkotaan,54.95
Myanmar,MMR,2016,Pengelolaan limbah medis,Terbatas,Perdesaan,92.73
Myanmar,MMR,2016,Pengelolaan limbah medis,Terbatas,Rumah sakit,60.87
Myanmar,MMR,2016,Pengelolaan limbah medis,Terbatas,Non-rumah sakit,95.35
Myanmar,MMR,2016,Pengelolaan limbah medis,Tanpa layanan,Nasional,1.99
Myanmar,MMR,2016,Pengelolaan limbah medis,Tanpa layanan,Perkotaan,0.0
Myanmar,MMR,2016,Pengelolaan limbah medis,Tanpa layanan,Perdesaan,3.64
Myanmar,MMR,2016,Pengelolaan limbah medis,Tanpa layanan,Rumah sakit,1.74
Myanmar,MMR,2016,Pengelolaan limbah medis,Tanpa layanan,Non-rumah sakit,2.33
Myanmar,MMR,2017,Pengelolaan limbah medis,Dasar,Nasional,22.39
Myanmar,MMR,2017,Pengelolaan limbah medis,Dasar,Perkotaan,45.05
Myanmar,MMR,2017,Pengelolaan limbah medis,Dasar,Perdesaan,3.64
Myanmar,MMR,2017,Pengelolaan limbah medis,Dasar,Rumah sakit,37.39
Myanmar,MMR,2017,Pengelolaan limbah medis,Dasar,Non-rumah sakit,2.33
Myanmar,MMR,2017,Pengelolaan limbah medis,Terbatas,Nasional,75.62
Myanmar,MMR,2017,Pengelolaan limbah medis,Terbatas,Perkotaan,54.95
Myanmar,MMR,2017,Pengelolaan limbah medis,Terbatas,Perdesaan,92.73
Myanmar,MMR,2017,Pengelolaan limbah medis,Terbatas,Rumah sakit,60.87
Myanmar,MMR,2017,Pengelolaan limbah medis,Terbatas,Non-rumah sakit,95.35
Myanmar,MMR,2017,Pengelolaan limbah medis,Tanpa layanan,Nasional,1.99
Myanmar,MMR,2017,Pengelolaan limbah medis,Tanpa layanan,Perkotaan,0.0
Myanmar,MMR,2017,Pengelolaan limbah medis,Tanpa layanan,Perdesaan,3.64
Myanmar,MMR,2017,Pengelolaan limbah medis,Tanpa layanan,Rumah sakit,1.74
Myanmar,MMR,2017,Pengelolaan limbah medis,Tanpa layanan,Non-rumah sakit,2.33
Myanmar,MMR,2018,Pengelolaan limbah medis,Dasar,Nasional,22.39
Myanmar,MMR,2018,Pengelolaan limbah medis,Dasar,Perkotaan,45.05
Myanmar,MMR,2018,Pengelolaan limbah medis,Dasar,Perdesaan,3.64
Myanmar,MMR,2018,Pengelolaan limbah medis,Dasar,Rumah sakit,37.39
Myanmar,MMR,2018,Pengelolaan limbah medis,Dasar,Non-rumah sakit,2.33
Myanmar,MMR,2018,Pengelolaan limbah medis,Terbatas,Nasional,75.62
Myanmar,MMR,2018,Pengelolaan limbah medis,Terbatas,Perkotaan,54.95
Myanmar,MMR,2018,Pengelolaan limbah medis,Terbatas,Perdesaan,92.73
Myanmar,MMR,2018,Pengelolaan limbah medis,Terbatas,Rumah sakit,60.87
Myanmar,MMR,2018,Pengelolaan limbah medis,Terbatas,Non-rumah sakit,95.35
Myanmar,MMR,2018,Pengelolaan limbah medis,Tanpa layanan,Nasional,1.99
Myanmar,MMR,2018,Pengelolaan limbah medis,Tanpa layanan,Perkotaan,0.0
Myanmar,MMR,2018,Pengelolaan limbah medis,Tanpa layanan,Perdesaan,3.64
Myanmar,MMR,2018,Pengelolaan limbah medis,Tanpa layanan,Rumah sakit,1.74
Myanmar,MMR,2018,Pengelolaan limbah medis,Tanpa layanan,Non-rumah sakit,2.33
Myanmar,MMR,2019,Pengelolaan limbah medis,Tanpa layanan,Perkotaan,0.0
Myanmar,MMR,2020,Pengelolaan limbah medis,Tanpa layanan,Perkotaan,0.0
Myanmar,MMR,2021,Pengelolaan limbah medis,Tanpa layanan,Perkotaan,0.0
Myanmar,MMR,2022,Pengelolaan limbah medis,Tanpa layanan,Perkotaan,0.0
Myanmar,MMR,2023,Pengelolaan limbah medis,Tanpa layanan,Perkotaan,0.0
Filipina,PHL,2019,Pengelolaan limbah medis,Dasar,Nasional,64.37
Filipina,PHL,2019,Pengelolaan limbah medis,Dasar,Perkotaan,73.5
Filipina,PHL,2019,Pengelolaan limbah medis,Dasar,Perdesaan,47.03
Filipina,PHL,2019,Pengelolaan limbah medis,Dasar,Rumah sakit,74.56
Filipina,PHL,2019,Pengelolaan limbah medis,Dasar,Non-rumah sakit,34.07
Filipina,PHL,2019,Pengelolaan limbah medis,Terbatas,Nasional,30.04
Filipina,PHL,2019,Pengelolaan limbah medis,Terbatas,Perkotaan,23.65
Filipina,PHL,2019,Pengelolaan limbah medis,Terbatas,Perdesaan,42.16
Filipina,PHL,2019,Pengelolaan limbah medis,Terbatas,Rumah sakit,22.19
Filipina,PHL,2019,Pengelolaan limbah medis,Terbatas,Non-rumah sakit,53.33
Filipina,PHL,2019,Pengelolaan limbah medis,Tanpa layanan,Nasional,5.6
Filipina,PHL,2019,Pengelolaan limbah medis,Tanpa layanan,Perkotaan,2.85
Filipina,PHL,2019,Pengelolaan limbah medis,Tanpa layanan,Perdesaan,10.81
Filipina,PHL,2019,Pengelolaan limbah medis,Tanpa layanan,Rumah sakit,3.24
Filipina,PHL,2019,Pengelolaan limbah medis,Tanpa layanan,Non-rumah sakit,12.59
Filipina,PHL,2020,Pengelolaan limbah medis,Dasar,Nasional,64.37
Filipina,PHL,2020,Pengelolaan limbah medis,Dasar,Perkotaan,73.5
Filipina,PHL,2020,Pengelolaan limbah medis,Dasar,Perdesaan,47.03
Filipina,PHL,2020,Pengelolaan limbah medis,Dasar,Rumah sakit,74.56
Filipina,PHL,2020,Pengelolaan limbah medis,Dasar,Non-rumah sakit,34.07
Filipina,PHL,2020,Pengelolaan limbah medis,Terbatas,Nasional,30.04
Filipina,PHL,2020,Pengelolaan limbah medis,Terbatas,Perkotaan,23.65
Filipina,PHL,2020,Pengelolaan limbah medis,Terbatas,Perdesaan,42.16
Filipina,PHL,2020,Pengelolaan limbah medis,Terbatas,Rumah sakit,22.19
Filipina,PHL,2020,Pengelolaan limbah medis,Terbatas,Non-rumah sakit,53.33
Filipina,PHL,2020,Pengelolaan limbah medis,Tanpa layanan,Nasional,5.6
Filipina,PHL,2020,Pengelolaan limbah medis,Tanpa layanan,Perkotaan,2.85
Filipina,PHL,2020,Pengelolaan limbah medis,Tanpa layanan,Perdesaan,10.81
Filipina,PHL,2020,Pengelolaan limbah medis,Tanpa layanan,Rumah sakit,3.24
Filipina,PHL,2020,Pengelolaan limbah medis,Tanpa layanan,Non-rumah sakit,12.59
Filipina,PHL,2021,Pengelolaan limbah medis,Dasar,Nasional,64.37
Filipina,PHL,2021,Pengelolaan limbah medis,Dasar,Perkotaan,73.5
Filipina,PHL,2021,Pengelolaan limbah medis,Dasar,Perdesaan,47.03
Filipina,PHL,2021,Pengelolaan limbah medis,Dasar,Rumah sakit,74.56
Filipina,PHL,2021,Pengelolaan limbah medis,Dasar,Non-rumah sakit,34.07
Filipina,PHL,2021,Pengelolaan limbah medis,Terbatas,Nasional,30.04
Filipina,PHL,2021,Pengelolaan limbah medis,Terbatas,Perkotaan,23.65
Filipina,PHL,2021,Pengelolaan limbah medis,Terbatas,Perdesaan,42.16
Filipina,PHL,2021,Pengelolaan limbah medis,Terbatas,Rumah sakit,22.19
Filipina,PHL,2021,Pengelolaan limbah medis,Terbatas,Non-rumah sakit,53.33
Filipina,PHL,2021,Pengelolaan limbah medis,Tanpa layanan,Nasional,5.6
Filipina,PHL,2021,Pengelolaan limbah medis,Tanpa layanan,Perkotaan,2.85
Filipina,PHL,2021,Pengelolaan limbah medis,Tanpa layanan,Perdesaan,10.81
Filipina,PHL,2021,Pengelolaan limbah medis,Tanpa layanan,Rumah sakit,3.24
Filipina,PHL,2021,Pengelolaan limbah medis,Tanpa layanan,Non-rumah sakit,12.59
Filipina,PHL,2022,Pengelolaan limbah medis,Dasar,Nasional,64.37
Filipina,PHL,2022,Pengelolaan limbah medis,Dasar,Perkotaan,73.5
Filipina,PHL,2022,Pengelolaan limbah medis,Dasar,Perdesaan,47.03
Filipina,PHL,2022,Pengelolaan limbah medis,Dasar,Rumah sakit,74.56
Filipina,PHL,2022,Pengelolaan limbah medis,Dasar,Non-rumah sakit,34.07
Filipina,PHL,2022,Pengelolaan limbah medis,Terbatas,Nasional,30.04
Filipina,PHL,2022,Pengelolaan limbah medis,Terbatas,Perkotaan,23.65
Filipina,PHL,2022,Pengelolaan limbah medis,Terbatas,Perdesaan,42.16
Filipina,PHL,2022,Pengelolaan limbah medis,Terbatas,Rumah sakit,22.19
Filipina,PHL,2022,Pengelolaan limbah medis,Terbatas,Non-rumah sakit,53.33
Filipina,PHL,2022,Pengelolaan limbah medis,Tanpa layanan,Nasional,5.6
Filipina,PHL,2022,Pengelolaan limbah medis,Tanpa layanan,Perkotaan,2.85
Filipina,PHL,2022,Pengelolaan limbah medis,Tanpa layanan,Perdesaan,10.81
Filipina,PHL,2022,Pengelolaan limbah medis,Tanpa layanan,Rumah sakit,3.24
Filipina,PHL,2022,Pengelolaan limbah medis,Tanpa layanan,Non-rumah sakit,12.59
Filipina,PHL,2023,Pengelolaan limbah medis,Dasar,Nasional,64.37
Filipina,PHL,2023,Pengelolaan limbah medis,Dasar,Perkotaan,73.5
Filipina,PHL,2023,Pengelolaan limbah medis,Dasar,Perdesaan,47.03
Filipina,PHL,2023,Pengelolaan limbah medis,Dasar,Rumah sakit,74.56
Filipina,PHL,2023,Pengelolaan limbah medis,Dasar,Non-rumah sakit,34.07
Filipina,PHL,2023,Pengelolaan limbah medis,Terbatas,Nasional,30.04
Filipina,PHL,2023,Pengelolaan limbah medis,Terbatas,Perkotaan,23.65
Filipina,PHL,2023,Pengelolaan limbah medis,Terbatas,Perdesaan,42.16
Filipina,PHL,2023,Pengelolaan limbah medis,Terbatas,Rumah sakit,22.19
Filipina,PHL,2023,Pengelolaan limbah medis,Terbatas,Non-rumah sakit,53.33
Filipina,PHL,2023,Pengelolaan limbah medis,Tanpa layanan,Nasional,5.6
Filipina,PHL,2023,Pengelolaan limbah medis,Tanpa layanan,Perkotaan,2.85
Filipina,PHL,2023,Pengelolaan limbah medis,Tanpa layanan,Perdesaan,10.81
Filipina,PHL,2023,Pengelolaan limbah medis,Tanpa layanan,Rumah sakit,3.24
Filipina,PHL,2023,Pengelolaan limbah medis,Tanpa layanan,Non-rumah sakit,12.59
Singapura,SGP,2000,Pengelolaan limbah medis,Dasar,Perdesaan,-999.0
Singapura,SGP,2000,Pengelolaan limbah medis,Terbatas,Perdesaan,-999.0
Singapura,SGP,2000,Pengelolaan limbah medis,Tanpa layanan,Perdesaan,-999.0
Singapura,SGP,2001,Pengelolaan limbah medis,Dasar,Perdesaan,-999.0
Singapura,SGP,2001,Pengelolaan limbah medis,Terbatas,Perdesaan,-999.0
Singapura,SGP,2001,Pengelolaan limbah medis,Tanpa layanan,Perdesaan,-999.0
Singapura,SGP,2002,Pengelolaan limbah medis,Dasar,Perdesaan,-999.0
Singapura,SGP,2002,Pengelolaan limbah medis,Terbatas,Perdesaan,-999.0
Singapura,SGP,2002,Pengelolaan limbah medis,Tanpa layanan,Perdesaan,-999.0
Singapura,SGP,2003,Pengelolaan limbah medis,Dasar,Perdesaan,-999.0
Singapura,SGP,2003,Pengelolaan limbah medis,Terbatas,Perdesaan,-999.0
Singapura,SGP,2003,Pengelolaan limbah medis,Tanpa layanan,Perdesaan,-999.0
Singapura,SGP,2004,Pengelolaan limbah medis,Dasar,Perdesaan,-999.0
Singapura,SGP,2004,Pengelolaan limbah medis,Terbatas,Perdesaan,-999.0
Singapura,SGP,2004,Pengelolaan limbah medis,Tanpa layanan,Perdesaan,-999.0
Singapura,SGP,2005,Pengelolaan limbah medis,Dasar,Perdesaan,-999.0
Singapura,SGP,2005,Pengelolaan limbah medis,Terbatas,Perdesaan,-999.0
Singapura,SGP,2005,Pengelolaan limbah medis,Tanpa layanan,Perdesaan,-999.0
Singapura,SGP,2006,Pengelolaan limbah medis,Dasar,Perdesaan,-999.0
Singapura,SGP,2006,Pengelolaan limbah medis,Terbatas,Perdesaan,-999.0
Singapura,SGP,2006,Pengelolaan limbah medis,Tanpa layanan,Perdesaan,-999.0
Singapura,SGP,2007,Pengelolaan limbah medis,Dasar,Perdesaan,-999.0
Singapura,SGP,2007,Pengelolaan limbah medis,Terbatas,Perdesaan,-999.0
Singapura,SGP,2007,Pengelolaan limbah medis,Tanpa layanan,Perdesaan,-999.0
Singapura,SGP,2008,Pengelolaan limbah medis,Dasar,Perdesaan,-999.0
Singapura,SGP,2008,Pengelolaan limbah medis,Terbatas,Perdesaan,-999.0
Singapura,SGP,2008,Pengelolaan limbah medis,Tanpa layanan,Perdesaan,-999.0
Singapura,SGP,2009,Pengelolaan limbah medis,Dasar,Perdesaan,-999.0
Singapura,SGP,2009,Pengelolaan limbah medis,Terbatas,Perdesaan,-999.0
Singapura,SGP,2009,Pengelolaan limbah medis,Tanpa layanan,Perdesaan,-999.0
Singapura,SGP,2010,Pengelolaan limbah medis,Dasar,Perdesaan,-999.0
Singapura,SGP,2010,Pengelolaan limbah medis,Terbatas,Perdesaan,-999.0
Singapura,SGP,2010,Pengelolaan limbah medis,Tanpa layanan,Perdesaan,-999.0
Singapura,SGP,2011,Pengelolaan limbah medis,Dasar,Perdesaan,-999.0
Singapura,SGP,2011,Pengelolaan limbah medis,Terbatas,Perdesaan,-999.0
Singapura,SGP,2011,Pengelolaan limbah medis,Tanpa layanan,Perdesaan,-999.0
Singapura,SGP,2012,Pengelolaan limbah medis,Dasar,Perdesaan,-999.0
Singapura,SGP,2012,Pengelolaan limbah medis,Terbatas,Perdesaan,-999.0
Singapura,SGP,2012,Pengelolaan limbah medis,Tanpa layanan,Perdesaan,-999.0
Singapura,SGP,2013,Pengelolaan limbah medis,Dasar,Perdesaan,-999.0
Singapura,SGP,2013,Pengelolaan limbah medis,Terbatas,Perdesaan,-999.0
Singapura,SGP,2013,Pengelolaan limbah medis,Tanpa layanan,Perdesaan,-999.0
Singapura,SGP,2014,Pengelolaan limbah medis,Dasar,Perdesaan,-999.0
Singapura,SGP,2014,Pengelolaan limbah medis,Terbatas,Perdesaan,-999.0
Singapura,SGP,2014,Pengelolaan limbah medis,Tanpa layanan,Perdesaan,-999.0
Singapura,SGP,2015,Pengelolaan limbah medis,Dasar,Perdesaan,-999.0
Singapura,SGP,2015,Pengelolaan limbah medis,Terbatas,Perdesaan,-999.0
Singapura,SGP,2015,Pengelolaan limbah medis,Tanpa layanan,Perdesaan,-999.0
Singapura,SGP,2016,Pengelolaan limbah medis,Dasar,Perdesaan,-999.0
Singapura,SGP,2016,Pengelolaan limbah medis,Terbatas,Perdesaan,-999.0
Singapura,SGP,2016,Pengelolaan limbah medis,Tanpa layanan,Perdesaan,-999.0
Singapura,SGP,2017,Pengelolaan limbah medis,Dasar,Perdesaan,-999.0
Singapura,SGP,2017,Pengelolaan limbah medis,Terbatas,Perdesaan,-999.0
Singapura,SGP,2017,Pengelolaan limbah medis,Tanpa layanan,Perdesaan,-999.0
Singapura,SGP,2018,Pengelolaan limbah medis,Dasar,Perdesaan,-999.0
Singapura,SGP,2018,Pengelolaan limbah medis,Terbatas,Perdesaan,-999.0
Singapura,SGP,2018,Pengelolaan limbah medis,Tanpa layanan,Perdesaan,-999.0
Singapura,SGP,2019,Pengelolaan limbah medis,Dasar,Perdesaan,-999.0
Singapura,SGP,2019,Pengelolaan limbah medis,Terbatas,Perdesaan,-999.0
Singapura,SGP,2019,Pengelolaan limbah medis,Tanpa layanan,Perdesaan,-999.0
Singapura,SGP,2020,Pengelolaan limbah medis,Dasar,Perdesaan,-999.0
Singapura,SGP,2020,Pengelolaan limbah medis,Terbatas,Perdesaan,-999.0
Singapura,SGP,2020,Pengelolaan limbah medis,Tanpa layanan,Perdesaan,-999.0
Singapura,SGP,2021,Pengelolaan limbah medis,Dasar,Perdesaan,-999.0
Singapura,SGP,2021,Pengelolaan limbah medis,Terbatas,Perdesaan,-999.0
Singapura,SGP,2021,Pengelolaan limbah medis,Tanpa layanan,Perdesaan,-999.0
Singapura,SGP,2022,Pengelolaan limbah medis,Dasar,Perdesaan,-999.0
Singapura,SGP,2022,Pengelolaan limbah medis,Terbatas,Perdesaan,-999.0
Singapura,SGP,2022,Pengelolaan limbah medis,Tanpa layanan,Perdesaan,-999.0
Singapura,SGP,2023,Pengelolaan limbah medis,Dasar,Perdesaan,-999.0
Singapura,SGP,2023,Pengelolaan limbah medis,Terbatas,Perdesaan,-999.0
Singapura,SGP,2023,Pengelolaan limbah medis,Tanpa layanan,Perdesaan,-999.0
Thailand,THA,2000,Pengelolaan limbah medis,Tanpa layanan,Nasional,0.0
Thailand,THA,2000,Pengelolaan limbah medis,Tanpa layanan,Rumah sakit,0.0
Thailand,THA,2000,Pengelolaan limbah medis,Tanpa layanan,Non-rumah sakit,0.0
Thailand,THA,2001,Pengelolaan limbah medis,Tanpa layanan,Nasional,0.0
Thailand,THA,2001,Pengelolaan limbah medis,Tanpa layanan,Rumah sakit,0.0
Thailand,THA,2001,Pengelolaan limbah medis,Tanpa layanan,Non-rumah sakit,0.0
Thailand,THA,2002,Pengelolaan limbah medis,Tanpa layanan,Nasional,0.0
Thailand,THA,2002,Pengelolaan limbah medis,Tanpa layanan,Rumah sakit,0.0
Thailand,THA,2002,Pengelolaan limbah medis,Tanpa layanan,Non-rumah sakit,0.0
Thailand,THA,2003,Pengelolaan limbah medis,Tanpa layanan,Nasional,0.0
Thailand,THA,2003,Pengelolaan limbah medis,Tanpa layanan,Rumah sakit,0.0
Thailand,THA,2003,Pengelolaan limbah medis,Tanpa layanan,Non-rumah sakit,0.0
Thailand,THA,2004,Pengelolaan limbah medis,Tanpa layanan,Nasional,0.0
Thailand,THA,2004,Pengelolaan limbah medis,Tanpa layanan,Rumah sakit,0.0
Thailand,THA,2004,Pengelolaan limbah medis,Tanpa layanan,Non-rumah sakit,0.0
Thailand,THA,2005,Pengelolaan limbah medis,Tanpa layanan,Nasional,0.0
Thailand,THA,2005,Pengelolaan limbah medis,Tanpa layanan,Rumah sakit,0.0
Thailand,THA,2005,Pengelolaan limbah medis,Tanpa layanan,Non-rumah sakit,0.0
Thailand,THA,2006,Pengelolaan limbah medis,Tanpa layanan,Nasional,0.0
Thailand,THA,2006,Pengelolaan limbah medis,Tanpa layanan,Rumah sakit,0.0
Thailand,THA,2006,Pengelolaan limbah medis,Tanpa layanan,Non-rumah sakit,0.0
Thailand,THA,2007,Pengelolaan limbah medis,Tanpa layanan,Nasional,0.0
Thailand,THA,2007,Pengelolaan limbah medis,Tanpa layanan,Rumah sakit,0.0
Thailand,THA,2007,Pengelolaan limbah medis,Tanpa layanan,Non-rumah sakit,0.0
Thailand,THA,2008,Pengelolaan limbah medis,Tanpa layanan,Nasional,0.0
Thailand,THA,2008,Pengelolaan limbah medis,Tanpa layanan,Rumah sakit,0.0
Thailand,THA,2008,Pengelolaan limbah medis,Tanpa layanan,Non-rumah sakit,0.0
Thailand,THA,2009,Pengelolaan limbah medis,Tanpa layanan,Nasional,0.0
Thailand,THA,2009,Pengelolaan limbah medis,Tanpa layanan,Rumah sakit,0.0
Thailand,THA,2009,Pengelolaan limbah medis,Tanpa layanan,Non-rumah sakit,0.0
Thailand,THA,2010,Pengelolaan limbah medis,Tanpa layanan,Nasional,0.0
Thailand,THA,2010,Pengelolaan limbah medis,Tanpa layanan,Rumah sakit,0.0
Thailand,THA,2010,Pengelolaan limbah medis,Tanpa layanan,Non-rumah sakit,0.0
Thailand,THA,2011,Pengelolaan limbah medis,Tanpa layanan,Nasional,0.0
Thailand,THA,2011,Pengelolaan limbah medis,Tanpa layanan,Rumah sakit,0.0
Thailand,THA,2011,Pengelolaan limbah medis,Tanpa layanan,Non-rumah sakit,0.0
Thailand,THA,2012,Pengelolaan limbah medis,Tanpa layanan,Nasional,0.0
Thailand,THA,2012,Pengelolaan limbah medis,Tanpa layanan,Rumah sakit,0.0
Thailand,THA,2012,Pengelolaan limbah medis,Tanpa layanan,Non-rumah sakit,0.0
Thailand,THA,2013,Pengelolaan limbah medis,Tanpa layanan,Nasional,0.0
Thailand,THA,2013,Pengelolaan limbah medis,Tanpa layanan,Rumah sakit,0.0
Thailand,THA,2013,Pengelolaan limbah medis,Tanpa layanan,Non-rumah sakit,0.0
Thailand,THA,2014,Pengelolaan limbah medis,Tanpa layanan,Nasional,0.0
Thailand,THA,2014,Pengelolaan limbah medis,Tanpa layanan,Rumah sakit,0.0
Thailand,THA,2014,Pengelolaan limbah medis,Tanpa layanan,Non-rumah sakit,0.0
Thailand,THA,2015,Pengelolaan limbah medis,Tanpa layanan,Nasional,0.0
Thailand,THA,2015,Pengelolaan limbah medis,Tanpa layanan,Rumah sakit,0.0
Thailand,THA,2015,Pengelolaan limbah medis,Tanpa layanan,Non-rumah sakit,0.0
Thailand,THA,2016,Pengelolaan limbah medis,Tanpa layanan,Nasional,0.0
Thailand,THA,2016,Pengelolaan limbah medis,Tanpa layanan,Rumah sakit,0.0
Thailand,THA,2016,Pengelolaan limbah medis,Tanpa layanan,Non-rumah sakit,0.0
Thailand,THA,2017,Pengelolaan limbah medis,Tanpa layanan,Nasional,0.0
Thailand,THA,2017,Pengelolaan limbah medis,Tanpa layanan,Rumah sakit,0.0
Thailand,THA,2017,Pengelolaan limbah medis,Tanpa layanan,Non-rumah sakit,0.0
Thailand,THA,2018,Pengelolaan limbah medis,Tanpa layanan,Nasional,0.0
Thailand,THA,2018,Pengelolaan limbah medis,Tanpa layanan,Rumah sakit,0.0
Thailand,THA,2018,Pengelolaan limbah medis,Tanpa layanan,Non-rumah sakit,0.0
Thailand,THA,2019,Pengelolaan limbah medis,Tanpa layanan,Nasional,0.0
Thailand,THA,2019,Pengelolaan limbah medis,Tanpa layanan,Rumah sakit,0.0
Thailand,THA,2019,Pengelolaan limbah medis,Tanpa layanan,Non-rumah sakit,0.0
Thailand,THA,2020,Pengelolaan limbah medis,Tanpa layanan,Nasional,0.0
Thailand,THA,2020,Pengelolaan limbah medis,Tanpa layanan,Rumah sakit,0.0
Thailand,THA,2020,Pengelolaan limbah medis,Tanpa layanan,Non-rumah sakit,0.0
Thailand,THA,2021,Pengelolaan limbah medis,Tanpa layanan,Nasional,0.0
Thailand,THA,2021,Pengelolaan limbah medis,Tanpa layanan,Rumah sakit,0.0
Thailand,THA,2021,Pengelolaan limbah medis,Tanpa layanan,Non-rumah sakit,0.0
Thailand,THA,2022,Pengelolaan limbah medis,Tanpa layanan,Nasional,0.0
Thailand,THA,2022,Pengelolaan limbah medis,Tanpa layanan,Rumah sakit,0.0
Thailand,THA,2022,Pengelolaan limbah medis,Tanpa layanan,Non-rumah sakit,0.0
Thailand,THA,2023,Pengelolaan limbah medis,Tanpa layanan,Nasional,0.0
Thailand,THA,2023,Pengelolaan limbah medis,Tanpa layanan,Rumah sakit,0.0
Thailand,THA,2023,Pengelolaan limbah medis,Tanpa layanan,Non-rumah sakit,0.0
Vietnam,VNM,2008,Pengelolaan limbah medis,Dasar,Nasional,76.0
Vietnam,VNM,2009,Pengelolaan limbah medis,Dasar,Nasional,76.0
Vietnam,VNM,2010,Pengelolaan limbah medis,Dasar,Nasional,70.05
Vietnam,VNM,2011,Pengelolaan limbah medis,Dasar,Nasional,70.05
Vietnam,VNM,2012,Pengelolaan limbah medis,Dasar,Nasional,70.05
Vietnam,VNM,2013,Pengelolaan limbah medis,Dasar,Nasional,70.05
Vietnam,VNM,2014,Pengelolaan limbah medis,Dasar,Nasional,70.05
Vietnam,VNM,2015,Pengelolaan limbah medis,Dasar,Nasional,70.05
Vietnam,VNM,2016,Pengelolaan limbah medis,Dasar,Nasional,70.05
Vietnam,VNM,2017,Pengelolaan limbah medis,Dasar,Nasional,70.05
Vietnam,VNM,2018,Pengelolaan limbah medis,Dasar,Nasional,70.05
Kamboja,KHM,2000,Kebersihan lingkungan,Dasar,Non-rumah sakit,0.37
Kamboja,KHM,2000,Kebersihan lingkungan,Terbatas,Non-rumah sakit,99.63
Kamboja,KHM,2000,Kebersihan lingkungan,Tanpa layanan,Nasional,0.0
Kamboja,KHM,2000,Kebersihan lingkungan,Tanpa layanan,Perkotaan,0.0
Kamboja,KHM,2000,Kebersihan lingkungan,Tanpa layanan,Perdesaan,0.0
Kamboja,KHM,2000,Kebersihan lingkungan,Tanpa layanan,Non-rumah sakit,0.0
Kamboja,KHM,2001,Kebersihan lingkungan,Dasar,Non-rumah sakit,0.37
Kamboja,KHM,2001,Kebersihan lingkungan,Terbatas,Non-rumah sakit,99.63
Kamboja,KHM,2001,Kebersihan lingkungan,Tanpa layanan,Nasional,0.0
Kamboja,KHM,2001,Kebersihan lingkungan,Tanpa layanan,Perkotaan,0.0
Kamboja,KHM,2001,Kebersihan lingkungan,Tanpa layanan,Perdesaan,0.0
Kamboja,KHM,2001,Kebersihan lingkungan,Tanpa layanan,Non-rumah sakit,0.0
Kamboja,KHM,2002,Kebersihan lingkungan,Dasar,Non-rumah sakit,0.37
Kamboja,KHM,2002,Kebersihan lingkungan,Terbatas,Non-rumah sakit,99.63
Kamboja,KHM,2002,Kebersihan lingkungan,Tanpa layanan,Nasional,0.0
Kamboja,KHM,2002,Kebersihan lingkungan,Tanpa layanan,Perkotaan,0.0
Kamboja,KHM,2002,Kebersihan lingkungan,Tanpa layanan,Perdesaan,0.0
Kamboja,KHM,2002,Kebersihan lingkungan,Tanpa layanan,Non-rumah sakit,0.0
Kamboja,KHM,2003,Kebersihan lingkungan,Dasar,Non-rumah sakit,0.37
Kamboja,KHM,2003,Kebersihan lingkungan,Terbatas,Non-rumah sakit,99.63
Kamboja,KHM,2003,Kebersihan lingkungan,Tanpa layanan,Nasional,0.0
Kamboja,KHM,2003,Kebersihan lingkungan,Tanpa layanan,Perkotaan,0.0
Kamboja,KHM,2003,Kebersihan lingkungan,Tanpa layanan,Perdesaan,0.0
Kamboja,KHM,2003,Kebersihan lingkungan,Tanpa layanan,Non-rumah sakit,0.0
Kamboja,KHM,2004,Kebersihan lingkungan,Dasar,Non-rumah sakit,0.37
Kamboja,KHM,2004,Kebersihan lingkungan,Terbatas,Non-rumah sakit,99.63
Kamboja,KHM,2004,Kebersihan lingkungan,Tanpa layanan,Nasional,0.0
Kamboja,KHM,2004,Kebersihan lingkungan,Tanpa layanan,Perkotaan,0.0
Kamboja,KHM,2004,Kebersihan lingkungan,Tanpa layanan,Perdesaan,0.0
Kamboja,KHM,2004,Kebersihan lingkungan,Tanpa layanan,Non-rumah sakit,0.0
Kamboja,KHM,2005,Kebersihan lingkungan,Dasar,Non-rumah sakit,0.37
Kamboja,KHM,2005,Kebersihan lingkungan,Terbatas,Non-rumah sakit,99.63
Kamboja,KHM,2005,Kebersihan lingkungan,Tanpa layanan,Nasional,0.0
Kamboja,KHM,2005,Kebersihan lingkungan,Tanpa layanan,Perkotaan,0.0
Kamboja,KHM,2005,Kebersihan lingkungan,Tanpa layanan,Perdesaan,0.0
Kamboja,KHM,2005,Kebersihan lingkungan,Tanpa layanan,Non-rumah sakit,0.0
Kamboja,KHM,2006,Kebersihan lingkungan,Dasar,Non-rumah sakit,0.37
Kamboja,KHM,2006,Kebersihan lingkungan,Terbatas,Non-rumah sakit,99.63
Kamboja,KHM,2006,Kebersihan lingkungan,Tanpa layanan,Nasional,0.0
Kamboja,KHM,2006,Kebersihan lingkungan,Tanpa layanan,Perkotaan,0.0
Kamboja,KHM,2006,Kebersihan lingkungan,Tanpa layanan,Perdesaan,0.0
Kamboja,KHM,2006,Kebersihan lingkungan,Tanpa layanan,Non-rumah sakit,0.0
Kamboja,KHM,2007,Kebersihan lingkungan,Dasar,Non-rumah sakit,0.37
Kamboja,KHM,2007,Kebersihan lingkungan,Terbatas,Non-rumah sakit,99.63
Kamboja,KHM,2007,Kebersihan lingkungan,Tanpa layanan,Nasional,0.0
Kamboja,KHM,2007,Kebersihan lingkungan,Tanpa layanan,Perkotaan,0.0
Kamboja,KHM,2007,Kebersihan lingkungan,Tanpa layanan,Perdesaan,0.0
Kamboja,KHM,2007,Kebersihan lingkungan,Tanpa layanan,Non-rumah sakit,0.0
Kamboja,KHM,2008,Kebersihan lingkungan,Dasar,Non-rumah sakit,0.37
Kamboja,KHM,2008,Kebersihan lingkungan,Terbatas,Non-rumah sakit,99.63
Kamboja,KHM,2008,Kebersihan lingkungan,Tanpa layanan,Nasional,0.0
Kamboja,KHM,2008,Kebersihan lingkungan,Tanpa layanan,Perkotaan,0.0
Kamboja,KHM,2008,Kebersihan lingkungan,Tanpa layanan,Perdesaan,0.0
Kamboja,KHM,2008,Kebersihan lingkungan,Tanpa layanan,Non-rumah sakit,0.0
Kamboja,KHM,2009,Kebersihan lingkungan,Dasar,Non-rumah sakit,0.37
Kamboja,KHM,2009,Kebersihan lingkungan,Terbatas,Non-rumah sakit,99.63
Kamboja,KHM,2009,Kebersihan lingkungan,Tanpa layanan,Nasional,0.0
Kamboja,KHM,2009,Kebersihan lingkungan,Tanpa layanan,Perkotaan,0.0
Kamboja,KHM,2009,Kebersihan lingkungan,Tanpa layanan,Perdesaan,0.0
Kamboja,KHM,2009,Kebersihan lingkungan,Tanpa layanan,Non-rumah sakit,0.0
Kamboja,KHM,2010,Kebersihan lingkungan,Dasar,Non-rumah sakit,0.37
Kamboja,KHM,2010,Kebersihan lingkungan,Terbatas,Non-rumah sakit,99.63
Kamboja,KHM,2010,Kebersihan lingkungan,Tanpa layanan,Nasional,0.0
Kamboja,KHM,2010,Kebersihan lingkungan,Tanpa layanan,Perkotaan,0.0
Kamboja,KHM,2010,Kebersihan lingkungan,Tanpa layanan,Perdesaan,0.0
Kamboja,KHM,2010,Kebersihan lingkungan,Tanpa layanan,Non-rumah sakit,0.0
Kamboja,KHM,2011,Kebersihan lingkungan,Dasar,Non-rumah sakit,0.37
Kamboja,KHM,2011,Kebersihan lingkungan,Terbatas,Non-rumah sakit,99.63
Kamboja,KHM,2011,Kebersihan lingkungan,Tanpa layanan,Nasional,0.0
Kamboja,KHM,2011,Kebersihan lingkungan,Tanpa layanan,Perkotaan,0.0
Kamboja,KHM,2011,Kebersihan lingkungan,Tanpa layanan,Perdesaan,0.0
Kamboja,KHM,2011,Kebersihan lingkungan,Tanpa layanan,Non-rumah sakit,0.0
Kamboja,KHM,2012,Kebersihan lingkungan,Dasar,Non-rumah sakit,0.37
Kamboja,KHM,2012,Kebersihan lingkungan,Terbatas,Non-rumah sakit,99.63
Kamboja,KHM,2012,Kebersihan lingkungan,Tanpa layanan,Nasional,0.0
Kamboja,KHM,2012,Kebersihan lingkungan,Tanpa layanan,Perkotaan,0.0
Kamboja,KHM,2012,Kebersihan lingkungan,Tanpa layanan,Perdesaan,0.0
Kamboja,KHM,2012,Kebersihan lingkungan,Tanpa layanan,Non-rumah sakit,0.0
Kamboja,KHM,2013,Kebersihan lingkungan,Dasar,Non-rumah sakit,0.37
Kamboja,KHM,2013,Kebersihan lingkungan,Terbatas,Non-rumah sakit,99.63
Kamboja,KHM,2013,Kebersihan lingkungan,Tanpa layanan,Nasional,0.0
Kamboja,KHM,2013,Kebersihan lingkungan,Tanpa layanan,Perkotaan,0.0
Kamboja,KHM,2013,Kebersihan lingkungan,Tanpa layanan,Perdesaan,0.0
Kamboja,KHM,2013,Kebersihan lingkungan,Tanpa layanan,Non-rumah sakit,0.0
Kamboja,KHM,2014,Kebersihan lingkungan,Dasar,Non-rumah sakit,0.37
Kamboja,KHM,2014,Kebersihan lingkungan,Terbatas,Non-rumah sakit,99.63
Kamboja,KHM,2014,Kebersihan lingkungan,Tanpa layanan,Nasional,0.0
Kamboja,KHM,2014,Kebersihan lingkungan,Tanpa layanan,Perkotaan,0.0
Kamboja,KHM,2014,Kebersihan lingkungan,Tanpa layanan,Perdesaan,0.0
Kamboja,KHM,2014,Kebersihan lingkungan,Tanpa layanan,Non-rumah sakit,0.0
Kamboja,KHM,2015,Kebersihan lingkungan,Dasar,Non-rumah sakit,0.37
Kamboja,KHM,2015,Kebersihan lingkungan,Terbatas,Non-rumah sakit,99.63
Kamboja,KHM,2015,Kebersihan lingkungan,Tanpa layanan,Nasional,0.0
Kamboja,KHM,2015,Kebersihan lingkungan,Tanpa layanan,Perkotaan,0.0
Kamboja,KHM,2015,Kebersihan lingkungan,Tanpa layanan,Perdesaan,0.0
Kamboja,KHM,2015,Kebersihan lingkungan,Tanpa layanan,Non-rumah sakit,0.0
Kamboja,KHM,2016,Kebersihan lingkungan,Dasar,Non-rumah sakit,0.37
Kamboja,KHM,2016,Kebersihan lingkungan,Terbatas,Non-rumah sakit,99.63
Kamboja,KHM,2016,Kebersihan lingkungan,Tanpa layanan,Nasional,0.0
Kamboja,KHM,2016,Kebersihan lingkungan,Tanpa layanan,Perkotaan,0.0
Kamboja,KHM,2016,Kebersihan lingkungan,Tanpa layanan,Perdesaan,0.0
Kamboja,KHM,2016,Kebersihan lingkungan,Tanpa layanan,Non-rumah sakit,0.0
Kamboja,KHM,2017,Kebersihan lingkungan,Dasar,Non-rumah sakit,0.37
Kamboja,KHM,2017,Kebersihan lingkungan,Terbatas,Non-rumah sakit,99.63
Kamboja,KHM,2017,Kebersihan lingkungan,Tanpa layanan,Nasional,0.0
Kamboja,KHM,2017,Kebersihan lingkungan,Tanpa layanan,Perkotaan,0.0
Kamboja,KHM,2017,Kebersihan lingkungan,Tanpa layanan,Perdesaan,0.0
Kamboja,KHM,2017,Kebersihan lingkungan,Tanpa layanan,Non-rumah sakit,0.0
Kamboja,KHM,2018,Kebersihan lingkungan,Dasar,Non-rumah sakit,0.37
Kamboja,KHM,2018,Kebersihan lingkungan,Terbatas,Non-rumah sakit,99.63
Kamboja,KHM,2018,Kebersihan lingkungan,Tanpa layanan,Nasional,0.0
Kamboja,KHM,2018,Kebersihan lingkungan,Tanpa layanan,Perkotaan,0.0
Kamboja,KHM,2018,Kebersihan lingkungan,Tanpa layanan,Perdesaan,0.0
Kamboja,KHM,2018,Kebersihan lingkungan,Tanpa layanan,Non-rumah sakit,0.0
Kamboja,KHM,2019,Kebersihan lingkungan,Dasar,Non-rumah sakit,0.37
Kamboja,KHM,2019,Kebersihan lingkungan,Terbatas,Non-rumah sakit,99.63
Kamboja,KHM,2019,Kebersihan lingkungan,Tanpa layanan,Nasional,0.0
Kamboja,KHM,2019,Kebersihan lingkungan,Tanpa layanan,Perkotaan,0.0
Kamboja,KHM,2019,Kebersihan lingkungan,Tanpa layanan,Perdesaan,0.0
Kamboja,KHM,2019,Kebersihan lingkungan,Tanpa layanan,Non-rumah sakit,0.0
Kamboja,KHM,2020,Kebersihan lingkungan,Dasar,Nasional,1.66
Kamboja,KHM,2020,Kebersihan lingkungan,Dasar,Perkotaan,3.75
Kamboja,KHM,2020,Kebersihan lingkungan,Dasar,Perdesaan,0.9
Kamboja,KHM,2020,Kebersihan lingkungan,Dasar,Non-rumah sakit,0.37
Kamboja,KHM,2020,Kebersihan lingkungan,Terbatas,Nasional,98.34
Kamboja,KHM,2020,Kebersihan lingkungan,Terbatas,Perkotaan,96.25
Kamboja,KHM,2020,Kebersihan lingkungan,Terbatas,Perdesaan,99.1
Kamboja,KHM,2020,Kebersihan lingkungan,Terbatas,Non-rumah sakit,99.63
Kamboja,KHM,2020,Kebersihan lingkungan,Tanpa layanan,Nasional,0.0
Kamboja,KHM,2020,Kebersihan lingkungan,Tanpa layanan,Perkotaan,0.0
Kamboja,KHM,2020,Kebersihan lingkungan,Tanpa layanan,Perdesaan,0.0
Kamboja,KHM,2020,Kebersihan lingkungan,Tanpa layanan,Non-rumah sakit,0.0
Kamboja,KHM,2021,Kebersihan lingkungan,Dasar,Nasional,1.66
Kamboja,KHM,2021,Kebersihan lingkungan,Dasar,Perkotaan,3.75
Kamboja,KHM,2021,Kebersihan lingkungan,Dasar,Perdesaan,0.9
Kamboja,KHM,2021,Kebersihan lingkungan,Dasar,Non-rumah sakit,0.37
Kamboja,KHM,2021,Kebersihan lingkungan,Terbatas,Nasional,98.34
Kamboja,KHM,2021,Kebersihan lingkungan,Terbatas,Perkotaan,96.25
Kamboja,KHM,2021,Kebersihan lingkungan,Terbatas,Perdesaan,99.1
Kamboja,KHM,2021,Kebersihan lingkungan,Terbatas,Non-rumah sakit,99.63
Kamboja,KHM,2021,Kebersihan lingkungan,Tanpa layanan,Nasional,0.0
Kamboja,KHM,2021,Kebersihan lingkungan,Tanpa layanan,Perkotaan,0.0
Kamboja,KHM,2021,Kebersihan lingkungan,Tanpa layanan,Perdesaan,0.0
Kamboja,KHM,2021,Kebersihan lingkungan,Tanpa layanan,Non-rumah sakit,0.0
Kamboja,KHM,2022,Kebersihan lingkungan,Dasar,Nasional,1.66
Kamboja,KHM,2022,Kebersihan lingkungan,Dasar,Perkotaan,3.75
Kamboja,KHM,2022,Kebersihan lingkungan,Dasar,Perdesaan,0.9
Kamboja,KHM,2022,Kebersihan lingkungan,Dasar,Non-rumah sakit,0.37
Kamboja,KHM,2022,Kebersihan lingkungan,Terbatas,Nasional,98.34
Kamboja,KHM,2022,Kebersihan lingkungan,Terbatas,Perkotaan,96.25
Kamboja,KHM,2022,Kebersihan lingkungan,Terbatas,Perdesaan,99.1
Kamboja,KHM,2022,Kebersihan lingkungan,Terbatas,Non-rumah sakit,99.63
Kamboja,KHM,2022,Kebersihan lingkungan,Tanpa layanan,Nasional,0.0
Kamboja,KHM,2022,Kebersihan lingkungan,Tanpa layanan,Perkotaan,0.0
Kamboja,KHM,2022,Kebersihan lingkungan,Tanpa layanan,Perdesaan,0.0
Kamboja,KHM,2022,Kebersihan lingkungan,Tanpa layanan,Non-rumah sakit,0.0
Kamboja,KHM,2023,Kebersihan lingkungan,Dasar,Nasional,1.66
Kamboja,KHM,2023,Kebersihan lingkungan,Dasar,Perkotaan,3.75
Kamboja,KHM,2023,Kebersihan lingkungan,Dasar,Perdesaan,0.9
Kamboja,KHM,2023,Kebersihan lingkungan,Dasar,Non-rumah sakit,0.37
Kamboja,KHM,2023,Kebersihan lingkungan,Terbatas,Nasional,98.34
Kamboja,KHM,2023,Kebersihan lingkungan,Terbatas,Perkotaan,96.25
Kamboja,KHM,2023,Kebersihan lingkungan,Terbatas,Perdesaan,99.1
Kamboja,KHM,2023,Kebersihan lingkungan,Terbatas,Non-rumah sakit,99.63
Kamboja,KHM,2023,Kebersihan lingkungan,Tanpa layanan,Nasional,0.0
Kamboja,KHM,2023,Kebersihan lingkungan,Tanpa layanan,Perkotaan,0.0
Kamboja,KHM,2023,Kebersihan lingkungan,Tanpa layanan,Perdesaan,0.0
Kamboja,KHM,2023,Kebersihan lingkungan,Tanpa layanan,Non-rumah sakit,0.0
Malaysia,MYS,2000,Kebersihan lingkungan,Dasar,Nasional,100.0
Malaysia,MYS,2000,Kebersihan lingkungan,Dasar,Perkotaan,100.0
Malaysia,MYS,2000,Kebersihan lingkungan,Dasar,Perdesaan,100.0
Malaysia,MYS,2000,Kebersihan lingkungan,Dasar,Rumah sakit,100.0
Malaysia,MYS,2000,Kebersihan lingkungan,Dasar,Non-rumah sakit,100.0
Malaysia,MYS,2000,Kebersihan lingkungan,Terbatas,Nasional,0.0
Malaysia,MYS,2000,Kebersihan lingkungan,Terbatas,Perkotaan,0.0
Malaysia,MYS,2000,Kebersihan lingkungan,Terbatas,Perdesaan,0.0
Malaysia,MYS,2000,Kebersihan lingkungan,Terbatas,Rumah sakit,0.0
Malaysia,MYS,2000,Kebersihan lingkungan,Terbatas,Non-rumah sakit,0.0
Malaysia,MYS,2000,Kebersihan lingkungan,Tanpa layanan,Nasional,0.0
Malaysia,MYS,2000,Kebersihan lingkungan,Tanpa layanan,Perkotaan,0.0
Malaysia,MYS,2000,Kebersihan lingkungan,Tanpa layanan,Perdesaan,0.0
Malaysia,MYS,2000,Kebersihan lingkungan,Tanpa layanan,Rumah sakit,0.0
Malaysia,MYS,2000,Kebersihan lingkungan,Tanpa layanan,Non-rumah sakit,0.0
Malaysia,MYS,2001,Kebersihan lingkungan,Dasar,Nasional,100.0
Malaysia,MYS,2001,Kebersihan lingkungan,Dasar,Perkotaan,100.0
Malaysia,MYS,2001,Kebersihan lingkungan,Dasar,Perdesaan,100.0
Malaysia,MYS,2001,Kebersihan lingkungan,Dasar,Rumah sakit,100.0
Malaysia,MYS,2001,Kebersihan lingkungan,Dasar,Non-rumah sakit,100.0
Malaysia,MYS,2001,Kebersihan lingkungan,Terbatas,Nasional,0.0
Malaysia,MYS,2001,Kebersihan lingkungan,Terbatas,Perkotaan,0.0
Malaysia,MYS,2001,Kebersihan lingkungan,Terbatas,Perdesaan,0.0
Malaysia,MYS,2001,Kebersihan lingkungan,Terbatas,Rumah sakit,0.0
Malaysia,MYS,2001,Kebersihan lingkungan,Terbatas,Non-rumah sakit,0.0
Malaysia,MYS,2001,Kebersihan lingkungan,Tanpa layanan,Nasional,0.0
Malaysia,MYS,2001,Kebersihan lingkungan,Tanpa layanan,Perkotaan,0.0
Malaysia,MYS,2001,Kebersihan lingkungan,Tanpa layanan,Perdesaan,0.0
Malaysia,MYS,2001,Kebersihan lingkungan,Tanpa layanan,Rumah sakit,0.0
Malaysia,MYS,2001,Kebersihan lingkungan,Tanpa layanan,Non-rumah sakit,0.0
Malaysia,MYS,2002,Kebersihan lingkungan,Dasar,Nasional,100.0
Malaysia,MYS,2002,Kebersihan lingkungan,Dasar,Perkotaan,100.0
Malaysia,MYS,2002,Kebersihan lingkungan,Dasar,Perdesaan,100.0
Malaysia,MYS,2002,Kebersihan lingkungan,Dasar,Rumah sakit,100.0
Malaysia,MYS,2002,Kebersihan lingkungan,Dasar,Non-rumah sakit,100.0
Malaysia,MYS,2002,Kebersihan lingkungan,Terbatas,Nasional,0.0
Malaysia,MYS,2002,Kebersihan lingkungan,Terbatas,Perkotaan,0.0
Malaysia,MYS,2002,Kebersihan lingkungan,Terbatas,Perdesaan,0.0
Malaysia,MYS,2002,Kebersihan lingkungan,Terbatas,Rumah sakit,0.0
Malaysia,MYS,2002,Kebersihan lingkungan,Terbatas,Non-rumah sakit,0.0
Malaysia,MYS,2002,Kebersihan lingkungan,Tanpa layanan,Nasional,0.0
Malaysia,MYS,2002,Kebersihan lingkungan,Tanpa layanan,Perkotaan,0.0
Malaysia,MYS,2002,Kebersihan lingkungan,Tanpa layanan,Perdesaan,0.0
Malaysia,MYS,2002,Kebersihan lingkungan,Tanpa layanan,Rumah sakit,0.0
Malaysia,MYS,2002,Kebersihan lingkungan,Tanpa layanan,Non-rumah sakit,0.0
Malaysia,MYS,2003,Kebersihan lingkungan,Dasar,Nasional,100.0
Malaysia,MYS,2003,Kebersihan lingkungan,Dasar,Perkotaan,100.0
Malaysia,MYS,2003,Kebersihan lingkungan,Dasar,Perdesaan,100.0
Malaysia,MYS,2003,Kebersihan lingkungan,Dasar,Rumah sakit,100.0
Malaysia,MYS,2003,Kebersihan lingkungan,Dasar,Non-rumah sakit,100.0
Malaysia,MYS,2003,Kebersihan lingkungan,Terbatas,Nasional,0.0
Malaysia,MYS,2003,Kebersihan lingkungan,Terbatas,Perkotaan,0.0
Malaysia,MYS,2003,Kebersihan lingkungan,Terbatas,Perdesaan,0.0
Malaysia,MYS,2003,Kebersihan lingkungan,Terbatas,Rumah sakit,0.0
Malaysia,MYS,2003,Kebersihan lingkungan,Terbatas,Non-rumah sakit,0.0
Malaysia,MYS,2003,Kebersihan lingkungan,Tanpa layanan,Nasional,0.0
Malaysia,MYS,2003,Kebersihan lingkungan,Tanpa layanan,Perkotaan,0.0
Malaysia,MYS,2003,Kebersihan lingkungan,Tanpa layanan,Perdesaan,0.0
Malaysia,MYS,2003,Kebersihan lingkungan,Tanpa layanan,Rumah sakit,0.0
Malaysia,MYS,2003,Kebersihan lingkungan,Tanpa layanan,Non-rumah sakit,0.0
Malaysia,MYS,2004,Kebersihan lingkungan,Dasar,Nasional,100.0
Malaysia,MYS,2004,Kebersihan lingkungan,Dasar,Perkotaan,100.0
Malaysia,MYS,2004,Kebersihan lingkungan,Dasar,Perdesaan,100.0
Malaysia,MYS,2004,Kebersihan lingkungan,Dasar,Rumah sakit,100.0
Malaysia,MYS,2004,Kebersihan lingkungan,Dasar,Non-rumah sakit,100.0
Malaysia,MYS,2004,Kebersihan lingkungan,Terbatas,Nasional,0.0
Malaysia,MYS,2004,Kebersihan lingkungan,Terbatas,Perkotaan,0.0
Malaysia,MYS,2004,Kebersihan lingkungan,Terbatas,Perdesaan,0.0
Malaysia,MYS,2004,Kebersihan lingkungan,Terbatas,Rumah sakit,0.0
Malaysia,MYS,2004,Kebersihan lingkungan,Terbatas,Non-rumah sakit,0.0
Malaysia,MYS,2004,Kebersihan lingkungan,Tanpa layanan,Nasional,0.0
Malaysia,MYS,2004,Kebersihan lingkungan,Tanpa layanan,Perkotaan,0.0
Malaysia,MYS,2004,Kebersihan lingkungan,Tanpa layanan,Perdesaan,0.0
Malaysia,MYS,2004,Kebersihan lingkungan,Tanpa layanan,Rumah sakit,0.0
Malaysia,MYS,2004,Kebersihan lingkungan,Tanpa layanan,Non-rumah sakit,0.0
Malaysia,MYS,2005,Kebersihan lingkungan,Dasar,Nasional,100.0
Malaysia,MYS,2005,Kebersihan lingkungan,Dasar,Perkotaan,100.0
Malaysia,MYS,2005,Kebersihan lingkungan,Dasar,Perdesaan,100.0
Malaysia,MYS,2005,Kebersihan lingkungan,Dasar,Rumah sakit,100.0
Malaysia,MYS,2005,Kebersihan lingkungan,Dasar,Non-rumah sakit,100.0
Malaysia,MYS,2005,Kebersihan lingkungan,Terbatas,Nasional,0.0
Malaysia,MYS,2005,Kebersihan lingkungan,Terbatas,Perkotaan,0.0
Malaysia,MYS,2005,Kebersihan lingkungan,Terbatas,Perdesaan,0.0
Malaysia,MYS,2005,Kebersihan lingkungan,Terbatas,Rumah sakit,0.0
Malaysia,MYS,2005,Kebersihan lingkungan,Terbatas,Non-rumah sakit,0.0
Malaysia,MYS,2005,Kebersihan lingkungan,Tanpa layanan,Nasional,0.0
Malaysia,MYS,2005,Kebersihan lingkungan,Tanpa layanan,Perkotaan,0.0
Malaysia,MYS,2005,Kebersihan lingkungan,Tanpa layanan,Perdesaan,0.0
Malaysia,MYS,2005,Kebersihan lingkungan,Tanpa layanan,Rumah sakit,0.0
Malaysia,MYS,2005,Kebersihan lingkungan,Tanpa layanan,Non-rumah sakit,0.0
Malaysia,MYS,2006,Kebersihan lingkungan,Dasar,Nasional,100.0
Malaysia,MYS,2006,Kebersihan lingkungan,Dasar,Perkotaan,100.0
Malaysia,MYS,2006,Kebersihan lingkungan,Dasar,Perdesaan,100.0
Malaysia,MYS,2006,Kebersihan lingkungan,Dasar,Rumah sakit,100.0
Malaysia,MYS,2006,Kebersihan lingkungan,Dasar,Non-rumah sakit,100.0
Malaysia,MYS,2006,Kebersihan lingkungan,Terbatas,Nasional,0.0
Malaysia,MYS,2006,Kebersihan lingkungan,Terbatas,Perkotaan,0.0
Malaysia,MYS,2006,Kebersihan lingkungan,Terbatas,Perdesaan,0.0
Malaysia,MYS,2006,Kebersihan lingkungan,Terbatas,Rumah sakit,0.0
Malaysia,MYS,2006,Kebersihan lingkungan,Terbatas,Non-rumah sakit,0.0
Malaysia,MYS,2006,Kebersihan lingkungan,Tanpa layanan,Nasional,0.0
Malaysia,MYS,2006,Kebersihan lingkungan,Tanpa layanan,Perkotaan,0.0
Malaysia,MYS,2006,Kebersihan lingkungan,Tanpa layanan,Perdesaan,0.0
Malaysia,MYS,2006,Kebersihan lingkungan,Tanpa layanan,Rumah sakit,0.0
Malaysia,MYS,2006,Kebersihan lingkungan,Tanpa layanan,Non-rumah sakit,0.0
Malaysia,MYS,2007,Kebersihan lingkungan,Dasar,Nasional,100.0
Malaysia,MYS,2007,Kebersihan lingkungan,Dasar,Perkotaan,100.0
Malaysia,MYS,2007,Kebersihan lingkungan,Dasar,Perdesaan,100.0
Malaysia,MYS,2007,Kebersihan lingkungan,Dasar,Rumah sakit,100.0
Malaysia,MYS,2007,Kebersihan lingkungan,Dasar,Non-rumah sakit,100.0
Malaysia,MYS,2007,Kebersihan lingkungan,Terbatas,Nasional,0.0
Malaysia,MYS,2007,Kebersihan lingkungan,Terbatas,Perkotaan,0.0
Malaysia,MYS,2007,Kebersihan lingkungan,Terbatas,Perdesaan,0.0
Malaysia,MYS,2007,Kebersihan lingkungan,Terbatas,Rumah sakit,0.0
Malaysia,MYS,2007,Kebersihan lingkungan,Terbatas,Non-rumah sakit,0.0
Malaysia,MYS,2007,Kebersihan lingkungan,Tanpa layanan,Nasional,0.0
Malaysia,MYS,2007,Kebersihan lingkungan,Tanpa layanan,Perkotaan,0.0
Malaysia,MYS,2007,Kebersihan lingkungan,Tanpa layanan,Perdesaan,0.0
Malaysia,MYS,2007,Kebersihan lingkungan,Tanpa layanan,Rumah sakit,0.0
Malaysia,MYS,2007,Kebersihan lingkungan,Tanpa layanan,Non-rumah sakit,0.0
Malaysia,MYS,2008,Kebersihan lingkungan,Dasar,Nasional,100.0
Malaysia,MYS,2008,Kebersihan lingkungan,Dasar,Perkotaan,100.0
Malaysia,MYS,2008,Kebersihan lingkungan,Dasar,Perdesaan,100.0
Malaysia,MYS,2008,Kebersihan lingkungan,Dasar,Rumah sakit,100.0
Malaysia,MYS,2008,Kebersihan lingkungan,Dasar,Non-rumah sakit,100.0
Malaysia,MYS,2008,Kebersihan lingkungan,Terbatas,Nasional,0.0
Malaysia,MYS,2008,Kebersihan lingkungan,Terbatas,Perkotaan,0.0
Malaysia,MYS,2008,Kebersihan lingkungan,Terbatas,Perdesaan,0.0
Malaysia,MYS,2008,Kebersihan lingkungan,Terbatas,Rumah sakit,0.0
Malaysia,MYS,2008,Kebersihan lingkungan,Terbatas,Non-rumah sakit,0.0
Malaysia,MYS,2008,Kebersihan lingkungan,Tanpa layanan,Nasional,0.0
Malaysia,MYS,2008,Kebersihan lingkungan,Tanpa layanan,Perkotaan,0.0
Malaysia,MYS,2008,Kebersihan lingkungan,Tanpa layanan,Perdesaan,0.0
Malaysia,MYS,2008,Kebersihan lingkungan,Tanpa layanan,Rumah sakit,0.0
Malaysia,MYS,2008,Kebersihan lingkungan,Tanpa layanan,Non-rumah sakit,0.0
Malaysia,MYS,2009,Kebersihan lingkungan,Dasar,Nasional,100.0
Malaysia,MYS,2009,Kebersihan lingkungan,Dasar,Perkotaan,100.0
Malaysia,MYS,2009,Kebersihan lingkungan,Dasar,Perdesaan,100.0
Malaysia,MYS,2009,Kebersihan lingkungan,Dasar,Rumah sakit,100.0
Malaysia,MYS,2009,Kebersihan lingkungan,Dasar,Non-rumah sakit,100.0
Malaysia,MYS,2009,Kebersihan lingkungan,Terbatas,Nasional,0.0
Malaysia,MYS,2009,Kebersihan lingkungan,Terbatas,Perkotaan,0.0
Malaysia,MYS,2009,Kebersihan lingkungan,Terbatas,Perdesaan,0.0
Malaysia,MYS,2009,Kebersihan lingkungan,Terbatas,Rumah sakit,0.0
Malaysia,MYS,2009,Kebersihan lingkungan,Terbatas,Non-rumah sakit,0.0
Malaysia,MYS,2009,Kebersihan lingkungan,Tanpa layanan,Nasional,0.0
Malaysia,MYS,2009,Kebersihan lingkungan,Tanpa layanan,Perkotaan,0.0
Malaysia,MYS,2009,Kebersihan lingkungan,Tanpa layanan,Perdesaan,0.0
Malaysia,MYS,2009,Kebersihan lingkungan,Tanpa layanan,Rumah sakit,0.0
Malaysia,MYS,2009,Kebersihan lingkungan,Tanpa layanan,Non-rumah sakit,0.0
Malaysia,MYS,2010,Kebersihan lingkungan,Dasar,Nasional,100.0
Malaysia,MYS,2010,Kebersihan lingkungan,Dasar,Perkotaan,100.0
Malaysia,MYS,2010,Kebersihan lingkungan,Dasar,Perdesaan,100.0
Malaysia,MYS,2010,Kebersihan lingkungan,Dasar,Rumah sakit,100.0
Malaysia,MYS,2010,Kebersihan lingkungan,Dasar,Non-rumah sakit,100.0
Malaysia,MYS,2010,Kebersihan lingkungan,Terbatas,Nasional,0.0
Malaysia,MYS,2010,Kebersihan lingkungan,Terbatas,Perkotaan,0.0
Malaysia,MYS,2010,Kebersihan lingkungan,Terbatas,Perdesaan,0.0
Malaysia,MYS,2010,Kebersihan lingkungan,Terbatas,Rumah sakit,0.0
Malaysia,MYS,2010,Kebersihan lingkungan,Terbatas,Non-rumah sakit,0.0
Malaysia,MYS,2010,Kebersihan lingkungan,Tanpa layanan,Nasional,0.0
Malaysia,MYS,2010,Kebersihan lingkungan,Tanpa layanan,Perkotaan,0.0
Malaysia,MYS,2010,Kebersihan lingkungan,Tanpa layanan,Perdesaan,0.0
Malaysia,MYS,2010,Kebersihan lingkungan,Tanpa layanan,Rumah sakit,0.0
Malaysia,MYS,2010,Kebersihan lingkungan,Tanpa layanan,Non-rumah sakit,0.0
Malaysia,MYS,2011,Kebersihan lingkungan,Dasar,Nasional,100.0
Malaysia,MYS,2011,Kebersihan lingkungan,Dasar,Perkotaan,100.0
Malaysia,MYS,2011,Kebersihan lingkungan,Dasar,Perdesaan,100.0
Malaysia,MYS,2011,Kebersihan lingkungan,Dasar,Rumah sakit,100.0
Malaysia,MYS,2011,Kebersihan lingkungan,Dasar,Non-rumah sakit,100.0
Malaysia,MYS,2011,Kebersihan lingkungan,Terbatas,Nasional,0.0
Malaysia,MYS,2011,Kebersihan lingkungan,Terbatas,Perkotaan,0.0
Malaysia,MYS,2011,Kebersihan lingkungan,Terbatas,Perdesaan,0.0
Malaysia,MYS,2011,Kebersihan lingkungan,Terbatas,Rumah sakit,0.0
Malaysia,MYS,2011,Kebersihan lingkungan,Terbatas,Non-rumah sakit,0.0
Malaysia,MYS,2011,Kebersihan lingkungan,Tanpa layanan,Nasional,0.0
Malaysia,MYS,2011,Kebersihan lingkungan,Tanpa layanan,Perkotaan,0.0
Malaysia,MYS,2011,Kebersihan lingkungan,Tanpa layanan,Perdesaan,0.0
Malaysia,MYS,2011,Kebersihan lingkungan,Tanpa layanan,Rumah sakit,0.0
Malaysia,MYS,2011,Kebersihan lingkungan,Tanpa layanan,Non-rumah sakit,0.0
Malaysia,MYS,2012,Kebersihan lingkungan,Dasar,Nasional,100.0
Malaysia,MYS,2012,Kebersihan lingkungan,Dasar,Perkotaan,100.0
Malaysia,MYS,2012,Kebersihan lingkungan,Dasar,Perdesaan,100.0
Malaysia,MYS,2012,Kebersihan lingkungan,Dasar,Rumah sakit,100.0
Malaysia,MYS,2012,Kebersihan lingkungan,Dasar,Non-rumah sakit,100.0
Malaysia,MYS,2012,Kebersihan lingkungan,Terbatas,Nasional,0.0
Malaysia,MYS,2012,Kebersihan lingkungan,Terbatas,Perkotaan,0.0
Malaysia,MYS,2012,Kebersihan lingkungan,Terbatas,Perdesaan,0.0
Malaysia,MYS,2012,Kebersihan lingkungan,Terbatas,Rumah sakit,0.0
Malaysia,MYS,2012,Kebersihan lingkungan,Terbatas,Non-rumah sakit,0.0
Malaysia,MYS,2012,Kebersihan lingkungan,Tanpa layanan,Nasional,0.0
Malaysia,MYS,2012,Kebersihan lingkungan,Tanpa layanan,Perkotaan,0.0
Malaysia,MYS,2012,Kebersihan lingkungan,Tanpa layanan,Perdesaan,0.0
Malaysia,MYS,2012,Kebersihan lingkungan,Tanpa layanan,Rumah sakit,0.0
Malaysia,MYS,2012,Kebersihan lingkungan,Tanpa layanan,Non-rumah sakit,0.0
Malaysia,MYS,2013,Kebersihan lingkungan,Dasar,Nasional,100.0
Malaysia,MYS,2013,Kebersihan lingkungan,Dasar,Perkotaan,100.0
Malaysia,MYS,2013,Kebersihan lingkungan,Dasar,Perdesaan,100.0
Malaysia,MYS,2013,Kebersihan lingkungan,Dasar,Rumah sakit,100.0
Malaysia,MYS,2013,Kebersihan lingkungan,Dasar,Non-rumah sakit,100.0
Malaysia,MYS,2013,Kebersihan lingkungan,Terbatas,Nasional,0.0
Malaysia,MYS,2013,Kebersihan lingkungan,Terbatas,Perkotaan,0.0
Malaysia,MYS,2013,Kebersihan lingkungan,Terbatas,Perdesaan,0.0
Malaysia,MYS,2013,Kebersihan lingkungan,Terbatas,Rumah sakit,0.0
Malaysia,MYS,2013,Kebersihan lingkungan,Terbatas,Non-rumah sakit,0.0
Malaysia,MYS,2013,Kebersihan lingkungan,Tanpa layanan,Nasional,0.0
Malaysia,MYS,2013,Kebersihan lingkungan,Tanpa layanan,Perkotaan,0.0
Malaysia,MYS,2013,Kebersihan lingkungan,Tanpa layanan,Perdesaan,0.0
Malaysia,MYS,2013,Kebersihan lingkungan,Tanpa layanan,Rumah sakit,0.0
Malaysia,MYS,2013,Kebersihan lingkungan,Tanpa layanan,Non-rumah sakit,0.0
Malaysia,MYS,2014,Kebersihan lingkungan,Dasar,Nasional,100.0
Malaysia,MYS,2014,Kebersihan lingkungan,Dasar,Perkotaan,100.0
Malaysia,MYS,2014,Kebersihan lingkungan,Dasar,Perdesaan,100.0
Malaysia,MYS,2014,Kebersihan lingkungan,Dasar,Rumah sakit,100.0
Malaysia,MYS,2014,Kebersihan lingkungan,Dasar,Non-rumah sakit,100.0
Malaysia,MYS,2014,Kebersihan lingkungan,Terbatas,Nasional,0.0
Malaysia,MYS,2014,Kebersihan lingkungan,Terbatas,Perkotaan,0.0
Malaysia,MYS,2014,Kebersihan lingkungan,Terbatas,Perdesaan,0.0
Malaysia,MYS,2014,Kebersihan lingkungan,Terbatas,Rumah sakit,0.0
Malaysia,MYS,2014,Kebersihan lingkungan,Terbatas,Non-rumah sakit,0.0
Malaysia,MYS,2014,Kebersihan lingkungan,Tanpa layanan,Nasional,0.0
Malaysia,MYS,2014,Kebersihan lingkungan,Tanpa layanan,Perkotaan,0.0
Malaysia,MYS,2014,Kebersihan lingkungan,Tanpa layanan,Perdesaan,0.0
Malaysia,MYS,2014,Kebersihan lingkungan,Tanpa layanan,Rumah sakit,0.0
Malaysia,MYS,2014,Kebersihan lingkungan,Tanpa layanan,Non-rumah sakit,0.0
Malaysia,MYS,2015,Kebersihan lingkungan,Dasar,Nasional,100.0
Malaysia,MYS,2015,Kebersihan lingkungan,Dasar,Perkotaan,100.0
Malaysia,MYS,2015,Kebersihan lingkungan,Dasar,Perdesaan,100.0
Malaysia,MYS,2015,Kebersihan lingkungan,Dasar,Rumah sakit,100.0
Malaysia,MYS,2015,Kebersihan lingkungan,Dasar,Non-rumah sakit,100.0
Malaysia,MYS,2015,Kebersihan lingkungan,Terbatas,Nasional,0.0
Malaysia,MYS,2015,Kebersihan lingkungan,Terbatas,Perkotaan,0.0
Malaysia,MYS,2015,Kebersihan lingkungan,Terbatas,Perdesaan,0.0
Malaysia,MYS,2015,Kebersihan lingkungan,Terbatas,Rumah sakit,0.0
Malaysia,MYS,2015,Kebersihan lingkungan,Terbatas,Non-rumah sakit,0.0
Malaysia,MYS,2015,Kebersihan lingkungan,Tanpa layanan,Nasional,0.0
Malaysia,MYS,2015,Kebersihan lingkungan,Tanpa layanan,Perkotaan,0.0
Malaysia,MYS,2015,Kebersihan lingkungan,Tanpa layanan,Perdesaan,0.0
Malaysia,MYS,2015,Kebersihan lingkungan,Tanpa layanan,Rumah sakit,0.0
Malaysia,MYS,2015,Kebersihan lingkungan,Tanpa layanan,Non-rumah sakit,0.0
Malaysia,MYS,2016,Kebersihan lingkungan,Dasar,Nasional,100.0
Malaysia,MYS,2016,Kebersihan lingkungan,Dasar,Perkotaan,100.0
Malaysia,MYS,2016,Kebersihan lingkungan,Dasar,Perdesaan,100.0
Malaysia,MYS,2016,Kebersihan lingkungan,Dasar,Rumah sakit,100.0
Malaysia,MYS,2016,Kebersihan lingkungan,Dasar,Non-rumah sakit,100.0
Malaysia,MYS,2016,Kebersihan lingkungan,Terbatas,Nasional,0.0
Malaysia,MYS,2016,Kebersihan lingkungan,Terbatas,Perkotaan,0.0
Malaysia,MYS,2016,Kebersihan lingkungan,Terbatas,Perdesaan,0.0
Malaysia,MYS,2016,Kebersihan lingkungan,Terbatas,Rumah sakit,0.0
Malaysia,MYS,2016,Kebersihan lingkungan,Terbatas,Non-rumah sakit,0.0
Malaysia,MYS,2016,Kebersihan lingkungan,Tanpa layanan,Nasional,0.0
Malaysia,MYS,2016,Kebersihan lingkungan,Tanpa layanan,Perkotaan,0.0
Malaysia,MYS,2016,Kebersihan lingkungan,Tanpa layanan,Perdesaan,0.0
Malaysia,MYS,2016,Kebersihan lingkungan,Tanpa layanan,Rumah sakit,0.0
Malaysia,MYS,2016,Kebersihan lingkungan,Tanpa layanan,Non-rumah sakit,0.0
Malaysia,MYS,2017,Kebersihan lingkungan,Dasar,Nasional,100.0
Malaysia,MYS,2017,Kebersihan lingkungan,Dasar,Perkotaan,100.0
Malaysia,MYS,2017,Kebersihan lingkungan,Dasar,Perdesaan,100.0
Malaysia,MYS,2017,Kebersihan lingkungan,Dasar,Rumah sakit,100.0
Malaysia,MYS,2017,Kebersihan lingkungan,Dasar,Non-rumah sakit,100.0
Malaysia,MYS,2017,Kebersihan lingkungan,Terbatas,Nasional,0.0
Malaysia,MYS,2017,Kebersihan lingkungan,Terbatas,Perkotaan,0.0
Malaysia,MYS,2017,Kebersihan lingkungan,Terbatas,Perdesaan,0.0
Malaysia,MYS,2017,Kebersihan lingkungan,Terbatas,Rumah sakit,0.0
Malaysia,MYS,2017,Kebersihan lingkungan,Terbatas,Non-rumah sakit,0.0
Malaysia,MYS,2017,Kebersihan lingkungan,Tanpa layanan,Nasional,0.0
Malaysia,MYS,2017,Kebersihan lingkungan,Tanpa layanan,Perkotaan,0.0
Malaysia,MYS,2017,Kebersihan lingkungan,Tanpa layanan,Perdesaan,0.0
Malaysia,MYS,2017,Kebersihan lingkungan,Tanpa layanan,Rumah sakit,0.0
Malaysia,MYS,2017,Kebersihan lingkungan,Tanpa layanan,Non-rumah sakit,0.0
Malaysia,MYS,2018,Kebersihan lingkungan,Dasar,Nasional,100.0
Malaysia,MYS,2018,Kebersihan lingkungan,Dasar,Perkotaan,100.0
Malaysia,MYS,2018,Kebersihan lingkungan,Dasar,Perdesaan,100.0
Malaysia,MYS,2018,Kebersihan lingkungan,Dasar,Rumah sakit,100.0
Malaysia,MYS,2018,Kebersihan lingkungan,Dasar,Non-rumah sakit,100.0
Malaysia,MYS,2018,Kebersihan lingkungan,Terbatas,Nasional,0.0
Malaysia,MYS,2018,Kebersihan lingkungan,Terbatas,Perkotaan,0.0
Malaysia,MYS,2018,Kebersihan lingkungan,Terbatas,Perdesaan,0.0
Malaysia,MYS,2018,Kebersihan lingkungan,Terbatas,Rumah sakit,0.0
Malaysia,MYS,2018,Kebersihan lingkungan,Terbatas,Non-rumah sakit,0.0
Malaysia,MYS,2018,Kebersihan lingkungan,Tanpa layanan,Nasional,0.0
Malaysia,MYS,2018,Kebersihan lingkungan,Tanpa layanan,Perkotaan,0.0
Malaysia,MYS,2018,Kebersihan lingkungan,Tanpa layanan,Perdesaan,0.0
Malaysia,MYS,2018,Kebersihan lingkungan,Tanpa layanan,Rumah sakit,0.0
Malaysia,MYS,2018,Kebersihan lingkungan,Tanpa layanan,Non-rumah sakit,0.0
Malaysia,MYS,2019,Kebersihan lingkungan,Dasar,Nasional,100.0
Malaysia,MYS,2019,Kebersihan lingkungan,Dasar,Perkotaan,100.0
Malaysia,MYS,2019,Kebersihan lingkungan,Dasar,Perdesaan,100.0
Malaysia,MYS,2019,Kebersihan lingkungan,Dasar,Rumah sakit,100.0
Malaysia,MYS,2019,Kebersihan lingkungan,Dasar,Non-rumah sakit,100.0
Malaysia,MYS,2019,Kebersihan lingkungan,Terbatas,Nasional,0.0
Malaysia,MYS,2019,Kebersihan lingkungan,Terbatas,Perkotaan,0.0
Malaysia,MYS,2019,Kebersihan lingkungan,Terbatas,Perdesaan,0.0
Malaysia,MYS,2019,Kebersihan lingkungan,Terbatas,Rumah sakit,0.0
Malaysia,MYS,2019,Kebersihan lingkungan,Terbatas,Non-rumah sakit,0.0
Malaysia,MYS,2019,Kebersihan lingkungan,Tanpa layanan,Nasional,0.0
Malaysia,MYS,2019,Kebersihan lingkungan,Tanpa layanan,Perkotaan,0.0
Malaysia,MYS,2019,Kebersihan lingkungan,Tanpa layanan,Perdesaan,0.0
Malaysia,MYS,2019,Kebersihan lingkungan,Tanpa layanan,Rumah sakit,0.0
Malaysia,MYS,2019,Kebersihan lingkungan,Tanpa layanan,Non-rumah sakit,0.0
Malaysia,MYS,2020,Kebersihan lingkungan,Dasar,Nasional,100.0
Malaysia,MYS,2020,Kebersihan lingkungan,Dasar,Perkotaan,100.0
Malaysia,MYS,2020,Kebersihan lingkungan,Dasar,Perdesaan,100.0
Malaysia,MYS,2020,Kebersihan lingkungan,Dasar,Rumah sakit,100.0
Malaysia,MYS,2020,Kebersihan lingkungan,Dasar,Non-rumah sakit,100.0
Malaysia,MYS,2020,Kebersihan lingkungan,Terbatas,Nasional,0.0
Malaysia,MYS,2020,Kebersihan lingkungan,Terbatas,Perkotaan,0.0
Malaysia,MYS,2020,Kebersihan lingkungan,Terbatas,Perdesaan,0.0
Malaysia,MYS,2020,Kebersihan lingkungan,Terbatas,Rumah sakit,0.0
Malaysia,MYS,2020,Kebersihan lingkungan,Terbatas,Non-rumah sakit,0.0
Malaysia,MYS,2020,Kebersihan lingkungan,Tanpa layanan,Nasional,0.0
Malaysia,MYS,2020,Kebersihan lingkungan,Tanpa layanan,Perkotaan,0.0
Malaysia,MYS,2020,Kebersihan lingkungan,Tanpa layanan,Perdesaan,0.0
Malaysia,MYS,2020,Kebersihan lingkungan,Tanpa layanan,Rumah sakit,0.0
Malaysia,MYS,2020,Kebersihan lingkungan,Tanpa layanan,Non-rumah sakit,0.0
Malaysia,MYS,2021,Kebersihan lingkungan,Dasar,Nasional,100.0
Malaysia,MYS,2021,Kebersihan lingkungan,Dasar,Perkotaan,100.0
Malaysia,MYS,2021,Kebersihan lingkungan,Dasar,Perdesaan,100.0
Malaysia,MYS,2021,Kebersihan lingkungan,Dasar,Rumah sakit,100.0
Malaysia,MYS,2021,Kebersihan lingkungan,Dasar,Non-rumah sakit,100.0
Malaysia,MYS,2021,Kebersihan lingkungan,Terbatas,Nasional,0.0
Malaysia,MYS,2021,Kebersihan lingkungan,Terbatas,Perkotaan,0.0
Malaysia,MYS,2021,Kebersihan lingkungan,Terbatas,Perdesaan,0.0
Malaysia,MYS,2021,Kebersihan lingkungan,Terbatas,Rumah sakit,0.0
Malaysia,MYS,2021,Kebersihan lingkungan,Terbatas,Non-rumah sakit,0.0
Malaysia,MYS,2021,Kebersihan lingkungan,Tanpa layanan,Nasional,0.0
Malaysia,MYS,2021,Kebersihan lingkungan,Tanpa layanan,Perkotaan,0.0
Malaysia,MYS,2021,Kebersihan lingkungan,Tanpa layanan,Perdesaan,0.0
Malaysia,MYS,2021,Kebersihan lingkungan,Tanpa layanan,Rumah sakit,0.0
Malaysia,MYS,2021,Kebersihan lingkungan,Tanpa layanan,Non-rumah sakit,0.0
Malaysia,MYS,2022,Kebersihan lingkungan,Dasar,Nasional,100.0
Malaysia,MYS,2022,Kebersihan lingkungan,Dasar,Perkotaan,100.0
Malaysia,MYS,2022,Kebersihan lingkungan,Dasar,Perdesaan,100.0
Malaysia,MYS,2022,Kebersihan lingkungan,Dasar,Rumah sakit,100.0
Malaysia,MYS,2022,Kebersihan lingkungan,Dasar,Non-rumah sakit,100.0
Malaysia,MYS,2022,Kebersihan lingkungan,Terbatas,Nasional,0.0
Malaysia,MYS,2022,Kebersihan lingkungan,Terbatas,Perkotaan,0.0
Malaysia,MYS,2022,Kebersihan lingkungan,Terbatas,Perdesaan,0.0
Malaysia,MYS,2022,Kebersihan lingkungan,Terbatas,Rumah sakit,0.0
Malaysia,MYS,2022,Kebersihan lingkungan,Terbatas,Non-rumah sakit,0.0
Malaysia,MYS,2022,Kebersihan lingkungan,Tanpa layanan,Nasional,0.0
Malaysia,MYS,2022,Kebersihan lingkungan,Tanpa layanan,Perkotaan,0.0
Malaysia,MYS,2022,Kebersihan lingkungan,Tanpa layanan,Perdesaan,0.0
Malaysia,MYS,2022,Kebersihan lingkungan,Tanpa layanan,Rumah sakit,0.0
Malaysia,MYS,2022,Kebersihan lingkungan,Tanpa layanan,Non-rumah sakit,0.0
Malaysia,MYS,2023,Kebersihan lingkungan,Dasar,Nasional,100.0
Malaysia,MYS,2023,Kebersihan lingkungan,Dasar,Perkotaan,100.0
Malaysia,MYS,2023,Kebersihan lingkungan,Dasar,Perdesaan,100.0
Malaysia,MYS,2023,Kebersihan lingkungan,Dasar,Rumah sakit,100.0
Malaysia,MYS,2023,Kebersihan lingkungan,Dasar,Non-rumah sakit,100.0
Malaysia,MYS,2023,Kebersihan lingkungan,Terbatas,Nasional,0.0
Malaysia,MYS,2023,Kebersihan lingkungan,Terbatas,Perkotaan,0.0
Malaysia,MYS,2023,Kebersihan lingkungan,Terbatas,Perdesaan,0.0
Malaysia,MYS,2023,Kebersihan lingkungan,Terbatas,Rumah sakit,0.0
Malaysia,MYS,2023,Kebersihan lingkungan,Terbatas,Non-rumah sakit,0.0
Malaysia,MYS,2023,Kebersihan lingkungan,Tanpa layanan,Nasional,0.0
Malaysia,MYS,2023,Kebersihan lingkungan,Tanpa layanan,Perkotaan,0.0
Malaysia,MYS,2023,Kebersihan lingkungan,Tanpa layanan,Perdesaan,0.0
Malaysia,MYS,2023,Kebersihan lingkungan,Tanpa layanan,Rumah sakit,0.0
Malaysia,MYS,2023,Kebersihan lingkungan,Tanpa layanan,Non-rumah sakit,0.0
Filipina,PHL,2000,Kebersihan lingkungan,Tanpa layanan,Perkotaan,0.28
Filipina,PHL,2000,Kebersihan lingkungan,Tanpa layanan,Rumah sakit,0.25
Filipina,PHL,2001,Kebersihan lingkungan,Tanpa layanan,Perkotaan,0.28
Filipina,PHL,2001,Kebersihan lingkungan,Tanpa layanan,Rumah sakit,0.25
Filipina,PHL,2002,Kebersihan lingkungan,Tanpa layanan,Perkotaan,0.28
Filipina,PHL,2002,Kebersihan lingkungan,Tanpa layanan,Rumah sakit,0.25
Filipina,PHL,2003,Kebersihan lingkungan,Tanpa layanan,Perkotaan,0.28
Filipina,PHL,2003,Kebersihan lingkungan,Tanpa layanan,Rumah sakit,0.25
Filipina,PHL,2004,Kebersihan lingkungan,Tanpa layanan,Perkotaan,0.28
Filipina,PHL,2004,Kebersihan lingkungan,Tanpa layanan,Rumah sakit,0.25
Filipina,PHL,2005,Kebersihan lingkungan,Tanpa layanan,Perkotaan,0.28
Filipina,PHL,2005,Kebersihan lingkungan,Tanpa layanan,Rumah sakit,0.25
Filipina,PHL,2006,Kebersihan lingkungan,Tanpa layanan,Perkotaan,0.28
Filipina,PHL,2006,Kebersihan lingkungan,Tanpa layanan,Rumah sakit,0.25
Filipina,PHL,2007,Kebersihan lingkungan,Tanpa layanan,Perkotaan,0.28
Filipina,PHL,2007,Kebersihan lingkungan,Tanpa layanan,Rumah sakit,0.25
Filipina,PHL,2008,Kebersihan lingkungan,Tanpa layanan,Perkotaan,0.28
Filipina,PHL,2008,Kebersihan lingkungan,Tanpa layanan,Rumah sakit,0.25
Filipina,PHL,2009,Kebersihan lingkungan,Tanpa layanan,Perkotaan,0.28
Filipina,PHL,2009,Kebersihan lingkungan,Tanpa layanan,Rumah sakit,0.25
Filipina,PHL,2010,Kebersihan lingkungan,Tanpa layanan,Perkotaan,0.28
Filipina,PHL,2010,Kebersihan lingkungan,Tanpa layanan,Rumah sakit,0.25
Filipina,PHL,2011,Kebersihan lingkungan,Tanpa layanan,Perkotaan,0.28
Filipina,PHL,2011,Kebersihan lingkungan,Tanpa layanan,Rumah sakit,0.25
Filipina,PHL,2012,Kebersihan lingkungan,Tanpa layanan,Perkotaan,0.28
Filipina,PHL,2012,Kebersihan lingkungan,Tanpa layanan,Rumah sakit,0.25
Filipina,PHL,2013,Kebersihan lingkungan,Tanpa layanan,Perkotaan,0.28
Filipina,PHL,2013,Kebersihan lingkungan,Tanpa layanan,Rumah sakit,0.25
Filipina,PHL,2014,Kebersihan lingkungan,Tanpa layanan,Perkotaan,0.28
Filipina,PHL,2014,Kebersihan lingkungan,Tanpa layanan,Rumah sakit,0.25
Filipina,PHL,2015,Kebersihan lingkungan,Tanpa layanan,Perkotaan,0.28
Filipina,PHL,2015,Kebersihan lingkungan,Tanpa layanan,Rumah sakit,0.25
Filipina,PHL,2016,Kebersihan lingkungan,Tanpa layanan,Perkotaan,0.28
Filipina,PHL,2016,Kebersihan lingkungan,Tanpa layanan,Rumah sakit,0.25
Filipina,PHL,2017,Kebersihan lingkungan,Tanpa layanan,Perkotaan,0.28
Filipina,PHL,2017,Kebersihan lingkungan,Tanpa layanan,Rumah sakit,0.25
Filipina,PHL,2018,Kebersihan lingkungan,Tanpa layanan,Perkotaan,0.28
Filipina,PHL,2018,Kebersihan lingkungan,Tanpa layanan,Rumah sakit,0.25
Filipina,PHL,2019,Kebersihan lingkungan,Dasar,Nasional,83.21
Filipina,PHL,2019,Kebersihan lingkungan,Dasar,Perkotaan,92.02
Filipina,PHL,2019,Kebersihan lingkungan,Dasar,Perdesaan,66.49
Filipina,PHL,2019,Kebersihan lingkungan,Dasar,Rumah sakit,92.52
Filipina,PHL,2019,Kebersihan lingkungan,Dasar,Non-rumah sakit,55.56
Filipina,PHL,2019,Kebersihan lingkungan,Terbatas,Nasional,13.99
Filipina,PHL,2019,Kebersihan lingkungan,Terbatas,Perkotaan,7.69
Filipina,PHL,2019,Kebersihan lingkungan,Terbatas,Perdesaan,25.95
Filipina,PHL,2019,Kebersihan lingkungan,Terbatas,Rumah sakit,7.23
Filipina,PHL,2019,Kebersihan lingkungan,Terbatas,Non-rumah sakit,34.07
Filipina,PHL,2019,Kebersihan lingkungan,Tanpa layanan,Nasional,2.8
Filipina,PHL,2019,Kebersihan lingkungan,Tanpa layanan,Perkotaan,0.28
Filipina,PHL,2019,Kebersihan lingkungan,Tanpa layanan,Perdesaan,7.57
Filipina,PHL,2019,Kebersihan lingkungan,Tanpa layanan,Rumah sakit,0.25
Filipina,PHL,2019,Kebersihan lingkungan,Tanpa layanan,Non-rumah sakit,10.37
Filipina,PHL,2020,Kebersihan lingkungan,Dasar,Nasional,83.21
Filipina,PHL,2020,Kebersihan lingkungan,Dasar,Perkotaan,92.02
Filipina,PHL,2020,Kebersihan lingkungan,Dasar,Perdesaan,66.49
Filipina,PHL,2020,Kebersihan lingkungan,Dasar,Rumah sakit,92.52
Filipina,PHL,2020,Kebersihan lingkungan,Dasar,Non-rumah sakit,55.56
Filipina,PHL,2020,Kebersihan lingkungan,Terbatas,Nasional,13.99
Filipina,PHL,2020,Kebersihan lingkungan,Terbatas,Perkotaan,7.69
Filipina,PHL,2020,Kebersihan lingkungan,Terbatas,Perdesaan,25.95
Filipina,PHL,2020,Kebersihan lingkungan,Terbatas,Rumah sakit,7.23
Filipina,PHL,2020,Kebersihan lingkungan,Terbatas,Non-rumah sakit,34.07
Filipina,PHL,2020,Kebersihan lingkungan,Tanpa layanan,Nasional,2.8
Filipina,PHL,2020,Kebersihan lingkungan,Tanpa layanan,Perkotaan,0.28
Filipina,PHL,2020,Kebersihan lingkungan,Tanpa layanan,Perdesaan,7.57
Filipina,PHL,2020,Kebersihan lingkungan,Tanpa layanan,Rumah sakit,0.25
Filipina,PHL,2020,Kebersihan lingkungan,Tanpa layanan,Non-rumah sakit,10.37
Filipina,PHL,2021,Kebersihan lingkungan,Dasar,Nasional,83.21
Filipina,PHL,2021,Kebersihan lingkungan,Dasar,Perkotaan,92.02
Filipina,PHL,2021,Kebersihan lingkungan,Dasar,Perdesaan,66.49
Filipina,PHL,2021,Kebersihan lingkungan,Dasar,Rumah sakit,92.52
Filipina,PHL,2021,Kebersihan lingkungan,Dasar,Non-rumah sakit,55.56
Filipina,PHL,2021,Kebersihan lingkungan,Terbatas,Nasional,13.99
Filipina,PHL,2021,Kebersihan lingkungan,Terbatas,Perkotaan,7.69
Filipina,PHL,2021,Kebersihan lingkungan,Terbatas,Perdesaan,25.95
Filipina,PHL,2021,Kebersihan lingkungan,Terbatas,Rumah sakit,7.23
Filipina,PHL,2021,Kebersihan lingkungan,Terbatas,Non-rumah sakit,34.07
Filipina,PHL,2021,Kebersihan lingkungan,Tanpa layanan,Nasional,2.8
Filipina,PHL,2021,Kebersihan lingkungan,Tanpa layanan,Perkotaan,0.28
Filipina,PHL,2021,Kebersihan lingkungan,Tanpa layanan,Perdesaan,7.57
Filipina,PHL,2021,Kebersihan lingkungan,Tanpa layanan,Rumah sakit,0.25
Filipina,PHL,2021,Kebersihan lingkungan,Tanpa layanan,Non-rumah sakit,10.37
Filipina,PHL,2022,Kebersihan lingkungan,Dasar,Nasional,83.21
Filipina,PHL,2022,Kebersihan lingkungan,Dasar,Perkotaan,92.02
Filipina,PHL,2022,Kebersihan lingkungan,Dasar,Perdesaan,66.49
Filipina,PHL,2022,Kebersihan lingkungan,Dasar,Rumah sakit,92.52
Filipina,PHL,2022,Kebersihan lingkungan,Dasar,Non-rumah sakit,55.56
Filipina,PHL,2022,Kebersihan lingkungan,Terbatas,Nasional,13.99
Filipina,PHL,2022,Kebersihan lingkungan,Terbatas,Perkotaan,7.69
Filipina,PHL,2022,Kebersihan lingkungan,Terbatas,Perdesaan,25.95
Filipina,PHL,2022,Kebersihan lingkungan,Terbatas,Rumah sakit,7.23
Filipina,PHL,2022,Kebersihan lingkungan,Terbatas,Non-rumah sakit,34.07
Filipina,PHL,2022,Kebersihan lingkungan,Tanpa layanan,Nasional,2.8
Filipina,PHL,2022,Kebersihan lingkungan,Tanpa layanan,Perkotaan,0.28
Filipina,PHL,2022,Kebersihan lingkungan,Tanpa layanan,Perdesaan,7.57
Filipina,PHL,2022,Kebersihan lingkungan,Tanpa layanan,Rumah sakit,0.25
Filipina,PHL,2022,Kebersihan lingkungan,Tanpa layanan,Non-rumah sakit,10.37
Filipina,PHL,2023,Kebersihan lingkungan,Dasar,Nasional,83.21
Filipina,PHL,2023,Kebersihan lingkungan,Dasar,Perkotaan,92.02
Filipina,PHL,2023,Kebersihan lingkungan,Dasar,Perdesaan,66.49
Filipina,PHL,2023,Kebersihan lingkungan,Dasar,Rumah sakit,92.52
Filipina,PHL,2023,Kebersihan lingkungan,Dasar,Non-rumah sakit,55.56
Filipina,PHL,2023,Kebersihan lingkungan,Terbatas,Nasional,13.99
Filipina,PHL,2023,Kebersihan lingkungan,Terbatas,Perkotaan,7.69
Filipina,PHL,2023,Kebersihan lingkungan,Terbatas,Perdesaan,25.95
Filipina,PHL,2023,Kebersihan lingkungan,Terbatas,Rumah sakit,7.23
Filipina,PHL,2023,Kebersihan lingkungan,Terbatas,Non-rumah sakit,34.07
Filipina,PHL,2023,Kebersihan lingkungan,Tanpa layanan,Nasional,2.8
Filipina,PHL,2023,Kebersihan lingkungan,Tanpa layanan,Perkotaan,0.28
Filipina,PHL,2023,Kebersihan lingkungan,Tanpa layanan,Perdesaan,7.57
Filipina,PHL,2023,Kebersihan lingkungan,Tanpa layanan,Rumah sakit,0.25
Filipina,PHL,2023,Kebersihan lingkungan,Tanpa layanan,Non-rumah sakit,10.37
Singapura,SGP,2000,Kebersihan lingkungan,Dasar,Nasional,100.0
Singapura,SGP,2000,Kebersihan lingkungan,Dasar,Perkotaan,100.0
Singapura,SGP,2000,Kebersihan lingkungan,Dasar,Perdesaan,-999.0
Singapura,SGP,2000,Kebersihan lingkungan,Dasar,Rumah sakit,100.0
Singapura,SGP,2000,Kebersihan lingkungan,Dasar,Non-rumah sakit,100.0
Singapura,SGP,2000,Kebersihan lingkungan,Terbatas,Nasional,0.0
Singapura,SGP,2000,Kebersihan lingkungan,Terbatas,Perkotaan,0.0
Singapura,SGP,2000,Kebersihan lingkungan,Terbatas,Perdesaan,-999.0
Singapura,SGP,2000,Kebersihan lingkungan,Terbatas,Rumah sakit,0.0
Singapura,SGP,2000,Kebersihan lingkungan,Terbatas,Non-rumah sakit,0.0
Singapura,SGP,2000,Kebersihan lingkungan,Tanpa layanan,Nasional,0.0
Singapura,SGP,2000,Kebersihan lingkungan,Tanpa layanan,Perkotaan,0.0
Singapura,SGP,2000,Kebersihan lingkungan,Tanpa layanan,Perdesaan,-999.0
Singapura,SGP,2000,Kebersihan lingkungan,Tanpa layanan,Rumah sakit,0.0
Singapura,SGP,2000,Kebersihan lingkungan,Tanpa layanan,Non-rumah sakit,0.0
Singapura,SGP,2001,Kebersihan lingkungan,Dasar,Nasional,100.0
Singapura,SGP,2001,Kebersihan lingkungan,Dasar,Perkotaan,100.0
Singapura,SGP,2001,Kebersihan lingkungan,Dasar,Perdesaan,-999.0
Singapura,SGP,2001,Kebersihan lingkungan,Dasar,Rumah sakit,100.0
Singapura,SGP,2001,Kebersihan lingkungan,Dasar,Non-rumah sakit,100.0
Singapura,SGP,2001,Kebersihan lingkungan,Terbatas,Nasional,0.0
Singapura,SGP,2001,Kebersihan lingkungan,Terbatas,Perkotaan,0.0
Singapura,SGP,2001,Kebersihan lingkungan,Terbatas,Perdesaan,-999.0
Singapura,SGP,2001,Kebersihan lingkungan,Terbatas,Rumah sakit,0.0
Singapura,SGP,2001,Kebersihan lingkungan,Terbatas,Non-rumah sakit,0.0
Singapura,SGP,2001,Kebersihan lingkungan,Tanpa layanan,Nasional,0.0
Singapura,SGP,2001,Kebersihan lingkungan,Tanpa layanan,Perkotaan,0.0
Singapura,SGP,2001,Kebersihan lingkungan,Tanpa layanan,Perdesaan,-999.0
Singapura,SGP,2001,Kebersihan lingkungan,Tanpa layanan,Rumah sakit,0.0
Singapura,SGP,2001,Kebersihan lingkungan,Tanpa layanan,Non-rumah sakit,0.0
Singapura,SGP,2002,Kebersihan lingkungan,Dasar,Nasional,100.0
Singapura,SGP,2002,Kebersihan lingkungan,Dasar,Perkotaan,100.0
Singapura,SGP,2002,Kebersihan lingkungan,Dasar,Perdesaan,-999.0
Singapura,SGP,2002,Kebersihan lingkungan,Dasar,Rumah sakit,100.0
Singapura,SGP,2002,Kebersihan lingkungan,Dasar,Non-rumah sakit,100.0
Singapura,SGP,2002,Kebersihan lingkungan,Terbatas,Nasional,0.0
Singapura,SGP,2002,Kebersihan lingkungan,Terbatas,Perkotaan,0.0
Singapura,SGP,2002,Kebersihan lingkungan,Terbatas,Perdesaan,-999.0
Singapura,SGP,2002,Kebersihan lingkungan,Terbatas,Rumah sakit,0.0
Singapura,SGP,2002,Kebersihan lingkungan,Terbatas,Non-rumah sakit,0.0
Singapura,SGP,2002,Kebersihan lingkungan,Tanpa layanan,Nasional,0.0
Singapura,SGP,2002,Kebersihan lingkungan,Tanpa layanan,Perkotaan,0.0
Singapura,SGP,2002,Kebersihan lingkungan,Tanpa layanan,Perdesaan,-999.0
Singapura,SGP,2002,Kebersihan lingkungan,Tanpa layanan,Rumah sakit,0.0
Singapura,SGP,2002,Kebersihan lingkungan,Tanpa layanan,Non-rumah sakit,0.0
Singapura,SGP,2003,Kebersihan lingkungan,Dasar,Nasional,100.0
Singapura,SGP,2003,Kebersihan lingkungan,Dasar,Perkotaan,100.0
Singapura,SGP,2003,Kebersihan lingkungan,Dasar,Perdesaan,-999.0
Singapura,SGP,2003,Kebersihan lingkungan,Dasar,Rumah sakit,100.0
Singapura,SGP,2003,Kebersihan lingkungan,Dasar,Non-rumah sakit,100.0
Singapura,SGP,2003,Kebersihan lingkungan,Terbatas,Nasional,0.0
Singapura,SGP,2003,Kebersihan lingkungan,Terbatas,Perkotaan,0.0
Singapura,SGP,2003,Kebersihan lingkungan,Terbatas,Perdesaan,-999.0
Singapura,SGP,2003,Kebersihan lingkungan,Terbatas,Rumah sakit,0.0
Singapura,SGP,2003,Kebersihan lingkungan,Terbatas,Non-rumah sakit,0.0
Singapura,SGP,2003,Kebersihan lingkungan,Tanpa layanan,Nasional,0.0
Singapura,SGP,2003,Kebersihan lingkungan,Tanpa layanan,Perkotaan,0.0
Singapura,SGP,2003,Kebersihan lingkungan,Tanpa layanan,Perdesaan,-999.0
Singapura,SGP,2003,Kebersihan lingkungan,Tanpa layanan,Rumah sakit,0.0
Singapura,SGP,2003,Kebersihan lingkungan,Tanpa layanan,Non-rumah sakit,0.0
Singapura,SGP,2004,Kebersihan lingkungan,Dasar,Nasional,100.0
Singapura,SGP,2004,Kebersihan lingkungan,Dasar,Perkotaan,100.0
Singapura,SGP,2004,Kebersihan lingkungan,Dasar,Perdesaan,-999.0
Singapura,SGP,2004,Kebersihan lingkungan,Dasar,Rumah sakit,100.0
Singapura,SGP,2004,Kebersihan lingkungan,Dasar,Non-rumah sakit,100.0
Singapura,SGP,2004,Kebersihan lingkungan,Terbatas,Nasional,0.0
Singapura,SGP,2004,Kebersihan lingkungan,Terbatas,Perkotaan,0.0
Singapura,SGP,2004,Kebersihan lingkungan,Terbatas,Perdesaan,-999.0
Singapura,SGP,2004,Kebersihan lingkungan,Terbatas,Rumah sakit,0.0
Singapura,SGP,2004,Kebersihan lingkungan,Terbatas,Non-rumah sakit,0.0
Singapura,SGP,2004,Kebersihan lingkungan,Tanpa layanan,Nasional,0.0
Singapura,SGP,2004,Kebersihan lingkungan,Tanpa layanan,Perkotaan,0.0
Singapura,SGP,2004,Kebersihan lingkungan,Tanpa layanan,Perdesaan,-999.0
Singapura,SGP,2004,Kebersihan lingkungan,Tanpa layanan,Rumah sakit,0.0
Singapura,SGP,2004,Kebersihan lingkungan,Tanpa layanan,Non-rumah sakit,0.0
Singapura,SGP,2005,Kebersihan lingkungan,Dasar,Nasional,100.0
Singapura,SGP,2005,Kebersihan lingkungan,Dasar,Perkotaan,100.0
Singapura,SGP,2005,Kebersihan lingkungan,Dasar,Perdesaan,-999.0
Singapura,SGP,2005,Kebersihan lingkungan,Dasar,Rumah sakit,100.0
Singapura,SGP,2005,Kebersihan lingkungan,Dasar,Non-rumah sakit,100.0
Singapura,SGP,2005,Kebersihan lingkungan,Terbatas,Nasional,0.0
Singapura,SGP,2005,Kebersihan lingkungan,Terbatas,Perkotaan,0.0
Singapura,SGP,2005,Kebersihan lingkungan,Terbatas,Perdesaan,-999.0
Singapura,SGP,2005,Kebersihan lingkungan,Terbatas,Rumah sakit,0.0
Singapura,SGP,2005,Kebersihan lingkungan,Terbatas,Non-rumah sakit,0.0
Singapura,SGP,2005,Kebersihan lingkungan,Tanpa layanan,Nasional,0.0
Singapura,SGP,2005,Kebersihan lingkungan,Tanpa layanan,Perkotaan,0.0
Singapura,SGP,2005,Kebersihan lingkungan,Tanpa layanan,Perdesaan,-999.0
Singapura,SGP,2005,Kebersihan lingkungan,Tanpa layanan,Rumah sakit,0.0
Singapura,SGP,2005,Kebersihan lingkungan,Tanpa layanan,Non-rumah sakit,0.0
Singapura,SGP,2006,Kebersihan lingkungan,Dasar,Nasional,100.0
Singapura,SGP,2006,Kebersihan lingkungan,Dasar,Perkotaan,100.0
Singapura,SGP,2006,Kebersihan lingkungan,Dasar,Perdesaan,-999.0
Singapura,SGP,2006,Kebersihan lingkungan,Dasar,Rumah sakit,100.0
Singapura,SGP,2006,Kebersihan lingkungan,Dasar,Non-rumah sakit,100.0
Singapura,SGP,2006,Kebersihan lingkungan,Terbatas,Nasional,0.0
Singapura,SGP,2006,Kebersihan lingkungan,Terbatas,Perkotaan,0.0
Singapura,SGP,2006,Kebersihan lingkungan,Terbatas,Perdesaan,-999.0
Singapura,SGP,2006,Kebersihan lingkungan,Terbatas,Rumah sakit,0.0
Singapura,SGP,2006,Kebersihan lingkungan,Terbatas,Non-rumah sakit,0.0
Singapura,SGP,2006,Kebersihan lingkungan,Tanpa layanan,Nasional,0.0
Singapura,SGP,2006,Kebersihan lingkungan,Tanpa layanan,Perkotaan,0.0
Singapura,SGP,2006,Kebersihan lingkungan,Tanpa layanan,Perdesaan,-999.0
Singapura,SGP,2006,Kebersihan lingkungan,Tanpa layanan,Rumah sakit,0.0
Singapura,SGP,2006,Kebersihan lingkungan,Tanpa layanan,Non-rumah sakit,0.0
Singapura,SGP,2007,Kebersihan lingkungan,Dasar,Nasional,100.0
Singapura,SGP,2007,Kebersihan lingkungan,Dasar,Perkotaan,100.0
Singapura,SGP,2007,Kebersihan lingkungan,Dasar,Perdesaan,-999.0
Singapura,SGP,2007,Kebersihan lingkungan,Dasar,Rumah sakit,100.0
Singapura,SGP,2007,Kebersihan lingkungan,Dasar,Non-rumah sakit,100.0
Singapura,SGP,2007,Kebersihan lingkungan,Terbatas,Nasional,0.0
Singapura,SGP,2007,Kebersihan lingkungan,Terbatas,Perkotaan,0.0
Singapura,SGP,2007,Kebersihan lingkungan,Terbatas,Perdesaan,-999.0
Singapura,SGP,2007,Kebersihan lingkungan,Terbatas,Rumah sakit,0.0
Singapura,SGP,2007,Kebersihan lingkungan,Terbatas,Non-rumah sakit,0.0
Singapura,SGP,2007,Kebersihan lingkungan,Tanpa layanan,Nasional,0.0
Singapura,SGP,2007,Kebersihan lingkungan,Tanpa layanan,Perkotaan,0.0
Singapura,SGP,2007,Kebersihan lingkungan,Tanpa layanan,Perdesaan,-999.0
Singapura,SGP,2007,Kebersihan lingkungan,Tanpa layanan,Rumah sakit,0.0
Singapura,SGP,2007,Kebersihan lingkungan,Tanpa layanan,Non-rumah sakit,0.0
Singapura,SGP,2008,Kebersihan lingkungan,Dasar,Nasional,100.0
Singapura,SGP,2008,Kebersihan lingkungan,Dasar,Perkotaan,100.0
Singapura,SGP,2008,Kebersihan lingkungan,Dasar,Perdesaan,-999.0
Singapura,SGP,2008,Kebersihan lingkungan,Dasar,Rumah sakit,100.0
Singapura,SGP,2008,Kebersihan lingkungan,Dasar,Non-rumah sakit,100.0
Singapura,SGP,2008,Kebersihan lingkungan,Terbatas,Nasional,0.0
Singapura,SGP,2008,Kebersihan lingkungan,Terbatas,Perkotaan,0.0
Singapura,SGP,2008,Kebersihan lingkungan,Terbatas,Perdesaan,-999.0
Singapura,SGP,2008,Kebersihan lingkungan,Terbatas,Rumah sakit,0.0
Singapura,SGP,2008,Kebersihan lingkungan,Terbatas,Non-rumah sakit,0.0
Singapura,SGP,2008,Kebersihan lingkungan,Tanpa layanan,Nasional,0.0
Singapura,SGP,2008,Kebersihan lingkungan,Tanpa layanan,Perkotaan,0.0
Singapura,SGP,2008,Kebersihan lingkungan,Tanpa layanan,Perdesaan,-999.0
Singapura,SGP,2008,Kebersihan lingkungan,Tanpa layanan,Rumah sakit,0.0
Singapura,SGP,2008,Kebersihan lingkungan,Tanpa layanan,Non-rumah sakit,0.0
Singapura,SGP,2009,Kebersihan lingkungan,Dasar,Nasional,100.0
Singapura,SGP,2009,Kebersihan lingkungan,Dasar,Perkotaan,100.0
Singapura,SGP,2009,Kebersihan lingkungan,Dasar,Perdesaan,-999.0
Singapura,SGP,2009,Kebersihan lingkungan,Dasar,Rumah sakit,100.0
Singapura,SGP,2009,Kebersihan lingkungan,Dasar,Non-rumah sakit,100.0
Singapura,SGP,2009,Kebersihan lingkungan,Terbatas,Nasional,0.0
Singapura,SGP,2009,Kebersihan lingkungan,Terbatas,Perkotaan,0.0
Singapura,SGP,2009,Kebersihan lingkungan,Terbatas,Perdesaan,-999.0
Singapura,SGP,2009,Kebersihan lingkungan,Terbatas,Rumah sakit,0.0
Singapura,SGP,2009,Kebersihan lingkungan,Terbatas,Non-rumah sakit,0.0
Singapura,SGP,2009,Kebersihan lingkungan,Tanpa layanan,Nasional,0.0
Singapura,SGP,2009,Kebersihan lingkungan,Tanpa layanan,Perkotaan,0.0
Singapura,SGP,2009,Kebersihan lingkungan,Tanpa layanan,Perdesaan,-999.0
Singapura,SGP,2009,Kebersihan lingkungan,Tanpa layanan,Rumah sakit,0.0
Singapura,SGP,2009,Kebersihan lingkungan,Tanpa layanan,Non-rumah sakit,0.0
Singapura,SGP,2010,Kebersihan lingkungan,Dasar,Nasional,100.0
Singapura,SGP,2010,Kebersihan lingkungan,Dasar,Perkotaan,100.0
Singapura,SGP,2010,Kebersihan lingkungan,Dasar,Perdesaan,-999.0
Singapura,SGP,2010,Kebersihan lingkungan,Dasar,Rumah sakit,100.0
Singapura,SGP,2010,Kebersihan lingkungan,Dasar,Non-rumah sakit,100.0
Singapura,SGP,2010,Kebersihan lingkungan,Terbatas,Nasional,0.0
Singapura,SGP,2010,Kebersihan lingkungan,Terbatas,Perkotaan,0.0
Singapura,SGP,2010,Kebersihan lingkungan,Terbatas,Perdesaan,-999.0
Singapura,SGP,2010,Kebersihan lingkungan,Terbatas,Rumah sakit,0.0
Singapura,SGP,2010,Kebersihan lingkungan,Terbatas,Non-rumah sakit,0.0
Singapura,SGP,2010,Kebersihan lingkungan,Tanpa layanan,Nasional,0.0
Singapura,SGP,2010,Kebersihan lingkungan,Tanpa layanan,Perkotaan,0.0
Singapura,SGP,2010,Kebersihan lingkungan,Tanpa layanan,Perdesaan,-999.0
Singapura,SGP,2010,Kebersihan lingkungan,Tanpa layanan,Rumah sakit,0.0
Singapura,SGP,2010,Kebersihan lingkungan,Tanpa layanan,Non-rumah sakit,0.0
Singapura,SGP,2011,Kebersihan lingkungan,Dasar,Nasional,100.0
Singapura,SGP,2011,Kebersihan lingkungan,Dasar,Perkotaan,100.0
Singapura,SGP,2011,Kebersihan lingkungan,Dasar,Perdesaan,-999.0
Singapura,SGP,2011,Kebersihan lingkungan,Dasar,Rumah sakit,100.0
Singapura,SGP,2011,Kebersihan lingkungan,Dasar,Non-rumah sakit,100.0
Singapura,SGP,2011,Kebersihan lingkungan,Terbatas,Nasional,0.0
Singapura,SGP,2011,Kebersihan lingkungan,Terbatas,Perkotaan,0.0
Singapura,SGP,2011,Kebersihan lingkungan,Terbatas,Perdesaan,-999.0
Singapura,SGP,2011,Kebersihan lingkungan,Terbatas,Rumah sakit,0.0
Singapura,SGP,2011,Kebersihan lingkungan,Terbatas,Non-rumah sakit,0.0
Singapura,SGP,2011,Kebersihan lingkungan,Tanpa layanan,Nasional,0.0
Singapura,SGP,2011,Kebersihan lingkungan,Tanpa layanan,Perkotaan,0.0
Singapura,SGP,2011,Kebersihan lingkungan,Tanpa layanan,Perdesaan,-999.0
Singapura,SGP,2011,Kebersihan lingkungan,Tanpa layanan,Rumah sakit,0.0
Singapura,SGP,2011,Kebersihan lingkungan,Tanpa layanan,Non-rumah sakit,0.0
Singapura,SGP,2012,Kebersihan lingkungan,Dasar,Nasional,100.0
Singapura,SGP,2012,Kebersihan lingkungan,Dasar,Perkotaan,100.0
Singapura,SGP,2012,Kebersihan lingkungan,Dasar,Perdesaan,-999.0
Singapura,SGP,2012,Kebersihan lingkungan,Dasar,Rumah sakit,100.0
Singapura,SGP,2012,Kebersihan lingkungan,Dasar,Non-rumah sakit,100.0
Singapura,SGP,2012,Kebersihan lingkungan,Terbatas,Nasional,0.0
Singapura,SGP,2012,Kebersihan lingkungan,Terbatas,Perkotaan,0.0
Singapura,SGP,2012,Kebersihan lingkungan,Terbatas,Perdesaan,-999.0
Singapura,SGP,2012,Kebersihan lingkungan,Terbatas,Rumah sakit,0.0
Singapura,SGP,2012,Kebersihan lingkungan,Terbatas,Non-rumah sakit,0.0
Singapura,SGP,2012,Kebersihan lingkungan,Tanpa layanan,Nasional,0.0
Singapura,SGP,2012,Kebersihan lingkungan,Tanpa layanan,Perkotaan,0.0
Singapura,SGP,2012,Kebersihan lingkungan,Tanpa layanan,Perdesaan,-999.0
Singapura,SGP,2012,Kebersihan lingkungan,Tanpa layanan,Rumah sakit,0.0
Singapura,SGP,2012,Kebersihan lingkungan,Tanpa layanan,Non-rumah sakit,0.0
Singapura,SGP,2013,Kebersihan lingkungan,Dasar,Nasional,100.0
Singapura,SGP,2013,Kebersihan lingkungan,Dasar,Perkotaan,100.0
Singapura,SGP,2013,Kebersihan lingkungan,Dasar,Perdesaan,-999.0
Singapura,SGP,2013,Kebersihan lingkungan,Dasar,Rumah sakit,100.0
Singapura,SGP,2013,Kebersihan lingkungan,Dasar,Non-rumah sakit,100.0
Singapura,SGP,2013,Kebersihan lingkungan,Terbatas,Nasional,0.0
Singapura,SGP,2013,Kebersihan lingkungan,Terbatas,Perkotaan,0.0
Singapura,SGP,2013,Kebersihan lingkungan,Terbatas,Perdesaan,-999.0
Singapura,SGP,2013,Kebersihan lingkungan,Terbatas,Rumah sakit,0.0
Singapura,SGP,2013,Kebersihan lingkungan,Terbatas,Non-rumah sakit,0.0
Singapura,SGP,2013,Kebersihan lingkungan,Tanpa layanan,Nasional,0.0
Singapura,SGP,2013,Kebersihan lingkungan,Tanpa layanan,Perkotaan,0.0
Singapura,SGP,2013,Kebersihan lingkungan,Tanpa layanan,Perdesaan,-999.0
Singapura,SGP,2013,Kebersihan lingkungan,Tanpa layanan,Rumah sakit,0.0
Singapura,SGP,2013,Kebersihan lingkungan,Tanpa layanan,Non-rumah sakit,0.0
Singapura,SGP,2014,Kebersihan lingkungan,Dasar,Nasional,100.0
Singapura,SGP,2014,Kebersihan lingkungan,Dasar,Perkotaan,100.0
Singapura,SGP,2014,Kebersihan lingkungan,Dasar,Perdesaan,-999.0
Singapura,SGP,2014,Kebersihan lingkungan,Dasar,Rumah sakit,100.0
Singapura,SGP,2014,Kebersihan lingkungan,Dasar,Non-rumah sakit,100.0
Singapura,SGP,2014,Kebersihan lingkungan,Terbatas,Nasional,0.0
Singapura,SGP,2014,Kebersihan lingkungan,Terbatas,Perkotaan,0.0
Singapura,SGP,2014,Kebersihan lingkungan,Terbatas,Perdesaan,-999.0
Singapura,SGP,2014,Kebersihan lingkungan,Terbatas,Rumah sakit,0.0
Singapura,SGP,2014,Kebersihan lingkungan,Terbatas,Non-rumah sakit,0.0
Singapura,SGP,2014,Kebersihan lingkungan,Tanpa layanan,Nasional,0.0
Singapura,SGP,2014,Kebersihan lingkungan,Tanpa layanan,Perkotaan,0.0
Singapura,SGP,2014,Kebersihan lingkungan,Tanpa layanan,Perdesaan,-999.0
Singapura,SGP,2014,Kebersihan lingkungan,Tanpa layanan,Rumah sakit,0.0
Singapura,SGP,2014,Kebersihan lingkungan,Tanpa layanan,Non-rumah sakit,0.0
Singapura,SGP,2015,Kebersihan lingkungan,Dasar,Nasional,100.0
Singapura,SGP,2015,Kebersihan lingkungan,Dasar,Perkotaan,100.0
Singapura,SGP,2015,Kebersihan lingkungan,Dasar,Perdesaan,-999.0
Singapura,SGP,2015,Kebersihan lingkungan,Dasar,Rumah sakit,100.0
Singapura,SGP,2015,Kebersihan lingkungan,Dasar,Non-rumah sakit,100.0
Singapura,SGP,2015,Kebersihan lingkungan,Terbatas,Nasional,0.0
Singapura,SGP,2015,Kebersihan lingkungan,Terbatas,Perkotaan,0.0
Singapura,SGP,2015,Kebersihan lingkungan,Terbatas,Perdesaan,-999.0
Singapura,SGP,2015,Kebersihan lingkungan,Terbatas,Rumah sakit,0.0
Singapura,SGP,2015,Kebersihan lingkungan,Terbatas,Non-rumah sakit,0.0
Singapura,SGP,2015,Kebersihan lingkungan,Tanpa layanan,Nasional,0.0
Singapura,SGP,2015,Kebersihan lingkungan,Tanpa layanan,Perkotaan,0.0
Singapura,SGP,2015,Kebersihan lingkungan,Tanpa layanan,Perdesaan,-999.0
Singapura,SGP,2015,Kebersihan lingkungan,Tanpa layanan,Rumah sakit,0.0
Singapura,SGP,2015,Kebersihan lingkungan,Tanpa layanan,Non-rumah sakit,0.0
Singapura,SGP,2016,Kebersihan lingkungan,Dasar,Nasional,100.0
Singapura,SGP,2016,Kebersihan lingkungan,Dasar,Perkotaan,100.0
Singapura,SGP,2016,Kebersihan lingkungan,Dasar,Perdesaan,-999.0
Singapura,SGP,2016,Kebersihan lingkungan,Dasar,Rumah sakit,100.0
Singapura,SGP,2016,Kebersihan lingkungan,Dasar,Non-rumah sakit,100.0
Singapura,SGP,2016,Kebersihan lingkungan,Terbatas,Nasional,0.0
Singapura,SGP,2016,Kebersihan lingkungan,Terbatas,Perkotaan,0.0
Singapura,SGP,2016,Kebersihan lingkungan,Terbatas,Perdesaan,-999.0
Singapura,SGP,2016,Kebersihan lingkungan,Terbatas,Rumah sakit,0.0
Singapura,SGP,2016,Kebersihan lingkungan,Terbatas,Non-rumah sakit,0.0
Singapura,SGP,2016,Kebersihan lingkungan,Tanpa layanan,Nasional,0.0
Singapura,SGP,2016,Kebersihan lingkungan,Tanpa layanan,Perkotaan,0.0
Singapura,SGP,2016,Kebersihan lingkungan,Tanpa layanan,Perdesaan,-999.0
Singapura,SGP,2016,Kebersihan lingkungan,Tanpa layanan,Rumah sakit,0.0
Singapura,SGP,2016,Kebersihan lingkungan,Tanpa layanan,Non-rumah sakit,0.0
Singapura,SGP,2017,Kebersihan lingkungan,Dasar,Nasional,100.0
Singapura,SGP,2017,Kebersihan lingkungan,Dasar,Perkotaan,100.0
Singapura,SGP,2017,Kebersihan lingkungan,Dasar,Perdesaan,-999.0
Singapura,SGP,2017,Kebersihan lingkungan,Dasar,Rumah sakit,100.0
Singapura,SGP,2017,Kebersihan lingkungan,Dasar,Non-rumah sakit,100.0
Singapura,SGP,2017,Kebersihan lingkungan,Terbatas,Nasional,0.0
Singapura,SGP,2017,Kebersihan lingkungan,Terbatas,Perkotaan,0.0
Singapura,SGP,2017,Kebersihan lingkungan,Terbatas,Perdesaan,-999.0
Singapura,SGP,2017,Kebersihan lingkungan,Terbatas,Rumah sakit,0.0
Singapura,SGP,2017,Kebersihan lingkungan,Terbatas,Non-rumah sakit,0.0
Singapura,SGP,2017,Kebersihan lingkungan,Tanpa layanan,Nasional,0.0
Singapura,SGP,2017,Kebersihan lingkungan,Tanpa layanan,Perkotaan,0.0
Singapura,SGP,2017,Kebersihan lingkungan,Tanpa layanan,Perdesaan,-999.0
Singapura,SGP,2017,Kebersihan lingkungan,Tanpa layanan,Rumah sakit,0.0
Singapura,SGP,2017,Kebersihan lingkungan,Tanpa layanan,Non-rumah sakit,0.0
Singapura,SGP,2018,Kebersihan lingkungan,Dasar,Nasional,100.0
Singapura,SGP,2018,Kebersihan lingkungan,Dasar,Perkotaan,100.0
Singapura,SGP,2018,Kebersihan lingkungan,Dasar,Perdesaan,-999.0
Singapura,SGP,2018,Kebersihan lingkungan,Dasar,Rumah sakit,100.0
Singapura,SGP,2018,Kebersihan lingkungan,Dasar,Non-rumah sakit,100.0
Singapura,SGP,2018,Kebersihan lingkungan,Terbatas,Nasional,0.0
Singapura,SGP,2018,Kebersihan lingkungan,Terbatas,Perkotaan,0.0
Singapura,SGP,2018,Kebersihan lingkungan,Terbatas,Perdesaan,-999.0
Singapura,SGP,2018,Kebersihan lingkungan,Terbatas,Rumah sakit,0.0
Singapura,SGP,2018,Kebersihan lingkungan,Terbatas,Non-rumah sakit,0.0
Singapura,SGP,2018,Kebersihan lingkungan,Tanpa layanan,Nasional,0.0
Singapura,SGP,2018,Kebersihan lingkungan,Tanpa layanan,Perkotaan,0.0
Singapura,SGP,2018,Kebersihan lingkungan,Tanpa layanan,Perdesaan,-999.0
Singapura,SGP,2018,Kebersihan lingkungan,Tanpa layanan,Rumah sakit,0.0
Singapura,SGP,2018,Kebersihan lingkungan,Tanpa layanan,Non-rumah sakit,0.0
Singapura,SGP,2019,Kebersihan lingkungan,Dasar,Nasional,100.0
Singapura,SGP,2019,Kebersihan lingkungan,Dasar,Perkotaan,100.0
Singapura,SGP,2019,Kebersihan lingkungan,Dasar,Perdesaan,-999.0
Singapura,SGP,2019,Kebersihan lingkungan,Dasar,Rumah sakit,100.0
Singapura,SGP,2019,Kebersihan lingkungan,Dasar,Non-rumah sakit,100.0
Singapura,SGP,2019,Kebersihan lingkungan,Terbatas,Nasional,0.0
Singapura,SGP,2019,Kebersihan lingkungan,Terbatas,Perkotaan,0.0
Singapura,SGP,2019,Kebersihan lingkungan,Terbatas,Perdesaan,-999.0
Singapura,SGP,2019,Kebersihan lingkungan,Terbatas,Rumah sakit,0.0
Singapura,SGP,2019,Kebersihan lingkungan,Terbatas,Non-rumah sakit,0.0
Singapura,SGP,2019,Kebersihan lingkungan,Tanpa layanan,Nasional,0.0
Singapura,SGP,2019,Kebersihan lingkungan,Tanpa layanan,Perkotaan,0.0
Singapura,SGP,2019,Kebersihan lingkungan,Tanpa layanan,Perdesaan,-999.0
Singapura,SGP,2019,Kebersihan lingkungan,Tanpa layanan,Rumah sakit,0.0
Singapura,SGP,2019,Kebersihan lingkungan,Tanpa layanan,Non-rumah sakit,0.0
Singapura,SGP,2020,Kebersihan lingkungan,Dasar,Nasional,100.0
Singapura,SGP,2020,Kebersihan lingkungan,Dasar,Perkotaan,100.0
Singapura,SGP,2020,Kebersihan lingkungan,Dasar,Perdesaan,-999.0
Singapura,SGP,2020,Kebersihan lingkungan,Dasar,Rumah sakit,100.0
Singapura,SGP,2020,Kebersihan lingkungan,Dasar,Non-rumah sakit,100.0
Singapura,SGP,2020,Kebersihan lingkungan,Terbatas,Nasional,0.0
Singapura,SGP,2020,Kebersihan lingkungan,Terbatas,Perkotaan,0.0
Singapura,SGP,2020,Kebersihan lingkungan,Terbatas,Perdesaan,-999.0
Singapura,SGP,2020,Kebersihan lingkungan,Terbatas,Rumah sakit,0.0
Singapura,SGP,2020,Kebersihan lingkungan,Terbatas,Non-rumah sakit,0.0
Singapura,SGP,2020,Kebersihan lingkungan,Tanpa layanan,Nasional,0.0
Singapura,SGP,2020,Kebersihan lingkungan,Tanpa layanan,Perkotaan,0.0
Singapura,SGP,2020,Kebersihan lingkungan,Tanpa layanan,Perdesaan,-999.0
Singapura,SGP,2020,Kebersihan lingkungan,Tanpa layanan,Rumah sakit,0.0
Singapura,SGP,2020,Kebersihan lingkungan,Tanpa layanan,Non-rumah sakit,0.0
Singapura,SGP,2021,Kebersihan lingkungan,Dasar,Nasional,100.0
Singapura,SGP,2021,Kebersihan lingkungan,Dasar,Perkotaan,100.0
Singapura,SGP,2021,Kebersihan lingkungan,Dasar,Perdesaan,-999.0
Singapura,SGP,2021,Kebersihan lingkungan,Dasar,Rumah sakit,100.0
Singapura,SGP,2021,Kebersihan lingkungan,Dasar,Non-rumah sakit,100.0
Singapura,SGP,2021,Kebersihan lingkungan,Terbatas,Nasional,0.0
Singapura,SGP,2021,Kebersihan lingkungan,Terbatas,Perkotaan,0.0
Singapura,SGP,2021,Kebersihan lingkungan,Terbatas,Perdesaan,-999.0
Singapura,SGP,2021,Kebersihan lingkungan,Terbatas,Rumah sakit,0.0
Singapura,SGP,2021,Kebersihan lingkungan,Terbatas,Non-rumah sakit,0.0
Singapura,SGP,2021,Kebersihan lingkungan,Tanpa layanan,Nasional,0.0
Singapura,SGP,2021,Kebersihan lingkungan,Tanpa layanan,Perkotaan,0.0
Singapura,SGP,2021,Kebersihan lingkungan,Tanpa layanan,Perdesaan,-999.0
Singapura,SGP,2021,Kebersihan lingkungan,Tanpa layanan,Rumah sakit,0.0
Singapura,SGP,2021,Kebersihan lingkungan,Tanpa layanan,Non-rumah sakit,0.0
Singapura,SGP,2022,Kebersihan lingkungan,Dasar,Nasional,100.0
Singapura,SGP,2022,Kebersihan lingkungan,Dasar,Perkotaan,100.0
Singapura,SGP,2022,Kebersihan lingkungan,Dasar,Perdesaan,-999.0
Singapura,SGP,2022,Kebersihan lingkungan,Dasar,Rumah sakit,100.0
Singapura,SGP,2022,Kebersihan lingkungan,Dasar,Non-rumah sakit,100.0
Singapura,SGP,2022,Kebersihan lingkungan,Terbatas,Nasional,0.0
Singapura,SGP,2022,Kebersihan lingkungan,Terbatas,Perkotaan,0.0
Singapura,SGP,2022,Kebersihan lingkungan,Terbatas,Perdesaan,-999.0
Singapura,SGP,2022,Kebersihan lingkungan,Terbatas,Rumah sakit,0.0
Singapura,SGP,2022,Kebersihan lingkungan,Terbatas,Non-rumah sakit,0.0
Singapura,SGP,2022,Kebersihan lingkungan,Tanpa layanan,Nasional,0.0
Singapura,SGP,2022,Kebersihan lingkungan,Tanpa layanan,Perkotaan,0.0
Singapura,SGP,2022,Kebersihan lingkungan,Tanpa layanan,Perdesaan,-999.0
Singapura,SGP,2022,Kebersihan lingkungan,Tanpa layanan,Rumah sakit,0.0
Singapura,SGP,2022,Kebersihan lingkungan,Tanpa layanan,Non-rumah sakit,0.0
Singapura,SGP,2023,Kebersihan lingkungan,Dasar,Nasional,100.0
Singapura,SGP,2023,Kebersihan lingkungan,Dasar,Perkotaan,100.0
Singapura,SGP,2023,Kebersihan lingkungan,Dasar,Perdesaan,-999.0
Singapura,SGP,2023,Kebersihan lingkungan,Dasar,Rumah sakit,100.0
Singapura,SGP,2023,Kebersihan lingkungan,Dasar,Non-rumah sakit,100.0
Singapura,SGP,2023,Kebersihan lingkungan,Terbatas,Nasional,0.0
Singapura,SGP,2023,Kebersihan lingkungan,Terbatas,Perkotaan,0.0
Singapura,SGP,2023,Kebersihan lingkungan,Terbatas,Perdesaan,-999.0
Singapura,SGP,2023,Kebersihan lingkungan,Terbatas,Rumah sakit,0.0
Singapura,SGP,2023,Kebersihan lingkungan,Terbatas,Non-rumah sakit,0.0
Singapura,SGP,2023,Kebersihan lingkungan,Tanpa layanan,Nasional,0.0
Singapura,SGP,2023,Kebersihan lingkungan,Tanpa layanan,Perkotaan,0.0
Singapura,SGP,2023,Kebersihan lingkungan,Tanpa layanan,Perdesaan,-999.0
Singapura,SGP,2023,Kebersihan lingkungan,Tanpa layanan,Rumah sakit,0.0
Singapura,SGP,2023,Kebersihan lingkungan,Tanpa layanan,Non-rumah sakit,0.0
Thailand,THA,2010,Kebersihan lingkungan,Dasar,Nasional,86.98
Thailand,THA,2010,Kebersihan lingkungan,Dasar,Rumah sakit,90.5
Thailand,THA,2010,Kebersihan lingkungan,Dasar,Non-rumah sakit,82.8
Thailand,THA,2010,Kebersihan lingkungan,Terbatas,Nasional,10.81
Thailand,THA,2010,Kebersihan lingkungan,Terbatas,Rumah sakit,7.8
Thailand,THA,2010,Kebersihan lingkungan,Terbatas,Non-rumah sakit,14.4
Thailand,THA,2010,Kebersihan lingkungan,Tanpa layanan,Nasional,2.2
Thailand,THA,2010,Kebersihan lingkungan,Tanpa layanan,Rumah sakit,1.7
Thailand,THA,2010,Kebersihan lingkungan,Tanpa layanan,Non-rumah sakit,2.8
Thailand,THA,2011,Kebersihan lingkungan,Dasar,Nasional,86.98
Thailand,THA,2011,Kebersihan lingkungan,Dasar,Rumah sakit,90.5
Thailand,THA,2011,Kebersihan lingkungan,Dasar,Non-rumah sakit,82.8
Thailand,THA,2011,Kebersihan lingkungan,Terbatas,Nasional,10.81
Thailand,THA,2011,Kebersihan lingkungan,Terbatas,Rumah sakit,7.8
Thailand,THA,2011,Kebersihan lingkungan,Terbatas,Non-rumah sakit,14.4
Thailand,THA,2011,Kebersihan lingkungan,Tanpa layanan,Nasional,2.2
Thailand,THA,2011,Kebersihan lingkungan,Tanpa layanan,Rumah sakit,1.7
Thailand,THA,2011,Kebersihan lingkungan,Tanpa layanan,Non-rumah sakit,2.8
Thailand,THA,2012,Kebersihan lingkungan,Dasar,Nasional,86.98
Thailand,THA,2012,Kebersihan lingkungan,Dasar,Rumah sakit,90.5
Thailand,THA,2012,Kebersihan lingkungan,Dasar,Non-rumah sakit,82.8
Thailand,THA,2012,Kebersihan lingkungan,Terbatas,Nasional,10.81
Thailand,THA,2012,Kebersihan lingkungan,Terbatas,Rumah sakit,7.8
Thailand,THA,2012,Kebersihan lingkungan,Terbatas,Non-rumah sakit,14.4
Thailand,THA,2012,Kebersihan lingkungan,Tanpa layanan,Nasional,2.2
Thailand,THA,2012,Kebersihan lingkungan,Tanpa layanan,Rumah sakit,1.7
Thailand,THA,2012,Kebersihan lingkungan,Tanpa layanan,Non-rumah sakit,2.8
Thailand,THA,2013,Kebersihan lingkungan,Dasar,Nasional,86.98
Thailand,THA,2013,Kebersihan lingkungan,Dasar,Rumah sakit,90.5
Thailand,THA,2013,Kebersihan lingkungan,Dasar,Non-rumah sakit,82.8
Thailand,THA,2013,Kebersihan lingkungan,Terbatas,Nasional,10.81
Thailand,THA,2013,Kebersihan lingkungan,Terbatas,Rumah sakit,7.8
Thailand,THA,2013,Kebersihan lingkungan,Terbatas,Non-rumah sakit,14.4
Thailand,THA,2013,Kebersihan lingkungan,Tanpa layanan,Nasional,2.2
Thailand,THA,2013,Kebersihan lingkungan,Tanpa layanan,Rumah sakit,1.7
Thailand,THA,2013,Kebersihan lingkungan,Tanpa layanan,Non-rumah sakit,2.8
Thailand,THA,2014,Kebersihan lingkungan,Dasar,Nasional,86.98
Thailand,THA,2014,Kebersihan lingkungan,Dasar,Rumah sakit,90.5
Thailand,THA,2014,Kebersihan lingkungan,Dasar,Non-rumah sakit,82.8
Thailand,THA,2014,Kebersihan lingkungan,Terbatas,Nasional,10.81
Thailand,THA,2014,Kebersihan lingkungan,Terbatas,Rumah sakit,7.8
Thailand,THA,2014,Kebersihan lingkungan,Terbatas,Non-rumah sakit,14.4
Thailand,THA,2014,Kebersihan lingkungan,Tanpa layanan,Nasional,2.2
Thailand,THA,2014,Kebersihan lingkungan,Tanpa layanan,Rumah sakit,1.7
Thailand,THA,2014,Kebersihan lingkungan,Tanpa layanan,Non-rumah sakit,2.8
Thailand,THA,2015,Kebersihan lingkungan,Dasar,Nasional,86.98
Thailand,THA,2015,Kebersihan lingkungan,Dasar,Rumah sakit,90.5
Thailand,THA,2015,Kebersihan lingkungan,Dasar,Non-rumah sakit,82.8
Thailand,THA,2015,Kebersihan lingkungan,Terbatas,Nasional,10.81
Thailand,THA,2015,Kebersihan lingkungan,Terbatas,Rumah sakit,7.8
Thailand,THA,2015,Kebersihan lingkungan,Terbatas,Non-rumah sakit,14.4
Thailand,THA,2015,Kebersihan lingkungan,Tanpa layanan,Nasional,2.2
Thailand,THA,2015,Kebersihan lingkungan,Tanpa layanan,Rumah sakit,1.7
Thailand,THA,2015,Kebersihan lingkungan,Tanpa layanan,Non-rumah sakit,2.8
Thailand,THA,2016,Kebersihan lingkungan,Dasar,Nasional,86.98
Thailand,THA,2016,Kebersihan lingkungan,Dasar,Rumah sakit,90.5
Thailand,THA,2016,Kebersihan lingkungan,Dasar,Non-rumah sakit,82.8
Thailand,THA,2016,Kebersihan lingkungan,Terbatas,Nasional,10.81
Thailand,THA,2016,Kebersihan lingkungan,Terbatas,Rumah sakit,7.8
Thailand,THA,2016,Kebersihan lingkungan,Terbatas,Non-rumah sakit,14.4
Thailand,THA,2016,Kebersihan lingkungan,Tanpa layanan,Nasional,2.2
Thailand,THA,2016,Kebersihan lingkungan,Tanpa layanan,Rumah sakit,1.7
Thailand,THA,2016,Kebersihan lingkungan,Tanpa layanan,Non-rumah sakit,2.8
Thailand,THA,2017,Kebersihan lingkungan,Dasar,Nasional,86.98
Thailand,THA,2017,Kebersihan lingkungan,Dasar,Rumah sakit,90.5
Thailand,THA,2017,Kebersihan lingkungan,Dasar,Non-rumah sakit,82.8
Thailand,THA,2017,Kebersihan lingkungan,Terbatas,Nasional,10.81
Thailand,THA,2017,Kebersihan lingkungan,Terbatas,Rumah sakit,7.8
Thailand,THA,2017,Kebersihan lingkungan,Terbatas,Non-rumah sakit,14.4
Thailand,THA,2017,Kebersihan lingkungan,Tanpa layanan,Nasional,2.2
Thailand,THA,2017,Kebersihan lingkungan,Tanpa layanan,Rumah sakit,1.7
Thailand,THA,2017,Kebersihan lingkungan,Tanpa layanan,Non-rumah sakit,2.8
Thailand,THA,2018,Kebersihan lingkungan,Dasar,Nasional,86.98
Thailand,THA,2018,Kebersihan lingkungan,Dasar,Rumah sakit,90.5
Thailand,THA,2018,Kebersihan lingkungan,Dasar,Non-rumah sakit,82.8
Thailand,THA,2018,Kebersihan lingkungan,Terbatas,Nasional,10.81
Thailand,THA,2018,Kebersihan lingkungan,Terbatas,Rumah sakit,7.8
Thailand,THA,2018,Kebersihan lingkungan,Terbatas,Non-rumah sakit,14.4
Thailand,THA,2018,Kebersihan lingkungan,Tanpa layanan,Nasional,2.2
Thailand,THA,2018,Kebersihan lingkungan,Tanpa layanan,Rumah sakit,1.7
Thailand,THA,2018,Kebersihan lingkungan,Tanpa layanan,Non-rumah sakit,2.8
